image_id,image_path,ground_truth,clean_prediction,blur_prediction,clean_correct,blur_correct,sae_cosine_similarity,n_clean_active,n_blur_active,n_shared_features,n_lost_features,n_new_features,jaccard_similarity,feature_retention,clean_sae_norm,blur_sae_norm,norm_ratio,relative_sae_change,shared_feature_mean_signed_change,shared_feature_mean_absolute_change,shared_feature_median_absolute_change,shared_features_percent_increased,shared_features_percent_decreased
ILSVRC2012_val_00011001.JPEG,/home/dr-yougart/Desktop/vit_mi/Dataset/ILSVRC2012_img_val/ILSVRC2012_val_00011001.JPEG,632,632,632,True,True,0.9402470588684082,993.7601928710938,994.3316040039062,988.6581420898438,5.102040767669678,5.673469543457031,0.9896824955940247,0.9948206543922424,373.83154296875,368.7266540527344,1.0159051418304443,0.34765705466270447,-0.05960576608777046,2.483042001724243,1.8722352981567383,50.428587198257446,49.57141578197479
ILSVRC2012_val_00011002.JPEG,/home/dr-yougart/Desktop/vit_mi/Dataset/ILSVRC2012_img_val/ILSVRC2012_val_00011002.JPEG,385,385,101,True,False,0.834998369216919,994.9846801757812,994.4744873046875,982.0816040039062,12.903060913085938,12.392857551574707,0.9762939214706421,0.9869019389152527,400.07000732421875,529.1277465820312,1.4825361967086792,0.9246151447296143,3.950313091278076,7.015309810638428,5.02808952331543,65.0024950504303,34.9975049495697
ILSVRC2012_val_00011003.JPEG,/home/dr-yougart/Desktop/vit_mi/Dataset/ILSVRC2012_img_val/ILSVRC2012_val_00011003.JPEG,526,527,527,False,False,0.9290895462036133,993.7244873046875,994.7806396484375,989.1887817382812,4.535714149475098,5.591836929321289,0.990248441696167,0.9954004883766174,392.1700439453125,405.18414306640625,1.0640324354171753,0.3937701880931854,0.3742324411869049,3.0736207962036133,2.4076576232910156,53.166115283966064,46.8338817358017
ILSVRC2012_val_00011004.JPEG,/home/dr-yougart/Desktop/vit_mi/Dataset/ILSVRC2012_img_val/ILSVRC2012_val_00011004.JPEG,838,838,838,True,True,0.9321318864822388,994.0458984375,994.4846801757812,989.14794921875,4.897959232330322,5.336734771728516,0.9902496337890625,0.9950212836265564,353.96185302734375,364.31292724609375,1.0640597343444824,0.3796776831150055,0.3517915606498718,2.5297908782958984,1.9760842323303223,54.23137545585632,45.76862156391144
ILSVRC2012_val_00011005.JPEG,/home/dr-yougart/Desktop/vit_mi/Dataset/ILSVRC2012_img_val/ILSVRC2012_val_00011005.JPEG,850,850,850,True,True,0.9589830636978149,994.2142944335938,994.4234619140625,990.505126953125,3.709183692932129,3.918367385864258,0.9926735758781433,0.9962342977523804,334.89422607421875,332.47113037109375,1.0150598287582397,0.2646390199661255,0.12649622559547424,1.8201730251312256,1.399186134338379,52.991414070129395,47.008585929870605
ILSVRC2012_val_00011006.JPEG,/home/dr-yougart/Desktop/vit_mi/Dataset/ILSVRC2012_img_val/ILSVRC2012_val_00011006.JPEG,537,537,537,True,True,0.9289411306381226,995.2806396484375,994.744873046875,989.7091674804688,5.5714287757873535,5.035714149475098,0.98996502161026,0.994366466999054,401.14599609375,388.9586181640625,1.0082398653030396,0.3740171790122986,-0.5595306158065796,2.73926043510437,2.0622787475585938,44.33068931102753,55.66931366920471
ILSVRC2012_val_00011007.JPEG,/home/dr-yougart/Desktop/vit_mi/Dataset/ILSVRC2012_img_val/ILSVRC2012_val_00011007.JPEG,451,650,823,False,False,0.9366157650947571,991.994873046875,991.7703857421875,986.4387817382812,5.556122303009033,5.331632614135742,0.9894884824752808,0.994335412979126,404.84735107421875,411.7889099121094,1.0516855716705322,0.36637648940086365,0.19382129609584808,2.8301029205322266,2.1359124183654785,52.10869908332825,47.89130091667175
ILSVRC2012_val_00011008.JPEG,/home/dr-yougart/Desktop/vit_mi/Dataset/ILSVRC2012_img_val/ILSVRC2012_val_00011008.JPEG,611,611,532,True,False,0.9280909895896912,994.5,995.35205078125,990.5203857421875,3.9795918464660645,4.831632614135742,0.9915677905082703,0.995966911315918,378.36871337890625,417.9251403808594,1.1614320278167725,0.4478580951690674,1.2805134057998657,3.381692886352539,2.623023509979248,62.610357999801636,37.389642000198364
ILSVRC2012_val_00011009.JPEG,/home/dr-yougart/Desktop/vit_mi/Dataset/ILSVRC2012_img_val/ILSVRC2012_val_00011009.JPEG,268,268,268,True,True,0.9474242925643921,995.5867309570312,996.10205078125,991.75,3.8367347717285156,4.352040767669678,0.992250382900238,0.9960975050926208,419.1257629394531,420.95452880859375,1.0393093824386597,0.3095918595790863,0.17514094710350037,2.4541335105895996,1.9032044410705566,51.42013430595398,48.57986569404602
ILSVRC2012_val_00011010.JPEG,/home/dr-yougart/Desktop/vit_mi/Dataset/ILSVRC2012_img_val/ILSVRC2012_val_00011010.JPEG,634,634,634,True,True,0.9178352355957031,994.0612182617188,995.7244873046875,987.6224365234375,6.438775539398193,8.102041244506836,0.9861941337585449,0.9934527277946472,397.9505615234375,443.09320068359375,1.1639560461044312,0.44425585865974426,1.4712610244750977,3.420807123184204,2.708888053894043,64.10416960716248,35.89583337306976
ILSVRC2012_val_00011011.JPEG,/home/dr-yougart/Desktop/vit_mi/Dataset/ILSVRC2012_img_val/ILSVRC2012_val_00011011.JPEG,96,96,96,True,True,0.9471129775047302,995.1428833007812,994.9285888671875,990.5867309570312,4.556122303009033,4.341836929321289,0.9915412664413452,0.9953857660293579,407.3069152832031,392.88153076171875,0.9890483021736145,0.30341097712516785,-0.3675123453140259,2.386593818664551,1.8014774322509766,44.98622119426727,55.01377582550049
ILSVRC2012_val_00011012.JPEG,/home/dr-yougart/Desktop/vit_mi/Dataset/ILSVRC2012_img_val/ILSVRC2012_val_00011012.JPEG,149,149,149,True,True,0.9391860961914062,993.1785888671875,994.6581420898438,987.9336547851562,5.244897842407227,6.724489688873291,0.9885043501853943,0.9946650266647339,368.7998352050781,362.5467224121094,1.0237418413162231,0.3318144679069519,0.11657308042049408,2.23775577545166,1.75349760055542,52.24313735961914,47.75686264038086
ILSVRC2012_val_00011013.JPEG,/home/dr-yougart/Desktop/vit_mi/Dataset/ILSVRC2012_img_val/ILSVRC2012_val_00011013.JPEG,318,318,318,True,True,0.9624233841896057,993.494873046875,993.7703857421875,990.4132690429688,3.081632614135742,3.357142925262451,0.993811309337616,0.9968657493591309,406.05047607421875,391.28253173828125,0.9755051136016846,0.25700342655181885,-0.33569058775901794,2.1001670360565186,1.5172595977783203,46.10887169837952,53.89112830162048
ILSVRC2012_val_00011014.JPEG,/home/dr-yougart/Desktop/vit_mi/Dataset/ILSVRC2012_img_val/ILSVRC2012_val_00011014.JPEG,61,61,62,True,False,0.9105746746063232,994.8622436523438,995.6632690429688,988.3418579101562,6.5204081535339355,7.3214287757873535,0.9868993759155273,0.9933680891990662,396.2162780761719,427.8179626464844,1.1300047636032104,0.44098061323165894,1.1296300888061523,3.334970235824585,2.6051816940307617,61.66430115699768,38.33569884300232
ILSVRC2012_val_00011015.JPEG,/home/dr-yougart/Desktop/vit_mi/Dataset/ILSVRC2012_img_val/ILSVRC2012_val_00011015.JPEG,281,502,502,False,False,0.9938033223152161,995.2091674804688,994.8724365234375,994.1581420898438,1.0510203838348389,0.7142857313156128,0.9982933402061462,0.9989438652992249,357.5704650878906,365.4266662597656,1.0302846431732178,0.09484857320785522,0.09728021174669266,0.5705878138542175,0.4209003448486328,54.12999391555786,45.87000608444214
ILSVRC2012_val_00011016.JPEG,/home/dr-yougart/Desktop/vit_mi/Dataset/ILSVRC2012_img_val/ILSVRC2012_val_00011016.JPEG,427,427,427,True,True,0.939312756061554,995.0,995.35205078125,991.2041015625,3.7959184646606445,4.147959232330322,0.9923979043960571,0.9961651563644409,388.1782531738281,450.0278625488281,1.1974999904632568,0.44462335109710693,1.6742526292800903,3.534636974334717,2.5726070404052734,63.357800245285034,36.642199754714966
ILSVRC2012_val_00011017.JPEG,/home/dr-yougart/Desktop/vit_mi/Dataset/ILSVRC2012_img_val/ILSVRC2012_val_00011017.JPEG,642,642,642,True,True,0.9237258434295654,995.3928833007812,995.64794921875,990.0306396484375,5.362245082855225,5.61734676361084,0.9895877242088318,0.9945568442344666,372.1287536621094,373.4127197265625,1.0287691354751587,0.40670129656791687,-0.1788618266582489,2.9898087978363037,2.334197998046875,47.51450717449188,52.485495805740356
ILSVRC2012_val_00011018.JPEG,/home/dr-yougart/Desktop/vit_mi/Dataset/ILSVRC2012_img_val/ILSVRC2012_val_00011018.JPEG,291,291,273,True,False,0.9289618730545044,994.8877563476562,995.8214111328125,992.5714111328125,2.31632661819458,3.25,0.9946095943450928,0.9976629018783569,342.7370910644531,384.10601806640625,1.1506903171539307,0.4534470736980438,1.2537639141082764,3.373908281326294,2.665252685546875,62.25943565368652,37.74056136608124
ILSVRC2012_val_00011019.JPEG,/home/dr-yougart/Desktop/vit_mi/Dataset/ILSVRC2012_img_val/ILSVRC2012_val_00011019.JPEG,604,604,604,True,True,0.925933301448822,993.9693603515625,995.2958984375,989.2857055664062,4.68367338180542,6.010204315185547,0.9898697733879089,0.9952212572097778,409.0486755371094,453.065673828125,1.178571343421936,0.4730009436607361,1.7128366231918335,3.873741865158081,2.8457155227661133,64.473956823349,35.526043176651
ILSVRC2012_val_00011020.JPEG,/home/dr-yougart/Desktop/vit_mi/Dataset/ILSVRC2012_img_val/ILSVRC2012_val_00011020.JPEG,883,492,773,False,False,0.9109271168708801,994.3826293945312,994.3112182617188,985.8775634765625,8.505102157592773,8.433673858642578,0.9840120673179626,0.9913620352745056,380.9923095703125,387.7215270996094,1.0790808200836182,0.42141786217689514,0.18493367731571198,2.6657192707061768,2.057992935180664,51.41074061393738,48.58925938606262
ILSVRC2012_val_00011021.JPEG,/home/dr-yougart/Desktop/vit_mi/Dataset/ILSVRC2012_img_val/ILSVRC2012_val_00011021.JPEG,991,991,991,True,True,0.9452880024909973,994.7346801757812,995.2653198242188,990.5101928710938,4.224489688873291,4.755102157592773,0.991443395614624,0.9957088828086853,372.7894592285156,378.9908447265625,1.0429010391235352,0.3403107523918152,0.20121239125728607,2.4724597930908203,1.9124250411987305,50.950342416763306,49.049654603004456
ILSVRC2012_val_00011022.JPEG,/home/dr-yougart/Desktop/vit_mi/Dataset/ILSVRC2012_img_val/ILSVRC2012_val_00011022.JPEG,437,437,437,True,True,0.9618489742279053,995.35205078125,995.5101928710938,993.5,1.8520407676696777,2.0102040767669678,0.9962520003318787,0.9981353878974915,367.1623840332031,368.37933349609375,1.0241719484329224,0.2837553322315216,0.1290598064661026,2.1359736919403076,1.6409454345703125,51.797908544540405,48.202088475227356
ILSVRC2012_val_00011023.JPEG,/home/dr-yougart/Desktop/vit_mi/Dataset/ILSVRC2012_img_val/ILSVRC2012_val_00011023.JPEG,254,254,151,True,False,0.9285496473312378,995.4796142578125,995.7958984375,992.0458984375,3.43367338180542,3.75,0.993127167224884,0.9965125918388367,377.1501159667969,377.2695617675781,1.0253314971923828,0.3869997560977936,0.1663871556520462,3.081258535385132,2.4443626403808594,51.738059520721436,48.261940479278564
ILSVRC2012_val_00011024.JPEG,/home/dr-yougart/Desktop/vit_mi/Dataset/ILSVRC2012_img_val/ILSVRC2012_val_00011024.JPEG,212,212,212,True,True,0.9642664194107056,994.8877563476562,995.0306396484375,991.1632690429688,3.724489688873291,3.867347002029419,0.992853581905365,0.9962081909179688,374.686279296875,381.3819274902344,1.0660473108291626,0.2378152310848236,0.22664888203144073,1.3152836561203003,0.9627647399902344,55.552637577056885,44.447362422943115
ILSVRC2012_val_00011025.JPEG,/home/dr-yougart/Desktop/vit_mi/Dataset/ILSVRC2012_img_val/ILSVRC2012_val_00011025.JPEG,995,995,995,True,True,0.9418458938598633,995.551025390625,996.301025390625,991.4541015625,4.096938610076904,4.846938610076904,0.9915175437927246,0.9958399534225464,383.6651916503906,415.63787841796875,1.1060538291931152,0.3511369526386261,0.9000929594039917,2.620098829269409,2.0264902114868164,61.57931089401245,38.42068612575531
ILSVRC2012_val_00011026.JPEG,/home/dr-yougart/Desktop/vit_mi/Dataset/ILSVRC2012_img_val/ILSVRC2012_val_00011026.JPEG,439,439,439,True,True,0.9271484017372131,994.2041015625,995.2296142578125,990.051025390625,4.153061389923096,5.1785712242126465,0.9911102652549744,0.995763897895813,371.1364440917969,402.9023132324219,1.1374207735061646,0.4297683537006378,1.1729871034622192,3.1888513565063477,2.4409751892089844,60.34321188926697,39.65678811073303
ILSVRC2012_val_00011027.JPEG,/home/dr-yougart/Desktop/vit_mi/Dataset/ILSVRC2012_img_val/ILSVRC2012_val_00011027.JPEG,946,946,946,True,True,0.9408862590789795,995.30615234375,995.948974609375,990.7857055664062,4.5204081535339355,5.163265228271484,0.990833580493927,0.9953826665878296,430.9088439941406,410.7730712890625,0.9977409243583679,0.3151862919330597,-0.1561184823513031,2.525197982788086,1.9205436706542969,48.258957266807556,51.741039752960205
ILSVRC2012_val_00011028.JPEG,/home/dr-yougart/Desktop/vit_mi/Dataset/ILSVRC2012_img_val/ILSVRC2012_val_00011028.JPEG,857,857,846,True,False,0.9038193225860596,995.0867309570312,995.3673706054688,989.0255126953125,6.061224460601807,6.341836929321289,0.9882611036300659,0.9938464164733887,377.4925537109375,367.8233337402344,1.0341501235961914,0.4711017906665802,-0.19796741008758545,3.3244104385375977,2.657414436340332,47.08510339260101,52.914899587631226
ILSVRC2012_val_00011029.JPEG,/home/dr-yougart/Desktop/vit_mi/Dataset/ILSVRC2012_img_val/ILSVRC2012_val_00011029.JPEG,750,750,750,True,True,0.9202662706375122,992.7142944335938,995.4387817382812,986.7653198242188,5.948979377746582,8.673469543457031,0.9860562682151794,0.9939382076263428,330.5784912109375,336.8477478027344,1.093246340751648,0.4227449595928192,0.3678274154663086,2.381049871444702,1.845693588256836,53.74910831451416,46.25089168548584
ILSVRC2012_val_00011030.JPEG,/home/dr-yougart/Desktop/vit_mi/Dataset/ILSVRC2012_img_val/ILSVRC2012_val_00011030.JPEG,840,840,840,True,True,0.9291995167732239,993.5306396484375,994.3724365234375,986.4693603515625,7.061224460601807,7.903061389923096,0.9858607053756714,0.9928027391433716,398.8795166015625,407.1502380371094,1.0565093755722046,0.3403749167919159,0.3832368552684784,2.376941204071045,1.7606182098388672,55.71611523628235,44.28388178348541
ILSVRC2012_val_00011031.JPEG,/home/dr-yougart/Desktop/vit_mi/Dataset/ILSVRC2012_img_val/ILSVRC2012_val_00011031.JPEG,644,644,644,True,True,0.9391604661941528,992.8265380859375,993.0357055664062,987.005126953125,5.8214287757873535,6.030612468719482,0.9886348247528076,0.994093120098114,427.3421936035156,461.4498291015625,1.1577078104019165,0.43661728501319885,1.1273423433303833,3.300588846206665,2.176298141479492,55.43620586395264,44.5637971162796
ILSVRC2012_val_00011032.JPEG,/home/dr-yougart/Desktop/vit_mi/Dataset/ILSVRC2012_img_val/ILSVRC2012_val_00011032.JPEG,381,378,379,False,False,0.9054308533668518,994.8418579101562,995.4234619140625,989.80615234375,5.035714149475098,5.61734676361084,0.9898348450660706,0.9949150085449219,333.94842529296875,390.1881103515625,1.2369322776794434,0.5635934472084045,1.4616718292236328,3.629889726638794,2.835965633392334,62.57564425468445,37.42435574531555
ILSVRC2012_val_00011033.JPEG,/home/dr-yougart/Desktop/vit_mi/Dataset/ILSVRC2012_img_val/ILSVRC2012_val_00011033.JPEG,778,778,860,True,False,0.9060264229774475,993.7296142578125,995.2244873046875,988.9183959960938,4.811224460601807,6.306122303009033,0.9893852472305298,0.9951098561286926,346.9190368652344,412.1255187988281,1.2840211391448975,0.5917544364929199,1.907274603843689,3.812309980392456,2.9543819427490234,65.71547985076904,34.28452014923096
ILSVRC2012_val_00011034.JPEG,/home/dr-yougart/Desktop/vit_mi/Dataset/ILSVRC2012_img_val/ILSVRC2012_val_00011034.JPEG,60,60,36,True,False,0.9216400980949402,994.3163452148438,994.2703857421875,987.9898071289062,6.326530456542969,6.280612468719482,0.9880316853523254,0.9935975074768066,353.4925537109375,339.33148193359375,1.0204442739486694,0.4311699867248535,-0.3825775682926178,2.6529123783111572,2.0539679527282715,46.089255809783936,53.910744190216064
ILSVRC2012_val_00011035.JPEG,/home/dr-yougart/Desktop/vit_mi/Dataset/ILSVRC2012_img_val/ILSVRC2012_val_00011035.JPEG,108,108,108,True,True,0.9406460523605347,994.0765380859375,994.7601928710938,991.8877563476562,2.1887755393981934,2.8724489212036133,0.9950856566429138,0.9977836012840271,345.3973083496094,411.9787292480469,1.2504949569702148,0.48588261008262634,1.9664642810821533,3.3630526065826416,2.4394655227661133,67.64569878578186,32.35430419445038
ILSVRC2012_val_00011036.JPEG,/home/dr-yougart/Desktop/vit_mi/Dataset/ILSVRC2012_img_val/ILSVRC2012_val_00011036.JPEG,297,360,98,False,False,0.8557741641998291,994.3571166992188,995.25,985.198974609375,9.158163070678711,10.051020622253418,0.981956958770752,0.9906798601150513,400.3144226074219,541.3465576171875,1.4572267532348633,0.8058798909187317,4.30525016784668,6.263858795166016,4.906445503234863,73.58867526054382,26.411321759223938
ILSVRC2012_val_00011037.JPEG,/home/dr-yougart/Desktop/vit_mi/Dataset/ILSVRC2012_img_val/ILSVRC2012_val_00011037.JPEG,59,59,59,True,True,0.9391508102416992,994.1887817382812,995.0918579101562,990.0918579101562,4.096938610076904,5.0,0.9913251996040344,0.9958257079124451,376.1533508300781,402.6832275390625,1.119541049003601,0.37341025471687317,0.97921222448349,2.652940511703491,1.9768190383911133,60.6442391872406,39.3557608127594
ILSVRC2012_val_00011038.JPEG,/home/dr-yougart/Desktop/vit_mi/Dataset/ILSVRC2012_img_val/ILSVRC2012_val_00011038.JPEG,403,628,628,False,False,0.9376203417778015,994.7041015625,996.4336547851562,991.0714111328125,3.632652997970581,5.362245082855225,0.9914290904998779,0.9962885975837708,358.7012023925781,383.2287292480469,1.1221626996994019,0.3859591484069824,1.02303946018219,2.8008768558502197,2.134054183959961,61.09291911125183,38.90707790851593
ILSVRC2012_val_00011039.JPEG,/home/dr-yougart/Desktop/vit_mi/Dataset/ILSVRC2012_img_val/ILSVRC2012_val_00011039.JPEG,368,369,369,False,False,0.8999767899513245,995.8112182617188,996.0816040039062,989.39794921875,6.413265228271484,6.68367338180542,0.9877042174339294,0.993480920791626,408.5148010253906,444.8849792480469,1.1505098342895508,0.5094330906867981,1.2648210525512695,3.895164728164673,2.9793267250061035,60.24484038352966,39.75515961647034
ILSVRC2012_val_00011040.JPEG,/home/dr-yougart/Desktop/vit_mi/Dataset/ILSVRC2012_img_val/ILSVRC2012_val_00011040.JPEG,993,993,993,True,True,0.9481140375137329,995.8112182617188,996.3316040039062,992.4744873046875,3.3367347717285156,3.857142925262451,0.9931312203407288,0.9966052174568176,376.1159973144531,367.8203125,1.0076611042022705,0.3143879771232605,-0.20249734818935394,2.3284389972686768,1.847602367401123,46.56008183956146,53.43940258026123
ILSVRC2012_val_00011041.JPEG,/home/dr-yougart/Desktop/vit_mi/Dataset/ILSVRC2012_img_val/ILSVRC2012_val_00011041.JPEG,61,61,763,True,False,0.9200049638748169,993.653076171875,994.7703857421875,991.3928833007812,2.2602040767669678,3.3775510787963867,0.9945399165153503,0.9977023601531982,376.02777099609375,475.7999572753906,1.37828528881073,0.6419489979743958,3.296370029449463,5.058376312255859,3.9296369552612305,73.0939269065857,26.906073093414307
ILSVRC2012_val_00011042.JPEG,/home/dr-yougart/Desktop/vit_mi/Dataset/ILSVRC2012_img_val/ILSVRC2012_val_00011042.JPEG,342,342,341,True,False,0.8820276260375977,994.9183959960938,995.005126953125,984.846923828125,10.071428298950195,10.158163070678711,0.980976939201355,0.9897557497024536,376.3061218261719,404.3236083984375,1.1648402214050293,0.5326837301254272,0.9981523156166077,3.3571743965148926,2.5629825592041016,59.53323245048523,40.46676754951477
ILSVRC2012_val_00011043.JPEG,/home/dr-yougart/Desktop/vit_mi/Dataset/ILSVRC2012_img_val/ILSVRC2012_val_00011043.JPEG,343,343,276,True,False,0.8859784007072449,994.55615234375,995.3265380859375,987.2857055664062,7.2704081535339355,8.040816307067871,0.985558807849884,0.9926009774208069,383.23095703125,455.0502624511719,1.250824213027954,0.6049626469612122,2.250331163406372,4.500790119171143,3.3104119300842285,65.0541603565216,34.94584262371063
ILSVRC2012_val_00011044.JPEG,/home/dr-yougart/Desktop/vit_mi/Dataset/ILSVRC2012_img_val/ILSVRC2012_val_00011044.JPEG,44,44,26,True,False,0.9531016945838928,993.4744873046875,993.494873046875,989.6326293945312,3.84183669090271,3.8622448444366455,0.9925541281700134,0.9960821270942688,378.581787109375,371.8871154785156,1.0077488422393799,0.3161536455154419,-0.039524760097265244,2.2490265369415283,1.7212247848510742,50.21962523460388,49.78037476539612
ILSVRC2012_val_00011045.JPEG,/home/dr-yougart/Desktop/vit_mi/Dataset/ILSVRC2012_img_val/ILSVRC2012_val_00011045.JPEG,976,978,978,False,False,0.934575617313385,993.153076171875,994.5458984375,988.7193603515625,4.43367338180542,5.826530456542969,0.9901020526885986,0.9954878091812134,357.1083679199219,384.5980224609375,1.1313716173171997,0.41413450241088867,1.0040111541748047,2.944567918777466,2.252227783203125,60.55710315704346,39.44289982318878
ILSVRC2012_val_00011046.JPEG,/home/dr-yougart/Desktop/vit_mi/Dataset/ILSVRC2012_img_val/ILSVRC2012_val_00011046.JPEG,833,833,833,True,True,0.9259670972824097,994.7041015625,994.8826293945312,989.494873046875,5.209183692932129,5.387754917144775,0.9898956418037415,0.9947194457054138,368.5727844238281,386.979736328125,1.0830355882644653,0.414341002702713,0.5180858969688416,2.916624069213867,2.2189064025878906,54.90948557853699,45.09051740169525
ILSVRC2012_val_00011047.JPEG,/home/dr-yougart/Desktop/vit_mi/Dataset/ILSVRC2012_img_val/ILSVRC2012_val_00011047.JPEG,451,451,451,True,True,0.89162677526474,993.0153198242188,993.5612182617188,983.1632690429688,9.852041244506836,10.397958755493164,0.9807665348052979,0.9899823665618896,399.56341552734375,418.5006103515625,1.115851879119873,0.4714008569717407,0.7571337223052979,3.1981451511383057,2.494856834411621,57.34665393829346,42.65334606170654
ILSVRC2012_val_00011048.JPEG,/home/dr-yougart/Desktop/vit_mi/Dataset/ILSVRC2012_img_val/ILSVRC2012_val_00011048.JPEG,831,831,831,True,True,0.9404007196426392,994.1632690429688,994.6377563476562,990.7296142578125,3.43367338180542,3.90816330909729,0.9928291440010071,0.9965449571609497,336.1553649902344,354.753662109375,1.0796624422073364,0.378702312707901,0.5005316138267517,2.665057897567749,2.131385326385498,55.60939908027649,44.39060091972351
ILSVRC2012_val_00011049.JPEG,/home/dr-yougart/Desktop/vit_mi/Dataset/ILSVRC2012_img_val/ILSVRC2012_val_00011049.JPEG,258,258,258,True,True,0.9439412951469421,993.1836547851562,994.505126953125,989.2908325195312,3.892857074737549,5.214285850524902,0.9911640882492065,0.9960547685623169,347.288818359375,357.2768249511719,1.0669556856155396,0.3462636172771454,0.3641557991504669,2.323885440826416,1.807931900024414,54.02344465255737,45.97655534744263
ILSVRC2012_val_00011050.JPEG,/home/dr-yougart/Desktop/vit_mi/Dataset/ILSVRC2012_img_val/ILSVRC2012_val_00011050.JPEG,469,827,766,False,False,0.9250503182411194,995.8928833007812,996.3571166992188,991.5458984375,4.346938610076904,4.811224460601807,0.9913487434387207,0.9955838322639465,378.2835693359375,401.0718994140625,1.1049007177352905,0.4067881107330322,0.8714406490325928,3.1709535121917725,2.518294334411621,58.72555375099182,41.27444922924042
ILSVRC2012_val_00011051.JPEG,/home/dr-yougart/Desktop/vit_mi/Dataset/ILSVRC2012_img_val/ILSVRC2012_val_00011051.JPEG,750,672,672,False,False,0.9295565485954285,994.755126953125,994.3622436523438,989.2703857421875,5.484694004058838,5.091836929321289,0.9898669123649597,0.9944458603858948,355.0887145996094,371.7210998535156,1.0724880695343018,0.3870525062084198,0.36435234546661377,2.7078232765197754,2.1259708404541016,54.14420962333679,45.85579037666321
ILSVRC2012_val_00011052.JPEG,/home/dr-yougart/Desktop/vit_mi/Dataset/ILSVRC2012_img_val/ILSVRC2012_val_00011052.JPEG,143,143,143,True,True,0.9248380661010742,994.903076171875,995.3265380859375,990.0714111328125,4.831632614135742,5.255102157592773,0.9904170632362366,0.9950915575027466,370.6793212890625,368.9269714355469,1.0417104959487915,0.39451488852500916,0.2075309455394745,2.9270732402801514,2.312286853790283,52.786850929260254,47.21314609050751
ILSVRC2012_val_00011053.JPEG,/home/dr-yougart/Desktop/vit_mi/Dataset/ILSVRC2012_img_val/ILSVRC2012_val_00011053.JPEG,72,72,72,True,True,0.9161974191665649,994.7244873046875,995.0918579101562,987.9642944335938,6.760204315185547,7.127551078796387,0.9869422912597656,0.9931216239929199,462.2672119140625,455.568359375,1.066583275794983,0.4311983287334442,0.1426352560520172,3.582003593444824,2.6837658882141113,49.8788982629776,50.12109875679016
ILSVRC2012_val_00011054.JPEG,/home/dr-yougart/Desktop/vit_mi/Dataset/ILSVRC2012_img_val/ILSVRC2012_val_00011054.JPEG,612,612,612,True,True,0.9374163150787354,995.7193603515625,995.6224365234375,992.3367309570312,3.382652997970581,3.2857143878936768,0.9936441779136658,0.996580183506012,382.3316345214844,372.34527587890625,0.9931739568710327,0.3634747564792633,-0.45937755703926086,2.8639907836914062,2.2433366775512695,45.85599899291992,54.14400100708008
ILSVRC2012_val_00011055.JPEG,/home/dr-yougart/Desktop/vit_mi/Dataset/ILSVRC2012_img_val/ILSVRC2012_val_00011055.JPEG,181,181,181,True,True,0.9215251207351685,993.8316040039062,994.505126953125,987.2908325195312,6.540816307067871,7.214285850524902,0.9870017766952515,0.9933154582977295,361.8416442871094,367.390625,1.0616958141326904,0.39526867866516113,0.4012370705604553,2.5199127197265625,1.9487195014953613,55.36538362503052,44.63461637496948
ILSVRC2012_val_00011056.JPEG,/home/dr-yougart/Desktop/vit_mi/Dataset/ILSVRC2012_img_val/ILSVRC2012_val_00011056.JPEG,12,12,957,True,False,0.9171562790870667,995.94384765625,995.89794921875,991.1377563476562,4.806122303009033,4.760204315185547,0.9909411072731018,0.9951251149177551,383.25628662109375,437.20367431640625,1.198927402496338,0.4971638023853302,1.683013677597046,3.80299973487854,2.984893798828125,63.88915777206421,36.11083924770355
ILSVRC2012_val_00011057.JPEG,/home/dr-yougart/Desktop/vit_mi/Dataset/ILSVRC2012_img_val/ILSVRC2012_val_00011057.JPEG,198,198,198,True,True,0.9411336183547974,996.05615234375,996.0458984375,992.8775634765625,3.1785714626312256,3.168367385864258,0.9939687252044678,0.996767520904541,394.22308349609375,365.2698974609375,0.9523599743843079,0.32729366421699524,-0.6690419912338257,2.7236902713775635,2.1700072288513184,42.0366495847702,57.963353395462036
ILSVRC2012_val_00011058.JPEG,/home/dr-yougart/Desktop/vit_mi/Dataset/ILSVRC2012_img_val/ILSVRC2012_val_00011058.JPEG,379,379,379,True,True,0.9595743417739868,994.19384765625,994.7041015625,991.051025390625,3.142857074737549,3.6530611515045166,0.9935212135314941,0.9968018531799316,364.9372253417969,373.5203552246094,1.0525152683258057,0.28895342350006104,0.3914921283721924,1.9300651550292969,1.4868006706237793,56.50824308395386,43.49175691604614
ILSVRC2012_val_00011059.JPEG,/home/dr-yougart/Desktop/vit_mi/Dataset/ILSVRC2012_img_val/ILSVRC2012_val_00011059.JPEG,745,745,844,True,False,0.929078221321106,993.75,993.39794921875,990.1428833007812,3.607142925262451,3.2551021575927734,0.9933968186378479,0.9963670969009399,444.92840576171875,384.824951171875,0.8588585257530212,0.4008043110370636,-2.0297794342041016,3.871269464492798,2.8167686462402344,33.906155824661255,66.09384417533875
ILSVRC2012_val_00011060.JPEG,/home/dr-yougart/Desktop/vit_mi/Dataset/ILSVRC2012_img_val/ILSVRC2012_val_00011060.JPEG,749,749,749,True,True,0.9074618220329285,994.8418579101562,994.596923828125,989.6887817382812,5.153061389923096,4.908163070678711,0.9904339909553528,0.9947760701179504,383.7833557128906,420.4073181152344,1.129624843597412,0.49328967928886414,0.947608470916748,3.830366373062134,2.932953357696533,56.35713338851929,43.64286959171295
ILSVRC2012_val_00011061.JPEG,/home/dr-yougart/Desktop/vit_mi/Dataset/ILSVRC2012_img_val/ILSVRC2012_val_00011061.JPEG,206,206,206,True,True,0.9407259225845337,995.8775634765625,995.8622436523438,992.051025390625,3.826530694961548,3.8112244606018066,0.9927361011505127,0.9961203932762146,357.75555419921875,383.5093994140625,1.1087181568145752,0.3655019998550415,0.8115481734275818,2.6366989612579346,2.092956066131592,59.819382429122925,40.180620551109314
ILSVRC2012_val_00011062.JPEG,/home/dr-yougart/Desktop/vit_mi/Dataset/ILSVRC2012_img_val/ILSVRC2012_val_00011062.JPEG,145,145,145,True,True,0.9248997569084167,995.4081420898438,995.301025390625,988.9846801757812,6.423469543457031,6.31632661819458,0.9880220890045166,0.9934888482093811,393.54840087890625,408.9541931152344,1.112274169921875,0.39391642808914185,0.5444691181182861,2.4647457599639893,1.9055805206298828,57.78034329414368,42.219653725624084
ILSVRC2012_val_00011063.JPEG,/home/dr-yougart/Desktop/vit_mi/Dataset/ILSVRC2012_img_val/ILSVRC2012_val_00011063.JPEG,204,204,200,True,False,0.9403788447380066,994.7653198242188,995.19384765625,992.1326293945312,2.632652997970581,3.0612244606018066,0.9944842457771301,0.9973304271697998,382.8720397949219,368.44970703125,0.9893339276313782,0.36352717876434326,-0.20741549134254456,2.918307304382324,2.2752151489257812,49.94548857212067,50.054508447647095
ILSVRC2012_val_00011064.JPEG,/home/dr-yougart/Desktop/vit_mi/Dataset/ILSVRC2012_img_val/ILSVRC2012_val_00011064.JPEG,486,486,430,True,False,0.9055547714233398,995.2806396484375,995.6275634765625,989.2142944335938,6.06632661819458,6.413265228271484,0.9882164597511292,0.9938641786575317,353.36614990234375,410.6349182128906,1.2246098518371582,0.5260515809059143,1.612314224243164,3.5753190517425537,2.8678207397460938,65.70871472358704,34.291285276412964
ILSVRC2012_val_00011065.JPEG,/home/dr-yougart/Desktop/vit_mi/Dataset/ILSVRC2012_img_val/ILSVRC2012_val_00011065.JPEG,668,668,916,True,False,0.9287335276603699,993.3724365234375,994.4591674804688,988.948974609375,4.423469543457031,5.510204315185547,0.9905149340629578,0.9955215454101562,373.3928527832031,356.558349609375,0.9627818465232849,0.3673648536205292,-0.4217396676540375,2.707284688949585,2.0667543411254883,46.131742000579834,53.868257999420166
ILSVRC2012_val_00011066.JPEG,/home/dr-yougart/Desktop/vit_mi/Dataset/ILSVRC2012_img_val/ILSVRC2012_val_00011066.JPEG,533,533,911,True,False,0.9258723258972168,995.198974609375,995.1173706054688,990.1836547851562,5.015305995941162,4.93367338180542,0.9905481338500977,0.9949142932891846,409.263671875,415.3318786621094,1.0502046346664429,0.3973701000213623,0.21139250695705414,3.181502342224121,2.535609245300293,51.29536986351013,48.70463013648987
ILSVRC2012_val_00011067.JPEG,/home/dr-yougart/Desktop/vit_mi/Dataset/ILSVRC2012_img_val/ILSVRC2012_val_00011067.JPEG,573,573,573,True,True,0.9315668344497681,995.3418579101562,995.4642944335938,989.9796142578125,5.362245082855225,5.484694004058838,0.989776611328125,0.9945577383041382,432.9089660644531,423.3213806152344,1.0200484991073608,0.3523227572441101,-0.11382192373275757,2.8544867038726807,2.2213010787963867,49.286213517189026,50.713783502578735
ILSVRC2012_val_00011068.JPEG,/home/dr-yougart/Desktop/vit_mi/Dataset/ILSVRC2012_img_val/ILSVRC2012_val_00011068.JPEG,678,830,693,False,False,0.9120856523513794,995.5153198242188,995.9898071289062,990.4387817382812,5.076530456542969,5.551020622253418,0.9899351000785828,0.9948421120643616,383.50360107421875,440.3526916503906,1.1864646673202515,0.4882092773914337,1.7721800804138184,4.097025394439697,3.22666597366333,63.695746660232544,36.304256319999695
ILSVRC2012_val_00011069.JPEG,/home/dr-yougart/Desktop/vit_mi/Dataset/ILSVRC2012_img_val/ILSVRC2012_val_00011069.JPEG,872,872,872,True,True,0.9555547833442688,995.8214111328125,996.051025390625,994.2398071289062,1.5816326141357422,1.8112244606018066,0.9967241883277893,0.9983972907066345,393.3363037109375,410.12628173828125,1.0597352981567383,0.32274794578552246,0.5247644782066345,2.798086404800415,2.211801528930664,55.39048910140991,44.60951089859009
ILSVRC2012_val_00011070.JPEG,/home/dr-yougart/Desktop/vit_mi/Dataset/ILSVRC2012_img_val/ILSVRC2012_val_00011070.JPEG,121,121,121,True,True,0.9223368763923645,995.0714111328125,995.8826293945312,989.4898071289062,5.581632614135742,6.392857074737549,0.9886533617973328,0.9943345785140991,378.22198486328125,366.8024597167969,1.005448341369629,0.39294394850730896,-0.33791252970695496,2.8542673587799072,2.249293088912964,46.71599566936493,53.28400731086731
ILSVRC2012_val_00011071.JPEG,/home/dr-yougart/Desktop/vit_mi/Dataset/ILSVRC2012_img_val/ILSVRC2012_val_00011071.JPEG,119,119,32,True,False,0.8856587409973145,994.5255126953125,994.8877563476562,986.7806396484375,7.744897842407227,8.107142448425293,0.9850265383720398,0.9921396970748901,343.51226806640625,360.06207275390625,1.127631664276123,0.5480644702911377,0.4562678039073944,3.137862205505371,2.46798038482666,55.184608697891235,44.815391302108765
ILSVRC2012_val_00011072.JPEG,/home/dr-yougart/Desktop/vit_mi/Dataset/ILSVRC2012_img_val/ILSVRC2012_val_00011072.JPEG,582,582,860,True,False,0.9245069622993469,995.7908325195312,996.39794921875,993.3112182617188,2.4795918464660645,3.0867347717285156,0.994682252407074,0.9974721074104309,397.9114990234375,405.9310302734375,1.0531296730041504,0.4294869601726532,0.41368716955184937,3.7898128032684326,2.9665355682373047,52.84890532493591,47.151097655296326
ILSVRC2012_val_00011073.JPEG,/home/dr-yougart/Desktop/vit_mi/Dataset/ILSVRC2012_img_val/ILSVRC2012_val_00011073.JPEG,43,43,43,True,True,0.941862165927887,993.3673706054688,992.1224365234375,986.903076171875,6.464285850524902,5.219387531280518,0.98858243227005,0.993462324142456,389.47711181640625,400.3890686035156,1.0601167678833008,0.36587151885032654,0.40205490589141846,2.9904074668884277,2.3544158935546875,53.60357165336609,46.39642536640167
ILSVRC2012_val_00011074.JPEG,/home/dr-yougart/Desktop/vit_mi/Dataset/ILSVRC2012_img_val/ILSVRC2012_val_00011074.JPEG,322,322,322,True,True,0.9477211236953735,994.7041015625,995.0816040039062,990.0203857421875,4.68367338180542,5.061224460601807,0.9907417297363281,0.99522864818573,422.9915466308594,429.44427490234375,1.0380949974060059,0.29906702041625977,0.3974810838699341,2.555229425430298,1.842996597290039,52.911198139190674,47.088804841041565
ILSVRC2012_val_00011075.JPEG,/home/dr-yougart/Desktop/vit_mi/Dataset/ILSVRC2012_img_val/ILSVRC2012_val_00011075.JPEG,562,562,562,True,True,0.9319060444831848,995.1683959960938,996.244873046875,991.1683959960938,4.0,5.076530456542969,0.9914214611053467,0.9959101676940918,378.09503173828125,379.3907470703125,1.053938865661621,0.37319856882095337,0.45946890115737915,2.7972805500030518,2.163163185119629,54.613447189331055,45.386552810668945
ILSVRC2012_val_00011076.JPEG,/home/dr-yougart/Desktop/vit_mi/Dataset/ILSVRC2012_img_val/ILSVRC2012_val_00011076.JPEG,454,860,860,False,False,0.9553585648536682,995.5306396484375,995.994873046875,992.30615234375,3.224489688873291,3.6887755393981934,0.9934590458869934,0.9967257976531982,350.4299011230469,363.79986572265625,1.0772916078567505,0.305789589881897,0.5343995690345764,2.07198429107666,1.6096601486206055,58.38955044746399,41.61045253276825
ILSVRC2012_val_00011077.JPEG,/home/dr-yougart/Desktop/vit_mi/Dataset/ILSVRC2012_img_val/ILSVRC2012_val_00011077.JPEG,216,216,216,True,True,0.9453742504119873,994.7908325195312,995.7244873046875,991.5918579101562,3.198979616165161,4.13265323638916,0.9930302500724792,0.9967310428619385,375.8238220214844,365.4375305175781,0.9932336807250977,0.3154646158218384,-0.023007575422525406,2.426649570465088,1.885488510131836,51.40724182128906,48.59275817871094
ILSVRC2012_val_00011078.JPEG,/home/dr-yougart/Desktop/vit_mi/Dataset/ILSVRC2012_img_val/ILSVRC2012_val_00011078.JPEG,520,697,431,False,False,0.9171435236930847,994.80615234375,995.1581420898438,989.85205078125,4.9540815353393555,5.306122303009033,0.9901936650276184,0.9949795603752136,332.3614807128906,333.6285400390625,1.0352646112442017,0.41679099202156067,-0.016797956079244614,2.6776392459869385,2.1642560958862305,49.28947389125824,50.710529088974
ILSVRC2012_val_00011079.JPEG,/home/dr-yougart/Desktop/vit_mi/Dataset/ILSVRC2012_img_val/ILSVRC2012_val_00011079.JPEG,315,315,315,True,True,0.913196325302124,992.1887817382812,992.3418579101562,983.3622436523438,8.826530456542969,8.979591369628906,0.9829865097999573,0.9910232424736023,465.2994384765625,430.3663024902344,0.9568127393722534,0.39476874470710754,-0.5956565141677856,3.587968111038208,2.5145654678344727,48.046839237213135,51.953160762786865
ILSVRC2012_val_00011080.JPEG,/home/dr-yougart/Desktop/vit_mi/Dataset/ILSVRC2012_img_val/ILSVRC2012_val_00011080.JPEG,921,921,585,True,False,0.9255337715148926,994.5458984375,995.4081420898438,989.3367309570312,5.209183692932129,6.0714287757873535,0.9892853498458862,0.9947153329849243,361.26275634765625,389.0902404785156,1.1298208236694336,0.4307429790496826,0.8011332750320435,2.927915573120117,2.308138847351074,59.67097878456116,40.329018235206604
ILSVRC2012_val_00011081.JPEG,/home/dr-yougart/Desktop/vit_mi/Dataset/ILSVRC2012_img_val/ILSVRC2012_val_00011081.JPEG,499,499,477,True,False,0.9190813899040222,994.6071166992188,995.4541015625,989.1071166992188,5.5,6.346938610076904,0.9887087941169739,0.9944231510162354,349.5830383300781,354.914794921875,1.0581061840057373,0.4211665093898773,0.10590258240699768,2.8041555881500244,2.240185499191284,50.98702907562256,49.01245832443237
ILSVRC2012_val_00011082.JPEG,/home/dr-yougart/Desktop/vit_mi/Dataset/ILSVRC2012_img_val/ILSVRC2012_val_00011082.JPEG,188,188,188,True,True,0.9014887809753418,995.1377563476562,996.0357055664062,987.9744873046875,7.163265228271484,8.061224937438965,0.9856747984886169,0.9927048087120056,398.7204284667969,398.45977783203125,1.051457405090332,0.443566232919693,0.23328177630901337,3.108394145965576,2.3829050064086914,52.69697308540344,47.30302691459656
ILSVRC2012_val_00011083.JPEG,/home/dr-yougart/Desktop/vit_mi/Dataset/ILSVRC2012_img_val/ILSVRC2012_val_00011083.JPEG,831,831,831,True,True,0.9121571779251099,993.4336547851562,994.8418579101562,987.1734619140625,6.260204315185547,7.668367385864258,0.9867005348205566,0.9936149716377258,348.1937561035156,351.2318115234375,1.085647702217102,0.4468387961387634,0.44176939129829407,2.8713479042053223,2.275439739227295,55.50117492675781,44.498828053474426
ILSVRC2012_val_00011084.JPEG,/home/dr-yougart/Desktop/vit_mi/Dataset/ILSVRC2012_img_val/ILSVRC2012_val_00011084.JPEG,277,277,280,True,False,0.9213375449180603,994.3928833007812,994.9132690429688,988.9183959960938,5.474489688873291,5.994897842407227,0.9890877604484558,0.9944277405738831,359.9999084472656,371.26416015625,1.0891143083572388,0.42926421761512756,0.3944959044456482,2.8816425800323486,2.2144460678100586,56.2787652015686,43.721237778663635
ILSVRC2012_val_00011085.JPEG,/home/dr-yougart/Desktop/vit_mi/Dataset/ILSVRC2012_img_val/ILSVRC2012_val_00011085.JPEG,305,305,430,True,False,0.935929536819458,994.744873046875,995.6326293945312,992.2296142578125,2.515306234359741,3.4030611515045166,0.9943237900733948,0.9974329471588135,372.9300537109375,384.29998779296875,1.0555787086486816,0.36475011706352234,0.5322524309158325,2.8426132202148438,2.1536455154418945,56.167566776275635,43.832433223724365
ILSVRC2012_val_00011086.JPEG,/home/dr-yougart/Desktop/vit_mi/Dataset/ILSVRC2012_img_val/ILSVRC2012_val_00011086.JPEG,997,997,947,True,False,0.9335840940475464,993.60205078125,993.7703857421875,989.096923828125,4.505102157592773,4.673469543457031,0.9911842942237854,0.9954366087913513,385.0148010253906,415.28070068359375,1.1051480770111084,0.3850426971912384,0.8656295537948608,2.8527681827545166,2.1457395553588867,59.21088457107544,40.78911542892456
ILSVRC2012_val_00011087.JPEG,/home/dr-yougart/Desktop/vit_mi/Dataset/ILSVRC2012_img_val/ILSVRC2012_val_00011087.JPEG,118,990,956,False,False,0.9168873429298401,995.3265380859375,995.2142944335938,990.3163452148438,5.010204315185547,4.897959232330322,0.9905918836593628,0.9949261546134949,370.0090026855469,390.91180419921875,1.1073321104049683,0.4503813683986664,0.6475440263748169,3.2071964740753174,2.5378284454345703,56.40797019004822,43.59202980995178
ILSVRC2012_val_00011088.JPEG,/home/dr-yougart/Desktop/vit_mi/Dataset/ILSVRC2012_img_val/ILSVRC2012_val_00011088.JPEG,600,488,507,False,False,0.9030707478523254,994.6581420898438,995.4744873046875,986.3877563476562,8.270408630371094,9.086734771728516,0.9836580157279968,0.9915857315063477,381.9483337402344,367.2450256347656,1.0056641101837158,0.42149367928504944,-0.2257148176431656,2.7407045364379883,2.1083898544311523,46.279457211494446,53.72054576873779
ILSVRC2012_val_00011089.JPEG,/home/dr-yougart/Desktop/vit_mi/Dataset/ILSVRC2012_img_val/ILSVRC2012_val_00011089.JPEG,889,558,558,False,False,0.9477413892745972,994.5408325195312,995.0867309570312,992.5867309570312,1.954081654548645,2.5,0.9956480264663696,0.9980221390724182,362.964111328125,383.6192626953125,1.0804188251495361,0.3503783047199249,0.7198283076286316,2.802563190460205,2.1585402488708496,57.504355907440186,42.49512851238251
ILSVRC2012_val_00011090.JPEG,/home/dr-yougart/Desktop/vit_mi/Dataset/ILSVRC2012_img_val/ILSVRC2012_val_00011090.JPEG,227,227,227,True,True,0.9680252075195312,995.3724365234375,995.744873046875,992.9541015625,2.418367385864258,2.790816307067871,0.9950416684150696,0.9975327253341675,354.56744384765625,354.4090881347656,1.0282373428344727,0.23218095302581787,0.2088107466697693,1.5997217893600464,1.248178482055664,53.99267077445984,46.00732624530792
ILSVRC2012_val_00011091.JPEG,/home/dr-yougart/Desktop/vit_mi/Dataset/ILSVRC2012_img_val/ILSVRC2012_val_00011091.JPEG,768,768,768,True,True,0.9248934984207153,995.7398071289062,995.6326293945312,990.0203857421875,5.719387531280518,5.612245082855225,0.989277720451355,0.9941930770874023,370.17340087890625,367.8612365722656,1.052752137184143,0.393433153629303,0.07577106356620789,2.619445562362671,2.0804362297058105,51.50017738342285,48.49931001663208
ILSVRC2012_val_00011092.JPEG,/home/dr-yougart/Desktop/vit_mi/Dataset/ILSVRC2012_img_val/ILSVRC2012_val_00011092.JPEG,359,359,358,True,False,0.950090229511261,996.3214111328125,996.1122436523438,993.2755126953125,3.0459184646606445,2.8367347717285156,0.9943795204162598,0.9969133734703064,404.17474365234375,410.0472717285156,1.0484074354171753,0.31766921281814575,0.3030089735984802,2.729079008102417,2.1026153564453125,52.2549569606781,47.74504005908966
ILSVRC2012_val_00011093.JPEG,/home/dr-yougart/Desktop/vit_mi/Dataset/ILSVRC2012_img_val/ILSVRC2012_val_00011093.JPEG,48,48,901,True,False,0.9006909132003784,995.3571166992188,995.1071166992188,990.1734619140625,5.18367338180542,4.93367338180542,0.990378737449646,0.9947457313537598,351.98828125,377.8496398925781,1.1115050315856934,0.4961775243282318,0.5995408296585083,3.430920124053955,2.7094569206237793,54.42202687263489,45.57797610759735
ILSVRC2012_val_00011094.JPEG,/home/dr-yougart/Desktop/vit_mi/Dataset/ILSVRC2012_img_val/ILSVRC2012_val_00011094.JPEG,463,840,840,False,False,0.9485580325126648,994.4898071289062,995.1224365234375,992.7755126953125,1.7142857313156128,2.3469388484954834,0.9960533380508423,0.9982645511627197,381.5238037109375,415.5410461425781,1.1257010698318481,0.3756183385848999,1.0923733711242676,3.04115629196167,2.4090566635131836,61.9228720664978,38.0771279335022
ILSVRC2012_val_00011095.JPEG,/home/dr-yougart/Desktop/vit_mi/Dataset/ILSVRC2012_img_val/ILSVRC2012_val_00011095.JPEG,356,356,356,True,True,0.9134746193885803,994.7908325195312,996.0203857421875,988.505126953125,6.285714149475098,7.515305995941162,0.9870191812515259,0.9935905337333679,400.239501953125,408.35064697265625,1.0684878826141357,0.4011179804801941,0.47775086760520935,2.9030568599700928,2.210878372192383,55.2916944026947,44.70779001712799
ILSVRC2012_val_00011096.JPEG,/home/dr-yougart/Desktop/vit_mi/Dataset/ILSVRC2012_img_val/ILSVRC2012_val_00011096.JPEG,136,136,136,True,True,0.9253559708595276,995.5101928710938,995.255126953125,988.7398071289062,6.7704081535339355,6.515305995941162,0.987494945526123,0.9931263327598572,421.50677490234375,429.26824951171875,1.0569758415222168,0.36289364099502563,0.3642728924751282,2.7150490283966064,2.0783233642578125,54.742950201034546,45.25705277919769
ILSVRC2012_val_00011097.JPEG,/home/dr-yougart/Desktop/vit_mi/Dataset/ILSVRC2012_img_val/ILSVRC2012_val_00011097.JPEG,429,981,981,False,False,0.929291844367981,995.153076171875,994.9234619140625,989.5408325195312,5.612245082855225,5.38265323638916,0.9895543456077576,0.9942988157272339,367.6096496582031,348.2685852050781,0.9931329488754272,0.3679905831813812,-0.45261678099632263,2.53639554977417,2.0022220611572266,44.54292356967926,55.45707941055298
ILSVRC2012_val_00011098.JPEG,/home/dr-yougart/Desktop/vit_mi/Dataset/ILSVRC2012_img_val/ILSVRC2012_val_00011098.JPEG,780,780,780,True,True,0.9142450094223022,995.1887817382812,995.3724365234375,989.8418579101562,5.346938610076904,5.530612468719482,0.98968505859375,0.9945651292800903,371.9111633300781,343.22601318359375,0.9740391969680786,0.4152165651321411,-0.5586963891983032,2.949714422225952,2.337435722351074,44.80977654457092,55.19022345542908
ILSVRC2012_val_00011099.JPEG,/home/dr-yougart/Desktop/vit_mi/Dataset/ILSVRC2012_img_val/ILSVRC2012_val_00011099.JPEG,904,904,651,True,False,0.8777832984924316,994.7041015625,993.7908325195312,985.8826293945312,8.821428298950195,7.908163070678711,0.9841682314872742,0.9910613894462585,393.4076843261719,438.1773376464844,1.1737146377563477,0.5874876976013184,1.3273983001708984,4.421711444854736,3.428119421005249,57.95852541923523,42.04147458076477
ILSVRC2012_val_00011100.JPEG,/home/dr-yougart/Desktop/vit_mi/Dataset/ILSVRC2012_img_val/ILSVRC2012_val_00011100.JPEG,145,145,145,True,True,0.9537374377250671,996.3367309570312,996.403076171875,993.8316040039062,2.5051021575927734,2.5714285373687744,0.9951667189598083,0.9974620342254639,375.6405334472656,380.533935546875,1.0391027927398682,0.3008902668952942,0.205579474568367,2.3458845615386963,1.8812484741210938,52.58558988571167,47.41440713405609
ILSVRC2012_val_00011101.JPEG,/home/dr-yougart/Desktop/vit_mi/Dataset/ILSVRC2012_img_val/ILSVRC2012_val_00011101.JPEG,371,372,371,False,True,0.8611643314361572,995.2398071289062,995.2142944335938,987.4132690429688,7.826530456542969,7.801020622253418,0.9852556586265564,0.9920709729194641,358.3193054199219,400.2582092285156,1.200577974319458,0.6267502307891846,1.2619693279266357,4.045303821563721,3.2146425247192383,60.91105937957764,39.08894062042236
ILSVRC2012_val_00011102.JPEG,/home/dr-yougart/Desktop/vit_mi/Dataset/ILSVRC2012_img_val/ILSVRC2012_val_00011102.JPEG,555,555,555,True,True,0.9315353035926819,995.698974609375,995.7244873046875,990.0306396484375,5.668367385864258,5.693877696990967,0.989290714263916,0.9942593574523926,393.75848388671875,404.6021728515625,1.0688893795013428,0.3880225718021393,0.21901030838489532,2.744137763977051,2.110454559326172,51.62642002105713,48.37358295917511
ILSVRC2012_val_00011103.JPEG,/home/dr-yougart/Desktop/vit_mi/Dataset/ILSVRC2012_img_val/ILSVRC2012_val_00011103.JPEG,826,531,531,False,False,0.9080528020858765,993.2806396484375,994.653076171875,985.8571166992188,7.423469543457031,8.795918464660645,0.9846072196960449,0.9924511909484863,347.39404296875,401.75872802734375,1.2561488151550293,0.5486176609992981,1.76272714138031,3.3805301189422607,2.6825294494628906,67.99997687339783,32.000020146369934
ILSVRC2012_val_00011104.JPEG,/home/dr-yougart/Desktop/vit_mi/Dataset/ILSVRC2012_img_val/ILSVRC2012_val_00011104.JPEG,332,332,332,True,True,0.9382852911949158,993.744873046875,993.9285888671875,988.3877563476562,5.357142925262451,5.540816307067871,0.9894692301750183,0.9945728778839111,333.44598388671875,356.9864501953125,1.1211531162261963,0.3855651915073395,0.6993795037269592,2.4159412384033203,1.8644886016845703,58.43416452407837,41.56583547592163
ILSVRC2012_val_00011105.JPEG,/home/dr-yougart/Desktop/vit_mi/Dataset/ILSVRC2012_img_val/ILSVRC2012_val_00011105.JPEG,868,868,868,True,True,0.9200999736785889,993.5203857421875,994.8265380859375,988.6377563476562,4.88265323638916,6.188775539398193,0.9893791675567627,0.9950358867645264,378.005126953125,394.3379211425781,1.0991257429122925,0.45308545231819153,0.7705082297325134,3.275350332260132,2.491133689880371,56.02276921272278,43.97723078727722
ILSVRC2012_val_00011106.JPEG,/home/dr-yougart/Desktop/vit_mi/Dataset/ILSVRC2012_img_val/ILSVRC2012_val_00011106.JPEG,832,832,832,True,True,0.93443763256073,994.0101928710938,995.0101928710938,991.0101928710938,3.0,4.0,0.9932637214660645,0.9969658851623535,373.4382629394531,426.1003723144531,1.205958366394043,0.530162513256073,1.5828925371170044,4.129230499267578,2.6004128456115723,56.28249645233154,43.71750056743622
ILSVRC2012_val_00011107.JPEG,/home/dr-yougart/Desktop/vit_mi/Dataset/ILSVRC2012_img_val/ILSVRC2012_val_00011107.JPEG,814,814,814,True,True,0.8916923403739929,991.551025390625,993.9132690429688,981.4744873046875,10.076530456542969,12.438775062561035,0.978594958782196,0.9897541999816895,382.7037658691406,384.09808349609375,1.056802749633789,0.469164103269577,0.010823896154761314,3.007953405380249,2.343965530395508,49.5110958814621,50.48890709877014
ILSVRC2012_val_00011108.JPEG,/home/dr-yougart/Desktop/vit_mi/Dataset/ILSVRC2012_img_val/ILSVRC2012_val_00011108.JPEG,548,548,548,True,True,0.9484406113624573,995.8163452148438,995.8622436523438,991.7041015625,4.112245082855225,4.158163070678711,0.9921368956565857,0.9958287477493286,395.434814453125,380.7657165527344,1.0018113851547241,0.32228028774261475,-0.4350748658180237,2.331270456314087,1.8298721313476562,43.62620413303375,56.37379288673401
ILSVRC2012_val_00011109.JPEG,/home/dr-yougart/Desktop/vit_mi/Dataset/ILSVRC2012_img_val/ILSVRC2012_val_00011109.JPEG,616,616,616,True,True,0.9030557870864868,994.2193603515625,994.5153198242188,987.1683959960938,7.051020622253418,7.346938610076904,0.9863558411598206,0.9928598999977112,385.66015625,457.148193359375,1.246923565864563,0.5501662492752075,1.8259881734848022,3.9326014518737793,3.025022506713867,64.05664682388306,35.94335615634918
ILSVRC2012_val_00011110.JPEG,/home/dr-yougart/Desktop/vit_mi/Dataset/ILSVRC2012_img_val/ILSVRC2012_val_00011110.JPEG,423,423,423,True,True,0.907347559928894,994.9642944335938,995.4132690429688,990.255126953125,4.709183692932129,5.158163070678711,0.9905809760093689,0.9952313303947449,353.3853759765625,405.5545654296875,1.1986995935440063,0.528810977935791,1.4287184476852417,3.838348865509033,3.020869255065918,61.91560626029968,38.08439373970032
ILSVRC2012_val_00011111.JPEG,/home/dr-yougart/Desktop/vit_mi/Dataset/ILSVRC2012_img_val/ILSVRC2012_val_00011111.JPEG,134,134,134,True,True,0.9219470024108887,994.9591674804688,995.2296142578125,990.1275634765625,4.831632614135742,5.102040767669678,0.9905427694320679,0.9950843453407288,373.79815673828125,385.3239440917969,1.0657973289489746,0.4117027521133423,0.43111464381217957,3.0273568630218506,2.3814926147460938,54.119497537612915,45.880505442619324
ILSVRC2012_val_00011112.JPEG,/home/dr-yougart/Desktop/vit_mi/Dataset/ILSVRC2012_img_val/ILSVRC2012_val_00011112.JPEG,317,317,317,True,True,0.9540276527404785,993.7857055664062,993.096923828125,988.3163452148438,5.469387531280518,4.780612468719482,0.9901738166809082,0.9944556951522827,468.0614929199219,441.91937255859375,0.9505124092102051,0.2639351189136505,-0.8483791947364807,2.3511383533477783,1.7388172149658203,38.41412365436554,61.58587336540222
ILSVRC2012_val_00011113.JPEG,/home/dr-yougart/Desktop/vit_mi/Dataset/ILSVRC2012_img_val/ILSVRC2012_val_00011113.JPEG,168,168,168,True,True,0.9510685801506042,995.8928833007812,995.9642944335938,992.9796142578125,2.9132652282714844,2.984693765640259,0.9944107532501221,0.9970497488975525,404.9504089355469,418.32843017578125,1.0627471208572388,0.3239951729774475,0.43067851662635803,2.6049282550811768,2.040127754211426,54.897648096084595,45.102351903915405
ILSVRC2012_val_00011114.JPEG,/home/dr-yougart/Desktop/vit_mi/Dataset/ILSVRC2012_img_val/ILSVRC2012_val_00011114.JPEG,616,616,121,True,False,0.9365953803062439,994.8367309570312,996.2398071289062,992.80615234375,2.0306122303009033,3.43367338180542,0.9947134256362915,0.9979355335235596,367.8499755859375,431.8804931640625,1.209391474723816,0.45075520873069763,2.1040849685668945,3.7475428581237793,2.893315315246582,68.14892888069153,31.85107111930847
ILSVRC2012_val_00011115.JPEG,/home/dr-yougart/Desktop/vit_mi/Dataset/ILSVRC2012_img_val/ILSVRC2012_val_00011115.JPEG,653,653,421,True,False,0.9184143543243408,995.1275634765625,995.85205078125,991.6224365234375,3.5051021575927734,4.2295918464660645,0.9926391839981079,0.9964261651039124,383.8034973144531,390.9398498535156,1.0673748254776,0.4648406505584717,0.3414856195449829,3.685577392578125,2.8325717449188232,51.56155228614807,48.43844771385193
ILSVRC2012_val_00011116.JPEG,/home/dr-yougart/Desktop/vit_mi/Dataset/ILSVRC2012_img_val/ILSVRC2012_val_00011116.JPEG,439,439,439,True,True,0.9355387687683105,995.5458984375,995.6632690429688,989.6785888671875,5.86734676361084,5.984694004058838,0.9887914061546326,0.9940231442451477,426.5948791503906,419.1182556152344,1.0297541618347168,0.358089417219162,-0.150069460272789,2.7112808227539062,2.1415796279907227,47.3911851644516,52.60881185531616
ILSVRC2012_val_00011117.JPEG,/home/dr-yougart/Desktop/vit_mi/Dataset/ILSVRC2012_img_val/ILSVRC2012_val_00011117.JPEG,825,825,825,True,True,0.9256216287612915,995.244873046875,995.8214111328125,990.5153198242188,4.7295918464660645,5.306122303009033,0.9904316663742065,0.9952099323272705,386.2058410644531,393.204345703125,1.051614761352539,0.39474648237228394,0.28336000442504883,3.03251314163208,2.3880434036254883,54.17145490646362,45.828548073768616
ILSVRC2012_val_00011118.JPEG,/home/dr-yougart/Desktop/vit_mi/Dataset/ILSVRC2012_img_val/ILSVRC2012_val_00011118.JPEG,506,624,624,False,False,0.9431314468383789,996.3214111328125,996.64794921875,993.5612182617188,2.7602040767669678,3.0867347717285156,0.9944686889648438,0.9971909523010254,409.44464111328125,396.66827392578125,0.9907506108283997,0.3327898681163788,-0.2548315227031708,2.9030916690826416,2.323305606842041,46.81674838066101,53.18325161933899
ILSVRC2012_val_00011119.JPEG,/home/dr-yougart/Desktop/vit_mi/Dataset/ILSVRC2012_img_val/ILSVRC2012_val_00011119.JPEG,463,463,647,True,False,0.9696061015129089,993.6836547851562,993.8622436523438,991.051025390625,2.632652997970581,2.8112244606018066,0.9947682023048401,0.9973090291023254,361.14599609375,389.20379638671875,1.1011499166488647,0.2793706953525543,0.8458066582679749,2.0068910121917725,1.2705726623535156,59.06376242637634,40.93623459339142
ILSVRC2012_val_00011120.JPEG,/home/dr-yougart/Desktop/vit_mi/Dataset/ILSVRC2012_img_val/ILSVRC2012_val_00011120.JPEG,38,38,43,True,False,0.923383891582489,995.0458984375,995.6275634765625,990.2857055664062,4.760204315185547,5.341836929321289,0.9904556274414062,0.9951459765434265,382.8644104003906,365.59454345703125,0.994865894317627,0.38967040181159973,-0.19746074080467224,2.962527275085449,2.3291091918945312,48.274049162864685,51.725947856903076
ILSVRC2012_val_00011121.JPEG,/home/dr-yougart/Desktop/vit_mi/Dataset/ILSVRC2012_img_val/ILSVRC2012_val_00011121.JPEG,883,883,883,True,True,0.9475776553153992,994.60205078125,995.4796142578125,990.7091674804688,3.892857074737549,4.7704081535339355,0.9917280077934265,0.9960255026817322,357.0854187011719,365.6921691894531,1.0650334358215332,0.31583812832832336,0.6057973504066467,2.2749006748199463,1.7798891067504883,58.892565965652466,41.107431054115295
ILSVRC2012_val_00011122.JPEG,/home/dr-yougart/Desktop/vit_mi/Dataset/ILSVRC2012_img_val/ILSVRC2012_val_00011122.JPEG,998,998,998,True,True,0.9624952077865601,995.596923828125,995.903076171875,992.9336547851562,2.6632652282714844,2.9693877696990967,0.9946129322052002,0.9972836971282959,447.17803955078125,465.35882568359375,1.0646333694458008,0.2733795642852783,0.6102776527404785,2.5642800331115723,1.9967327117919922,57.21706748008728,42.78292953968048
ILSVRC2012_val_00011123.JPEG,/home/dr-yougart/Desktop/vit_mi/Dataset/ILSVRC2012_img_val/ILSVRC2012_val_00011123.JPEG,397,397,973,True,False,0.9188492298126221,994.8928833007812,994.0101928710938,987.8112182617188,7.081632614135742,6.198979377746582,0.9873979687690735,0.9928178787231445,361.70416259765625,329.6402893066406,0.9462119340896606,0.38962653279304504,-0.8882153034210205,2.6745448112487793,2.0378568172454834,39.81488645076752,60.185110569000244
ILSVRC2012_val_00011124.JPEG,/home/dr-yougart/Desktop/vit_mi/Dataset/ILSVRC2012_img_val/ILSVRC2012_val_00011124.JPEG,793,793,793,True,True,0.9402878284454346,995.4591674804688,996.0765380859375,992.1275634765625,3.331632614135742,3.948979616165161,0.9930837750434875,0.9966073036193848,370.5727844238281,378.4737243652344,1.0475281476974487,0.34102505445480347,0.4268120229244232,2.679340124130249,2.103207588195801,55.408650636672974,44.591349363327026
ILSVRC2012_val_00011125.JPEG,/home/dr-yougart/Desktop/vit_mi/Dataset/ILSVRC2012_img_val/ILSVRC2012_val_00011125.JPEG,418,767,767,False,False,0.9547007083892822,995.2601928710938,995.4132690429688,991.6275634765625,3.632652997970581,3.7857143878936768,0.9929490089416504,0.9962992668151855,407.5176696777344,381.1602783203125,0.9488911628723145,0.28330498933792114,-0.6121142506599426,2.4457643032073975,1.9135942459106445,42.761075496673584,57.238924503326416
ILSVRC2012_val_00011126.JPEG,/home/dr-yougart/Desktop/vit_mi/Dataset/ILSVRC2012_img_val/ILSVRC2012_val_00011126.JPEG,675,569,744,False,False,0.9028142094612122,994.7346801757812,994.8673706054688,989.1326293945312,5.602040767669678,5.734694004058838,0.9892272353172302,0.9943240284919739,339.9161071777344,359.35040283203125,1.1214362382888794,0.49256327748298645,0.5810937285423279,3.026383876800537,2.356412410736084,55.672359466552734,44.327643513679504
ILSVRC2012_val_00011127.JPEG,/home/dr-yougart/Desktop/vit_mi/Dataset/ILSVRC2012_img_val/ILSVRC2012_val_00011127.JPEG,542,542,542,True,True,0.9500653147697449,993.5867309570312,994.2193603515625,990.2244873046875,3.3622448444366455,3.9948978424072266,0.9929770827293396,0.9965657591819763,398.12591552734375,405.8230895996094,1.0517287254333496,0.3586476445198059,0.4068397879600525,2.890592098236084,2.127979278564453,53.25632095336914,46.74367904663086
ILSVRC2012_val_00011128.JPEG,/home/dr-yougart/Desktop/vit_mi/Dataset/ILSVRC2012_img_val/ILSVRC2012_val_00011128.JPEG,102,102,102,True,True,0.9396777153015137,995.653076171875,996.1326293945312,990.4336547851562,5.219387531280518,5.698979377746582,0.9897055625915527,0.9946990013122559,443.4543151855469,429.6548156738281,0.996373176574707,0.30185359716415405,-0.28036150336265564,2.470161199569702,1.9050531387329102,46.47572338581085,53.52427363395691
ILSVRC2012_val_00011129.JPEG,/home/dr-yougart/Desktop/vit_mi/Dataset/ILSVRC2012_img_val/ILSVRC2012_val_00011129.JPEG,40,46,59,False,False,0.9250121116638184,995.0101928710938,994.4336547851562,989.244873046875,5.765305995941162,5.188775539398193,0.9895301461219788,0.9941469430923462,382.29412841796875,394.68084716796875,1.0754072666168213,0.413961261510849,0.5128172039985657,3.1353139877319336,2.400477409362793,53.900110721588135,46.099889278411865
ILSVRC2012_val_00011130.JPEG,/home/dr-yougart/Desktop/vit_mi/Dataset/ILSVRC2012_img_val/ILSVRC2012_val_00011130.JPEG,103,48,48,False,False,0.9000740647315979,994.3214111328125,993.9693603515625,985.85205078125,8.469388008117676,8.11734676361084,0.9842736124992371,0.9914070963859558,408.1618347167969,418.09765625,1.0615603923797607,0.4615291357040405,0.3412349820137024,3.657646894454956,2.682431221008301,49.895718693733215,50.10428428649902
ILSVRC2012_val_00011131.JPEG,/home/dr-yougart/Desktop/vit_mi/Dataset/ILSVRC2012_img_val/ILSVRC2012_val_00011131.JPEG,27,27,27,True,True,0.9228854775428772,996.3316040039062,995.8163452148438,989.7958984375,6.535714149475098,6.0204081535339355,0.988176167011261,0.9933868646621704,372.7588806152344,376.4860534667969,1.04848313331604,0.3777438700199127,0.010737963952124119,2.518095016479492,1.9498066902160645,50.57989954948425,49.420103430747986
ILSVRC2012_val_00011132.JPEG,/home/dr-yougart/Desktop/vit_mi/Dataset/ILSVRC2012_img_val/ILSVRC2012_val_00011132.JPEG,743,743,699,True,False,0.9394249320030212,994.4234619140625,994.94384765625,991.9285888671875,2.4948978424072266,3.015306234359741,0.9946708083152771,0.9974532723426819,337.3247375488281,338.69097900390625,1.049069881439209,0.37700363993644714,0.3537098467350006,2.6018264293670654,2.037032127380371,54.55821752548218,45.44177949428558
ILSVRC2012_val_00011133.JPEG,/home/dr-yougart/Desktop/vit_mi/Dataset/ILSVRC2012_img_val/ILSVRC2012_val_00011133.JPEG,448,448,448,True,True,0.9450493454933167,995.0816040039062,996.0153198242188,992.2755126953125,2.8061225414276123,3.7397959232330322,0.9936981201171875,0.9971529841423035,375.4942626953125,372.4132385253906,1.028236985206604,0.3424312472343445,0.12164440751075745,2.648984432220459,2.0716028213500977,51.82018280029297,48.17981719970703
ILSVRC2012_val_00011134.JPEG,/home/dr-yougart/Desktop/vit_mi/Dataset/ILSVRC2012_img_val/ILSVRC2012_val_00011134.JPEG,414,414,399,True,False,0.9150863289833069,995.948974609375,995.64794921875,990.1581420898438,5.790816307067871,5.489795684814453,0.9893463850021362,0.9941438436508179,404.7279052734375,410.2002258300781,1.0510865449905396,0.436361163854599,-0.18366685509681702,3.376006603240967,2.689883232116699,47.81394302845001,52.18605399131775
ILSVRC2012_val_00011135.JPEG,/home/dr-yougart/Desktop/vit_mi/Dataset/ILSVRC2012_img_val/ILSVRC2012_val_00011135.JPEG,432,432,432,True,True,0.9119160175323486,993.8571166992188,995.403076171875,987.75,6.107142925262451,7.653061389923096,0.9869441390037537,0.9937835335731506,405.34539794921875,412.13323974609375,1.0869688987731934,0.4507448971271515,0.4324274957180023,3.1945700645446777,2.481954574584961,53.97341847419739,46.02658152580261
ILSVRC2012_val_00011136.JPEG,/home/dr-yougart/Desktop/vit_mi/Dataset/ILSVRC2012_img_val/ILSVRC2012_val_00011136.JPEG,664,664,851,True,False,0.9276856184005737,993.403076171875,994.2755126953125,988.8775634765625,4.525510311126709,5.397959232330322,0.9904869198799133,0.9953941702842712,335.22515869140625,362.1898193359375,1.1358952522277832,0.45629963278770447,0.7974507808685303,2.8145883083343506,2.0974645614624023,57.64472484588623,42.35527813434601
ILSVRC2012_val_00011137.JPEG,/home/dr-yougart/Desktop/vit_mi/Dataset/ILSVRC2012_img_val/ILSVRC2012_val_00011137.JPEG,119,119,120,True,False,0.9455785155296326,994.9642944335938,995.4591674804688,992.653076171875,2.3112244606018066,2.8061225414276123,0.995063304901123,0.9976412653923035,375.6781311035156,395.9270935058594,1.0758156776428223,0.3706401586532593,0.8269082903862,3.1115667819976807,2.228860855102539,55.64350485801697,44.35649812221527
ILSVRC2012_val_00011138.JPEG,/home/dr-yougart/Desktop/vit_mi/Dataset/ILSVRC2012_img_val/ILSVRC2012_val_00011138.JPEG,199,199,199,True,True,0.9459581971168518,993.7908325195312,994.7908325195312,989.2091674804688,4.581632614135742,5.581632614135742,0.9902648329734802,0.9953251481056213,378.5373840332031,387.16156005859375,1.0702122449874878,0.3083329498767853,0.703952968120575,2.266315460205078,1.7855539321899414,60.165560245513916,39.834436774253845
ILSVRC2012_val_00011139.JPEG,/home/dr-yougart/Desktop/vit_mi/Dataset/ILSVRC2012_img_val/ILSVRC2012_val_00011139.JPEG,420,420,420,True,True,0.9381009340286255,995.8622436523438,996.1836547851562,992.5153198242188,3.3469388484954834,3.668367385864258,0.9933422803878784,0.9966087937355042,391.7109375,426.80340576171875,1.1317379474639893,0.3963307738304138,1.268677830696106,3.351741313934326,2.651425838470459,62.41614818572998,37.58385479450226
ILSVRC2012_val_00011140.JPEG,/home/dr-yougart/Desktop/vit_mi/Dataset/ILSVRC2012_img_val/ILSVRC2012_val_00011140.JPEG,940,940,940,True,True,0.9349212646484375,995.1071166992188,995.1785888671875,989.0203857421875,6.086734771728516,6.158163070678711,0.9883924722671509,0.9938346743583679,422.27789306640625,418.91046142578125,1.0239681005477905,0.3383430540561676,-0.08389003574848175,2.6749823093414307,2.0279603004455566,49.16326105594635,50.83673596382141
ILSVRC2012_val_00011141.JPEG,/home/dr-yougart/Desktop/vit_mi/Dataset/ILSVRC2012_img_val/ILSVRC2012_val_00011141.JPEG,255,255,255,True,True,0.9557896852493286,996.3418579101562,996.3265380859375,993.0765380859375,3.265306234359741,3.25,0.9938623905181885,0.9966967105865479,416.712158203125,444.4912414550781,1.0960949659347534,0.29461798071861267,0.7065231800079346,2.353919506072998,1.7791633605957031,59.44215655326843,40.55784046649933
ILSVRC2012_val_00011142.JPEG,/home/dr-yougart/Desktop/vit_mi/Dataset/ILSVRC2012_img_val/ILSVRC2012_val_00011142.JPEG,281,281,281,True,True,0.9393855333328247,994.7244873046875,994.89794921875,988.4642944335938,6.260204315185547,6.43367338180542,0.988025426864624,0.9936390519142151,345.271728515625,348.77960205078125,1.0612221956253052,0.32874032855033875,0.21108008921146393,1.7801792621612549,1.3548415899276733,54.451608657836914,45.548391342163086
ILSVRC2012_val_00011143.JPEG,/home/dr-yougart/Desktop/vit_mi/Dataset/ILSVRC2012_img_val/ILSVRC2012_val_00011143.JPEG,323,323,323,True,True,0.9096629619598389,993.1632690429688,994.4285888671875,987.0306396484375,6.13265323638916,7.397959232330322,0.9870297312736511,0.9937708973884583,376.86883544921875,357.4452819824219,0.9947929978370667,0.42784082889556885,-0.2598530650138855,3.1899831295013428,2.4696731567382812,48.29937219619751,51.70062780380249
ILSVRC2012_val_00011144.JPEG,/home/dr-yougart/Desktop/vit_mi/Dataset/ILSVRC2012_img_val/ILSVRC2012_val_00011144.JPEG,383,383,383,True,True,0.9205840826034546,995.1275634765625,994.7398071289062,988.30615234375,6.8214287757873535,6.43367338180542,0.9874325394630432,0.9930869936943054,409.986572265625,404.09893798828125,1.0476055145263672,0.4180906116962433,-0.18572454154491425,2.9845762252807617,2.2691993713378906,49.37896132469177,50.62103867530823
ILSVRC2012_val_00011145.JPEG,/home/dr-yougart/Desktop/vit_mi/Dataset/ILSVRC2012_img_val/ILSVRC2012_val_00011145.JPEG,483,483,483,True,True,0.9636378288269043,992.5101928710938,993.051025390625,989.6122436523438,2.8979592323303223,3.4387755393981934,0.9937666058540344,0.9970718026161194,371.9785461425781,410.0954284667969,1.1237695217132568,0.33562415838241577,1.1430174112319946,2.650681972503662,1.6912517547607422,58.11181664466858,41.88818633556366
ILSVRC2012_val_00011146.JPEG,/home/dr-yougart/Desktop/vit_mi/Dataset/ILSVRC2012_img_val/ILSVRC2012_val_00011146.JPEG,255,255,255,True,True,0.9473979473114014,995.94384765625,995.4796142578125,992.0,3.9438774585723877,3.4795918464660645,0.9929447770118713,0.9960165023803711,390.2580871582031,400.9355163574219,1.06929349899292,0.3424190580844879,0.22546181082725525,2.546116590499878,1.9919357299804688,51.599013805389404,48.40098321437836
ILSVRC2012_val_00011147.JPEG,/home/dr-yougart/Desktop/vit_mi/Dataset/ILSVRC2012_img_val/ILSVRC2012_val_00011147.JPEG,550,550,650,True,False,0.8501986861228943,993.3418579101562,993.2653198242188,985.9234619140625,7.418367385864258,7.341836929321289,0.9859082698822021,0.992460310459137,378.17315673828125,500.43658447265625,1.4754520654678345,0.8726219534873962,3.8509037494659424,6.325817108154297,4.846321105957031,69.99756693840027,30.00243306159973
ILSVRC2012_val_00011148.JPEG,/home/dr-yougart/Desktop/vit_mi/Dataset/ILSVRC2012_img_val/ILSVRC2012_val_00011148.JPEG,874,874,874,True,True,0.9393905401229858,995.80615234375,996.4183959960938,993.0255126953125,2.7806122303009033,3.392857074737549,0.9941411018371582,0.9971662759780884,390.90936279296875,383.7633972167969,1.0161676406860352,0.3544164299964905,-0.032934095710515976,2.852959156036377,2.23751163482666,49.81015622615814,50.1898467540741
ILSVRC2012_val_00011149.JPEG,/home/dr-yougart/Desktop/vit_mi/Dataset/ILSVRC2012_img_val/ILSVRC2012_val_00011149.JPEG,841,474,474,False,False,0.9421784281730652,993.7653198242188,994.44384765625,988.5,5.265305995941162,5.943877696990967,0.9892363548278809,0.9946439862251282,333.6809997558594,336.9287414550781,1.068400263786316,0.35509589314460754,0.2360333353281021,2.243326425552368,1.717306137084961,53.65685224533081,46.34315073490143
ILSVRC2012_val_00011150.JPEG,/home/dr-yougart/Desktop/vit_mi/Dataset/ILSVRC2012_img_val/ILSVRC2012_val_00011150.JPEG,36,36,36,True,True,0.9147330522537231,995.0153198242188,995.25,988.3826293945312,6.63265323638916,6.86734676361084,0.9871855974197388,0.9932642579078674,382.49737548828125,372.6127624511719,1.0203263759613037,0.4197171926498413,-0.396449476480484,2.8796205520629883,2.2835049629211426,44.07168924808502,55.92830777168274
ILSVRC2012_val_00011151.JPEG,/home/dr-yougart/Desktop/vit_mi/Dataset/ILSVRC2012_img_val/ILSVRC2012_val_00011151.JPEG,637,637,637,True,True,0.9564095139503479,992.69384765625,994.3724365234375,988.4387817382812,4.255102157592773,5.93367338180542,0.9901719093322754,0.9956685900688171,401.54583740234375,390.9745788574219,0.9991142749786377,0.2617511749267578,-0.06998904794454575,2.035095691680908,1.6094512939453125,48.995015025138855,51.004987955093384
ILSVRC2012_val_00011152.JPEG,/home/dr-yougart/Desktop/vit_mi/Dataset/ILSVRC2012_img_val/ILSVRC2012_val_00011152.JPEG,193,187,187,False,False,0.927788496017456,994.7857055664062,995.1887817382812,990.1377563476562,4.647959232330322,5.051020622253418,0.9908270835876465,0.995261549949646,342.7080993652344,395.3819274902344,1.232710599899292,0.4849946200847626,1.6806814670562744,3.0564212799072266,2.261965751647949,67.70238876342773,32.29760825634003
ILSVRC2012_val_00011153.JPEG,/home/dr-yougart/Desktop/vit_mi/Dataset/ILSVRC2012_img_val/ILSVRC2012_val_00011153.JPEG,696,806,806,False,False,0.9427737593650818,994.0408325195312,994.846923828125,989.9183959960938,4.122448921203613,4.9285712242126465,0.9913734197616577,0.9958075881004333,385.44415283203125,386.2973937988281,1.0243152379989624,0.32126373052597046,0.08488503843545914,2.3942465782165527,1.8456964492797852,50.6313681602478,49.368634819984436
ILSVRC2012_val_00011154.JPEG,/home/dr-yougart/Desktop/vit_mi/Dataset/ILSVRC2012_img_val/ILSVRC2012_val_00011154.JPEG,721,721,721,True,True,0.9327422380447388,994.1734619140625,994.7857055664062,990.1377563476562,4.035714149475098,4.647959232330322,0.99156653881073,0.9959068894386292,326.5720520019531,311.7337341308594,0.9879177808761597,0.37512052059173584,-0.23877467215061188,2.605440378189087,2.059731960296631,47.127023339271545,52.87297964096069
ILSVRC2012_val_00011155.JPEG,/home/dr-yougart/Desktop/vit_mi/Dataset/ILSVRC2012_img_val/ILSVRC2012_val_00011155.JPEG,471,471,471,True,True,0.9441819190979004,994.7193603515625,995.6326293945312,992.2193603515625,2.5,3.4132652282714844,0.9943264722824097,0.997468113899231,413.5546875,423.4550476074219,1.0358508825302124,0.3449799716472626,0.36825066804885864,3.040828227996826,2.3355026245117188,52.28744149208069,47.71255850791931
ILSVRC2012_val_00011156.JPEG,/home/dr-yougart/Desktop/vit_mi/Dataset/ILSVRC2012_img_val/ILSVRC2012_val_00011156.JPEG,822,775,598,False,False,0.9102826118469238,995.255126953125,995.9336547851562,989.5867309570312,5.668367385864258,6.346938610076904,0.9886505603790283,0.9942365288734436,360.64794921875,381.7458801269531,1.1276731491088867,0.4566015601158142,0.787733793258667,3.0389232635498047,2.3932151794433594,58.81603956222534,41.18396043777466
ILSVRC2012_val_00011157.JPEG,/home/dr-yougart/Desktop/vit_mi/Dataset/ILSVRC2012_img_val/ILSVRC2012_val_00011157.JPEG,762,923,923,False,False,0.9458426833152771,993.2398071289062,993.6836547851562,989.3265380859375,3.9132652282714844,4.357142925262451,0.9918947219848633,0.9960370659828186,363.9954528808594,360.3221435546875,0.9999055862426758,0.33619043231010437,-0.2362733781337738,2.649066925048828,2.113689422607422,47.19196856021881,52.80803442001343
ILSVRC2012_val_00011158.JPEG,/home/dr-yougart/Desktop/vit_mi/Dataset/ILSVRC2012_img_val/ILSVRC2012_val_00011158.JPEG,42,41,38,False,False,0.9055030941963196,994.8571166992188,994.4081420898438,986.7296142578125,8.127551078796387,7.6785712242126465,0.9850771427154541,0.9917561411857605,357.41015625,386.8981628417969,1.1496880054473877,0.473654180765152,0.7965670824050903,2.815378427505493,2.1669273376464844,59.217989444732666,40.782010555267334
ILSVRC2012_val_00011159.JPEG,/home/dr-yougart/Desktop/vit_mi/Dataset/ILSVRC2012_img_val/ILSVRC2012_val_00011159.JPEG,843,643,451,False,False,0.9286838173866272,994.8367309570312,994.5,991.8418579101562,2.9948978424072266,2.65816330909729,0.9945192933082581,0.9969800114631653,394.0380554199219,399.3289489746094,1.0382026433944702,0.4257018566131592,-0.0009615273447707295,3.6207356452941895,2.8261032104492188,49.863940477371216,50.136059522628784
ILSVRC2012_val_00011160.JPEG,/home/dr-yougart/Desktop/vit_mi/Dataset/ILSVRC2012_img_val/ILSVRC2012_val_00011160.JPEG,919,919,919,True,True,0.959031343460083,993.9796142578125,993.94384765625,990.6581420898438,3.3214285373687744,3.2857143878936768,0.9936674237251282,0.9966310262680054,391.9761657714844,430.3665771484375,1.1273632049560547,0.3244960308074951,1.1742371320724487,2.5463826656341553,1.7714862823486328,63.04662227630615,36.95337474346161
ILSVRC2012_val_00011161.JPEG,/home/dr-yougart/Desktop/vit_mi/Dataset/ILSVRC2012_img_val/ILSVRC2012_val_00011161.JPEG,325,325,325,True,True,0.9490866661071777,995.1734619140625,995.6173706054688,992.6581420898438,2.515306234359741,2.959183692932129,0.9947068095207214,0.9974609613418579,397.4450988769531,411.55926513671875,1.0517171621322632,0.3272818624973297,0.45711150765419006,2.800476551055908,2.208622932434082,55.280864238739014,44.719135761260986
ILSVRC2012_val_00011162.JPEG,/home/dr-yougart/Desktop/vit_mi/Dataset/ILSVRC2012_img_val/ILSVRC2012_val_00011162.JPEG,825,825,825,True,True,0.9181806445121765,993.6173706054688,995.7244873046875,987.9591674804688,5.658163070678711,7.765305995941162,0.9871811866760254,0.9942611455917358,327.549560546875,400.4677429199219,1.2917360067367554,0.5284278392791748,2.137464761734009,3.305299997329712,2.588409900665283,73.58965277671814,26.4103502035141
ILSVRC2012_val_00011163.JPEG,/home/dr-yougart/Desktop/vit_mi/Dataset/ILSVRC2012_img_val/ILSVRC2012_val_00011163.JPEG,341,341,341,True,True,0.8991450667381287,992.903076171875,994.5203857421875,983.6734619140625,9.229591369628906,10.846939086914062,0.9809179306030273,0.990605354309082,396.8691711425781,452.09326171875,1.2203781604766846,0.5170266032218933,1.9515963792800903,3.808967113494873,2.973054885864258,68.10736656188965,31.89263343811035
ILSVRC2012_val_00011164.JPEG,/home/dr-yougart/Desktop/vit_mi/Dataset/ILSVRC2012_img_val/ILSVRC2012_val_00011164.JPEG,191,184,184,False,False,0.9310244917869568,994.3316040039062,994.3265380859375,989.30615234375,5.025510311126709,5.0204081535339355,0.9904564619064331,0.9949078559875488,397.820068359375,399.34429931640625,1.02146315574646,0.36151042580604553,-0.04382264241576195,2.767202854156494,2.1647424697875977,48.953089118003845,51.046907901763916
ILSVRC2012_val_00011165.JPEG,/home/dr-yougart/Desktop/vit_mi/Dataset/ILSVRC2012_img_val/ILSVRC2012_val_00011165.JPEG,264,264,264,True,True,0.9700998067855835,994.8316040039062,995.0357055664062,992.6785888671875,2.1530611515045166,2.357142925262451,0.9956004619598389,0.9978126287460327,347.59722900390625,353.48095703125,1.0248533487319946,0.23765578866004944,0.21876583993434906,1.8201053142547607,1.4255807399749756,54.24870848655701,45.75129151344299
ILSVRC2012_val_00011166.JPEG,/home/dr-yougart/Desktop/vit_mi/Dataset/ILSVRC2012_img_val/ILSVRC2012_val_00011166.JPEG,760,760,760,True,True,0.9271665811538696,995.1428833007812,996.2346801757812,991.505126953125,3.6377551555633545,4.7295918464660645,0.9920120239257812,0.9962732791900635,407.2200622558594,383.25665283203125,0.973131000995636,0.37342897057533264,-0.40130066871643066,3.299528121948242,2.6033754348754883,46.002522110939026,53.99748086929321
ILSVRC2012_val_00011167.JPEG,/home/dr-yougart/Desktop/vit_mi/Dataset/ILSVRC2012_img_val/ILSVRC2012_val_00011167.JPEG,309,309,946,True,False,0.9349216818809509,994.69384765625,994.0101928710938,987.8571166992188,6.836734771728516,6.153061389923096,0.9876154065132141,0.9930725693702698,356.5973815917969,333.15087890625,0.959294855594635,0.3634856939315796,-0.7415638566017151,2.3635923862457275,1.771834373474121,39.079123735427856,60.920876264572144
ILSVRC2012_val_00011168.JPEG,/home/dr-yougart/Desktop/vit_mi/Dataset/ILSVRC2012_img_val/ILSVRC2012_val_00011168.JPEG,404,404,404,True,True,0.9370771050453186,991.7193603515625,993.2653198242188,986.7142944335938,5.005102157592773,6.551020622253418,0.9889249801635742,0.9948909282684326,410.8250427246094,398.9669189453125,0.9915229082107544,0.3308655619621277,-0.09763676673173904,2.4956793785095215,1.8802685737609863,49.057891964912415,50.942111015319824
ILSVRC2012_val_00011169.JPEG,/home/dr-yougart/Desktop/vit_mi/Dataset/ILSVRC2012_img_val/ILSVRC2012_val_00011169.JPEG,55,55,64,True,False,0.9117415547370911,994.1632690429688,995.19384765625,988.7398071289062,5.423469543457031,6.4540815353393555,0.9887129068374634,0.9944790601730347,396.2669372558594,408.7389221191406,1.0686430931091309,0.44419795274734497,0.3593888580799103,3.257941246032715,2.5239486694335938,52.36205458641052,47.63794243335724
ILSVRC2012_val_00011170.JPEG,/home/dr-yougart/Desktop/vit_mi/Dataset/ILSVRC2012_img_val/ILSVRC2012_val_00011170.JPEG,491,491,491,True,True,0.9241242408752441,995.1122436523438,995.9183959960938,990.4336547851562,4.6785712242126465,5.484694004058838,0.9903808832168579,0.9952309131622314,417.0885314941406,434.9092712402344,1.0846521854400635,0.4053133726119995,0.8272282481193542,3.456946849822998,2.6709861755371094,58.521056175231934,41.478943824768066
ILSVRC2012_val_00011171.JPEG,/home/dr-yougart/Desktop/vit_mi/Dataset/ILSVRC2012_img_val/ILSVRC2012_val_00011171.JPEG,8,8,8,True,True,0.9085080623626709,995.4744873046875,995.4234619140625,986.9898071289062,8.48469352722168,8.433673858642578,0.9841573238372803,0.991387665271759,421.0989990234375,442.0392761230469,1.1412477493286133,0.4513012170791626,0.4798469841480255,2.847728729248047,2.1128883361816406,53.061771392822266,46.938225626945496
ILSVRC2012_val_00011172.JPEG,/home/dr-yougart/Desktop/vit_mi/Dataset/ILSVRC2012_img_val/ILSVRC2012_val_00011172.JPEG,531,826,826,False,False,0.9310814738273621,994.10205078125,995.10205078125,987.5918579101562,6.510204315185547,7.510204315185547,0.9867570996284485,0.9933544993400574,396.0589599609375,400.7459716796875,1.0345691442489624,0.3460969030857086,0.437651664018631,2.576375722885132,1.9500956535339355,55.07160425186157,44.92839872837067
ILSVRC2012_val_00011173.JPEG,/home/dr-yougart/Desktop/vit_mi/Dataset/ILSVRC2012_img_val/ILSVRC2012_val_00011173.JPEG,575,575,575,True,True,0.933538019657135,993.4387817382812,995.3214111328125,989.69384765625,3.7448978424072266,5.627551078796387,0.9909759163856506,0.9961910843849182,368.841064453125,351.000732421875,0.9728503227233887,0.3592618703842163,-0.40681561827659607,2.68524169921875,2.0965967178344727,44.91751790046692,55.08248209953308
ILSVRC2012_val_00011174.JPEG,/home/dr-yougart/Desktop/vit_mi/Dataset/ILSVRC2012_img_val/ILSVRC2012_val_00011174.JPEG,912,912,912,True,True,0.9410284161567688,994.7857055664062,994.7296142578125,990.0918579101562,4.693877696990967,4.637754917144775,0.9910566210746765,0.9952470660209656,359.1983337402344,349.49774169921875,0.9956957101821899,0.3342146873474121,-0.21207532286643982,2.367600202560425,1.7874479293823242,46.79889380931854,53.20110321044922
ILSVRC2012_val_00011175.JPEG,/home/dr-yougart/Desktop/vit_mi/Dataset/ILSVRC2012_img_val/ILSVRC2012_val_00011175.JPEG,324,324,324,True,True,0.9531583786010742,994.7398071289062,994.948974609375,990.8571166992188,3.882652997970581,4.091836929321289,0.9923766851425171,0.9960505366325378,415.4248352050781,416.9295959472656,1.030418872833252,0.295315146446228,0.1584315001964569,2.3287618160247803,1.7320537567138672,52.84437537193298,47.155627608299255
ILSVRC2012_val_00011176.JPEG,/home/dr-yougart/Desktop/vit_mi/Dataset/ILSVRC2012_img_val/ILSVRC2012_val_00011176.JPEG,168,168,168,True,True,0.9362251162528992,995.0714111328125,995.8877563476562,991.7142944335938,3.357142925262451,4.173469543457031,0.9927812814712524,0.9966013431549072,349.31719970703125,361.6317443847656,1.050161600112915,0.38104069232940674,0.2627483010292053,2.820280075073242,2.263805389404297,52.74982452392578,47.25017547607422
ILSVRC2012_val_00011177.JPEG,/home/dr-yougart/Desktop/vit_mi/Dataset/ILSVRC2012_img_val/ILSVRC2012_val_00011177.JPEG,134,134,134,True,True,0.9367632269859314,995.1173706054688,995.2908325195312,990.4642944335938,4.653061389923096,4.826530456542969,0.9909635782241821,0.9952924251556396,341.16961669921875,363.2773132324219,1.1141417026519775,0.3889821767807007,0.7403329610824585,2.4314332008361816,1.9009361267089844,59.56287384033203,40.43712615966797
ILSVRC2012_val_00011178.JPEG,/home/dr-yougart/Desktop/vit_mi/Dataset/ILSVRC2012_img_val/ILSVRC2012_val_00011178.JPEG,13,13,13,True,True,0.9483544230461121,993.7193603515625,994.7653198242188,990.3316040039062,3.3877551555633545,4.43367338180542,0.9925382733345032,0.9965354800224304,413.4139709472656,391.9228210449219,0.9741907715797424,0.3165433406829834,-0.30149680376052856,2.6386818885803223,2.052597999572754,45.538756251335144,54.461246728897095
ILSVRC2012_val_00011179.JPEG,/home/dr-yougart/Desktop/vit_mi/Dataset/ILSVRC2012_img_val/ILSVRC2012_val_00011179.JPEG,947,992,992,False,False,0.9238287210464478,995.8214111328125,996.5458984375,990.3214111328125,5.5,6.224489688873291,0.9890096783638,0.9943971633911133,405.1842346191406,408.74700927734375,1.0461788177490234,0.3691546320915222,0.3461625874042511,2.766711473464966,2.178447723388672,54.73073720932007,45.26926279067993
ILSVRC2012_val_00011180.JPEG,/home/dr-yougart/Desktop/vit_mi/Dataset/ILSVRC2012_img_val/ILSVRC2012_val_00011180.JPEG,683,683,683,True,True,0.9258939623832703,993.5,993.9183959960938,986.7601928710938,6.739795684814453,7.158163070678711,0.9868566393852234,0.9931241273880005,374.3825378417969,411.30816650390625,1.1446397304534912,0.40729397535324097,1.2662408351898193,2.7821204662323,2.0586013793945312,64.72117900848389,35.278818011283875
ILSVRC2012_val_00011181.JPEG,/home/dr-yougart/Desktop/vit_mi/Dataset/ILSVRC2012_img_val/ILSVRC2012_val_00011181.JPEG,307,307,307,True,True,0.9312520623207092,992.89794921875,993.7193603515625,987.10205078125,5.7959184646606445,6.61734676361084,0.9881454706192017,0.9941271543502808,352.6697998046875,382.1175842285156,1.1389586925506592,0.4247913062572479,0.7973641753196716,2.596755027770996,1.8387274742126465,56.97775483131409,43.02224516868591
ILSVRC2012_val_00011182.JPEG,/home/dr-yougart/Desktop/vit_mi/Dataset/ILSVRC2012_img_val/ILSVRC2012_val_00011182.JPEG,855,855,855,True,True,0.9518280625343323,994.3418579101562,995.3673706054688,991.8673706054688,2.474489688873291,3.5,0.9942066669464111,0.9974862933158875,389.05078125,404.2071838378906,1.0652132034301758,0.34487080574035645,0.5771762132644653,2.958850622177124,2.275345802307129,55.21383285522461,44.78617012500763
ILSVRC2012_val_00011183.JPEG,/home/dr-yougart/Desktop/vit_mi/Dataset/ILSVRC2012_img_val/ILSVRC2012_val_00011183.JPEG,706,762,762,False,False,0.9305632710456848,995.8571166992188,995.9285888671875,992.0867309570312,3.7704081535339355,3.84183669090271,0.9927536249160767,0.9961901307106018,389.8825378417969,402.4092712402344,1.065870761871338,0.417362242937088,0.2455192655324936,3.4386165142059326,2.6535110473632812,50.80457925796509,49.19541776180267
ILSVRC2012_val_00011184.JPEG,/home/dr-yougart/Desktop/vit_mi/Dataset/ILSVRC2012_img_val/ILSVRC2012_val_00011184.JPEG,202,226,202,False,True,0.9339367747306824,994.596923828125,995.6275634765625,989.0306396484375,5.56632661819458,6.596938610076904,0.9884730577468872,0.9943285584449768,365.3409729003906,364.641845703125,1.0471124649047852,0.3616989254951477,0.1197783574461937,2.381176710128784,1.8180723190307617,50.89656710624695,49.10342991352081
ILSVRC2012_val_00011185.JPEG,/home/dr-yougart/Desktop/vit_mi/Dataset/ILSVRC2012_img_val/ILSVRC2012_val_00011185.JPEG,618,731,760,False,False,0.9455690979957581,994.4591674804688,995.5,991.9642944335938,2.4948978424072266,3.5357143878936768,0.9942089915275574,0.9974603652954102,374.5116271972656,375.553466796875,1.029380440711975,0.3389921486377716,0.119142547249794,2.6290063858032227,2.0316162109375,52.80493497848511,47.195062041282654
ILSVRC2012_val_00011186.JPEG,/home/dr-yougart/Desktop/vit_mi/Dataset/ILSVRC2012_img_val/ILSVRC2012_val_00011186.JPEG,407,407,407,True,True,0.9469215869903564,996.1122436523438,995.698974609375,992.7091674804688,3.4030611515045166,2.9897959232330322,0.9939101338386536,0.9965596795082092,365.42083740234375,360.89691162109375,1.006295919418335,0.3211967349052429,-0.204243466258049,2.3406872749328613,1.8478584289550781,47.14474380016327,52.85525321960449
ILSVRC2012_val_00011187.JPEG,/home/dr-yougart/Desktop/vit_mi/Dataset/ILSVRC2012_img_val/ILSVRC2012_val_00011187.JPEG,842,433,684,False,False,0.9287065863609314,994.94384765625,994.9591674804688,989.6071166992188,5.336734771728516,5.352040767669678,0.9898843765258789,0.9945777654647827,369.71240234375,377.1076354980469,1.0540013313293457,0.3819180727005005,0.14920853078365326,2.6802663803100586,2.074277877807617,51.951658725738525,48.04782271385193
ILSVRC2012_val_00011188.JPEG,/home/dr-yougart/Desktop/vit_mi/Dataset/ILSVRC2012_img_val/ILSVRC2012_val_00011188.JPEG,269,269,269,True,True,0.9508506655693054,995.4081420898438,995.8622436523438,991.2703857421875,4.137754917144775,4.591836929321289,0.991730809211731,0.9957779049873352,370.94561767578125,358.24322509765625,1.003233790397644,0.27427247166633606,-0.06702185422182083,1.8064619302749634,1.4098281860351562,49.28276836872101,50.71722865104675
ILSVRC2012_val_00011189.JPEG,/home/dr-yougart/Desktop/vit_mi/Dataset/ILSVRC2012_img_val/ILSVRC2012_val_00011189.JPEG,724,724,724,True,True,0.940980851650238,993.60205078125,994.2653198242188,990.3163452148438,3.2857143878936768,3.948979616165161,0.9929694533348083,0.9966521263122559,327.7144470214844,341.55902099609375,1.0761613845825195,0.3831879794597626,0.4737023413181305,2.4318294525146484,1.7701447010040283,54.05457019805908,45.94542980194092
ILSVRC2012_val_00011190.JPEG,/home/dr-yougart/Desktop/vit_mi/Dataset/ILSVRC2012_img_val/ILSVRC2012_val_00011190.JPEG,90,90,90,True,True,0.930851399898529,994.6173706054688,994.7703857421875,988.596923828125,6.0204081535339355,6.173469543457031,0.9883575439453125,0.9939044117927551,392.8576965332031,402.0367431640625,1.0743293762207031,0.38464102149009705,0.24392032623291016,2.758185863494873,2.133373260498047,52.53167748451233,47.46832549571991
ILSVRC2012_val_00011191.JPEG,/home/dr-yougart/Desktop/vit_mi/Dataset/ILSVRC2012_img_val/ILSVRC2012_val_00011191.JPEG,161,161,166,True,False,0.9573156237602234,994.89794921875,995.2806396484375,992.4693603515625,2.4285714626312256,2.8112244606018066,0.9950112104415894,0.9975191354751587,369.6895751953125,378.4823303222656,1.0407764911651611,0.29118019342422485,0.31002917885780334,2.144519805908203,1.6603341102600098,54.3778657913208,45.6221342086792
ILSVRC2012_val_00011192.JPEG,/home/dr-yougart/Desktop/vit_mi/Dataset/ILSVRC2012_img_val/ILSVRC2012_val_00011192.JPEG,715,715,715,True,True,0.9071347713470459,995.4336547851562,995.5306396484375,989.7958984375,5.637754917144775,5.734694004058838,0.9891988635063171,0.9942797422409058,400.4363098144531,389.0269775390625,1.0267008543014526,0.46046900749206543,-0.33132773637771606,3.5847957134246826,2.854983329772949,47.91804254055023,52.08196043968201
ILSVRC2012_val_00011193.JPEG,/home/dr-yougart/Desktop/vit_mi/Dataset/ILSVRC2012_img_val/ILSVRC2012_val_00011193.JPEG,914,625,780,False,False,0.935950517654419,996.0408325195312,995.994873046875,991.8877563476562,4.153061389923096,4.107142925262451,0.9921764731407166,0.9958035945892334,367.05792236328125,409.508544921875,1.1502889394760132,0.40714746713638306,1.0172817707061768,2.9899163246154785,2.3468832969665527,60.61262488365173,39.387378096580505
ILSVRC2012_val_00011194.JPEG,/home/dr-yougart/Desktop/vit_mi/Dataset/ILSVRC2012_img_val/ILSVRC2012_val_00011194.JPEG,474,474,474,True,True,0.9249351620674133,993.5663452148438,993.6326293945312,987.4336547851562,6.13265323638916,6.198979377746582,0.9881705641746521,0.9937667846679688,336.33734130859375,372.1468811035156,1.1644110679626465,0.43433135747909546,1.2090345621109009,2.852799892425537,2.2230262756347656,63.30831050872803,36.69169247150421
ILSVRC2012_val_00011195.JPEG,/home/dr-yougart/Desktop/vit_mi/Dataset/ILSVRC2012_img_val/ILSVRC2012_val_00011195.JPEG,476,476,476,True,True,0.9305686354637146,996.1734619140625,996.0612182617188,992.4234619140625,3.75,3.6377551555633545,0.9929919838905334,0.9962081909179688,393.8217468261719,407.7774353027344,1.070121169090271,0.3957805931568146,0.23263458907604218,3.072209119796753,2.4618587493896484,52.57177948951721,47.42821753025055
ILSVRC2012_val_00011196.JPEG,/home/dr-yougart/Desktop/vit_mi/Dataset/ILSVRC2012_img_val/ILSVRC2012_val_00011196.JPEG,143,143,143,True,True,0.9452194571495056,993.6632690429688,994.2296142578125,988.1836547851562,5.4795918464660645,6.0459184646606445,0.9890620708465576,0.9944205284118652,396.44659423828125,406.3146667480469,1.0541716814041138,0.2871042788028717,0.3914998471736908,1.9821966886520386,1.4285602569580078,58.55826735496521,41.44172966480255
ILSVRC2012_val_00011197.JPEG,/home/dr-yougart/Desktop/vit_mi/Dataset/ILSVRC2012_img_val/ILSVRC2012_val_00011197.JPEG,736,736,736,True,True,0.9298616647720337,993.8367309570312,994.7958984375,987.4846801757812,6.352040767669678,7.311224460601807,0.9870534539222717,0.9935266375541687,385.98779296875,398.23577880859375,1.0804859399795532,0.36134073138237,0.4592299461364746,2.4426729679107666,1.8849124908447266,57.53796100616455,42.46203899383545
ILSVRC2012_val_00011198.JPEG,/home/dr-yougart/Desktop/vit_mi/Dataset/ILSVRC2012_img_val/ILSVRC2012_val_00011198.JPEG,238,241,241,False,False,0.9692879319190979,995.403076171875,995.1275634765625,993.7908325195312,1.6122448444366455,1.336734652519226,0.9971545338630676,0.9983763694763184,388.187744140625,415.00128173828125,1.0866189002990723,0.27045321464538574,0.7221546769142151,2.1792633533477783,1.6987900733947754,60.43289303779602,39.56710696220398
ILSVRC2012_val_00011199.JPEG,/home/dr-yougart/Desktop/vit_mi/Dataset/ILSVRC2012_img_val/ILSVRC2012_val_00011199.JPEG,476,476,476,True,True,0.9404782652854919,996.5408325195312,996.005126953125,992.8877563476562,3.6530611515045166,3.117347002029419,0.9935601949691772,0.9963224530220032,432.4531555175781,432.8214416503906,1.0145407915115356,0.345346063375473,-0.12784895300865173,3.156447410583496,2.502134323120117,48.992836475372314,51.007163524627686
ILSVRC2012_val_00011200.JPEG,/home/dr-yougart/Desktop/vit_mi/Dataset/ILSVRC2012_img_val/ILSVRC2012_val_00011200.JPEG,836,837,836,False,True,0.9405779242515564,994.5255126953125,994.9183959960938,990.6785888671875,3.8469388484954834,4.239795684814453,0.9921714663505554,0.9961068034172058,354.0597229003906,365.0842590332031,1.050893783569336,0.35769376158714294,0.23877990245819092,2.587841749191284,2.0435266494750977,52.70969867706299,47.29030430316925
ILSVRC2012_val_00011201.JPEG,/home/dr-yougart/Desktop/vit_mi/Dataset/ILSVRC2012_img_val/ILSVRC2012_val_00011201.JPEG,558,699,699,False,False,0.9330680966377258,995.7653198242188,996.1734619140625,992.2041015625,3.5612244606018066,3.9693877696990967,0.9928398132324219,0.9963881969451904,393.4450378417969,427.21136474609375,1.123266577720642,0.42655089497566223,0.9432037472724915,3.545186996459961,2.804719924926758,59.06968712806702,40.93031287193298
ILSVRC2012_val_00011202.JPEG,/home/dr-yougart/Desktop/vit_mi/Dataset/ILSVRC2012_img_val/ILSVRC2012_val_00011202.JPEG,268,268,268,True,True,0.9429534673690796,995.903076171875,995.9132690429688,991.994873046875,3.90816330909729,3.918367385864258,0.9926084280014038,0.9960421919822693,373.41729736328125,367.7705993652344,1.0256177186965942,0.3394227623939514,-0.14505478739738464,2.28303861618042,1.8067870140075684,47.12417125701904,52.87582874298096
ILSVRC2012_val_00011203.JPEG,/home/dr-yougart/Desktop/vit_mi/Dataset/ILSVRC2012_img_val/ILSVRC2012_val_00011203.JPEG,849,849,968,True,False,0.9520256519317627,994.0408325195312,994.6326293945312,991.4387817382812,2.6020407676696777,3.1938774585723877,0.9944449663162231,0.9973479509353638,372.93609619140625,374.761474609375,1.022416591644287,0.31141364574432373,0.09403128921985626,2.3509552478790283,1.835705280303955,51.59940719604492,48.40059280395508
ILSVRC2012_val_00011204.JPEG,/home/dr-yougart/Desktop/vit_mi/Dataset/ILSVRC2012_img_val/ILSVRC2012_val_00011204.JPEG,158,158,158,True,True,0.9275274276733398,994.2958984375,994.8112182617188,990.005126953125,4.290816307067871,4.806122303009033,0.9912858009338379,0.9956347346305847,363.286376953125,360.8789978027344,1.0271981954574585,0.38311144709587097,0.11013516038656235,2.7004435062408447,2.106525421142578,50.75061321258545,49.24938678741455
ILSVRC2012_val_00011205.JPEG,/home/dr-yougart/Desktop/vit_mi/Dataset/ILSVRC2012_img_val/ILSVRC2012_val_00011205.JPEG,232,232,232,True,True,0.9007333517074585,995.39794921875,995.64794921875,988.0306396484375,7.36734676361084,7.61734676361084,0.9858643412590027,0.9925288558006287,336.11468505859375,380.10797119140625,1.1994457244873047,0.5275288224220276,1.164939522743225,3.1454684734344482,2.4754714965820312,62.20269203186035,37.79730796813965
ILSVRC2012_val_00011206.JPEG,/home/dr-yougart/Desktop/vit_mi/Dataset/ILSVRC2012_img_val/ILSVRC2012_val_00011206.JPEG,866,866,590,True,False,0.9377668499946594,995.6887817382812,995.2142944335938,991.653076171875,4.035714149475098,3.5612244606018066,0.9927737712860107,0.995911717414856,363.6792907714844,369.68255615234375,1.0510529279708862,0.36423471570014954,0.08900489658117294,2.4876651763916016,1.9528923034667969,51.61604285240173,48.383960127830505
ILSVRC2012_val_00011207.JPEG,/home/dr-yougart/Desktop/vit_mi/Dataset/ILSVRC2012_img_val/ILSVRC2012_val_00011207.JPEG,526,526,526,True,True,0.9267426133155823,995.2958984375,995.8265380859375,989.9336547851562,5.362245082855225,5.892857074737549,0.9893711805343628,0.9945253729820251,380.89892578125,359.70556640625,0.9950815439224243,0.3622002899646759,-0.32463937997817993,2.6358437538146973,2.0435352325439453,46.23944163322449,53.76055836677551
ILSVRC2012_val_00011208.JPEG,/home/dr-yougart/Desktop/vit_mi/Dataset/ILSVRC2012_img_val/ILSVRC2012_val_00011208.JPEG,983,983,921,True,False,0.9056889414787292,994.2755126953125,995.051025390625,988.7908325195312,5.484694004058838,6.260204315185547,0.9888116717338562,0.9944174885749817,368.666259765625,373.27783203125,1.0758370161056519,0.4677084684371948,0.5829969644546509,3.4412167072296143,2.679924488067627,54.935163259506226,45.064833760261536
ILSVRC2012_val_00011209.JPEG,/home/dr-yougart/Desktop/vit_mi/Dataset/ILSVRC2012_img_val/ILSVRC2012_val_00011209.JPEG,592,480,480,False,False,0.9401299357414246,994.44384765625,995.505126953125,992.698974609375,1.7448979616165161,2.8061225414276123,0.9955658316612244,0.9982190132141113,357.2665100097656,388.0427551269531,1.1337825059890747,0.4040537476539612,1.1437060832977295,3.0527241230010986,2.3845863342285156,61.90297603607178,38.09702396392822
ILSVRC2012_val_00011210.JPEG,/home/dr-yougart/Desktop/vit_mi/Dataset/ILSVRC2012_img_val/ILSVRC2012_val_00011210.JPEG,57,57,57,True,True,0.934881865978241,996.2703857421875,996.051025390625,991.051025390625,5.219387531280518,5.0,0.9903596639633179,0.9947044253349304,401.6444396972656,401.9838562011719,1.0364937782287598,0.36299705505371094,-0.08785457164049149,2.610215902328491,2.008697509765625,49.39097762107849,50.60902237892151
ILSVRC2012_val_00011211.JPEG,/home/dr-yougart/Desktop/vit_mi/Dataset/ILSVRC2012_img_val/ILSVRC2012_val_00011211.JPEG,279,279,279,True,True,0.949560284614563,994.0765380859375,994.5765380859375,989.0765380859375,5.0,5.5,0.9899909496307373,0.9949249625205994,391.18505859375,383.160888671875,1.0230472087860107,0.2964187264442444,-0.10935062170028687,2.0033135414123535,1.5680522918701172,48.08185398578644,51.9181489944458
ILSVRC2012_val_00011212.JPEG,/home/dr-yougart/Desktop/vit_mi/Dataset/ILSVRC2012_img_val/ILSVRC2012_val_00011212.JPEG,226,226,221,True,False,0.8996217846870422,994.80615234375,995.3775634765625,986.7755126953125,8.030611991882324,8.602041244506836,0.9843370914459229,0.9918373227119446,342.40985107421875,364.48138427734375,1.1655014753341675,0.49417251348495483,0.7334802150726318,2.651977062225342,2.051121234893799,59.151118993759155,40.848878026008606
ILSVRC2012_val_00011213.JPEG,/home/dr-yougart/Desktop/vit_mi/Dataset/ILSVRC2012_img_val/ILSVRC2012_val_00011213.JPEG,103,103,103,True,True,0.8960494995117188,994.653076171875,995.2091674804688,986.7041015625,7.948979377746582,8.505102157592773,0.9845328330993652,0.9919114112854004,390.40350341796875,360.0705871582031,0.9707179069519043,0.4547012448310852,-0.740251362323761,3.0720252990722656,2.3356990814208984,43.2965874671936,56.7034125328064
ILSVRC2012_val_00011214.JPEG,/home/dr-yougart/Desktop/vit_mi/Dataset/ILSVRC2012_img_val/ILSVRC2012_val_00011214.JPEG,249,249,248,True,False,0.916965901851654,995.2601928710938,995.85205078125,989.2244873046875,6.035714149475098,6.627551078796387,0.9880877137184143,0.9938563108444214,375.8987121582031,409.9222717285156,1.1561652421951294,0.4365066885948181,1.1222341060638428,2.8823211193084717,2.1792707443237305,62.16578483581543,37.83421218395233
ILSVRC2012_val_00011215.JPEG,/home/dr-yougart/Desktop/vit_mi/Dataset/ILSVRC2012_img_val/ILSVRC2012_val_00011215.JPEG,563,418,418,False,False,0.923037052154541,994.5918579101562,994.4898071289062,987.744873046875,6.846938610076904,6.744897842407227,0.9872084856033325,0.9930435419082642,422.1478271484375,452.49920654296875,1.1050552129745483,0.40277329087257385,0.7313170433044434,3.1550893783569336,2.2409629821777344,55.503153800964355,44.496843218803406
ILSVRC2012_val_00011216.JPEG,/home/dr-yougart/Desktop/vit_mi/Dataset/ILSVRC2012_img_val/ILSVRC2012_val_00011216.JPEG,360,360,337,True,False,0.9068478345870972,995.44384765625,995.8571166992188,991.2193603515625,4.224489688873291,4.637754917144775,0.9915719032287598,0.9957054853439331,382.5426940917969,422.9521179199219,1.1490398645401,0.5011436939239502,1.323769450187683,3.7950193881988525,3.000746250152588,61.60212755203247,38.39787244796753
ILSVRC2012_val_00011217.JPEG,/home/dr-yougart/Desktop/vit_mi/Dataset/ILSVRC2012_img_val/ILSVRC2012_val_00011217.JPEG,403,403,623,True,False,0.8849580883979797,994.0,993.10205078125,986.3622436523438,7.637754917144775,6.739795684814453,0.986395537853241,0.9922987222671509,394.97686767578125,398.6680603027344,1.0521323680877686,0.5281565189361572,-0.3032907545566559,3.7013773918151855,2.8747482299804688,47.85104990005493,52.14895009994507
ILSVRC2012_val_00011218.JPEG,/home/dr-yougart/Desktop/vit_mi/Dataset/ILSVRC2012_img_val/ILSVRC2012_val_00011218.JPEG,101,385,101,False,True,0.9134506583213806,994.6785888671875,995.6224365234375,988.1275634765625,6.551020622253418,7.494897842407227,0.9867150187492371,0.9933359622955322,350.7677001953125,365.94219970703125,1.0954244136810303,0.4259110391139984,0.5313081741333008,2.589174509048462,1.9840755462646484,56.50400519371033,43.49599480628967
ILSVRC2012_val_00011219.JPEG,/home/dr-yougart/Desktop/vit_mi/Dataset/ILSVRC2012_img_val/ILSVRC2012_val_00011219.JPEG,361,361,361,True,True,0.9596855044364929,995.198974609375,996.0714111328125,992.0357055664062,3.1632652282714844,4.035714149475098,0.9931713938713074,0.996759831905365,461.41912841796875,483.0070495605469,1.0796948671340942,0.25868991017341614,0.887395441532135,2.3028783798217773,1.7757015228271484,62.89736032485962,37.10263967514038
ILSVRC2012_val_00011220.JPEG,/home/dr-yougart/Desktop/vit_mi/Dataset/ILSVRC2012_img_val/ILSVRC2012_val_00011220.JPEG,905,905,905,True,True,0.9126505255699158,994.6173706054688,994.5408325195312,990.0255126953125,4.591836929321289,4.515305995941162,0.991245448589325,0.9953534007072449,342.97576904296875,362.8631286621094,1.0861929655075073,0.45029082894325256,0.5625196695327759,3.1636383533477783,2.486898422241211,54.83212471008301,45.16787230968475
ILSVRC2012_val_00011221.JPEG,/home/dr-yougart/Desktop/vit_mi/Dataset/ILSVRC2012_img_val/ILSVRC2012_val_00011221.JPEG,991,991,996,True,False,0.924626886844635,995.8622436523438,996.1734619140625,991.3673706054688,4.494897842407227,4.806122303009033,0.9911957383155823,0.9954455494880676,329.6708679199219,353.89923095703125,1.129921317100525,0.4305174946784973,0.9067077040672302,2.8238205909729004,2.2617273330688477,60.75611710548401,39.24387991428375
ILSVRC2012_val_00011222.JPEG,/home/dr-yougart/Desktop/vit_mi/Dataset/ILSVRC2012_img_val/ILSVRC2012_val_00011222.JPEG,89,89,89,True,True,0.9143962264060974,995.1836547851562,996.3673706054688,989.9591674804688,5.224489688873291,6.408163070678711,0.9890401363372803,0.9946781992912292,399.25390625,432.808837890625,1.138331413269043,0.4476986825466156,1.3638588190078735,3.4981930255889893,2.6928510665893555,63.0004346370697,36.99905276298523
ILSVRC2012_val_00011223.JPEG,/home/dr-yougart/Desktop/vit_mi/Dataset/ILSVRC2012_img_val/ILSVRC2012_val_00011223.JPEG,721,721,721,True,True,0.9455999135971069,992.2653198242188,994.3826293945312,989.4234619140625,2.84183669090271,4.959183692932129,0.9923100471496582,0.9971122145652771,332.0338134765625,322.7144775390625,1.0005806684494019,0.3413880467414856,0.07043462991714478,2.4504659175872803,1.936903715133667,51.746273040771484,48.25320839881897
ILSVRC2012_val_00011224.JPEG,/home/dr-yougart/Desktop/vit_mi/Dataset/ILSVRC2012_img_val/ILSVRC2012_val_00011224.JPEG,358,359,356,False,False,0.8908693194389343,994.2142944335938,994.1581420898438,988.9132690429688,5.301020622253418,5.244897842407227,0.9900150895118713,0.9945921897888184,394.4656066894531,369.3202819824219,0.9699617624282837,0.46848422288894653,-0.23104597628116608,3.5823910236358643,2.654115676879883,49.739715456962585,50.260281562805176
ILSVRC2012_val_00011225.JPEG,/home/dr-yougart/Desktop/vit_mi/Dataset/ILSVRC2012_img_val/ILSVRC2012_val_00011225.JPEG,846,905,905,False,False,0.9328058958053589,994.6173706054688,995.8316040039062,990.2296142578125,4.387754917144775,5.602040767669678,0.9905088543891907,0.9955182671546936,369.9106750488281,370.3919372558594,1.0375972986221313,0.35232746601104736,0.23097077012062073,2.5582621097564697,1.9924182891845703,53.17515730857849,46.82484567165375
ILSVRC2012_val_00011226.JPEG,/home/dr-yougart/Desktop/vit_mi/Dataset/ILSVRC2012_img_val/ILSVRC2012_val_00011226.JPEG,816,816,584,True,False,0.9474058151245117,995.2346801757812,995.3775634765625,992.6734619140625,2.5612244606018066,2.7040815353393555,0.9949796795845032,0.9973878860473633,385.093017578125,361.6903381347656,0.9721659421920776,0.3337991535663605,-0.44610661268234253,2.619079828262329,1.994736671447754,44.7230726480484,55.27692437171936
ILSVRC2012_val_00011227.JPEG,/home/dr-yougart/Desktop/vit_mi/Dataset/ILSVRC2012_img_val/ILSVRC2012_val_00011227.JPEG,360,360,360,True,True,0.9259393811225891,995.4285888671875,995.2398071289062,989.846923828125,5.581632614135742,5.392857074737549,0.989632248878479,0.9943255186080933,432.70941162109375,402.9566345214844,0.9595229625701904,0.3641450107097626,-0.7335723638534546,2.783661365509033,2.170163154602051,41.31900370121002,58.68099331855774
ILSVRC2012_val_00011228.JPEG,/home/dr-yougart/Desktop/vit_mi/Dataset/ILSVRC2012_img_val/ILSVRC2012_val_00011228.JPEG,391,391,391,True,True,0.9381798505783081,994.75,995.30615234375,988.8877563476562,5.862245082855225,6.418367385864258,0.9883307814598083,0.9940434694290161,381.6103210449219,364.95245361328125,0.9864006638526917,0.3243502378463745,-0.4301320016384125,2.2808921337127686,1.7971515655517578,43.96301805973053,56.03698492050171
ILSVRC2012_val_00011229.JPEG,/home/dr-yougart/Desktop/vit_mi/Dataset/ILSVRC2012_img_val/ILSVRC2012_val_00011229.JPEG,256,256,221,True,False,0.9152424931526184,994.5306396484375,995.6581420898438,988.494873046875,6.035714149475098,7.163265228271484,0.9875409603118896,0.9938380718231201,367.3307189941406,402.2190246582031,1.1530046463012695,0.4449073374271393,1.3068722486495972,3.1256487369537354,2.376223564147949,62.939947843551636,37.060052156448364
ILSVRC2012_val_00011230.JPEG,/home/dr-yougart/Desktop/vit_mi/Dataset/ILSVRC2012_img_val/ILSVRC2012_val_00011230.JPEG,470,470,470,True,True,0.9344367980957031,994.7346801757812,994.9744873046875,990.60205078125,4.13265323638916,4.372448921203613,0.9918668270111084,0.9958087205886841,381.26861572265625,406.4910583496094,1.0986734628677368,0.38962021470069885,0.7334313988685608,2.977015495300293,2.36167049407959,57.812708616256714,42.187291383743286
ILSVRC2012_val_00011231.JPEG,/home/dr-yougart/Desktop/vit_mi/Dataset/ILSVRC2012_img_val/ILSVRC2012_val_00011231.JPEG,721,721,636,True,False,0.9466082453727722,993.6683959960938,993.8316040039062,990.19384765625,3.474489688873291,3.6377551555633545,0.9931233525276184,0.9964925646781921,361.0443115234375,383.34613037109375,1.100899338722229,0.365105539560318,0.581601083278656,2.515263557434082,1.8967037200927734,56.71688914299011,43.28311383724213
ILSVRC2012_val_00011232.JPEG,/home/dr-yougart/Desktop/vit_mi/Dataset/ILSVRC2012_img_val/ILSVRC2012_val_00011232.JPEG,952,952,952,True,True,0.9239170551300049,989.2908325195312,991.3571166992188,980.3724365234375,8.918367385864258,10.98469352722168,0.9807601571083069,0.9909252524375916,438.4805908203125,441.484375,1.0491288900375366,0.370683878660202,0.48272788524627686,3.1436526775360107,2.381734848022461,55.2179753780365,44.78202164173126
ILSVRC2012_val_00011233.JPEG,/home/dr-yougart/Desktop/vit_mi/Dataset/ILSVRC2012_img_val/ILSVRC2012_val_00011233.JPEG,0,0,0,True,True,0.9463647603988647,995.1887817382812,996.2041015625,991.1428833007812,4.0459184646606445,5.061224460601807,0.9913825392723083,0.9958720207214355,409.8884582519531,413.5640869140625,1.0454423427581787,0.29941028356552124,0.41263899207115173,2.3578741550445557,1.8472466468811035,55.778735876083374,44.221267104148865
ILSVRC2012_val_00011234.JPEG,/home/dr-yougart/Desktop/vit_mi/Dataset/ILSVRC2012_img_val/ILSVRC2012_val_00011234.JPEG,970,970,970,True,True,0.9439954161643982,995.0101928710938,995.5918579101562,992.10205078125,2.90816330909729,3.4897959232330322,0.9938616752624512,0.9970466494560242,362.2087707519531,373.68634033203125,1.0525307655334473,0.35658249258995056,0.3567986786365509,2.7089834213256836,2.058897018432617,52.927714586257935,47.072285413742065
ILSVRC2012_val_00011235.JPEG,/home/dr-yougart/Desktop/vit_mi/Dataset/ILSVRC2012_img_val/ILSVRC2012_val_00011235.JPEG,387,387,387,True,True,0.9330301880836487,995.255126953125,995.7296142578125,990.1734619140625,5.081632614135742,5.556122303009033,0.9899246096611023,0.9948184490203857,369.5079345703125,393.3915100097656,1.105628490447998,0.38000398874282837,0.8292728662490845,2.685053586959839,2.1202945709228516,60.84328889846802,39.15671408176422
ILSVRC2012_val_00011236.JPEG,/home/dr-yougart/Desktop/vit_mi/Dataset/ILSVRC2012_img_val/ILSVRC2012_val_00011236.JPEG,71,71,71,True,True,0.9024216532707214,994.6887817382812,995.4336547851562,987.85205078125,6.836734771728516,7.581632614135742,0.9863870739936829,0.9930437207221985,377.0937805175781,377.7169189453125,1.050584316253662,0.4660138785839081,0.14958533644676208,3.2651987075805664,2.565319061279297,51.855963468551636,48.144036531448364
ILSVRC2012_val_00011237.JPEG,/home/dr-yougart/Desktop/vit_mi/Dataset/ILSVRC2012_img_val/ILSVRC2012_val_00011237.JPEG,92,92,92,True,True,0.9406523704528809,993.7703857421875,994.3775634765625,987.198974609375,6.5714287757873535,7.1785712242126465,0.9869738221168518,0.9932995438575745,374.18621826171875,367.43133544921875,1.022316336631775,0.29417309165000916,0.04461216554045677,1.6801732778549194,1.1893911361694336,51.549166440963745,48.450833559036255
ILSVRC2012_val_00011238.JPEG,/home/dr-yougart/Desktop/vit_mi/Dataset/ILSVRC2012_img_val/ILSVRC2012_val_00011238.JPEG,674,882,488,False,False,0.9121206402778625,995.5867309570312,995.8112182617188,988.7193603515625,6.86734676361084,7.091836929321289,0.9868239760398865,0.9930346608161926,342.56927490234375,363.26318359375,1.1143003702163696,0.45074740052223206,0.6145923137664795,2.79874849319458,2.1215572357177734,56.1631441116333,43.83685290813446
ILSVRC2012_val_00011239.JPEG,/home/dr-yougart/Desktop/vit_mi/Dataset/ILSVRC2012_img_val/ILSVRC2012_val_00011239.JPEG,707,528,844,False,False,0.9063720107078552,995.4081420898438,995.2958984375,989.505126953125,5.903061389923096,5.790816307067871,0.9888905882835388,0.9940170645713806,359.9590759277344,332.23583984375,0.9686904549598694,0.4552992880344391,-0.9101811051368713,3.0742599964141846,2.455885410308838,40.33092260360718,59.66907739639282
ILSVRC2012_val_00011240.JPEG,/home/dr-yougart/Desktop/vit_mi/Dataset/ILSVRC2012_img_val/ILSVRC2012_val_00011240.JPEG,200,266,266,False,False,0.9393388628959656,995.9541015625,996.1428833007812,991.301025390625,4.653061389923096,4.841836929321289,0.991065502166748,0.9952669739723206,359.9590759277344,368.9958801269531,1.0896332263946533,0.35333338379859924,0.24923761188983917,2.028724193572998,1.5893497467041016,52.942174673080444,47.057825326919556
ILSVRC2012_val_00011241.JPEG,/home/dr-yougart/Desktop/vit_mi/Dataset/ILSVRC2012_img_val/ILSVRC2012_val_00011241.JPEG,936,936,936,True,True,0.9030876755714417,995.1122436523438,996.2958984375,989.2755126953125,5.836734771728516,7.0204081535339355,0.9878999590873718,0.9940506815910339,415.5156555175781,444.0105895996094,1.1290088891983032,0.4869878590106964,1.2131288051605225,3.8992698192596436,3.086648941040039,60.6375515460968,39.3624484539032
ILSVRC2012_val_00011242.JPEG,/home/dr-yougart/Desktop/vit_mi/Dataset/ILSVRC2012_img_val/ILSVRC2012_val_00011242.JPEG,240,238,522,False,False,0.8741828203201294,994.4336547851562,994.8316040039062,985.69384765625,8.739795684814453,9.137755393981934,0.983130693435669,0.9911593794822693,336.4921569824219,405.2165222167969,1.3269978761672974,0.6836690902709961,1.6600255966186523,3.685605764389038,2.8677120208740234,64.89523649215698,35.10476350784302
ILSVRC2012_val_00011243.JPEG,/home/dr-yougart/Desktop/vit_mi/Dataset/ILSVRC2012_img_val/ILSVRC2012_val_00011243.JPEG,50,50,50,True,True,0.9396207928657532,995.4693603515625,995.8673706054688,991.25,4.219387531280518,4.61734676361084,0.9916638135910034,0.9957005977630615,425.50103759765625,397.0894470214844,0.9557581543922424,0.3197397291660309,-0.6834689378738403,2.7247543334960938,2.1295695304870605,41.91471338272095,58.08528661727905
ILSVRC2012_val_00011244.JPEG,/home/dr-yougart/Desktop/vit_mi/Dataset/ILSVRC2012_img_val/ILSVRC2012_val_00011244.JPEG,905,905,905,True,True,0.9395263195037842,993.653076171875,994.8775634765625,988.7346801757812,4.918367385864258,6.142857074737549,0.9894174933433533,0.9950031638145447,398.5814208984375,384.2685852050781,1.0037041902542114,0.3361737132072449,-0.2610752284526825,2.5985169410705566,2.040593147277832,46.07878625392914,53.9212167263031
ILSVRC2012_val_00011245.JPEG,/home/dr-yougart/Desktop/vit_mi/Dataset/ILSVRC2012_img_val/ILSVRC2012_val_00011245.JPEG,367,367,369,True,False,0.9483920335769653,994.94384765625,995.2958984375,991.1632690429688,3.7806122303009033,4.13265323638916,0.9924631714820862,0.9961609840393066,408.4087219238281,407.9158020019531,1.022718906402588,0.30321475863456726,0.0583670474588871,2.4272685050964355,1.8208293914794922,50.88382959365845,49.11617040634155
ILSVRC2012_val_00011246.JPEG,/home/dr-yougart/Desktop/vit_mi/Dataset/ILSVRC2012_img_val/ILSVRC2012_val_00011246.JPEG,854,854,818,True,False,0.8718006610870361,991.698974609375,993.9796142578125,985.846923828125,5.852040767669678,8.13265323638916,0.9865370988845825,0.994057297706604,351.8986511230469,390.2630615234375,1.162949562072754,0.5957148671150208,1.2529510259628296,4.027209758758545,3.1592769622802734,61.302828788757324,38.697174191474915
ILSVRC2012_val_00011247.JPEG,/home/dr-yougart/Desktop/vit_mi/Dataset/ILSVRC2012_img_val/ILSVRC2012_val_00011247.JPEG,385,385,385,True,True,0.9944484233856201,994.9591674804688,995.1836547851562,994.4132690429688,0.545918345451355,0.7704081535339355,0.9987108707427979,0.9994475841522217,381.0121154785156,385.5090026855469,1.0134788751602173,0.08640947192907333,0.15308868885040283,0.710773766040802,0.5240316390991211,57.92617201805115,42.07383096218109
ILSVRC2012_val_00011248.JPEG,/home/dr-yougart/Desktop/vit_mi/Dataset/ILSVRC2012_img_val/ILSVRC2012_val_00011248.JPEG,438,898,969,False,False,0.9167084693908691,994.744873046875,996.0203857421875,989.35205078125,5.392857074737549,6.668367385864258,0.9886012673377991,0.9945020079612732,358.41461181640625,414.36181640625,1.2129288911819458,0.4935087561607361,1.8393995761871338,3.5581424236297607,2.7870497703552246,67.33999252319336,32.66000747680664
ILSVRC2012_val_00011249.JPEG,/home/dr-yougart/Desktop/vit_mi/Dataset/ILSVRC2012_img_val/ILSVRC2012_val_00011249.JPEG,10,10,10,True,True,0.9105783700942993,994.25,994.1836547851562,987.2346801757812,7.015305995941162,6.948979377746582,0.9868537783622742,0.9928860068321228,383.80126953125,398.8348083496094,1.0945489406585693,0.448204904794693,0.4118594825267792,3.0148324966430664,2.2824926376342773,52.453774213790894,47.546228766441345
ILSVRC2012_val_00011250.JPEG,/home/dr-yougart/Desktop/vit_mi/Dataset/ILSVRC2012_img_val/ILSVRC2012_val_00011250.JPEG,520,520,520,True,True,0.9372696280479431,994.60205078125,994.4846801757812,989.5203857421875,5.081632614135742,4.964285850524902,0.9904685020446777,0.9948412775993347,374.6704406738281,371.3809814453125,1.0313544273376465,0.36026912927627563,-0.2418285310268402,2.3235409259796143,1.789597988128662,47.094035148620605,52.905964851379395
ILSVRC2012_val_00011251.JPEG,/home/dr-yougart/Desktop/vit_mi/Dataset/ILSVRC2012_img_val/ILSVRC2012_val_00011251.JPEG,223,223,807,True,False,0.9214596748352051,995.755126953125,995.301025390625,991.4285888671875,4.326530456542969,3.8724489212036133,0.9921360611915588,0.9956260323524475,372.298095703125,385.6443786621094,1.0671110153198242,0.4300585091114044,0.27213484048843384,3.3494873046875,2.6574010848999023,52.59469151496887,47.40531146526337
ILSVRC2012_val_00011252.JPEG,/home/dr-yougart/Desktop/vit_mi/Dataset/ILSVRC2012_img_val/ILSVRC2012_val_00011252.JPEG,790,588,588,False,False,0.917872965335846,995.6683959960938,995.7653198242188,991.4541015625,4.214285850524902,4.311224460601807,0.9919072985649109,0.9957296252250671,372.52972412109375,374.01025390625,1.066739559173584,0.459713339805603,-0.0018237459007650614,3.2965474128723145,2.5440549850463867,51.823490858078,48.176509141922
ILSVRC2012_val_00011253.JPEG,/home/dr-yougart/Desktop/vit_mi/Dataset/ILSVRC2012_img_val/ILSVRC2012_val_00011253.JPEG,363,363,363,True,True,0.8966333270072937,995.7601928710938,995.39794921875,988.8214111328125,6.938775539398193,6.576530456542969,0.9872607588768005,0.9929705262184143,380.8918151855469,444.6630554199219,1.222583532333374,0.5488373041152954,1.6544198989868164,3.9167354106903076,3.0935678482055664,63.67248296737671,36.32751703262329
ILSVRC2012_val_00011254.JPEG,/home/dr-yougart/Desktop/vit_mi/Dataset/ILSVRC2012_img_val/ILSVRC2012_val_00011254.JPEG,780,780,780,True,True,0.9620381593704224,994.5663452148438,994.9846801757812,991.25,3.31632661819458,3.734693765640259,0.9933200478553772,0.9966328144073486,342.2098083496094,365.5770568847656,1.1007460355758667,0.2766457498073578,0.668000340461731,1.6856719255447388,1.2088804244995117,60.940372943878174,39.059630036354065
ILSVRC2012_val_00011255.JPEG,/home/dr-yougart/Desktop/vit_mi/Dataset/ILSVRC2012_img_val/ILSVRC2012_val_00011255.JPEG,150,150,150,True,True,0.9246761798858643,994.8112182617188,995.0714111328125,988.5153198242188,6.2959184646606445,6.556122303009033,0.9877835512161255,0.9936108589172363,384.3013916015625,403.1543884277344,1.1024409532546997,0.39044687151908875,0.5551705360412598,2.7249066829681396,2.1356582641601562,56.63461685180664,43.3653861284256
ILSVRC2012_val_00011256.JPEG,/home/dr-yougart/Desktop/vit_mi/Dataset/ILSVRC2012_img_val/ILSVRC2012_val_00011256.JPEG,374,374,384,True,False,0.8550268411636353,995.2653198242188,994.3214111328125,986.2296142578125,9.035714149475098,8.091836929321289,0.9837460517883301,0.9908652901649475,372.49920654296875,432.7433776855469,1.2192633152008057,0.6747398376464844,1.456047773361206,4.863524436950684,3.724776268005371,57.7053427696228,42.294660210609436
ILSVRC2012_val_00011257.JPEG,/home/dr-yougart/Desktop/vit_mi/Dataset/ILSVRC2012_img_val/ILSVRC2012_val_00011257.JPEG,333,333,333,True,True,0.9580268859863281,995.1632690429688,995.9081420898438,992.2958984375,2.867347002029419,3.6122448444366455,0.9938395619392395,0.9970526695251465,389.1130065917969,390.2415466308594,1.0281115770339966,0.26802754402160645,0.41155707836151123,2.1992368698120117,1.7274246215820312,56.60342574119568,43.39657425880432
ILSVRC2012_val_00011258.JPEG,/home/dr-yougart/Desktop/vit_mi/Dataset/ILSVRC2012_img_val/ILSVRC2012_val_00011258.JPEG,200,155,155,False,False,0.939649224281311,995.4591674804688,995.7091674804688,991.2041015625,4.255102157592773,4.505102157592773,0.9917086958885193,0.9956779479980469,384.6803283691406,408.87469482421875,1.0985133647918701,0.36342853307724,0.7886126041412354,2.678159475326538,2.0547304153442383,58.69278907775879,41.30721390247345
ILSVRC2012_val_00011259.JPEG,/home/dr-yougart/Desktop/vit_mi/Dataset/ILSVRC2012_img_val/ILSVRC2012_val_00011259.JPEG,939,939,939,True,True,0.9238827228546143,995.8163452148438,995.4898071289062,988.7958984375,7.0204081535339355,6.693877696990967,0.9870847463607788,0.9928753972053528,435.6361083984375,425.21441650390625,1.0207161903381348,0.38563990592956543,-0.552810788154602,2.9996252059936523,2.288273811340332,43.12862455844879,56.87137246131897
ILSVRC2012_val_00011260.JPEG,/home/dr-yougart/Desktop/vit_mi/Dataset/ILSVRC2012_img_val/ILSVRC2012_val_00011260.JPEG,553,553,553,True,True,0.9322715401649475,993.64794921875,994.3316040039062,989.0765380859375,4.5714287757873535,5.255102157592773,0.9904835224151611,0.9953623414039612,344.68780517578125,351.9263916015625,1.0672553777694702,0.38556668162345886,0.3544301986694336,2.7420032024383545,2.1662817001342773,53.91547679901123,46.08452618122101
ILSVRC2012_val_00011261.JPEG,/home/dr-yougart/Desktop/vit_mi/Dataset/ILSVRC2012_img_val/ILSVRC2012_val_00011261.JPEG,853,716,448,False,False,0.9579238891601562,993.255126953125,994.2653198242188,989.7857055664062,3.4693877696990967,4.4795918464660645,0.9923509359359741,0.9964678287506104,403.6230773925781,401.19683837890625,1.015551209449768,0.27499279379844666,0.09337129443883896,2.2124993801116943,1.7169017791748047,51.2226939201355,48.7773060798645
ILSVRC2012_val_00011262.JPEG,/home/dr-yougart/Desktop/vit_mi/Dataset/ILSVRC2012_img_val/ILSVRC2012_val_00011262.JPEG,47,47,47,True,True,0.9255754351615906,994.551025390625,994.346923828125,989.6887817382812,4.862245082855225,4.658163070678711,0.9909158945083618,0.9950539469718933,337.4180603027344,351.4562683105469,1.0885746479034424,0.4148619771003723,0.538470447063446,2.593554973602295,2.0069799423217773,55.49260377883911,44.50739622116089
ILSVRC2012_val_00011263.JPEG,/home/dr-yougart/Desktop/vit_mi/Dataset/ILSVRC2012_img_val/ILSVRC2012_val_00011263.JPEG,821,821,821,True,True,0.9507787823677063,994.0765380859375,994.9541015625,991.30615234375,2.7704081535339355,3.6479592323303223,0.9938559532165527,0.9971809387207031,359.7452087402344,359.0302429199219,1.0244922637939453,0.3165926933288574,0.12821045517921448,2.331045150756836,1.8135895729064941,51.39065980911255,48.60933721065521
ILSVRC2012_val_00011264.JPEG,/home/dr-yougart/Desktop/vit_mi/Dataset/ILSVRC2012_img_val/ILSVRC2012_val_00011264.JPEG,918,918,918,True,True,0.9298972487449646,994.0714111328125,993.85205078125,987.0458984375,7.025510311126709,6.806122303009033,0.9867927432060242,0.9928748607635498,420.9425354003906,414.1615905761719,1.003458857536316,0.3457229733467102,-0.2754334807395935,2.794471263885498,2.1507439613342285,47.6928174495697,52.3071825504303
ILSVRC2012_val_00011265.JPEG,/home/dr-yougart/Desktop/vit_mi/Dataset/ILSVRC2012_img_val/ILSVRC2012_val_00011265.JPEG,957,968,968,False,False,0.9768760800361633,994.14794921875,994.1122436523438,992.1785888671875,1.9693877696990967,1.9336735010147095,0.9961380958557129,0.9980038404464722,386.29852294921875,383.710693359375,0.9979137778282166,0.21988196671009064,-0.018291648477315903,1.7532423734664917,1.3389263153076172,49.63104426860809,50.368958711624146
ILSVRC2012_val_00011266.JPEG,/home/dr-yougart/Desktop/vit_mi/Dataset/ILSVRC2012_img_val/ILSVRC2012_val_00011266.JPEG,781,781,781,True,True,0.923099935054779,994.3112182617188,994.255126953125,990.5,3.8112244606018066,3.7551021575927734,0.992729663848877,0.9961432814598083,373.9119567871094,431.6858215332031,1.2135980129241943,0.5069254040718079,1.7260853052139282,3.7714226245880127,2.9086456298828125,64.26665782928467,35.73334515094757
ILSVRC2012_val_00011267.JPEG,/home/dr-yougart/Desktop/vit_mi/Dataset/ILSVRC2012_img_val/ILSVRC2012_val_00011267.JPEG,16,14,371,False,False,0.8968273997306824,994.94384765625,995.85205078125,988.89794921875,6.0459184646606445,6.9540815353393555,0.9877043962478638,0.993891179561615,351.1095275878906,440.5504150390625,1.3131557703018188,0.6290559768676758,2.3805463314056396,4.223060607910156,2.909043312072754,65.59249758720398,34.40750241279602
ILSVRC2012_val_00011268.JPEG,/home/dr-yougart/Desktop/vit_mi/Dataset/ILSVRC2012_img_val/ILSVRC2012_val_00011268.JPEG,731,787,917,False,False,0.9306313395500183,995.403076171875,994.9541015625,990.2703857421875,5.13265323638916,4.68367338180542,0.9906820058822632,0.9948188066482544,399.6099853515625,399.105224609375,1.0141777992248535,0.3787918984889984,-0.17084887623786926,3.1247382164001465,2.498682975769043,47.86313772201538,52.13686227798462
ILSVRC2012_val_00011269.JPEG,/home/dr-yougart/Desktop/vit_mi/Dataset/ILSVRC2012_img_val/ILSVRC2012_val_00011269.JPEG,771,844,844,False,False,0.9311269521713257,993.801025390625,993.8673706054688,990.05615234375,3.7448978424072266,3.8112244606018066,0.9927470684051514,0.9961912035942078,356.1480407714844,373.551025390625,1.0861424207687378,0.41154152154922485,0.5928259491920471,2.883476734161377,2.2175562381744385,54.659855365753174,45.34014165401459
ILSVRC2012_val_00011270.JPEG,/home/dr-yougart/Desktop/vit_mi/Dataset/ILSVRC2012_img_val/ILSVRC2012_val_00011270.JPEG,978,978,646,True,False,0.9258522987365723,995.0101928710938,995.2755126953125,989.8673706054688,5.142857074737549,5.408163070678711,0.9899691939353943,0.9948070049285889,346.9590148925781,365.9559020996094,1.0932998657226562,0.4093613028526306,0.4275256097316742,2.7461600303649902,2.107553482055664,56.418609619140625,43.581390380859375
ILSVRC2012_val_00011271.JPEG,/home/dr-yougart/Desktop/vit_mi/Dataset/ILSVRC2012_img_val/ILSVRC2012_val_00011271.JPEG,807,755,755,False,False,0.9717592000961304,994.2193603515625,994.448974609375,992.801025390625,1.4183673858642578,1.6479592323303223,0.9969753623008728,0.9985710382461548,383.9000244140625,409.0194396972656,1.0811140537261963,0.2673543691635132,0.7158762216567993,2.1032443046569824,1.5767297744750977,59.11279916763306,40.88720381259918
ILSVRC2012_val_00011272.JPEG,/home/dr-yougart/Desktop/vit_mi/Dataset/ILSVRC2012_img_val/ILSVRC2012_val_00011272.JPEG,641,641,641,True,True,0.9279080033302307,993.6836547851562,993.5458984375,988.6785888671875,5.005102157592773,4.86734676361084,0.9905943870544434,0.9949239492416382,352.0740661621094,396.42999267578125,1.1575722694396973,0.42839187383651733,1.0417550802230835,2.715451955795288,2.1089582443237305,62.57476210594177,37.42523789405823
ILSVRC2012_val_00011273.JPEG,/home/dr-yougart/Desktop/vit_mi/Dataset/ILSVRC2012_img_val/ILSVRC2012_val_00011273.JPEG,763,763,763,True,True,0.8621622920036316,994.3265380859375,995.55615234375,986.6173706054688,7.709183692932129,8.938775062561035,0.9842849373817444,0.992131769657135,362.16650390625,410.27978515625,1.2482072114944458,0.6685752868652344,2.0600736141204834,4.645716190338135,3.586109161376953,64.18240070343018,35.817599296569824
ILSVRC2012_val_00011274.JPEG,/home/dr-yougart/Desktop/vit_mi/Dataset/ILSVRC2012_img_val/ILSVRC2012_val_00011274.JPEG,432,432,432,True,True,0.9390575885772705,995.2244873046875,996.051025390625,990.6887817382812,4.535714149475098,5.362245082855225,0.9905992746353149,0.9953813552856445,453.910888671875,454.43109130859375,1.0307295322418213,0.3338029086589813,0.1752147376537323,3.0976767539978027,2.429995536804199,52.246683835983276,47.753316164016724
ILSVRC2012_val_00011275.JPEG,/home/dr-yougart/Desktop/vit_mi/Dataset/ILSVRC2012_img_val/ILSVRC2012_val_00011275.JPEG,620,681,590,False,False,0.9359129071235657,994.5101928710938,994.6428833007812,989.7296142578125,4.780612468719482,4.913265228271484,0.9907410144805908,0.995145320892334,407.34686279296875,413.0386962890625,1.0364058017730713,0.3490860164165497,0.16195008158683777,2.829113245010376,2.174793243408203,51.62201523780823,48.37798476219177
ILSVRC2012_val_00011276.JPEG,/home/dr-yougart/Desktop/vit_mi/Dataset/ILSVRC2012_img_val/ILSVRC2012_val_00011276.JPEG,521,521,521,True,True,0.9416844248771667,995.5306396484375,995.9234619140625,992.4336547851562,3.0969388484954834,3.4897959232330322,0.9937281012535095,0.9968486428260803,371.9209899902344,362.84112548828125,1.0044490098953247,0.33903932571411133,-0.19189578294754028,2.5358614921569824,2.02901029586792,47.63953685760498,52.36046314239502
ILSVRC2012_val_00011277.JPEG,/home/dr-yougart/Desktop/vit_mi/Dataset/ILSVRC2012_img_val/ILSVRC2012_val_00011277.JPEG,479,436,436,False,False,0.9373448491096497,995.2142944335938,995.7244873046875,991.448974609375,3.765306234359741,4.275510311126709,0.9923304915428162,0.996168315410614,341.2692565917969,341.6641845703125,1.0400310754776,0.3577650785446167,0.16635701060295105,2.3822813034057617,1.88606595993042,52.256542444229126,47.74346053600311
ILSVRC2012_val_00011278.JPEG,/home/dr-yougart/Desktop/vit_mi/Dataset/ILSVRC2012_img_val/ILSVRC2012_val_00011278.JPEG,25,25,25,True,True,0.9909242391586304,996.051025390625,996.0663452148438,994.8826293945312,1.1683673858642578,1.1836735010147095,0.9977719187736511,0.9988124370574951,360.9903869628906,356.3136291503906,0.9944155216217041,0.07870857417583466,-0.07486818730831146,0.5585289001464844,0.40903759002685547,46.139684319496155,53.860318660736084
ILSVRC2012_val_00011279.JPEG,/home/dr-yougart/Desktop/vit_mi/Dataset/ILSVRC2012_img_val/ILSVRC2012_val_00011279.JPEG,737,907,631,False,False,0.9626079201698303,992.7091674804688,993.2857055664062,989.096923828125,3.6122448444366455,4.188775539398193,0.9924806356430054,0.9963315725326538,369.4566345214844,391.52001953125,1.0897934436798096,0.3098721504211426,0.6686167120933533,2.175034761428833,1.5032520294189453,59.63283181190491,40.367165207862854
ILSVRC2012_val_00011280.JPEG,/home/dr-yougart/Desktop/vit_mi/Dataset/ILSVRC2012_img_val/ILSVRC2012_val_00011280.JPEG,784,418,418,False,False,0.9224473834037781,995.5918579101562,995.5663452148438,989.448974609375,6.142857074737549,6.11734676361084,0.9884181022644043,0.9937657713890076,393.6665344238281,396.94482421875,1.032639980316162,0.3860895335674286,0.035461168736219406,3.0264103412628174,2.3553314208984375,48.8614559173584,51.1385440826416
ILSVRC2012_val_00011281.JPEG,/home/dr-yougart/Desktop/vit_mi/Dataset/ILSVRC2012_img_val/ILSVRC2012_val_00011281.JPEG,368,368,368,True,True,0.9241706132888794,995.30615234375,995.653076171875,990.346923828125,4.959183692932129,5.306122303009033,0.9902485609054565,0.9949618577957153,359.4669494628906,383.1588134765625,1.1574891805648804,0.4586658477783203,0.9158974289894104,2.89357852935791,2.1645917892456055,59.153151512145996,40.846848487854004
ILSVRC2012_val_00011282.JPEG,/home/dr-yougart/Desktop/vit_mi/Dataset/ILSVRC2012_img_val/ILSVRC2012_val_00011282.JPEG,746,746,746,True,True,0.9362218976020813,994.0357055664062,994.5153198242188,989.551025390625,4.484694004058838,4.964285850524902,0.9909085631370544,0.9954485893249512,389.2353210449219,382.2000427246094,1.0083578824996948,0.3580224812030792,-0.107904352247715,2.874891996383667,2.2235069274902344,48.38413596153259,51.61586403846741
ILSVRC2012_val_00011283.JPEG,/home/dr-yougart/Desktop/vit_mi/Dataset/ILSVRC2012_img_val/ILSVRC2012_val_00011283.JPEG,506,506,506,True,True,0.9087733030319214,994.2806396484375,995.2091674804688,987.6887817382812,6.591836929321289,7.5204081535339355,0.9866508841514587,0.9932915568351746,343.3516845703125,384.0384216308594,1.1878526210784912,0.5081921219825745,1.2903538942337036,3.258204936981201,2.5032780170440674,62.573933601379395,37.426066398620605
ILSVRC2012_val_00011284.JPEG,/home/dr-yougart/Desktop/vit_mi/Dataset/ILSVRC2012_img_val/ILSVRC2012_val_00011284.JPEG,753,743,851,False,False,0.903562068939209,994.8418579101562,995.505126953125,988.3724365234375,6.469387531280518,7.13265323638916,0.9871277809143066,0.9934190511703491,361.7237854003906,371.87860107421875,1.1062408685684204,0.47938281297683716,0.521960973739624,3.21159029006958,2.4628658294677734,55.22736310958862,44.77263689041138
ILSVRC2012_val_00011285.JPEG,/home/dr-yougart/Desktop/vit_mi/Dataset/ILSVRC2012_img_val/ILSVRC2012_val_00011285.JPEG,917,917,481,True,False,0.9125686883926392,995.7958984375,995.846923828125,990.7193603515625,5.076530456542969,5.127551078796387,0.99034583568573,0.9948549866676331,358.55828857421875,381.4412841796875,1.118261456489563,0.4671616554260254,0.657759964466095,3.262766122817993,2.596851348876953,56.663113832473755,43.336886167526245
ILSVRC2012_val_00011286.JPEG,/home/dr-yougart/Desktop/vit_mi/Dataset/ILSVRC2012_img_val/ILSVRC2012_val_00011286.JPEG,773,773,503,True,False,0.9351929426193237,992.2703857421875,993.0663452148438,987.3418579101562,4.9285712242126465,5.724489688873291,0.9896644949913025,0.9950022101402283,382.53985595703125,365.306396484375,0.9770063161849976,0.3621528744697571,-0.38956397771835327,2.8130409717559814,2.140970230102539,46.50757908821106,53.49242091178894
ILSVRC2012_val_00011287.JPEG,/home/dr-yougart/Desktop/vit_mi/Dataset/ILSVRC2012_img_val/ILSVRC2012_val_00011287.JPEG,71,71,71,True,True,0.9763659238815308,991.3265380859375,992.0663452148438,988.846923828125,2.4795918464660645,3.2193877696990967,0.9943358898162842,0.9974852800369263,436.5299072265625,416.4732971191406,0.9673466086387634,0.23676623404026031,-0.5146967172622681,2.0925846099853516,1.4566774368286133,41.903576254844666,58.096420764923096
ILSVRC2012_val_00011288.JPEG,/home/dr-yougart/Desktop/vit_mi/Dataset/ILSVRC2012_img_val/ILSVRC2012_val_00011288.JPEG,894,894,894,True,True,0.9140625,995.5,995.1377563476562,989.3418579101562,6.158163070678711,5.7959184646606445,0.9886753559112549,0.9937695860862732,374.36773681640625,419.0025634765625,1.1938462257385254,0.5131440162658691,1.20281183719635,3.522474765777588,2.597585678100586,58.60266089439392,41.39734208583832
ILSVRC2012_val_00011289.JPEG,/home/dr-yougart/Desktop/vit_mi/Dataset/ILSVRC2012_img_val/ILSVRC2012_val_00011289.JPEG,279,279,279,True,True,0.8978835940361023,994.3214111328125,995.0867309570312,985.5765380859375,8.744897842407227,9.510204315185547,0.9827456474304199,0.9911066889762878,363.0638427734375,389.0376281738281,1.131693959236145,0.47249606251716614,0.9131526350975037,3.0393283367156982,2.3242082595825195,59.75369215011597,40.24630784988403
ILSVRC2012_val_00011290.JPEG,/home/dr-yougart/Desktop/vit_mi/Dataset/ILSVRC2012_img_val/ILSVRC2012_val_00011290.JPEG,543,543,543,True,True,0.9454630613327026,995.2091674804688,994.7346801757812,990.0408325195312,5.168367385864258,4.693877696990967,0.9905749559402466,0.9947693347930908,423.4049377441406,421.52587890625,1.013464093208313,0.3062826991081238,-0.05527672916650772,2.7272956371307373,2.1462907791137695,48.929646611213684,51.070356369018555
ILSVRC2012_val_00011291.JPEG,/home/dr-yougart/Desktop/vit_mi/Dataset/ILSVRC2012_img_val/ILSVRC2012_val_00011291.JPEG,331,331,331,True,True,0.9331756830215454,996.1632690429688,995.35205078125,990.25,5.913265228271484,5.102040767669678,0.9896218180656433,0.9940220713615417,395.9508972167969,376.7890625,0.985174298286438,0.3411378562450409,-0.69736647605896,2.440081834793091,1.8148889541625977,41.40317142009735,58.59683156013489
ILSVRC2012_val_00011292.JPEG,/home/dr-yougart/Desktop/vit_mi/Dataset/ILSVRC2012_img_val/ILSVRC2012_val_00011292.JPEG,554,554,554,True,True,0.9367823004722595,994.6377563476562,995.1122436523438,990.5357055664062,4.102040767669678,4.576530456542969,0.9917526245117188,0.9958265423774719,414.8849792480469,457.0756530761719,1.1474140882492065,0.39074718952178955,1.2498630285263062,3.0284204483032227,2.2051610946655273,61.839860677719116,38.160139322280884
ILSVRC2012_val_00011293.JPEG,/home/dr-yougart/Desktop/vit_mi/Dataset/ILSVRC2012_img_val/ILSVRC2012_val_00011293.JPEG,991,991,991,True,True,0.9459680914878845,995.3928833007812,995.1173706054688,991.2653198242188,4.127551078796387,3.8520407676696777,0.992394208908081,0.9958280324935913,367.2352600097656,358.6110534667969,1.0002727508544922,0.3347912132740021,-0.45684748888015747,2.35518479347229,1.8553581237792969,43.970805406570435,56.029194593429565
ILSVRC2012_val_00011294.JPEG,/home/dr-yougart/Desktop/vit_mi/Dataset/ILSVRC2012_img_val/ILSVRC2012_val_00011294.JPEG,38,38,38,True,True,0.9162673950195312,994.153076171875,994.9234619140625,989.2806396484375,4.872448921203613,5.642857074737549,0.9899240732192993,0.9950326681137085,341.1761474609375,351.19110107421875,1.0789114236831665,0.44091469049453735,0.5794382691383362,3.086925506591797,2.4239492416381836,54.984813928604126,45.01518905162811
ILSVRC2012_val_00011295.JPEG,/home/dr-yougart/Desktop/vit_mi/Dataset/ILSVRC2012_img_val/ILSVRC2012_val_00011295.JPEG,54,66,66,False,False,0.9605076313018799,991.0203857421875,992.1224365234375,987.0,4.0204081535339355,5.122448921203613,0.990959644317627,0.9959475994110107,333.55609130859375,341.6275634765625,1.0436209440231323,0.2928183674812317,0.21337734162807465,1.9142837524414062,1.4907727241516113,53.5822868347168,46.41771614551544
ILSVRC2012_val_00011296.JPEG,/home/dr-yougart/Desktop/vit_mi/Dataset/ILSVRC2012_img_val/ILSVRC2012_val_00011296.JPEG,260,260,260,True,True,0.9103993773460388,995.1122436523438,995.5306396484375,987.9234619140625,7.188775539398193,7.607142925262451,0.9860807061195374,0.9926983714103699,379.3789367675781,397.1189880371094,1.1238200664520264,0.44686952233314514,0.5637408494949341,2.6704769134521484,2.0620150566101074,56.02918863296509,43.97081136703491
ILSVRC2012_val_00011297.JPEG,/home/dr-yougart/Desktop/vit_mi/Dataset/ILSVRC2012_img_val/ILSVRC2012_val_00011297.JPEG,849,849,901,True,False,0.9528618454933167,993.4796142578125,994.25,991.755126953125,1.7244898080825806,2.4948978424072266,0.9958602786064148,0.998246431350708,381.65545654296875,398.182373046875,1.0612268447875977,0.33925580978393555,0.5584313869476318,2.681022882461548,1.9386920928955078,55.576592683792114,44.423410296440125
ILSVRC2012_val_00011298.JPEG,/home/dr-yougart/Desktop/vit_mi/Dataset/ILSVRC2012_img_val/ILSVRC2012_val_00011298.JPEG,135,135,135,True,True,0.9356496334075928,993.346923828125,994.0458984375,989.2653198242188,4.081632614135742,4.780612468719482,0.9913725852966309,0.9958681464195251,366.46368408203125,359.40948486328125,1.0027446746826172,0.35506388545036316,-0.029641197994351387,2.6241376399993896,1.9967985153198242,50.436317920684814,49.563685059547424
ILSVRC2012_val_00011299.JPEG,/home/dr-yougart/Desktop/vit_mi/Dataset/ILSVRC2012_img_val/ILSVRC2012_val_00011299.JPEG,785,785,785,True,True,0.9422057867050171,995.4336547851562,996.301025390625,990.505126953125,4.9285712242126465,5.7959184646606445,0.9898673295974731,0.9949816465377808,411.392822265625,419.6950378417969,1.0461660623550415,0.29811498522758484,0.38064655661582947,2.3944878578186035,1.8166770935058594,53.6466121673584,46.35338485240936
ILSVRC2012_val_00011300.JPEG,/home/dr-yougart/Desktop/vit_mi/Dataset/ILSVRC2012_img_val/ILSVRC2012_val_00011300.JPEG,759,759,759,True,True,0.9267178177833557,991.0408325195312,994.4541015625,985.8367309570312,5.2040815353393555,8.61734676361084,0.986733078956604,0.9946647882461548,400.7948303222656,376.7608337402344,0.9651736617088318,0.3532239496707916,-0.21955209970474243,2.8362650871276855,2.230649948120117,48.56177270412445,51.43822431564331
ILSVRC2012_val_00011301.JPEG,/home/dr-yougart/Desktop/vit_mi/Dataset/ILSVRC2012_img_val/ILSVRC2012_val_00011301.JPEG,617,869,617,False,True,0.9467349648475647,993.9541015625,994.6326293945312,990.4846801757812,3.4693877696990967,4.147959232330322,0.9926852583885193,0.9964870810508728,378.122802734375,428.8541259765625,1.1853551864624023,0.38751283288002014,1.4938565492630005,2.8030011653900146,2.195934295654297,67.6245927810669,32.375410199165344
ILSVRC2012_val_00011302.JPEG,/home/dr-yougart/Desktop/vit_mi/Dataset/ILSVRC2012_img_val/ILSVRC2012_val_00011302.JPEG,446,563,563,False,False,0.9252843260765076,995.0203857421875,994.85205078125,988.6377563476562,6.38265323638916,6.214285850524902,0.9880714416503906,0.9935206770896912,413.5608215332031,397.2754821777344,1.0030670166015625,0.3764593303203583,-0.4099292457103729,2.961989641189575,2.3180389404296875,44.34725046157837,55.65274953842163
ILSVRC2012_val_00011303.JPEG,/home/dr-yougart/Desktop/vit_mi/Dataset/ILSVRC2012_img_val/ILSVRC2012_val_00011303.JPEG,32,32,32,True,True,0.9064106941223145,994.1632690429688,994.9336547851562,988.2244873046875,5.938775539398193,6.709183692932129,0.9879631400108337,0.9939587116241455,371.0528869628906,375.5083312988281,1.0810754299163818,0.48491808772087097,0.42026829719543457,3.3401362895965576,2.5052175521850586,52.62168645858765,47.378310561180115
ILSVRC2012_val_00011304.JPEG,/home/dr-yougart/Desktop/vit_mi/Dataset/ILSVRC2012_img_val/ILSVRC2012_val_00011304.JPEG,630,630,834,True,False,0.9290810227394104,994.8724365234375,994.9285888671875,988.6275634765625,6.244897842407227,6.301020622253418,0.9880816340446472,0.9936732649803162,393.6333312988281,411.10693359375,1.0940642356872559,0.3909892737865448,0.5101383328437805,2.7248783111572266,2.1042165756225586,55.99444508552551,44.00555193424225
ILSVRC2012_val_00011305.JPEG,/home/dr-yougart/Desktop/vit_mi/Dataset/ILSVRC2012_img_val/ILSVRC2012_val_00011305.JPEG,796,796,796,True,True,0.9058026671409607,993.6785888671875,995.3571166992188,987.153076171875,6.525510311126709,8.204081535339355,0.9860089421272278,0.9933743476867676,350.0519714355469,376.5631408691406,1.1280958652496338,0.4813705086708069,0.8317235112190247,3.1785969734191895,2.467013359069824,58.14390778541565,41.85608923435211
ILSVRC2012_val_00011306.JPEG,/home/dr-yougart/Desktop/vit_mi/Dataset/ILSVRC2012_img_val/ILSVRC2012_val_00011306.JPEG,970,970,782,True,False,0.9234287738800049,994.6224365234375,993.9081420898438,987.4846801757812,7.137754917144775,6.423469543457031,0.9870434999465942,0.9927749633789062,330.2314147949219,336.2514343261719,1.055741548538208,0.39340952038764954,0.13599269092082977,2.430297613143921,1.939432144165039,51.67891979217529,48.32108020782471
ILSVRC2012_val_00011307.JPEG,/home/dr-yougart/Desktop/vit_mi/Dataset/ILSVRC2012_img_val/ILSVRC2012_val_00011307.JPEG,421,421,421,True,True,0.9246441721916199,995.3724365234375,995.4183959960938,989.1887817382812,6.18367338180542,6.2295918464660645,0.9882999062538147,0.9937254190444946,373.851806640625,373.1288146972656,1.047958254814148,0.3843338191509247,-0.06477505713701248,2.4509081840515137,1.874953269958496,49.60774779319763,50.39225220680237
ILSVRC2012_val_00011308.JPEG,/home/dr-yougart/Desktop/vit_mi/Dataset/ILSVRC2012_img_val/ILSVRC2012_val_00011308.JPEG,865,865,860,True,False,0.9112836718559265,995.7806396484375,996.5612182617188,991.1275634765625,4.653061389923096,5.43367338180542,0.9904842972755432,0.9952512979507446,377.3537292480469,410.9845275878906,1.1222883462905884,0.4619327783584595,1.0219242572784424,3.6883320808410645,2.9178237915039062,58.26079249382019,41.73920750617981
ILSVRC2012_val_00011309.JPEG,/home/dr-yougart/Desktop/vit_mi/Dataset/ILSVRC2012_img_val/ILSVRC2012_val_00011309.JPEG,659,659,659,True,True,0.9276742935180664,994.30615234375,995.005126953125,987.4591674804688,6.846938610076904,7.5459184646606445,0.9863561391830444,0.9930735230445862,368.3189697265625,363.6463623046875,1.0182385444641113,0.368030309677124,-0.2693842053413391,2.364811658859253,1.7886390686035156,44.88844871520996,55.11155128479004
ILSVRC2012_val_00011310.JPEG,/home/dr-yougart/Desktop/vit_mi/Dataset/ILSVRC2012_img_val/ILSVRC2012_val_00011310.JPEG,917,917,917,True,True,0.9113359451293945,995.7653198242188,995.6632690429688,990.0255126953125,5.739795684814453,5.637754917144775,0.9892488718032837,0.9941978454589844,373.4563903808594,363.3221130371094,1.0191669464111328,0.46978139877319336,-0.5633372068405151,3.2250733375549316,2.533975601196289,43.41621696949005,56.58378005027771
ILSVRC2012_val_00011311.JPEG,/home/dr-yougart/Desktop/vit_mi/Dataset/ILSVRC2012_img_val/ILSVRC2012_val_00011311.JPEG,170,170,170,True,True,0.9406430721282959,995.1632690429688,994.8673706054688,990.69384765625,4.469387531280518,4.173469543457031,0.9917139410972595,0.9954794049263,356.2227478027344,335.2852478027344,0.9629369378089905,0.3386697471141815,-0.6347822546958923,2.5122554302215576,1.9904885292053223,41.761597990989685,58.238404989242554
ILSVRC2012_val_00011312.JPEG,/home/dr-yougart/Desktop/vit_mi/Dataset/ILSVRC2012_img_val/ILSVRC2012_val_00011312.JPEG,563,563,563,True,True,0.9220712780952454,992.4132690429688,993.60205078125,984.9183959960938,7.494897842407227,8.683673858642578,0.9846274852752686,0.9923491477966309,456.4996337890625,425.0726318359375,0.9519367814064026,0.34859171509742737,-0.6875906586647034,2.962263822555542,2.2032108306884766,42.785581946372986,57.214415073394775
ILSVRC2012_val_00011313.JPEG,/home/dr-yougart/Desktop/vit_mi/Dataset/ILSVRC2012_img_val/ILSVRC2012_val_00011313.JPEG,802,802,802,True,True,0.934598445892334,995.7091674804688,995.1836547851562,991.2091674804688,4.5,3.974489688873291,0.9919405579566956,0.9954361319541931,428.572998046875,422.9981689453125,1.009549856185913,0.3510236144065857,-0.20405980944633484,3.033259153366089,2.3765668869018555,47.6186066865921,52.38139629364014
ILSVRC2012_val_00011314.JPEG,/home/dr-yougart/Desktop/vit_mi/Dataset/ILSVRC2012_img_val/ILSVRC2012_val_00011314.JPEG,500,500,500,True,True,0.9260951280593872,995.19384765625,995.4693603515625,991.25,3.9438774585723877,4.219387531280518,0.9922023415565491,0.9959906935691833,393.32769775390625,417.7979431152344,1.1006112098693848,0.4184275269508362,1.0275189876556396,3.424393653869629,2.6509780883789062,59.548598527908325,40.451398491859436
ILSVRC2012_val_00011315.JPEG,/home/dr-yougart/Desktop/vit_mi/Dataset/ILSVRC2012_img_val/ILSVRC2012_val_00011315.JPEG,95,95,95,True,True,0.951712965965271,994.4693603515625,994.1836547851562,990.0765380859375,4.392857074737549,4.107142925262451,0.991914689540863,0.9955406785011292,413.77685546875,421.32330322265625,1.0448414087295532,0.2823914587497711,0.24400928616523743,2.1882095336914062,1.5848360061645508,53.85019779205322,46.14980220794678
ILSVRC2012_val_00011316.JPEG,/home/dr-yougart/Desktop/vit_mi/Dataset/ILSVRC2012_img_val/ILSVRC2012_val_00011316.JPEG,255,255,255,True,True,0.948491096496582,996.35205078125,996.5306396484375,992.7244873046875,3.6275510787963867,3.8061225414276123,0.9930058121681213,0.9962986707687378,412.5608215332031,393.08953857421875,0.9865686893463135,0.28517621755599976,-0.34914934635162354,2.330700159072876,1.8425865173339844,45.47678530216217,54.52321767807007
ILSVRC2012_val_00011317.JPEG,/home/dr-yougart/Desktop/vit_mi/Dataset/ILSVRC2012_img_val/ILSVRC2012_val_00011317.JPEG,23,23,23,True,True,0.9125187397003174,991.9541015625,992.60205078125,983.0153198242188,8.938775062561035,9.586734771728516,0.9822356700897217,0.9909335374832153,388.27685546875,396.87420654296875,1.065755009651184,0.4159151315689087,0.1617141216993332,2.7475333213806152,2.0549564361572266,50.86287260055542,49.13713037967682
ILSVRC2012_val_00011318.JPEG,/home/dr-yougart/Desktop/vit_mi/Dataset/ILSVRC2012_img_val/ILSVRC2012_val_00011318.JPEG,852,852,852,True,True,0.9707825183868408,993.5714111328125,994.5357055664062,991.551025390625,2.0204081535339355,2.984693765640259,0.9951801896095276,0.9979378581047058,400.9742126464844,425.7156677246094,1.0831012725830078,0.25191381573677063,0.8253000974655151,2.05208420753479,1.544088363647461,62.210822105407715,37.789177894592285
ILSVRC2012_val_00011319.JPEG,/home/dr-yougart/Desktop/vit_mi/Dataset/ILSVRC2012_img_val/ILSVRC2012_val_00011319.JPEG,982,982,982,True,True,0.9421152472496033,994.596923828125,995.846923828125,991.2193603515625,3.3775510787963867,4.627551078796387,0.9923043251037598,0.9965692758560181,370.61865234375,390.49468994140625,1.0858110189437866,0.3564528524875641,0.754378616809845,2.7235968112945557,2.1308364868164062,57.93575048446655,42.06424653530121
ILSVRC2012_val_00011320.JPEG,/home/dr-yougart/Desktop/vit_mi/Dataset/ILSVRC2012_img_val/ILSVRC2012_val_00011320.JPEG,39,39,39,True,True,0.9155610799789429,995.698974609375,995.5714111328125,990.75,4.948979377746582,4.8214287757873535,0.9907212257385254,0.9949994683265686,363.323486328125,452.97393798828125,1.280867576599121,0.5541634559631348,2.5019004344940186,4.253452777862549,3.1090850830078125,67.45044589042664,32.549554109573364
ILSVRC2012_val_00011321.JPEG,/home/dr-yougart/Desktop/vit_mi/Dataset/ILSVRC2012_img_val/ILSVRC2012_val_00011321.JPEG,397,397,397,True,True,0.9541851878166199,993.1785888671875,993.5357055664062,989.7601928710938,3.418367385864258,3.775510311126709,0.9930465221405029,0.9965491890907288,387.1171569824219,384.3382568359375,1.0108890533447266,0.3095758855342865,-0.17331457138061523,2.3133113384246826,1.8104324340820312,47.674915194511414,52.32508182525635
ILSVRC2012_val_00011322.JPEG,/home/dr-yougart/Desktop/vit_mi/Dataset/ILSVRC2012_img_val/ILSVRC2012_val_00011322.JPEG,239,239,239,True,True,0.9646993279457092,995.3367309570312,995.7296142578125,994.1122436523438,1.2244898080825806,1.6173468828201294,0.9972188472747803,0.9987538456916809,381.60284423828125,387.8194274902344,1.021997332572937,0.2684134542942047,0.202132910490036,2.219104051589966,1.7281403541564941,53.09218764305115,46.90781533718109
ILSVRC2012_val_00011323.JPEG,/home/dr-yougart/Desktop/vit_mi/Dataset/ILSVRC2012_img_val/ILSVRC2012_val_00011323.JPEG,225,225,225,True,True,0.9216059446334839,994.39794921875,994.2908325195312,987.9693603515625,6.4285712242126465,6.3214287757873535,0.9878196716308594,0.9934897422790527,350.1588134765625,368.8550720214844,1.106369972229004,0.43343585729599,0.32487741112709045,2.6155788898468018,2.0470895767211914,52.89864540100098,47.101351618766785
ILSVRC2012_val_00011324.JPEG,/home/dr-yougart/Desktop/vit_mi/Dataset/ILSVRC2012_img_val/ILSVRC2012_val_00011324.JPEG,701,701,701,True,True,0.9371281266212463,992.801025390625,992.403076171875,985.3316040039062,7.469387531280518,7.0714287757873535,0.9861292839050293,0.99244225025177,413.6167907714844,415.3747863769531,1.0589587688446045,0.35883089900016785,-0.08871397376060486,2.3628807067871094,1.7861919403076172,49.35300946235657,50.64699053764343
ILSVRC2012_val_00011325.JPEG,/home/dr-yougart/Desktop/vit_mi/Dataset/ILSVRC2012_img_val/ILSVRC2012_val_00011325.JPEG,290,290,297,True,False,0.9128237366676331,995.9387817382812,995.6326293945312,990.255126953125,5.68367338180542,5.377551078796387,0.98956298828125,0.9942482113838196,372.0495910644531,422.6300354003906,1.1962782144546509,0.4969576597213745,1.4179216623306274,3.499230146408081,2.727816581726074,62.346333265304565,37.653666734695435
ILSVRC2012_val_00011326.JPEG,/home/dr-yougart/Desktop/vit_mi/Dataset/ILSVRC2012_img_val/ILSVRC2012_val_00011326.JPEG,691,570,902,False,False,0.9175651669502258,994.7296142578125,995.0357055664062,989.801025390625,4.9285712242126465,5.234694004058838,0.9903371930122375,0.9950002431869507,377.2152404785156,396.37548828125,1.1061749458312988,0.4451824128627777,0.743492603302002,3.359684705734253,2.6122255325317383,57.39455223083496,42.60545074939728
ILSVRC2012_val_00011327.JPEG,/home/dr-yougart/Desktop/vit_mi/Dataset/ILSVRC2012_img_val/ILSVRC2012_val_00011327.JPEG,759,759,759,True,True,0.9507440328598022,993.8928833007812,993.8163452148438,989.7601928710938,4.13265323638916,4.056122303009033,0.9920454025268555,0.9958261251449585,395.2790832519531,384.197998046875,0.9846947193145752,0.3102452754974365,-0.281911700963974,2.4847657680511475,1.9700584411621094,46.37229144573212,53.627705574035645
ILSVRC2012_val_00011328.JPEG,/home/dr-yougart/Desktop/vit_mi/Dataset/ILSVRC2012_img_val/ILSVRC2012_val_00011328.JPEG,74,72,943,False,False,0.9290338754653931,995.9285888671875,996.1734619140625,991.1683959960938,4.760204315185547,5.005102157592773,0.9907992482185364,0.9951578378677368,400.6405029296875,414.4219665527344,1.0722625255584717,0.37864950299263,0.4154689610004425,2.9285433292388916,2.233560562133789,55.790168046951294,44.209831953048706
ILSVRC2012_val_00011329.JPEG,/home/dr-yougart/Desktop/vit_mi/Dataset/ILSVRC2012_img_val/ILSVRC2012_val_00011329.JPEG,671,671,921,True,False,0.9037569165229797,995.3622436523438,994.7041015625,988.0714111328125,7.290816307067871,6.63265323638916,0.9868865013122559,0.9926273822784424,354.8299865722656,350.32086181640625,1.0423680543899536,0.4589557945728302,-0.21820729970932007,2.8449573516845703,2.2377281188964844,47.34485745429993,52.65514254570007
ILSVRC2012_val_00011330.JPEG,/home/dr-yougart/Desktop/vit_mi/Dataset/ILSVRC2012_img_val/ILSVRC2012_val_00011330.JPEG,671,437,880,False,False,0.926685631275177,994.948974609375,995.448974609375,990.3826293945312,4.56632661819458,5.06632661819458,0.990868866443634,0.9953672289848328,361.5892028808594,397.4465026855469,1.1598957777023315,0.43934962153434753,0.9821134805679321,2.85083270072937,2.2558631896972656,61.35280728340149,38.64719271659851
ILSVRC2012_val_00011331.JPEG,/home/dr-yougart/Desktop/vit_mi/Dataset/ILSVRC2012_img_val/ILSVRC2012_val_00011331.JPEG,16,16,16,True,True,0.928550660610199,994.2806396484375,995.4234619140625,988.6377563476562,5.642857074737549,6.785714149475098,0.9881706237792969,0.994287371635437,354.134765625,363.4736022949219,1.0582290887832642,0.3752526640892029,0.31007900834083557,2.556509256362915,1.9684514999389648,53.2695472240448,46.7304527759552
ILSVRC2012_val_00011332.JPEG,/home/dr-yougart/Desktop/vit_mi/Dataset/ILSVRC2012_img_val/ILSVRC2012_val_00011332.JPEG,948,948,948,True,True,0.9288995862007141,993.051025390625,993.3214111328125,985.0255126953125,8.02550983428955,8.295918464660645,0.9844735860824585,0.991844117641449,380.7335510253906,377.7279968261719,1.0403351783752441,0.35801732540130615,0.12456737458705902,2.379323720932007,1.715965747833252,49.27666783332825,50.72333216667175
ILSVRC2012_val_00011333.JPEG,/home/dr-yougart/Desktop/vit_mi/Dataset/ILSVRC2012_img_val/ILSVRC2012_val_00011333.JPEG,997,118,947,False,False,0.9375734925270081,995.4846801757812,996.5203857421875,992.0612182617188,3.423469305038452,4.459183692932129,0.9925382137298584,0.9965108036994934,415.2237243652344,476.8514404296875,1.1905481815338135,0.4178638458251953,2.1315042972564697,3.6974129676818848,2.8553876876831055,69.0054714679718,30.9945285320282
ILSVRC2012_val_00011334.JPEG,/home/dr-yougart/Desktop/vit_mi/Dataset/ILSVRC2012_img_val/ILSVRC2012_val_00011334.JPEG,484,484,693,True,False,0.9000855088233948,994.1377563476562,995.0918579101562,985.6428833007812,8.494897842407227,9.448979377746582,0.9830980896949768,0.9913652539253235,365.1062927246094,436.5368347167969,1.2923076152801514,0.5763351917266846,2.2831673622131348,3.7475311756134033,2.5554604530334473,69.3197250366211,30.680277943611145
ILSVRC2012_val_00011335.JPEG,/home/dr-yougart/Desktop/vit_mi/Dataset/ILSVRC2012_img_val/ILSVRC2012_val_00011335.JPEG,711,711,711,True,True,0.9602330923080444,992.2958984375,993.005126953125,987.9336547851562,4.362245082855225,5.0714287757873535,0.9908693432807922,0.9955447316169739,321.1607971191406,336.2239685058594,1.077641248703003,0.28702256083488464,0.5087540745735168,1.68772292137146,1.2862701416015625,59.690654277801514,40.309345722198486
ILSVRC2012_val_00011336.JPEG,/home/dr-yougart/Desktop/vit_mi/Dataset/ILSVRC2012_img_val/ILSVRC2012_val_00011336.JPEG,615,615,615,True,True,0.9459284543991089,991.35205078125,992.301025390625,987.1836547851562,4.168367385864258,5.11734676361084,0.9909698367118835,0.9957635998725891,373.1309814453125,374.50555419921875,1.0345419645309448,0.3453514575958252,0.18932202458381653,2.508380889892578,1.9037237167358398,50.8863627910614,49.11364018917084
ILSVRC2012_val_00011337.JPEG,/home/dr-yougart/Desktop/vit_mi/Dataset/ILSVRC2012_img_val/ILSVRC2012_val_00011337.JPEG,779,779,779,True,True,0.9227931499481201,995.3775634765625,995.698974609375,990.4591674804688,4.918367385864258,5.239795684814453,0.9903500080108643,0.9950147867202759,377.64990234375,399.8145751953125,1.0988057851791382,0.4287591278553009,0.5489464402198792,3.1554818153381348,2.511345863342285,55.23824095726013,44.76175904273987
ILSVRC2012_val_00011338.JPEG,/home/dr-yougart/Desktop/vit_mi/Dataset/ILSVRC2012_img_val/ILSVRC2012_val_00011338.JPEG,984,984,984,True,True,0.9377570748329163,995.6683959960938,995.244873046875,991.0357055664062,4.63265323638916,4.209183692932129,0.9916478991508484,0.9953129291534424,422.35833740234375,428.282958984375,1.0379536151885986,0.33640122413635254,0.13719432055950165,2.7173025608062744,2.1346378326416016,51.86339020729065,48.13661277294159
ILSVRC2012_val_00011339.JPEG,/home/dr-yougart/Desktop/vit_mi/Dataset/ILSVRC2012_img_val/ILSVRC2012_val_00011339.JPEG,38,38,38,True,True,0.9467247128486633,995.2857055664062,995.7193603515625,990.35205078125,4.93367338180542,5.36734676361084,0.990289568901062,0.9949852824211121,421.0968322753906,427.2225646972656,1.0591119527816772,0.3004210293292999,0.1897529661655426,2.090604305267334,1.586965560913086,51.865702867507935,48.13378155231476
ILSVRC2012_val_00011340.JPEG,/home/dr-yougart/Desktop/vit_mi/Dataset/ILSVRC2012_img_val/ILSVRC2012_val_00011340.JPEG,197,197,197,True,True,0.9127101302146912,995.596923828125,995.8163452148438,989.494873046875,6.102040767669678,6.3214287757873535,0.9883298277854919,0.9937909841537476,371.16253662109375,395.3286437988281,1.1239984035491943,0.450305312871933,0.7924427390098572,2.9843883514404297,2.2855310440063477,57.15913772583008,42.84086525440216
ILSVRC2012_val_00011341.JPEG,/home/dr-yougart/Desktop/vit_mi/Dataset/ILSVRC2012_img_val/ILSVRC2012_val_00011341.JPEG,855,855,855,True,True,0.9182296395301819,991.5203857421875,994.0306396484375,984.7806396484375,6.739795684814453,9.25,0.9845383167266846,0.9931628108024597,369.1029968261719,367.1247863769531,1.0400214195251465,0.42402157187461853,0.171592116355896,2.904306411743164,2.203960418701172,53.26111316680908,46.73888683319092
ILSVRC2012_val_00011342.JPEG,/home/dr-yougart/Desktop/vit_mi/Dataset/ILSVRC2012_img_val/ILSVRC2012_val_00011342.JPEG,167,166,166,False,False,0.9396834373474121,995.153076171875,995.244873046875,991.6683959960938,3.484693765640259,3.576530694961548,0.9932616353034973,0.9964690208435059,398.5782470703125,391.7962341308594,1.002648949623108,0.3523173928260803,-0.2588655650615692,2.813976287841797,2.2236833572387695,47.20657169818878,52.79342532157898
ILSVRC2012_val_00011343.JPEG,/home/dr-yougart/Desktop/vit_mi/Dataset/ILSVRC2012_img_val/ILSVRC2012_val_00011343.JPEG,908,404,404,False,False,0.9148971438407898,993.5255126953125,994.1632690429688,987.301025390625,6.224489688873291,6.862245082855225,0.9874557256698608,0.993687093257904,356.23681640625,370.4561462402344,1.093583583831787,0.4462049901485443,0.4852461516857147,2.95589280128479,2.3150882720947266,54.39484119415283,45.60515880584717
ILSVRC2012_val_00011344.JPEG,/home/dr-yougart/Desktop/vit_mi/Dataset/ILSVRC2012_img_val/ILSVRC2012_val_00011344.JPEG,117,117,117,True,True,0.9404864311218262,994.4744873046875,995.7296142578125,989.2857055664062,5.188775539398193,6.443877696990967,0.9889252185821533,0.994715690612793,423.12249755859375,438.736328125,1.0675355195999146,0.3212157189846039,0.7796175479888916,2.6288576126098633,2.0637435913085938,60.47395467758179,39.52604532241821
ILSVRC2012_val_00011345.JPEG,/home/dr-yougart/Desktop/vit_mi/Dataset/ILSVRC2012_img_val/ILSVRC2012_val_00011345.JPEG,944,944,944,True,True,0.9490572810173035,991.903076171875,994.1377563476562,988.2653198242188,3.6377551555633545,5.872448921203613,0.9906947612762451,0.9963119626045227,404.5514221191406,413.8329772949219,1.0591706037521362,0.33925917744636536,0.5422308444976807,2.68752384185791,2.093904495239258,56.344860792160034,43.65513622760773
ILSVRC2012_val_00011346.JPEG,/home/dr-yougart/Desktop/vit_mi/Dataset/ILSVRC2012_img_val/ILSVRC2012_val_00011346.JPEG,487,487,487,True,True,0.9612099528312683,994.505126953125,994.7958984375,991.6275634765625,2.8775510787963867,3.168367385864258,0.994175374507904,0.9970817565917969,335.546142578125,358.82916259765625,1.0889499187469482,0.2971910834312439,0.6134927272796631,1.931661605834961,1.4796366691589355,60.366642475128174,39.633357524871826
ILSVRC2012_val_00011347.JPEG,/home/dr-yougart/Desktop/vit_mi/Dataset/ILSVRC2012_img_val/ILSVRC2012_val_00011347.JPEG,953,953,953,True,True,0.9460622072219849,995.7398071289062,996.198974609375,992.2091674804688,3.5306122303009033,3.9897959232330322,0.9928369522094727,0.9964126944541931,393.8863525390625,385.5631408691406,0.998705267906189,0.3247476816177368,0.03076503612101078,2.7888710498809814,2.1817893981933594,49.2227703332901,50.77722668647766
ILSVRC2012_val_00011348.JPEG,/home/dr-yougart/Desktop/vit_mi/Dataset/ILSVRC2012_img_val/ILSVRC2012_val_00011348.JPEG,949,949,949,True,True,0.9310018420219421,995.2193603515625,995.64794921875,990.9591674804688,4.260204315185547,4.688775539398193,0.991481602191925,0.9956818222999573,383.3260498046875,385.6715087890625,1.0305885076522827,0.38396695256233215,0.04969368129968643,2.9168715476989746,2.3336057662963867,49.82031285762787,50.17968416213989
ILSVRC2012_val_00011349.JPEG,/home/dr-yougart/Desktop/vit_mi/Dataset/ILSVRC2012_img_val/ILSVRC2012_val_00011349.JPEG,243,233,243,False,True,0.9333349466323853,994.9796142578125,995.2193603515625,990.8214111328125,4.158163070678711,4.397959232330322,0.9918686747550964,0.9957842826843262,349.60601806640625,352.6671447753906,1.0418150424957275,0.3753097653388977,0.16246215999126434,2.514580011367798,1.9452728033065796,52.05070972442627,47.94929027557373
ILSVRC2012_val_00011350.JPEG,/home/dr-yougart/Desktop/vit_mi/Dataset/ILSVRC2012_img_val/ILSVRC2012_val_00011350.JPEG,431,431,431,True,True,0.9510371685028076,994.7857055664062,995.4591674804688,991.3928833007812,3.392857074737549,4.06632661819458,0.9928563833236694,0.996547281742096,403.1065368652344,428.59442138671875,1.1052274703979492,0.3503870368003845,0.9771812558174133,2.7454679012298584,2.191099166870117,61.886751651763916,38.11325132846832
ILSVRC2012_val_00011351.JPEG,/home/dr-yougart/Desktop/vit_mi/Dataset/ILSVRC2012_img_val/ILSVRC2012_val_00011351.JPEG,333,333,333,True,True,0.9660795331001282,994.653076171875,994.7346801757812,991.1224365234375,3.5306122303009033,3.6122448444366455,0.9930997490882874,0.9964256286621094,339.0010070800781,351.0719909667969,1.055871844291687,0.26206961274147034,0.43879756331443787,1.8460462093353271,1.4311647415161133,58.2513153553009,41.748687624931335
ILSVRC2012_val_00011352.JPEG,/home/dr-yougart/Desktop/vit_mi/Dataset/ILSVRC2012_img_val/ILSVRC2012_val_00011352.JPEG,560,560,560,True,True,0.9015111327171326,992.4693603515625,993.4796142578125,984.0408325195312,8.428571701049805,9.438775062561035,0.9829453229904175,0.9914346933364868,420.6115417480469,423.0975341796875,1.06369948387146,0.44409361481666565,0.2739892601966858,3.392988681793213,2.629673480987549,52.18175649642944,47.81824350357056
ILSVRC2012_val_00011353.JPEG,/home/dr-yougart/Desktop/vit_mi/Dataset/ILSVRC2012_img_val/ILSVRC2012_val_00011353.JPEG,364,364,364,True,True,0.9282836318016052,995.0357055664062,995.1428833007812,989.69384765625,5.341836929321289,5.448979377746582,0.9897966384887695,0.9946009516716003,374.4502258300781,381.51214599609375,1.0671626329421997,0.39111730456352234,0.2561788260936737,2.539888858795166,1.9620418548583984,52.54562497138977,47.45437800884247
ILSVRC2012_val_00011354.JPEG,/home/dr-yougart/Desktop/vit_mi/Dataset/ILSVRC2012_img_val/ILSVRC2012_val_00011354.JPEG,354,354,354,True,True,0.9372565746307373,995.346923828125,995.8265380859375,991.7142944335938,3.632652997970581,4.112245082855225,0.9926202893257141,0.9963127970695496,376.2540283203125,403.725830078125,1.1014553308486938,0.3803982138633728,0.9295751452445984,3.041102886199951,2.415637493133545,59.66426134109497,40.33574163913727
ILSVRC2012_val_00011355.JPEG,/home/dr-yougart/Desktop/vit_mi/Dataset/ILSVRC2012_img_val/ILSVRC2012_val_00011355.JPEG,667,591,747,False,False,0.8764773011207581,994.9541015625,995.4898071289062,988.1377563476562,6.81632661819458,7.352040767669678,0.9866463541984558,0.9930928349494934,363.3586120605469,462.6092529296875,1.3684945106506348,0.7017360329627991,2.9155056476593018,4.927184581756592,3.8586835861206055,69.75396871566772,30.246031284332275
ILSVRC2012_val_00011356.JPEG,/home/dr-yougart/Desktop/vit_mi/Dataset/ILSVRC2012_img_val/ILSVRC2012_val_00011356.JPEG,171,171,171,True,True,0.9347299933433533,995.7193603515625,995.8163452148438,991.3928833007812,4.326530456542969,4.423469543457031,0.9916949272155762,0.9956169724464417,349.9221496582031,383.8144226074219,1.145026683807373,0.40331560373306274,0.9587410092353821,2.6745517253875732,2.119792938232422,61.37726306915283,38.62273693084717
ILSVRC2012_val_00011357.JPEG,/home/dr-yougart/Desktop/vit_mi/Dataset/ILSVRC2012_img_val/ILSVRC2012_val_00011357.JPEG,127,127,127,True,True,0.9063695669174194,994.7653198242188,995.2958984375,987.846923828125,6.918367385864258,7.448979377746582,0.9863685965538025,0.9929826855659485,344.747314453125,383.00115966796875,1.1885340213775635,0.5081866383552551,1.0098093748092651,3.053887128829956,2.356743812561035,61.73393130302429,38.26607167720795
ILSVRC2012_val_00011358.JPEG,/home/dr-yougart/Desktop/vit_mi/Dataset/ILSVRC2012_img_val/ILSVRC2012_val_00011358.JPEG,626,626,626,True,True,0.9401240944862366,995.0714111328125,995.2703857421875,989.6275634765625,5.443877696990967,5.642857074737549,0.989543080329895,0.9944605827331543,403.2326354980469,398.7432556152344,1.0386642217636108,0.311635822057724,0.023348255082964897,2.1776609420776367,1.6478190422058105,49.88219738006592,50.11780261993408
ILSVRC2012_val_00011359.JPEG,/home/dr-yougart/Desktop/vit_mi/Dataset/ILSVRC2012_img_val/ILSVRC2012_val_00011359.JPEG,640,640,626,True,False,0.9070561528205872,994.6122436523438,995.7142944335938,990.1326293945312,4.4795918464660645,5.581632614135742,0.990442156791687,0.9954246878623962,370.5775146484375,367.4493103027344,1.0346018075942993,0.45271992683410645,0.25405213236808777,3.3733742237091064,2.650519371032715,51.733946800231934,48.266053199768066
ILSVRC2012_val_00011360.JPEG,/home/dr-yougart/Desktop/vit_mi/Dataset/ILSVRC2012_img_val/ILSVRC2012_val_00011360.JPEG,959,959,959,True,True,0.9538875222206116,994.4234619140625,994.89794921875,991.4642944335938,2.959183692932129,3.43367338180542,0.9937905073165894,0.9969975352287292,382.298828125,374.5602722167969,1.005666971206665,0.30609872937202454,-0.03470112010836601,2.507833480834961,1.970026969909668,50.39186477661133,49.60813522338867
ILSVRC2012_val_00011361.JPEG,/home/dr-yougart/Desktop/vit_mi/Dataset/ILSVRC2012_img_val/ILSVRC2012_val_00011361.JPEG,535,535,535,True,True,0.9207639098167419,995.505126953125,995.698974609375,989.244873046875,6.260204315185547,6.4540815353393555,0.9879968762397766,0.9936532974243164,394.63970947265625,382.2462463378906,0.9999579787254333,0.3989228308200836,-0.6060353517532349,2.980612277984619,2.3397216796875,43.39374601840973,56.60625696182251
ILSVRC2012_val_00011362.JPEG,/home/dr-yougart/Desktop/vit_mi/Dataset/ILSVRC2012_img_val/ILSVRC2012_val_00011362.JPEG,446,446,446,True,True,0.9405889511108398,992.1581420898438,992.5816040039062,987.9387817382812,4.219387531280518,4.642857074737549,0.9913879632949829,0.9957219362258911,373.7658996582031,370.49639892578125,1.0248452425003052,0.3667602837085724,0.011669588275253773,2.4564199447631836,1.7201147079467773,48.834410309791565,51.165586709976196
ILSVRC2012_val_00011363.JPEG,/home/dr-yougart/Desktop/vit_mi/Dataset/ILSVRC2012_img_val/ILSVRC2012_val_00011363.JPEG,704,412,877,False,False,0.9346421957015991,994.5663452148438,995.3724365234375,991.198974609375,3.367347002029419,4.173469543457031,0.9927049875259399,0.9966005682945251,343.693603515625,375.0549621582031,1.1188726425170898,0.410239577293396,0.7591232657432556,2.9008326530456543,2.3152565956115723,57.962167263031006,42.037832736968994
ILSVRC2012_val_00011364.JPEG,/home/dr-yougart/Desktop/vit_mi/Dataset/ILSVRC2012_img_val/ILSVRC2012_val_00011364.JPEG,904,904,904,True,True,0.9250472784042358,992.596923828125,992.551025390625,985.4132690429688,7.18367338180542,7.137754917144775,0.9862399697303772,0.9927284717559814,402.6651916503906,387.2252502441406,0.9801105856895447,0.3884446620941162,-0.3785620331764221,3.1720004081726074,2.250716209411621,43.09287071228027,56.90712928771973
ILSVRC2012_val_00011365.JPEG,/home/dr-yougart/Desktop/vit_mi/Dataset/ILSVRC2012_img_val/ILSVRC2012_val_00011365.JPEG,700,700,281,True,False,0.9263356924057007,994.7244873046875,995.1581420898438,988.6122436523438,6.112245082855225,6.5459184646606445,0.9879816174507141,0.9938014149665833,371.74127197265625,385.5271911621094,1.0889537334442139,0.39374712109565735,0.41314196586608887,2.627755641937256,2.0220742225646973,54.900187253952026,45.099809765815735
ILSVRC2012_val_00011366.JPEG,/home/dr-yougart/Desktop/vit_mi/Dataset/ILSVRC2012_img_val/ILSVRC2012_val_00011366.JPEG,776,889,822,False,False,0.9339331984519958,995.5203857421875,995.5765380859375,992.0203857421875,3.5,3.5561225414276123,0.9932451248168945,0.9964599609375,382.71807861328125,392.4483337402344,1.0645877122879028,0.39330166578292847,0.18154162168502808,2.9779481887817383,2.324225902557373,51.17673873901367,48.82326424121857
ILSVRC2012_val_00011367.JPEG,/home/dr-yougart/Desktop/vit_mi/Dataset/ILSVRC2012_img_val/ILSVRC2012_val_00011367.JPEG,655,450,830,False,False,0.9366350173950195,995.1887817382812,995.7296142578125,991.5816040039062,3.607142925262451,4.147959232330322,0.9926187992095947,0.9963279366493225,393.2030029296875,400.8812561035156,1.052462100982666,0.3568577170372009,0.3913782835006714,2.8438706398010254,2.2475128173828125,53.74684929847717,46.25315070152283
ILSVRC2012_val_00011368.JPEG,/home/dr-yougart/Desktop/vit_mi/Dataset/ILSVRC2012_img_val/ILSVRC2012_val_00011368.JPEG,263,263,263,True,True,0.883662760257721,994.5153198242188,994.3724365234375,983.0203857421875,11.494897842407227,11.352041244506836,0.9785618782043457,0.9883402585983276,354.1437683105469,382.13330078125,1.1784194707870483,0.5103030800819397,0.7756974101066589,2.5635602474212646,1.9297466278076172,60.028958320617676,39.971038699150085
ILSVRC2012_val_00011369.JPEG,/home/dr-yougart/Desktop/vit_mi/Dataset/ILSVRC2012_img_val/ILSVRC2012_val_00011369.JPEG,132,132,132,True,True,0.9483217597007751,992.8826293945312,993.2142944335938,987.2601928710938,5.622448921203613,5.9540815353393555,0.9889321327209473,0.9942837953567505,398.4993896484375,393.0252990722656,1.0170886516571045,0.30210405588150024,-0.024272682145237923,2.1673779487609863,1.6277308464050293,51.18060111999512,48.81939888000488
ILSVRC2012_val_00011370.JPEG,/home/dr-yougart/Desktop/vit_mi/Dataset/ILSVRC2012_img_val/ILSVRC2012_val_00011370.JPEG,441,441,441,True,True,0.9220799207687378,995.5458984375,995.89794921875,989.6836547851562,5.862245082855225,6.214285850524902,0.988621711730957,0.9940632581710815,365.6455383300781,429.33306884765625,1.2290235757827759,0.47451847791671753,1.8454856872558594,3.395165205001831,2.649808883666992,68.75419020652771,31.24581277370453
ILSVRC2012_val_00011371.JPEG,/home/dr-yougart/Desktop/vit_mi/Dataset/ILSVRC2012_img_val/ILSVRC2012_val_00011371.JPEG,802,802,802,True,True,0.9213047623634338,995.198974609375,995.7703857421875,989.4541015625,5.744897842407227,6.31632661819458,0.9886196851730347,0.994157075881958,411.3563537597656,412.6741027832031,1.040665864944458,0.3817799687385559,0.20504149794578552,2.9220023155212402,2.272810935974121,52.4397611618042,47.5602388381958
ILSVRC2012_val_00011372.JPEG,/home/dr-yougart/Desktop/vit_mi/Dataset/ILSVRC2012_img_val/ILSVRC2012_val_00011372.JPEG,342,342,342,True,True,0.937101423740387,994.7908325195312,995.2296142578125,990.1632690429688,4.627551078796387,5.06632661819458,0.9907376766204834,0.9952948689460754,392.4366760253906,403.7651062011719,1.0597845315933228,0.3639853000640869,0.37832003831863403,2.9476709365844727,2.291287422180176,54.736900329589844,45.263099670410156
ILSVRC2012_val_00011373.JPEG,/home/dr-yougart/Desktop/vit_mi/Dataset/ILSVRC2012_img_val/ILSVRC2012_val_00011373.JPEG,207,207,207,True,True,0.9243433475494385,995.7296142578125,996.2091674804688,990.5867309570312,5.142857074737549,5.622448921203613,0.9898406267166138,0.9947859048843384,353.8891906738281,372.29644775390625,1.0794459581375122,0.3974108099937439,0.4367286264896393,2.68681263923645,2.09190034866333,54.235535860061646,45.76446712017059
ILSVRC2012_val_00011374.JPEG,/home/dr-yougart/Desktop/vit_mi/Dataset/ILSVRC2012_img_val/ILSVRC2012_val_00011374.JPEG,323,323,323,True,True,0.9505734443664551,991.1836547851562,991.5714111328125,985.3112182617188,5.872448921203613,6.260204315185547,0.9881380796432495,0.994042158126831,403.46429443359375,395.386474609375,1.0175142288208008,0.32050058245658875,-0.08866553753614426,2.514599561691284,1.9642395973205566,49.59947466850281,50.40052533149719
ILSVRC2012_val_00011375.JPEG,/home/dr-yougart/Desktop/vit_mi/Dataset/ILSVRC2012_img_val/ILSVRC2012_val_00011375.JPEG,96,96,96,True,True,0.9520246386528015,996.0918579101562,995.7958984375,992.7806396484375,3.3112244606018066,3.015306234359741,0.993969738483429,0.996656596660614,394.9540710449219,408.02008056640625,1.053115725517273,0.326185017824173,0.17453186213970184,2.5145578384399414,1.9209632873535156,51.7126202583313,48.2873797416687
ILSVRC2012_val_00011376.JPEG,/home/dr-yougart/Desktop/vit_mi/Dataset/ILSVRC2012_img_val/ILSVRC2012_val_00011376.JPEG,413,413,413,True,True,0.9329330921173096,995.5408325195312,995.7193603515625,990.2296142578125,5.311224460601807,5.489795684814453,0.9897667765617371,0.9946164488792419,401.9447937011719,396.3050842285156,1.0308915376663208,0.3649889826774597,-0.23139305412769318,2.666517496109009,2.1071434020996094,46.89388573169708,53.10611128807068
ILSVRC2012_val_00011377.JPEG,/home/dr-yougart/Desktop/vit_mi/Dataset/ILSVRC2012_img_val/ILSVRC2012_val_00011377.JPEG,795,795,795,True,True,0.9044201374053955,994.64794921875,994.8673706054688,987.7653198242188,6.88265323638916,7.102040767669678,0.9867612719535828,0.9930251836776733,360.512451171875,360.4636535644531,1.0721219778060913,0.47673913836479187,0.10929430276155472,3.06740140914917,2.418581008911133,50.60381889343262,49.39618408679962
ILSVRC2012_val_00011378.JPEG,/home/dr-yougart/Desktop/vit_mi/Dataset/ILSVRC2012_img_val/ILSVRC2012_val_00011378.JPEG,905,760,811,False,False,0.9109433889389038,994.8163452148438,994.8877563476562,988.7244873046875,6.091836929321289,6.163265228271484,0.9883453845977783,0.9938388466835022,379.1831970214844,428.4064025878906,1.1809388399124146,0.5012773275375366,1.3655364513397217,3.646333694458008,2.8124542236328125,60.93916296958923,39.060840010643005
ILSVRC2012_val_00011379.JPEG,/home/dr-yougart/Desktop/vit_mi/Dataset/ILSVRC2012_img_val/ILSVRC2012_val_00011379.JPEG,74,74,73,True,False,0.9241735339164734,995.9387817382812,995.7601928710938,991.0714111328125,4.86734676361084,4.688775539398193,0.9910128116607666,0.9950757622718811,372.2699279785156,441.1950988769531,1.244351863861084,0.4910580813884735,1.7680718898773193,3.4491775035858154,2.6035633087158203,67.78429746627808,32.215702533721924
ILSVRC2012_val_00011380.JPEG,/home/dr-yougart/Desktop/vit_mi/Dataset/ILSVRC2012_img_val/ILSVRC2012_val_00011380.JPEG,140,140,140,True,True,0.9189790487289429,994.9285888671875,995.1734619140625,989.0408325195312,5.887754917144775,6.13265323638916,0.9886451959609985,0.9939985275268555,379.15673828125,403.3756408691406,1.1169484853744507,0.41178831458091736,0.9153074622154236,2.8534300327301025,2.1457252502441406,61.32100820541382,38.67899179458618
ILSVRC2012_val_00011381.JPEG,/home/dr-yougart/Desktop/vit_mi/Dataset/ILSVRC2012_img_val/ILSVRC2012_val_00011381.JPEG,180,256,159,False,False,0.907020092010498,995.35205078125,995.505126953125,988.5612182617188,6.790816307067871,6.943877696990967,0.9870943427085876,0.9931066632270813,369.0301818847656,401.82305908203125,1.164310336112976,0.4806225001811981,0.9062221050262451,3.061915397644043,2.354139804840088,60.48988699913025,39.51011002063751
ILSVRC2012_val_00011382.JPEG,/home/dr-yougart/Desktop/vit_mi/Dataset/ILSVRC2012_img_val/ILSVRC2012_val_00011382.JPEG,317,317,317,True,True,0.9056089520454407,992.9183959960938,994.0101928710938,985.8163452148438,7.102040767669678,8.193877220153809,0.985349714756012,0.9928057193756104,374.9634094238281,384.4071960449219,1.087741494178772,0.5104956030845642,0.23924477398395538,3.6027491092681885,2.7961387634277344,51.58058404922485,48.419418931007385
ILSVRC2012_val_00011383.JPEG,/home/dr-yougart/Desktop/vit_mi/Dataset/ILSVRC2012_img_val/ILSVRC2012_val_00011383.JPEG,107,107,525,True,False,0.9103001356124878,995.005126953125,995.4796142578125,989.551025390625,5.4540815353393555,5.9285712242126465,0.989231526851654,0.9944483041763306,384.118896484375,441.3377685546875,1.1927425861358643,0.5037751197814941,1.7485212087631226,3.922403573989868,3.0506372451782227,63.57088088989258,36.42911612987518
ILSVRC2012_val_00011384.JPEG,/home/dr-yougart/Desktop/vit_mi/Dataset/ILSVRC2012_img_val/ILSVRC2012_val_00011384.JPEG,162,166,166,False,False,0.9133283495903015,994.8673706054688,994.4744873046875,987.10205078125,7.765305995941162,7.372448921203613,0.9857780933380127,0.9921350479125977,348.03875732421875,352.6566467285156,1.0841470956802368,0.4237593412399292,0.04716997966170311,2.1826469898223877,1.6420478820800781,50.954657793045044,49.04533922672272
ILSVRC2012_val_00011385.JPEG,/home/dr-yougart/Desktop/vit_mi/Dataset/ILSVRC2012_img_val/ILSVRC2012_val_00011385.JPEG,182,182,163,True,False,0.9336923956871033,994.89794921875,995.8418579101562,991.05615234375,3.84183669090271,4.785714149475098,0.9918065071105957,0.9960836172103882,355.5043029785156,358.96600341796875,1.053057312965393,0.3606555759906769,0.3892304599285126,2.4903557300567627,1.97271728515625,55.04898428916931,44.95101571083069
ILSVRC2012_val_00011386.JPEG,/home/dr-yougart/Desktop/vit_mi/Dataset/ILSVRC2012_img_val/ILSVRC2012_val_00011386.JPEG,961,961,961,True,True,0.9396467208862305,995.1887817382812,996.0255126953125,990.9693603515625,4.219387531280518,5.056122303009033,0.9911489486694336,0.9957224130630493,351.86846923828125,352.4238586425781,1.0327672958374023,0.33938196301460266,0.01843767985701561,2.3580734729766846,1.8700370788574219,51.04360580444336,48.9563912153244
ILSVRC2012_val_00011387.JPEG,/home/dr-yougart/Desktop/vit_mi/Dataset/ILSVRC2012_img_val/ILSVRC2012_val_00011387.JPEG,180,164,227,False,False,0.8906186819076538,994.6785888671875,994.9591674804688,987.8214111328125,6.857142925262451,7.137754917144775,0.9867111444473267,0.9930432438850403,349.5141906738281,377.7697448730469,1.1499677896499634,0.5413115620613098,0.6761139035224915,3.4651641845703125,2.743746280670166,55.327898263931274,44.672104716300964
ILSVRC2012_val_00011388.JPEG,/home/dr-yougart/Desktop/vit_mi/Dataset/ILSVRC2012_img_val/ILSVRC2012_val_00011388.JPEG,4,4,4,True,True,0.9513211250305176,992.7601928710938,993.6632690429688,989.0255126953125,3.734693765640259,4.637754917144775,0.9918345212936401,0.9962230324745178,364.98590087890625,395.0467834472656,1.1202797889709473,0.3725578188896179,0.7034146785736084,2.4294381141662598,1.8695719242095947,58.49604606628418,41.50395393371582
ILSVRC2012_val_00011389.JPEG,/home/dr-yougart/Desktop/vit_mi/Dataset/ILSVRC2012_img_val/ILSVRC2012_val_00011389.JPEG,702,702,702,True,True,0.909514844417572,993.8877563476562,994.9336547851562,989.4541015625,4.43367338180542,5.4795918464660645,0.9905202984809875,0.9954641461372375,433.3016052246094,431.1410217285156,1.041356086730957,0.45376989245414734,0.41303950548171997,3.9671008586883545,3.024136543273926,53.14464569091797,46.85535728931427
ILSVRC2012_val_00011390.JPEG,/home/dr-yougart/Desktop/vit_mi/Dataset/ILSVRC2012_img_val/ILSVRC2012_val_00011390.JPEG,904,624,526,False,False,0.938157320022583,995.1173706054688,995.8622436523438,992.3265380859375,2.790816307067871,3.5357143878936768,0.9939115643501282,0.9971557259559631,365.01873779296875,368.1463317871094,1.0500255823135376,0.4014996886253357,0.163372203707695,3.009788990020752,2.35689115524292,51.86276435852051,48.13723564147949
ILSVRC2012_val_00011391.JPEG,/home/dr-yougart/Desktop/vit_mi/Dataset/ILSVRC2012_img_val/ILSVRC2012_val_00011391.JPEG,178,178,176,True,False,0.9291399717330933,995.19384765625,995.1326293945312,989.5458984375,5.647959232330322,5.586734771728516,0.9893308281898499,0.9942779541015625,365.1835021972656,375.46429443359375,1.0735018253326416,0.3850742280483246,0.30024397373199463,2.601081371307373,2.0657873153686523,53.114962577819824,46.885037422180176
ILSVRC2012_val_00011392.JPEG,/home/dr-yougart/Desktop/vit_mi/Dataset/ILSVRC2012_img_val/ILSVRC2012_val_00011392.JPEG,925,925,925,True,True,0.9206090569496155,995.5816040039062,994.744873046875,988.3112182617188,7.2704081535339355,6.43367338180542,0.9870530962944031,0.9926438331604004,339.4041442871094,361.512939453125,1.1171678304672241,0.42946967482566833,0.357458233833313,2.4115028381347656,1.8742151260375977,55.00776767730713,44.99222934246063
ILSVRC2012_val_00011393.JPEG,/home/dr-yougart/Desktop/vit_mi/Dataset/ILSVRC2012_img_val/ILSVRC2012_val_00011393.JPEG,308,316,308,False,True,0.9070775508880615,994.1581420898438,995.3673706054688,987.9387817382812,6.219387531280518,7.4285712242126465,0.9870375990867615,0.9936752319335938,337.86810302734375,377.27239990234375,1.211887001991272,0.5339046716690063,1.3263014554977417,3.295513868331909,2.5735621452331543,64.10430073738098,35.89570224285126
ILSVRC2012_val_00011394.JPEG,/home/dr-yougart/Desktop/vit_mi/Dataset/ILSVRC2012_img_val/ILSVRC2012_val_00011394.JPEG,191,191,191,True,True,0.9354530572891235,994.9846801757812,996.0458984375,991.0153198242188,3.9693877696990967,5.030612468719482,0.9914438724517822,0.9959601759910583,373.9123840332031,406.8821716308594,1.1517407894134521,0.42560869455337524,1.189635157585144,3.0576164722442627,2.305657386779785,60.85749864578247,39.14249837398529
ILSVRC2012_val_00011395.JPEG,/home/dr-yougart/Desktop/vit_mi/Dataset/ILSVRC2012_img_val/ILSVRC2012_val_00011395.JPEG,747,747,747,True,True,0.9595963358879089,994.8826293945312,995.5918579101562,992.2653198242188,2.617347002029419,3.326530694961548,0.9943049550056458,0.9973447322845459,438.45648193359375,450.1370849609375,1.0435734987258911,0.2723589837551117,0.47240495681762695,2.565721035003662,2.0111660957336426,55.96604347229004,44.03395652770996
ILSVRC2012_val_00011396.JPEG,/home/dr-yougart/Desktop/vit_mi/Dataset/ILSVRC2012_img_val/ILSVRC2012_val_00011396.JPEG,370,374,370,False,True,0.9156977534294128,995.5203857421875,995.64794921875,990.10205078125,5.418367385864258,5.5459184646606445,0.9896581172943115,0.994512677192688,385.78448486328125,421.0360412597656,1.1305203437805176,0.4543335437774658,0.8056550025939941,3.2431046962738037,2.543954849243164,56.96485638618469,43.03514361381531
ILSVRC2012_val_00011397.JPEG,/home/dr-yougart/Desktop/vit_mi/Dataset/ILSVRC2012_img_val/ILSVRC2012_val_00011397.JPEG,735,501,501,False,False,0.9657810926437378,994.494873046875,994.7653198242188,990.6326293945312,3.8622448444366455,4.13265323638916,0.9923285841941833,0.996076226234436,340.1371154785156,341.62188720703125,1.0355015993118286,0.24068692326545715,0.17364934086799622,1.597456455230713,1.2147102355957031,54.65276837348938,45.34723162651062
ILSVRC2012_val_00011398.JPEG,/home/dr-yougart/Desktop/vit_mi/Dataset/ILSVRC2012_img_val/ILSVRC2012_val_00011398.JPEG,453,453,453,True,True,0.9534749984741211,995.8622436523438,995.4796142578125,991.9898071289062,3.8724489212036133,3.4897959232330322,0.9929797649383545,0.9960941672325134,341.4255676269531,346.2160339355469,1.0434068441390991,0.31627872586250305,-0.027994023635983467,2.0362162590026855,1.576211929321289,50.221675634384155,49.77832734584808
ILSVRC2012_val_00011399.JPEG,/home/dr-yougart/Desktop/vit_mi/Dataset/ILSVRC2012_img_val/ILSVRC2012_val_00011399.JPEG,86,86,86,True,True,0.8944126963615417,994.9642944335938,995.7755126953125,987.7398071289062,7.224489688873291,8.035714149475098,0.9856330156326294,0.9926259517669678,371.7459411621094,367.63507080078125,1.0764400959014893,0.4766441285610199,0.2514108419418335,3.031939744949341,2.3348827362060547,52.63511538505554,47.3648875951767
ILSVRC2012_val_00011400.JPEG,/home/dr-yougart/Desktop/vit_mi/Dataset/ILSVRC2012_img_val/ILSVRC2012_val_00011400.JPEG,170,170,170,True,True,0.9343376159667969,995.0,995.5101928710938,989.4081420898438,5.591836929321289,6.102040767669678,0.9889255166053772,0.9943183660507202,382.0926208496094,381.5709533691406,1.0470200777053833,0.357843816280365,0.1517832726240158,2.447767972946167,1.9224376678466797,52.472102642059326,47.527897357940674
ILSVRC2012_val_00011401.JPEG,/home/dr-yougart/Desktop/vit_mi/Dataset/ILSVRC2012_img_val/ILSVRC2012_val_00011401.JPEG,133,133,278,True,False,0.864880383014679,995.6836547851562,994.7908325195312,988.2398071289062,7.443877696990967,6.551020622253418,0.9867232441902161,0.9924699664115906,414.42730712890625,426.00238037109375,1.0684212446212769,0.5967885255813599,0.296659380197525,4.82647705078125,3.5700578689575195,49.85673427581787,50.14326572418213
ILSVRC2012_val_00011402.JPEG,/home/dr-yougart/Desktop/vit_mi/Dataset/ILSVRC2012_img_val/ILSVRC2012_val_00011402.JPEG,142,142,142,True,True,0.9252960681915283,994.4846801757812,994.4285888671875,987.2601928710938,7.224489688873291,7.168367385864258,0.9863440990447998,0.9926835894584656,390.20654296875,380.8429260253906,1.0148975849151611,0.37096837162971497,-0.29194313287734985,2.5563559532165527,1.9805996417999268,46.1770623922348,53.82294058799744
ILSVRC2012_val_00011403.JPEG,/home/dr-yougart/Desktop/vit_mi/Dataset/ILSVRC2012_img_val/ILSVRC2012_val_00011403.JPEG,7,7,7,True,True,0.9490521550178528,994.6734619140625,994.9846801757812,989.6836547851562,4.989795684814453,5.301020622253418,0.9902390241622925,0.9949315786361694,411.2210998535156,417.2705993652344,1.0458729267120361,0.2774350345134735,0.3748963177204132,2.0806095600128174,1.5903844833374023,55.67486882209778,44.32512819766998
ILSVRC2012_val_00011404.JPEG,/home/dr-yougart/Desktop/vit_mi/Dataset/ILSVRC2012_img_val/ILSVRC2012_val_00011404.JPEG,185,153,153,False,False,0.9368064999580383,994.9081420898438,995.5203857421875,989.94384765625,4.964285850524902,5.576530456542969,0.9900304079055786,0.994935154914856,357.8995666503906,349.0426025390625,1.0121852159500122,0.3351188898086548,-0.1607505828142166,2.167328357696533,1.6741304397583008,47.16666042804718,52.83333659172058
ILSVRC2012_val_00011405.JPEG,/home/dr-yougart/Desktop/vit_mi/Dataset/ILSVRC2012_img_val/ILSVRC2012_val_00011405.JPEG,403,403,403,True,True,0.946647584438324,993.9285888671875,994.1785888671875,991.5816040039062,2.3469388484954834,2.5969388484954834,0.9951575994491577,0.9976349472999573,368.8976135253906,418.494140625,1.1684156656265259,0.4284095764160156,1.311242938041687,3.2118194103240967,2.2347850799560547,61.65629029273987,38.34370970726013
ILSVRC2012_val_00011406.JPEG,/home/dr-yougart/Desktop/vit_mi/Dataset/ILSVRC2012_img_val/ILSVRC2012_val_00011406.JPEG,135,135,135,True,True,0.8864662051200867,994.5918579101562,994.0153198242188,985.9898071289062,8.602041244506836,8.02550983428955,0.984321653842926,0.9912867546081543,378.079345703125,420.0692443847656,1.180505394935608,0.5493065714836121,1.266360878944397,3.6849136352539062,2.7442665100097656,60.51880121231079,39.48120176792145
ILSVRC2012_val_00011407.JPEG,/home/dr-yougart/Desktop/vit_mi/Dataset/ILSVRC2012_img_val/ILSVRC2012_val_00011407.JPEG,884,884,884,True,True,0.8899692893028259,994.005126953125,994.8571166992188,985.6275634765625,8.377551078796387,9.229591369628906,0.9833350777626038,0.9914947748184204,305.69598388671875,332.19793701171875,1.1599620580673218,0.5512830018997192,0.6561827659606934,2.913646697998047,2.282785177230835,56.60332441329956,43.39667558670044
ILSVRC2012_val_00011408.JPEG,/home/dr-yougart/Desktop/vit_mi/Dataset/ILSVRC2012_img_val/ILSVRC2012_val_00011408.JPEG,944,944,944,True,True,0.9045048952102661,992.6734619140625,995.744873046875,986.0918579101562,6.581632614135742,9.653060913085938,0.9845165610313416,0.9932973384857178,388.3148498535156,387.0002136230469,1.057250738143921,0.4445512294769287,0.35684332251548767,3.1488654613494873,2.425779342651367,54.18162941932678,45.81837058067322
ILSVRC2012_val_00011409.JPEG,/home/dr-yougart/Desktop/vit_mi/Dataset/ILSVRC2012_img_val/ILSVRC2012_val_00011409.JPEG,336,336,336,True,True,0.9262201189994812,993.903076171875,995.1326293945312,987.5101928710938,6.392857074737549,7.622448921203613,0.9867371320724487,0.9934988021850586,386.1327819824219,407.3249816894531,1.1079001426696777,0.3936226963996887,0.9051530957221985,2.6891183853149414,1.9304695129394531,59.55815315246582,40.44184386730194
ILSVRC2012_val_00011410.JPEG,/home/dr-yougart/Desktop/vit_mi/Dataset/ILSVRC2012_img_val/ILSVRC2012_val_00011410.JPEG,945,945,945,True,True,0.9389976263046265,996.5408325195312,996.1071166992188,992.6887817382812,3.8520407676696777,3.418367385864258,0.9931055903434753,0.9961032271385193,400.6536865234375,411.5078430175781,1.0505019426345825,0.36525726318359375,0.18056058883666992,2.9826180934906006,2.348557949066162,50.99323391914368,49.00676906108856
ILSVRC2012_val_00011411.JPEG,/home/dr-yougart/Desktop/vit_mi/Dataset/ILSVRC2012_img_val/ILSVRC2012_val_00011411.JPEG,743,884,884,False,False,0.9247456192970276,995.5153198242188,995.4898071289062,990.5765380859375,4.938775539398193,4.913265228271484,0.9906592965126038,0.9949849843978882,354.6583251953125,373.06561279296875,1.1035032272338867,0.4185693562030792,0.5135766863822937,2.821317434310913,2.2210798263549805,55.926513671875,44.07348930835724
ILSVRC2012_val_00011412.JPEG,/home/dr-yougart/Desktop/vit_mi/Dataset/ILSVRC2012_img_val/ILSVRC2012_val_00011412.JPEG,880,880,880,True,True,0.938060998916626,995.6377563476562,995.551025390625,991.5765380859375,4.061224460601807,3.974489688873291,0.9923973679542542,0.9958838820457458,380.798095703125,390.72760009765625,1.0686147212982178,0.36306408047676086,0.2863202393054962,2.5985538959503174,2.0289125442504883,54.053276777267456,45.946723222732544
ILSVRC2012_val_00011413.JPEG,/home/dr-yougart/Desktop/vit_mi/Dataset/ILSVRC2012_img_val/ILSVRC2012_val_00011413.JPEG,927,927,927,True,True,0.9273093938827515,995.2346801757812,995.198974609375,989.94384765625,5.290816307067871,5.255102157592773,0.9899543523788452,0.9946277141571045,394.01226806640625,366.53485107421875,0.9706076979637146,0.3791477084159851,-0.6319982409477234,2.935542583465576,2.328840732574463,43.083250522613525,56.916749477386475
ILSVRC2012_val_00011414.JPEG,/home/dr-yougart/Desktop/vit_mi/Dataset/ILSVRC2012_img_val/ILSVRC2012_val_00011414.JPEG,24,24,24,True,True,0.9603196978569031,994.64794921875,994.7653198242188,992.9898071289062,1.65816330909729,1.7755101919174194,0.9965704083442688,0.9983261823654175,371.98016357421875,390.1228332519531,1.0604262351989746,0.31331369280815125,0.6393918395042419,2.5406064987182617,1.9569988250732422,57.16707706451416,42.8329199552536
ILSVRC2012_val_00011415.JPEG,/home/dr-yougart/Desktop/vit_mi/Dataset/ILSVRC2012_img_val/ILSVRC2012_val_00011415.JPEG,520,520,520,True,True,0.8969593644142151,994.9591674804688,995.2346801757812,985.2244873046875,9.73469352722168,10.010204315185547,0.9814683794975281,0.9901095032691956,377.22998046875,380.6930847167969,1.112088680267334,0.4684284031391144,0.15545862913131714,2.5781166553497314,1.9804534912109375,52.17396020889282,47.82604277133942
ILSVRC2012_val_00011416.JPEG,/home/dr-yougart/Desktop/vit_mi/Dataset/ILSVRC2012_img_val/ILSVRC2012_val_00011416.JPEG,27,27,27,True,True,0.925934374332428,994.8163452148438,995.255126953125,989.8775634765625,4.938775539398193,5.377551078796387,0.9901763796806335,0.9949741959571838,377.68829345703125,376.19415283203125,1.0278306007385254,0.3773244321346283,0.08206057548522949,2.854896068572998,2.26654052734375,50.43913722038269,49.56085979938507
ILSVRC2012_val_00011417.JPEG,/home/dr-yougart/Desktop/vit_mi/Dataset/ILSVRC2012_img_val/ILSVRC2012_val_00011417.JPEG,407,407,407,True,True,0.9360513687133789,995.5867309570312,996.1122436523438,991.3367309570312,4.25,4.775510311126709,0.9914815425872803,0.9956705570220947,414.4936218261719,387.973876953125,0.977605402469635,0.33094391226768494,-0.3805147707462311,2.6429367065429688,2.049234390258789,46.07209265232086,53.9279043674469
ILSVRC2012_val_00011418.JPEG,/home/dr-yougart/Desktop/vit_mi/Dataset/ILSVRC2012_img_val/ILSVRC2012_val_00011418.JPEG,492,492,492,True,True,0.9291834235191345,993.198974609375,994.7193603515625,987.5203857421875,5.6785712242126465,7.198979377746582,0.9876788258552551,0.9942302107810974,395.4344787597656,389.27972412109375,1.0193325281143188,0.3798215091228485,0.05334904417395592,2.8384766578674316,2.204425811767578,51.14903450012207,48.85096549987793
ILSVRC2012_val_00011419.JPEG,/home/dr-yougart/Desktop/vit_mi/Dataset/ILSVRC2012_img_val/ILSVRC2012_val_00011419.JPEG,393,393,393,True,True,0.9637787342071533,994.5714111328125,994.7244873046875,991.7244873046875,2.8469388484954834,3.0,0.9943657517433167,0.9971261024475098,361.4547119140625,376.5552062988281,1.0635191202163696,0.2778628468513489,0.4224855303764343,1.9743962287902832,1.523167610168457,57.334160804748535,42.665836215019226
ILSVRC2012_val_00011420.JPEG,/home/dr-yougart/Desktop/vit_mi/Dataset/ILSVRC2012_img_val/ILSVRC2012_val_00011420.JPEG,16,16,16,True,True,0.9371165633201599,993.8214111328125,994.0663452148438,988.8265380859375,4.994897842407227,5.239795684814453,0.9901906251907349,0.9949468374252319,360.32342529296875,380.83935546875,1.095947027206421,0.3688087463378906,0.6548094153404236,2.499263048171997,1.9320764541625977,58.03312659263611,41.96687340736389
ILSVRC2012_val_00011421.JPEG,/home/dr-yougart/Desktop/vit_mi/Dataset/ILSVRC2012_img_val/ILSVRC2012_val_00011421.JPEG,531,826,635,False,False,0.908134400844574,994.4744873046875,994.8877563476562,988.9846801757812,5.489795684814453,5.903061389923096,0.9891626834869385,0.9944018125534058,360.3348693847656,364.77886962890625,1.0653283596038818,0.45773306488990784,0.3929905891418457,3.152918815612793,2.4681949615478516,53.74869108200073,46.25130891799927
ILSVRC2012_val_00011422.JPEG,/home/dr-yougart/Desktop/vit_mi/Dataset/ILSVRC2012_img_val/ILSVRC2012_val_00011422.JPEG,970,970,795,True,False,0.937758207321167,995.0816040039062,994.8265380859375,991.30615234375,3.775510311126709,3.5204081535339355,0.9930505752563477,0.9961878061294556,410.52081298828125,429.1910400390625,1.0763286352157593,0.38968032598495483,0.5172141194343567,3.3898987770080566,2.5642261505126953,55.03458380699158,44.965413212776184
ILSVRC2012_val_00011423.JPEG,/home/dr-yougart/Desktop/vit_mi/Dataset/ILSVRC2012_img_val/ILSVRC2012_val_00011423.JPEG,209,209,180,True,False,0.9045873284339905,994.0458984375,994.8571166992188,985.6071166992188,8.438775062561035,9.25,0.9833052754402161,0.9914085268974304,388.7002258300781,386.8502197265625,1.0514260530471802,0.42735180258750916,0.16419245302677155,2.834958076477051,2.221602439880371,52.4617075920105,47.5382924079895
ILSVRC2012_val_00011424.JPEG,/home/dr-yougart/Desktop/vit_mi/Dataset/ILSVRC2012_img_val/ILSVRC2012_val_00011424.JPEG,489,489,489,True,True,0.902990996837616,994.9336547851562,995.6377563476562,988.0663452148438,6.86734676361084,7.5714287757873535,0.9863620400428772,0.9930299520492554,363.3241882324219,414.1563720703125,1.2089893817901611,0.5193676352500916,1.418656349182129,3.3933002948760986,2.5398902893066406,62.393563985824585,37.606436014175415
ILSVRC2012_val_00011425.JPEG,/home/dr-yougart/Desktop/vit_mi/Dataset/ILSVRC2012_img_val/ILSVRC2012_val_00011425.JPEG,365,365,365,True,True,0.931367039680481,995.5408325195312,996.4183959960938,989.6887817382812,5.852040767669678,6.7295918464660645,0.9881874918937683,0.9940223693847656,403.7118225097656,386.9306335449219,1.0161495208740234,0.3293127417564392,-0.022127389907836914,2.2259836196899414,1.6906394958496094,50.06675720214844,49.933239817619324
ILSVRC2012_val_00011426.JPEG,/home/dr-yougart/Desktop/vit_mi/Dataset/ILSVRC2012_img_val/ILSVRC2012_val_00011426.JPEG,647,647,813,True,False,0.9275206923484802,994.60205078125,995.10205078125,989.9642944335938,4.637754917144775,5.137754917144775,0.9906710982322693,0.9952861070632935,327.3760681152344,340.18719482421875,1.0918478965759277,0.40859323740005493,0.5885283350944519,2.647484064102173,2.102931022644043,57.30416774749756,42.6958292722702
ILSVRC2012_val_00011427.JPEG,/home/dr-yougart/Desktop/vit_mi/Dataset/ILSVRC2012_img_val/ILSVRC2012_val_00011427.JPEG,958,958,958,True,True,0.9570204019546509,995.4591674804688,995.7857055664062,993.096923828125,2.3622448444366455,2.6887755393981934,0.9951637983322144,0.9976037740707397,360.272216796875,375.91351318359375,1.063030481338501,0.30866143107414246,0.40357959270477295,2.26505970954895,1.7599306106567383,56.24643564224243,43.75356435775757
ILSVRC2012_val_00011428.JPEG,/home/dr-yougart/Desktop/vit_mi/Dataset/ILSVRC2012_img_val/ILSVRC2012_val_00011428.JPEG,64,64,64,True,True,0.9256569147109985,994.4285888671875,994.9541015625,989.4387817382812,4.989795684814453,5.515305995941162,0.9900280833244324,0.9949072003364563,381.51446533203125,366.0294189453125,1.005954623222351,0.3888615667819977,-0.15936937928199768,2.6565916538238525,2.0372066497802734,49.23168122768402,50.76831579208374
ILSVRC2012_val_00011429.JPEG,/home/dr-yougart/Desktop/vit_mi/Dataset/ILSVRC2012_img_val/ILSVRC2012_val_00011429.JPEG,727,727,727,True,True,0.9380508661270142,994.8826293945312,995.1887817382812,991.2244873046875,3.65816330909729,3.9642856121063232,0.9927612543106079,0.9962973594665527,414.8323059082031,459.815673828125,1.1534197330474854,0.4046853482723236,1.353705644607544,3.0996596813201904,2.4040889739990234,64.56248760223389,35.43751239776611
ILSVRC2012_val_00011430.JPEG,/home/dr-yougart/Desktop/vit_mi/Dataset/ILSVRC2012_img_val/ILSVRC2012_val_00011430.JPEG,116,116,116,True,True,0.9332971572875977,993.85205078125,994.3826293945312,991.10205078125,2.75,3.2806122303009033,0.994146466255188,0.9971901178359985,413.1402587890625,387.0700988769531,0.9530603885650635,0.35637399554252625,-0.306649774312973,3.0994503498077393,2.406949043273926,47.91306257247925,52.08693742752075
ILSVRC2012_val_00011431.JPEG,/home/dr-yougart/Desktop/vit_mi/Dataset/ILSVRC2012_img_val/ILSVRC2012_val_00011431.JPEG,574,574,574,True,True,0.9591878652572632,993.6836547851562,994.2958984375,991.1683959960938,2.515306234359741,3.1275510787963867,0.994569718837738,0.9974479675292969,376.0871276855469,384.45452880859375,1.0420459508895874,0.29105693101882935,0.3512934148311615,2.197904109954834,1.6321048736572266,56.333744525909424,43.666255474090576
ILSVRC2012_val_00011432.JPEG,/home/dr-yougart/Desktop/vit_mi/Dataset/ILSVRC2012_img_val/ILSVRC2012_val_00011432.JPEG,467,766,357,False,False,0.8970003128051758,995.6224365234375,996.3367309570312,989.5357055664062,6.086734771728516,6.801020622253418,0.9878671765327454,0.993816614151001,423.35833740234375,469.07525634765625,1.1513488292694092,0.5024200677871704,1.3294509649276733,4.337073802947998,3.4148006439208984,59.66671705245972,40.33328294754028
ILSVRC2012_val_00011433.JPEG,/home/dr-yougart/Desktop/vit_mi/Dataset/ILSVRC2012_img_val/ILSVRC2012_val_00011433.JPEG,225,225,225,True,True,0.9104991555213928,994.8316040039062,995.3724365234375,988.1122436523438,6.719387531280518,7.260204315185547,0.986849308013916,0.9931600093841553,375.9105529785156,408.0097961425781,1.1635557413101196,0.4692384898662567,0.9053078889846802,2.889491558074951,2.2285408973693848,60.5282187461853,39.4717812538147
ILSVRC2012_val_00011434.JPEG,/home/dr-yougart/Desktop/vit_mi/Dataset/ILSVRC2012_img_val/ILSVRC2012_val_00011434.JPEG,161,230,161,False,True,0.9243360161781311,995.2703857421875,995.448974609375,988.903076171875,6.36734676361084,6.5459184646606445,0.987809956073761,0.9935250282287598,355.4671630859375,347.3266906738281,1.021798849105835,0.37472066283226013,-0.1573679894208908,2.322969913482666,1.7922215461730957,47.175028920173645,52.824968099594116
ILSVRC2012_val_00011435.JPEG,/home/dr-yougart/Desktop/vit_mi/Dataset/ILSVRC2012_img_val/ILSVRC2012_val_00011435.JPEG,919,489,539,False,False,0.8913919925689697,994.9285888671875,994.9744873046875,989.448974609375,5.4795918464660645,5.525510311126709,0.9894418716430664,0.9944526553153992,356.1850280761719,358.4900817871094,1.0510259866714478,0.5172066688537598,-0.05863839387893677,3.753631114959717,2.964094638824463,49.276551604270935,50.723451375961304
ILSVRC2012_val_00011436.JPEG,/home/dr-yougart/Desktop/vit_mi/Dataset/ILSVRC2012_img_val/ILSVRC2012_val_00011436.JPEG,975,975,975,True,True,0.8947700262069702,994.6071166992188,994.6887817382812,985.6785888671875,8.928571701049805,9.010204315185547,0.983069896697998,0.9909340143203735,360.2745666503906,378.188232421875,1.122734546661377,0.4853241443634033,0.5354276895523071,2.8879733085632324,2.224911689758301,55.68421483039856,44.31578814983368
ILSVRC2012_val_00011437.JPEG,/home/dr-yougart/Desktop/vit_mi/Dataset/ILSVRC2012_img_val/ILSVRC2012_val_00011437.JPEG,440,737,440,False,True,0.9538630247116089,994.2908325195312,995.0101928710938,992.2091674804688,2.081632614135742,2.801020383834839,0.9952338933944702,0.9978954792022705,355.7335510253906,407.73016357421875,1.1950589418411255,0.4003026783466339,1.5947822332382202,2.9427525997161865,2.1961097717285156,66.05544090270996,33.94455909729004
ILSVRC2012_val_00011438.JPEG,/home/dr-yougart/Desktop/vit_mi/Dataset/ILSVRC2012_img_val/ILSVRC2012_val_00011438.JPEG,657,744,744,False,False,0.9399846196174622,994.698974609375,994.85205078125,990.3826293945312,4.31632661819458,4.469387531280518,0.9916254878044128,0.9956189393997192,387.86474609375,409.5450439453125,1.083903431892395,0.36445289850234985,0.6638327836990356,2.8249104022979736,2.1716480255126953,56.63292407989502,43.36707592010498
ILSVRC2012_val_00011439.JPEG,/home/dr-yougart/Desktop/vit_mi/Dataset/ILSVRC2012_img_val/ILSVRC2012_val_00011439.JPEG,622,477,878,False,False,0.8791270852088928,994.4541015625,995.8877563476562,987.5816040039062,6.872448921203613,8.306122779846191,0.9856564998626709,0.9929774403572083,372.83282470703125,410.5886535644531,1.1610658168792725,0.5601743459701538,1.2975709438323975,4.137808322906494,3.358816146850586,60.36958694458008,39.63041007518768
ILSVRC2012_val_00011440.JPEG,/home/dr-yougart/Desktop/vit_mi/Dataset/ILSVRC2012_img_val/ILSVRC2012_val_00011440.JPEG,755,755,755,True,True,0.9328267574310303,994.9081420898438,995.4846801757812,991.0816040039062,3.826530694961548,4.403061389923096,0.9921508431434631,0.9961087107658386,371.0357971191406,372.74835205078125,1.0216245651245117,0.37374091148376465,0.06543272733688354,2.794710874557495,2.1677703857421875,48.794350028038025,51.205652952194214
ILSVRC2012_val_00011441.JPEG,/home/dr-yougart/Desktop/vit_mi/Dataset/ILSVRC2012_img_val/ILSVRC2012_val_00011441.JPEG,956,956,956,True,True,0.9153320789337158,995.6122436523438,996.5816040039062,990.2857055664062,5.326530456542969,6.2959184646606445,0.9890203475952148,0.9945709109306335,359.1066589355469,386.9570617675781,1.1337722539901733,0.4382011890411377,1.244247555732727,3.197122573852539,2.5592193603515625,63.69373798370361,36.30626201629639
ILSVRC2012_val_00011442.JPEG,/home/dr-yougart/Desktop/vit_mi/Dataset/ILSVRC2012_img_val/ILSVRC2012_val_00011442.JPEG,534,896,729,False,False,0.9340927004814148,994.5765380859375,994.3163452148438,990.948974609375,3.6275510787963867,3.367347002029419,0.9932741522789001,0.9963183999061584,372.9505310058594,381.880126953125,1.0847947597503662,0.45159268379211426,0.19728757441043854,3.2969865798950195,2.4423117637634277,50.39953589439392,49.60046410560608
ILSVRC2012_val_00011443.JPEG,/home/dr-yougart/Desktop/vit_mi/Dataset/ILSVRC2012_img_val/ILSVRC2012_val_00011443.JPEG,941,940,940,False,False,0.9468263983726501,996.0,995.7091674804688,992.3622436523438,3.6377551555633545,3.3469388484954834,0.9933838844299316,0.9963220953941345,386.85626220703125,408.2735900878906,1.0969080924987793,0.3479793071746826,0.47070321440696716,2.441784620285034,1.9009685516357422,55.79811334609985,44.201889634132385
ILSVRC2012_val_00011444.JPEG,/home/dr-yougart/Desktop/vit_mi/Dataset/ILSVRC2012_img_val/ILSVRC2012_val_00011444.JPEG,33,33,33,True,True,0.9458841681480408,993.6173706054688,994.9591674804688,989.0,4.61734676361084,5.959183692932129,0.9898740649223328,0.995307207107544,409.53387451171875,434.9845275878906,1.0884565114974976,0.318583607673645,0.65640789270401,2.4093761444091797,1.877121925354004,58.64303112030029,41.35696887969971
ILSVRC2012_val_00011445.JPEG,/home/dr-yougart/Desktop/vit_mi/Dataset/ILSVRC2012_img_val/ILSVRC2012_val_00011445.JPEG,549,549,916,True,False,0.9460783004760742,992.60205078125,993.6377563476562,990.0101928710938,2.59183669090271,3.6275510787963867,0.9939334392547607,0.9973693490028381,363.5956115722656,401.14093017578125,1.1397888660430908,0.3730566203594208,1.260472059249878,2.7809088230133057,2.081601142883301,64.25464749336243,35.74535548686981
ILSVRC2012_val_00011446.JPEG,/home/dr-yougart/Desktop/vit_mi/Dataset/ILSVRC2012_img_val/ILSVRC2012_val_00011446.JPEG,17,17,17,True,True,0.951661229133606,994.1071166992188,994.7857055664062,990.2346801757812,3.8724489212036133,4.551020622253418,0.9919739365577698,0.9960583448410034,414.816162109375,428.4864196777344,1.0629405975341797,0.3009359836578369,0.6683616638183594,2.4611661434173584,1.8549556732177734,58.16029906272888,41.83970093727112
ILSVRC2012_val_00011447.JPEG,/home/dr-yougart/Desktop/vit_mi/Dataset/ILSVRC2012_img_val/ILSVRC2012_val_00011447.JPEG,294,294,294,True,True,0.9466387629508972,992.69384765625,993.30615234375,986.0714111328125,6.622448921203613,7.234694004058838,0.9867177605628967,0.9932828545570374,377.4960632324219,374.7742004394531,1.0436125993728638,0.31787362694740295,-0.12041345238685608,1.9039651155471802,1.4307618141174316,46.77342474460602,53.22657227516174
ILSVRC2012_val_00011448.JPEG,/home/dr-yougart/Desktop/vit_mi/Dataset/ILSVRC2012_img_val/ILSVRC2012_val_00011448.JPEG,42,42,42,True,True,0.8805202841758728,994.1428833007812,994.0357055664062,985.4132690429688,8.729591369628906,8.622448921203613,0.9835972189903259,0.9911327958106995,345.5747375488281,375.6243896484375,1.183903455734253,0.5603070855140686,0.9510044455528259,3.2325427532196045,2.4975357055664062,58.76587629318237,41.23412370681763
ILSVRC2012_val_00011449.JPEG,/home/dr-yougart/Desktop/vit_mi/Dataset/ILSVRC2012_img_val/ILSVRC2012_val_00011449.JPEG,975,975,975,True,True,0.9409244060516357,994.7296142578125,994.8622436523438,990.9132690429688,3.81632661819458,3.948979616165161,0.9925020933151245,0.9961329698562622,352.897705078125,365.2816467285156,1.052812099456787,0.36573195457458496,0.25373759865760803,2.6733522415161133,2.073653221130371,51.79771184921265,48.20228815078735
ILSVRC2012_val_00011450.JPEG,/home/dr-yougart/Desktop/vit_mi/Dataset/ILSVRC2012_img_val/ILSVRC2012_val_00011450.JPEG,905,905,905,True,True,0.8913912177085876,993.44384765625,994.7958984375,984.9796142578125,8.464285850524902,9.816326141357422,0.9826892018318176,0.9914014935493469,387.068359375,365.6560974121094,0.9967422485351562,0.46901944279670715,-0.440344899892807,3.1747608184814453,2.4805965423583984,46.42746150493622,53.57254147529602
ILSVRC2012_val_00011451.JPEG,/home/dr-yougart/Desktop/vit_mi/Dataset/ILSVRC2012_img_val/ILSVRC2012_val_00011451.JPEG,874,874,874,True,True,0.9065333604812622,995.9693603515625,996.4796142578125,990.14794921875,5.8214287757873535,6.331632614135742,0.9885995984077454,0.994065523147583,419.85662841796875,407.4493103027344,1.024530053138733,0.4356660544872284,-0.10327711701393127,3.418865919113159,2.6521244049072266,48.69196116924286,51.30804181098938
ILSVRC2012_val_00011452.JPEG,/home/dr-yougart/Desktop/vit_mi/Dataset/ILSVRC2012_img_val/ILSVRC2012_val_00011452.JPEG,683,683,683,True,True,0.8913747668266296,995.301025390625,995.14794921875,987.4898071289062,7.811224460601807,7.658163070678711,0.9854210019111633,0.9920660257339478,407.0281677246094,419.95703125,1.0893828868865967,0.5154478549957275,0.2766590118408203,3.8044309616088867,2.9621143341064453,50.956350564956665,49.043649435043335
ILSVRC2012_val_00011453.JPEG,/home/dr-yougart/Desktop/vit_mi/Dataset/ILSVRC2012_img_val/ILSVRC2012_val_00011453.JPEG,121,121,121,True,True,0.9309219121932983,995.3112182617188,995.153076171875,988.8775634765625,6.43367338180542,6.275510311126709,0.9879957437515259,0.9934638738632202,388.3276062011719,370.4776916503906,1.0035113096237183,0.3595888316631317,-0.5294895172119141,2.3945746421813965,1.8509106636047363,42.56629943847656,57.43370056152344
ILSVRC2012_val_00011454.JPEG,/home/dr-yougart/Desktop/vit_mi/Dataset/ILSVRC2012_img_val/ILSVRC2012_val_00011454.JPEG,706,706,807,True,False,0.9163374900817871,996.1581420898438,996.3673706054688,992.5357055664062,3.6224489212036133,3.831632614135742,0.9929197430610657,0.9963308572769165,364.00543212890625,331.7481384277344,0.9332979917526245,0.4178972542285919,-0.8258058428764343,3.249109983444214,2.5779824256896973,41.49904549121857,58.500951528549194
ILSVRC2012_val_00011455.JPEG,/home/dr-yougart/Desktop/vit_mi/Dataset/ILSVRC2012_img_val/ILSVRC2012_val_00011455.JPEG,742,742,637,True,False,0.9402015209197998,992.8571166992188,993.6836547851562,990.7091674804688,2.1479592323303223,2.974489688873291,0.9949659109115601,0.9978187084197998,397.0538635253906,427.53070068359375,1.1266814470291138,0.4211080074310303,1.1163926124572754,3.3914430141448975,2.467219352722168,58.03459882736206,41.96540415287018
ILSVRC2012_val_00011456.JPEG,/home/dr-yougart/Desktop/vit_mi/Dataset/ILSVRC2012_img_val/ILSVRC2012_val_00011456.JPEG,533,533,434,True,False,0.9290441274642944,995.5153198242188,995.30615234375,990.1428833007812,5.372448921203613,5.163265228271484,0.9899814128875732,0.9945682883262634,386.5292053222656,381.95355224609375,1.0116173028945923,0.380047470331192,-0.21115043759346008,2.9311020374298096,2.318497657775879,48.182594776153564,51.817405223846436
ILSVRC2012_val_00011457.JPEG,/home/dr-yougart/Desktop/vit_mi/Dataset/ILSVRC2012_img_val/ILSVRC2012_val_00011457.JPEG,232,227,232,False,True,0.9272623062133789,994.80615234375,994.7806396484375,990.0816040039062,4.724489688873291,4.698979377746582,0.9909462332725525,0.9952152967453003,327.67156982421875,351.7212219238281,1.1098204851150513,0.422868937253952,0.5807210206985474,2.7151076793670654,2.1254873275756836,57.10722804069519,42.89277195930481
ILSVRC2012_val_00011458.JPEG,/home/dr-yougart/Desktop/vit_mi/Dataset/ILSVRC2012_img_val/ILSVRC2012_val_00011458.JPEG,963,963,963,True,True,0.9351320266723633,995.3316040039062,995.1785888671875,990.1428833007812,5.188775539398193,5.035714149475098,0.9902619123458862,0.9947305917739868,367.7666931152344,369.3066101074219,1.0396546125411987,0.3554389774799347,0.126057431101799,2.5484862327575684,2.0260181427001953,51.285117864608765,48.714882135391235
ILSVRC2012_val_00011459.JPEG,/home/dr-yougart/Desktop/vit_mi/Dataset/ILSVRC2012_img_val/ILSVRC2012_val_00011459.JPEG,752,752,543,True,False,0.9061574935913086,994.8622436523438,994.89794921875,987.9796142578125,6.88265323638916,6.918367385864258,0.9869382977485657,0.9930176734924316,400.1954650878906,376.12274169921875,0.9833303093910217,0.42304912209510803,-0.5493295192718506,3.122992515563965,2.4678964614868164,44.581809639930725,55.418187379837036
ILSVRC2012_val_00011460.JPEG,/home/dr-yougart/Desktop/vit_mi/Dataset/ILSVRC2012_img_val/ILSVRC2012_val_00011460.JPEG,564,564,564,True,True,0.9612195491790771,993.0101928710938,993.198974609375,989.4898071289062,3.5204081535339355,3.709183692932129,0.992829442024231,0.9964330196380615,370.5029602050781,363.7093505859375,0.9869351387023926,0.27447474002838135,-0.06600041687488556,2.1735806465148926,1.7326135635375977,49.12034571170807,50.87965130805969
ILSVRC2012_val_00011461.JPEG,/home/dr-yougart/Desktop/vit_mi/Dataset/ILSVRC2012_img_val/ILSVRC2012_val_00011461.JPEG,734,734,734,True,True,0.9453845024108887,994.994873046875,995.3928833007812,991.55615234375,3.4387755393981934,3.8367347717285156,0.993035614490509,0.9965059161186218,392.71240234375,380.7402648925781,0.9940224289894104,0.3167992830276489,-0.1764807403087616,2.507974624633789,1.9954609870910645,48.190075159072876,51.809924840927124
ILSVRC2012_val_00011462.JPEG,/home/dr-yougart/Desktop/vit_mi/Dataset/ILSVRC2012_img_val/ILSVRC2012_val_00011462.JPEG,561,561,561,True,True,0.9172566533088684,994.0918579101562,994.9744873046875,987.4898071289062,6.602040767669678,7.484694004058838,0.9866141676902771,0.9932969808578491,430.49371337890625,434.6263122558594,1.0547161102294922,0.40593937039375305,0.08654181659221649,3.244807720184326,2.5383806228637695,50.77293515205383,49.22706484794617
ILSVRC2012_val_00011463.JPEG,/home/dr-yougart/Desktop/vit_mi/Dataset/ILSVRC2012_img_val/ILSVRC2012_val_00011463.JPEG,269,269,269,True,True,0.8780100345611572,994.4081420898438,995.3622436523438,986.9642944335938,7.443877696990967,8.397958755493164,0.9849847555160522,0.9924318194389343,375.2524719238281,395.395263671875,1.1176868677139282,0.5487178564071655,0.9277682304382324,3.8700270652770996,2.9860267639160156,57.89501070976257,42.104992270469666
ILSVRC2012_val_00011464.JPEG,/home/dr-yougart/Desktop/vit_mi/Dataset/ILSVRC2012_img_val/ILSVRC2012_val_00011464.JPEG,932,932,932,True,True,0.9616320133209229,996.096923828125,995.7703857421875,993.4285888671875,2.668367385864258,2.34183669090271,0.9952273368835449,0.9973098635673523,390.877197265625,380.9386901855469,0.9832367897033691,0.2632805109024048,-0.34385064244270325,2.154110908508301,1.683340072631836,44.554007053375244,55.445992946624756
ILSVRC2012_val_00011465.JPEG,/home/dr-yougart/Desktop/vit_mi/Dataset/ILSVRC2012_img_val/ILSVRC2012_val_00011465.JPEG,227,227,227,True,True,0.9378902912139893,994.903076171875,995.3928833007812,991.0714111328125,3.831632614135742,4.3214287757873535,0.9922007322311401,0.99611896276474,363.5528869628906,363.90118408203125,1.0194263458251953,0.3545123040676117,0.012116282247006893,2.595466136932373,2.0654807090759277,50.34491419792175,49.65508282184601
ILSVRC2012_val_00011466.JPEG,/home/dr-yougart/Desktop/vit_mi/Dataset/ILSVRC2012_img_val/ILSVRC2012_val_00011466.JPEG,906,906,616,True,False,0.9287030100822449,994.4183959960938,993.89794921875,988.8265380859375,5.591836929321289,5.0714287757873535,0.9897286295890808,0.9943563342094421,338.2165222167969,331.3817443847656,1.0177669525146484,0.3946651518344879,-0.09990373253822327,2.5610158443450928,2.022860527038574,48.08317422866821,51.91682577133179
ILSVRC2012_val_00011467.JPEG,/home/dr-yougart/Desktop/vit_mi/Dataset/ILSVRC2012_img_val/ILSVRC2012_val_00011467.JPEG,54,54,62,True,False,0.9284436106681824,996.4081420898438,995.8622436523438,991.9541015625,4.4540815353393555,3.90816330909729,0.9920705556869507,0.9955065846443176,326.94500732421875,373.44842529296875,1.1742688417434692,0.4535093605518341,1.1338391304016113,2.8730967044830322,2.2541255950927734,62.24726438522339,37.75273561477661
ILSVRC2012_val_00011468.JPEG,/home/dr-yougart/Desktop/vit_mi/Dataset/ILSVRC2012_img_val/ILSVRC2012_val_00011468.JPEG,147,147,147,True,True,0.9413623213768005,994.7398071289062,995.1071166992188,992.1632690429688,2.576530694961548,2.9438774585723877,0.9946759343147278,0.9973745346069336,381.3685302734375,440.4039306640625,1.1898502111434937,0.43117305636405945,1.5362437963485718,3.178719997406006,2.3298492431640625,64.72252011299133,35.27747988700867
ILSVRC2012_val_00011469.JPEG,/home/dr-yougart/Desktop/vit_mi/Dataset/ILSVRC2012_img_val/ILSVRC2012_val_00011469.JPEG,721,721,721,True,True,0.9338600635528564,994.8622436523438,995.8571166992188,991.1683959960938,3.6938774585723877,4.688775539398193,0.9919928908348083,0.9962392449378967,360.5329284667969,391.3802490234375,1.1302779912948608,0.40901052951812744,1.1518659591674805,3.024249792098999,2.4187231063842773,62.54935264587402,37.45064735412598
ILSVRC2012_val_00011470.JPEG,/home/dr-yougart/Desktop/vit_mi/Dataset/ILSVRC2012_img_val/ILSVRC2012_val_00011470.JPEG,540,540,540,True,True,0.9173681139945984,994.2091674804688,994.051025390625,989.5255126953125,4.68367338180542,4.525510311126709,0.9912062883377075,0.9952565431594849,405.7442626953125,419.8333740234375,1.073390007019043,0.4610992670059204,0.5899338722229004,3.7739858627319336,2.802457332611084,53.42438817024231,46.57561182975769
ILSVRC2012_val_00011471.JPEG,/home/dr-yougart/Desktop/vit_mi/Dataset/ILSVRC2012_img_val/ILSVRC2012_val_00011471.JPEG,965,965,965,True,True,0.9367809891700745,993.2346801757812,994.14794921875,987.6785888671875,5.556122303009033,6.469387531280518,0.9884750843048096,0.9943484663963318,371.71990966796875,370.0214538574219,1.0300894975662231,0.35273632407188416,0.08106222003698349,2.477438449859619,1.882084846496582,50.296252965927124,49.703747034072876
ILSVRC2012_val_00011472.JPEG,/home/dr-yougart/Desktop/vit_mi/Dataset/ILSVRC2012_img_val/ILSVRC2012_val_00011472.JPEG,664,526,526,False,False,0.9473010301589966,995.7601928710938,995.4132690429688,992.4693603515625,3.290816307067871,2.9438774585723877,0.9940122365951538,0.9966705441474915,360.51904296875,354.41741943359375,1.0022329092025757,0.3247317373752594,-0.16051337122917175,2.5061283111572266,1.9741296768188477,48.680368065834045,51.319628953933716
ILSVRC2012_val_00011473.JPEG,/home/dr-yougart/Desktop/vit_mi/Dataset/ILSVRC2012_img_val/ILSVRC2012_val_00011473.JPEG,156,156,156,True,True,0.9304125905036926,994.4387817382812,995.0306396484375,987.3877563476562,7.051020622253418,7.642857074737549,0.9861122369766235,0.9928219318389893,375.5362854003906,362.3529052734375,1.0088562965393066,0.31519579887390137,-0.12580454349517822,2.0808684825897217,1.5202035903930664,46.16903066635132,53.83096933364868
ILSVRC2012_val_00011474.JPEG,/home/dr-yougart/Desktop/vit_mi/Dataset/ILSVRC2012_img_val/ILSVRC2012_val_00011474.JPEG,29,26,26,False,False,0.9402182698249817,995.3163452148438,995.153076171875,991.0867309570312,4.2295918464660645,4.06632661819458,0.9921318888664246,0.9957183599472046,339.52117919921875,358.72332763671875,1.0919322967529297,0.3764600455760956,0.5198590755462646,2.487663984298706,1.8891429901123047,56.25344514846802,43.74655783176422
ILSVRC2012_val_00011475.JPEG,/home/dr-yougart/Desktop/vit_mi/Dataset/ILSVRC2012_img_val/ILSVRC2012_val_00011475.JPEG,425,425,345,True,False,0.9455230236053467,993.69384765625,993.8826293945312,990.1734619140625,3.5204081535339355,3.709183692932129,0.9930148720741272,0.9964390397071838,381.4259033203125,389.97894287109375,1.0445942878723145,0.34704428911209106,0.250640869140625,2.6474609375,1.9835166931152344,52.03015208244324,47.96984791755676
ILSVRC2012_val_00011476.JPEG,/home/dr-yougart/Desktop/vit_mi/Dataset/ILSVRC2012_img_val/ILSVRC2012_val_00011476.JPEG,325,325,325,True,True,0.9321418404579163,993.89794921875,994.5408325195312,987.0765380859375,6.8214287757873535,7.464285850524902,0.9863809943199158,0.9930562973022461,384.0322570800781,381.9859619140625,1.0449796915054321,0.3523096442222595,0.3998943865299225,2.5294013023376465,1.8950891494750977,57.25782513618469,42.74217188358307
ILSVRC2012_val_00011477.JPEG,/home/dr-yougart/Desktop/vit_mi/Dataset/ILSVRC2012_img_val/ILSVRC2012_val_00011477.JPEG,359,359,151,True,False,0.9161832928657532,994.0714111328125,995.5458984375,987.7857055664062,6.285714149475098,7.760204315185547,0.9867140054702759,0.9935698509216309,375.82843017578125,369.177978515625,1.040445327758789,0.405704140663147,0.2492504119873047,2.861574649810791,2.1682443618774414,51.83258652687073,48.16741347312927
ILSVRC2012_val_00011478.JPEG,/home/dr-yougart/Desktop/vit_mi/Dataset/ILSVRC2012_img_val/ILSVRC2012_val_00011478.JPEG,535,535,535,True,True,0.9484480023384094,994.1377563476562,994.4744873046875,989.2806396484375,4.857142925262451,5.193877696990967,0.9903698563575745,0.995061993598938,457.42578125,437.7999572753906,0.9823578596115112,0.2970326542854309,-0.34767162799835205,2.707724094390869,2.0905227661132812,45.65727412700653,54.34272289276123
ILSVRC2012_val_00011479.JPEG,/home/dr-yougart/Desktop/vit_mi/Dataset/ILSVRC2012_img_val/ILSVRC2012_val_00011479.JPEG,834,834,834,True,True,0.9240529537200928,995.301025390625,995.4387817382812,989.755126953125,5.5459184646606445,5.68367338180542,0.9893950819969177,0.9943739175796509,364.167236328125,370.01824951171875,1.0625306367874146,0.39407235383987427,0.2547905445098877,2.6350338459014893,2.0612549781799316,53.25270891189575,46.74728810787201
ILSVRC2012_val_00011480.JPEG,/home/dr-yougart/Desktop/vit_mi/Dataset/ILSVRC2012_img_val/ILSVRC2012_val_00011480.JPEG,526,527,782,False,False,0.919733464717865,995.0816040039062,994.5816040039062,989.35205078125,5.7295918464660645,5.2295918464660645,0.9895813465118408,0.9942166805267334,351.14483642578125,350.536376953125,1.0469534397125244,0.4404837191104889,-0.14511604607105255,2.7992665767669678,2.1840014457702637,48.524853587150574,51.47514343261719
ILSVRC2012_val_00011481.JPEG,/home/dr-yougart/Desktop/vit_mi/Dataset/ILSVRC2012_img_val/ILSVRC2012_val_00011481.JPEG,623,623,623,True,True,0.9409340620040894,993.75,993.653076171875,990.69384765625,3.0561225414276123,2.959183692932129,0.9941673278808594,0.9969108700752258,346.04742431640625,438.527587890625,1.3294353485107422,0.541317880153656,2.5130362510681152,3.8017094135284424,2.597895622253418,69.8289155960083,30.17108142375946
ILSVRC2012_val_00011482.JPEG,/home/dr-yougart/Desktop/vit_mi/Dataset/ILSVRC2012_img_val/ILSVRC2012_val_00011482.JPEG,366,366,366,True,True,0.9505899548530579,994.846923828125,995.6428833007812,991.0408325195312,3.8061225414276123,4.602040767669678,0.9920284748077393,0.9961110949516296,411.3462219238281,405.96038818359375,1.014520287513733,0.2828468680381775,0.025846056640148163,2.19922137260437,1.6596683263778687,49.491360783576965,50.508636236190796
ILSVRC2012_val_00011483.JPEG,/home/dr-yougart/Desktop/vit_mi/Dataset/ILSVRC2012_img_val/ILSVRC2012_val_00011483.JPEG,58,58,58,True,True,0.8990785479545593,994.698974609375,995.6071166992188,988.4183959960938,6.280612468719482,7.188775539398193,0.9872602224349976,0.9936088919639587,382.4227600097656,416.0169372558594,1.139638066291809,0.505966305732727,1.0792551040649414,3.7113759517669678,2.8922815322875977,58.85201096534729,41.14798903465271
ILSVRC2012_val_00011484.JPEG,/home/dr-yougart/Desktop/vit_mi/Dataset/ILSVRC2012_img_val/ILSVRC2012_val_00011484.JPEG,973,973,973,True,True,0.9298199415206909,995.39794921875,995.69384765625,989.9336547851562,5.464285850524902,5.760204315185547,0.9893755912780762,0.9944518208503723,322.7852478027344,335.6481628417969,1.0998151302337646,0.41129744052886963,0.3168083429336548,2.3583528995513916,1.8053069114685059,53.28845977783203,46.71102464199066
ILSVRC2012_val_00011485.JPEG,/home/dr-yougart/Desktop/vit_mi/Dataset/ILSVRC2012_img_val/ILSVRC2012_val_00011485.JPEG,838,838,419,True,False,0.9518178105354309,994.8928833007812,995.653076171875,991.7193603515625,3.173469305038452,3.93367338180542,0.9931831359863281,0.9967869520187378,363.0627136230469,375.1400146484375,1.063838243484497,0.3157331645488739,0.4732379615306854,2.34041166305542,1.8609046936035156,56.5216064453125,43.47839653491974
ILSVRC2012_val_00011486.JPEG,/home/dr-yougart/Desktop/vit_mi/Dataset/ILSVRC2012_img_val/ILSVRC2012_val_00011486.JPEG,570,570,570,True,True,0.9660535454750061,994.8826293945312,995.4591674804688,991.9132690429688,2.9693877696990967,3.5459184646606445,0.9937779903411865,0.9969732165336609,449.33062744140625,453.1366271972656,1.031351089477539,0.23244763910770416,0.34961462020874023,2.1918389797210693,1.6811513900756836,54.61461544036865,45.385387539863586
ILSVRC2012_val_00011487.JPEG,/home/dr-yougart/Desktop/vit_mi/Dataset/ILSVRC2012_img_val/ILSVRC2012_val_00011487.JPEG,433,61,390,False,False,0.9299132823944092,994.5,994.903076171875,989.153076171875,5.346938610076904,5.75,0.9894081950187683,0.9945867657661438,379.0529479980469,392.63409423828125,1.0769381523132324,0.3871622383594513,0.4614945650100708,2.931563377380371,2.307652473449707,54.58958148956299,45.41042149066925
ILSVRC2012_val_00011488.JPEG,/home/dr-yougart/Desktop/vit_mi/Dataset/ILSVRC2012_img_val/ILSVRC2012_val_00011488.JPEG,98,98,98,True,True,0.9022061228752136,991.551025390625,992.94384765625,982.4541015625,9.096939086914062,10.489795684814453,0.9813779592514038,0.990746021270752,400.62060546875,400.48406982421875,1.0489431619644165,0.4248245358467102,0.09269753098487854,3.0105342864990234,2.2183995246887207,53.65208983421326,46.34791016578674
ILSVRC2012_val_00011489.JPEG,/home/dr-yougart/Desktop/vit_mi/Dataset/ILSVRC2012_img_val/ILSVRC2012_val_00011489.JPEG,92,96,371,False,False,0.9210624694824219,995.4744873046875,995.4336547851562,990.7142944335938,4.760204315185547,4.719387531280518,0.9909860491752625,0.9951830506324768,365.75311279296875,416.8376159667969,1.188637137413025,0.47388970851898193,1.4521478414535522,3.461682081222534,2.644639015197754,64.38665390014648,35.613349080085754
ILSVRC2012_val_00011490.JPEG,/home/dr-yougart/Desktop/vit_mi/Dataset/ILSVRC2012_img_val/ILSVRC2012_val_00011490.JPEG,735,735,735,True,True,0.9734193682670593,993.6377563476562,993.0203857421875,990.2193603515625,3.418367385864258,2.801020383834839,0.9939537644386292,0.9965534806251526,392.8886413574219,393.39874267578125,1.0106747150421143,0.22769828140735626,-0.062467530369758606,1.6830998659133911,1.2902588844299316,48.58900606632233,51.41099691390991
ILSVRC2012_val_00011491.JPEG,/home/dr-yougart/Desktop/vit_mi/Dataset/ILSVRC2012_img_val/ILSVRC2012_val_00011491.JPEG,239,239,238,True,False,0.944019079208374,995.60205078125,996.2398071289062,991.7244873046875,3.8775510787963867,4.515305995941162,0.9920514822006226,0.9960414171218872,369.3395690917969,381.0599060058594,1.0629886388778687,0.3333093822002411,0.4234478771686554,2.3887293338775635,1.8638420104980469,55.826789140701294,44.17320787906647
ILSVRC2012_val_00011492.JPEG,/home/dr-yougart/Desktop/vit_mi/Dataset/ILSVRC2012_img_val/ILSVRC2012_val_00011492.JPEG,705,705,829,True,False,0.9196723103523254,995.0867309570312,995.9642944335938,989.6581420898438,5.4285712242126465,6.306122303009033,0.9888997077941895,0.9944790601730347,367.3334655761719,379.09710693359375,1.0947787761688232,0.42224791646003723,0.6021500825881958,2.9624388217926025,2.291213035583496,55.27470111846924,44.72529590129852
ILSVRC2012_val_00011493.JPEG,/home/dr-yougart/Desktop/vit_mi/Dataset/ILSVRC2012_img_val/ILSVRC2012_val_00011493.JPEG,957,957,912,True,False,0.9050995111465454,994.9642944335938,995.551025390625,988.7091674804688,6.255102157592773,6.841836929321289,0.9876080751419067,0.9936432242393494,410.3168029785156,415.490234375,1.0694783926010132,0.485866904258728,0.23729649186134338,3.6718924045562744,2.860157012939453,52.648526430130005,47.351473569869995
ILSVRC2012_val_00011494.JPEG,/home/dr-yougart/Desktop/vit_mi/Dataset/ILSVRC2012_img_val/ILSVRC2012_val_00011494.JPEG,170,170,170,True,True,0.8950528502464294,995.4796142578125,995.8214111328125,988.3775634765625,7.102040767669678,7.443877696990967,0.9863252639770508,0.9927810430526733,374.4272155761719,390.3454284667969,1.1014446020126343,0.4916861057281494,0.47082024812698364,3.1685023307800293,2.477235794067383,54.37379479408264,45.62620520591736
ILSVRC2012_val_00011495.JPEG,/home/dr-yougart/Desktop/vit_mi/Dataset/ILSVRC2012_img_val/ILSVRC2012_val_00011495.JPEG,254,254,151,True,False,0.926463782787323,994.0203857421875,993.9541015625,988.3622436523438,5.658163070678711,5.591836929321289,0.9891903400421143,0.9942734241485596,331.4949951171875,344.9614562988281,1.0870702266693115,0.4124281704425812,0.4421157240867615,2.6652069091796875,2.1092405319213867,54.45981025695801,45.54018974304199
ILSVRC2012_val_00011496.JPEG,/home/dr-yougart/Desktop/vit_mi/Dataset/ILSVRC2012_img_val/ILSVRC2012_val_00011496.JPEG,400,400,400,True,True,0.9373552203178406,995.8928833007812,996.0816040039062,992.1887817382812,3.7040815353393555,3.892857074737549,0.992781400680542,0.9962475299835205,402.32135009765625,413.28875732421875,1.0606921911239624,0.36120694875717163,0.3729795217514038,2.9327638149261475,2.318258285522461,53.93507480621338,46.06492519378662
ILSVRC2012_val_00011497.JPEG,/home/dr-yougart/Desktop/vit_mi/Dataset/ILSVRC2012_img_val/ILSVRC2012_val_00011497.JPEG,911,452,551,False,False,0.9289677739143372,994.7857055664062,995.744873046875,991.1887817382812,3.5969388484954834,4.556122303009033,0.9922128915786743,0.9963526129722595,345.9255065917969,387.02398681640625,1.1594593524932861,0.4413037598133087,1.3772072792053223,3.2057526111602783,2.4931044578552246,63.320690393447876,36.67931258678436
ILSVRC2012_val_00011498.JPEG,/home/dr-yougart/Desktop/vit_mi/Dataset/ILSVRC2012_img_val/ILSVRC2012_val_00011498.JPEG,229,229,220,True,False,0.9268609881401062,995.5816040039062,995.6428833007812,990.5765380859375,5.005102157592773,5.06632661819458,0.9904872179031372,0.9949285387992859,410.913818359375,413.1704406738281,1.0328618288040161,0.3892914950847626,-0.15952396392822266,3.0301804542541504,2.38584041595459,47.55733907222748,52.44266390800476
ILSVRC2012_val_00011499.JPEG,/home/dr-yougart/Desktop/vit_mi/Dataset/ILSVRC2012_img_val/ILSVRC2012_val_00011499.JPEG,405,405,405,True,True,0.9181457161903381,991.948974609375,993.653076171875,983.7244873046875,8.22449016571045,9.928571701049805,0.9827591180801392,0.9916287660598755,371.8356628417969,350.3695068359375,0.9789993762969971,0.38138437271118164,-0.43037086725234985,2.35522723197937,1.7519330978393555,45.938488841056824,54.061514139175415
ILSVRC2012_val_00011500.JPEG,/home/dr-yougart/Desktop/vit_mi/Dataset/ILSVRC2012_img_val/ILSVRC2012_val_00011500.JPEG,467,766,766,False,False,0.9570775628089905,994.9183959960938,994.994873046875,992.5663452148438,2.3520407676696777,2.4285714626312256,0.9952667951583862,0.9976338148117065,406.42340087890625,396.73345947265625,1.0003474950790405,0.3287002444267273,-0.24892139434814453,2.996962547302246,2.4199676513671875,47.46200144290924,52.538001537323
ILSVRC2012_val_00011501.JPEG,/home/dr-yougart/Desktop/vit_mi/Dataset/ILSVRC2012_img_val/ILSVRC2012_val_00011501.JPEG,18,18,18,True,True,0.9440302848815918,988.2908325195312,992.1224365234375,983.0255126953125,5.265305995941162,9.096939086914062,0.9858518838882446,0.9946428537368774,370.32855224609375,417.6620788574219,1.2044070959091187,0.4469200074672699,1.6466772556304932,3.115664482116699,1.8940649032592773,63.847553730010986,36.152446269989014
ILSVRC2012_val_00011502.JPEG,/home/dr-yougart/Desktop/vit_mi/Dataset/ILSVRC2012_img_val/ILSVRC2012_val_00011502.JPEG,330,330,330,True,True,0.8726198673248291,995.5101928710938,994.6071166992188,987.0153198242188,8.494897842407227,7.591836929321289,0.9848281741142273,0.9914189577102661,393.1678466796875,447.57421875,1.2248132228851318,0.634367048740387,1.1909408569335938,4.48251485824585,3.480440616607666,58.31795334815979,41.68204367160797
ILSVRC2012_val_00011503.JPEG,/home/dr-yougart/Desktop/vit_mi/Dataset/ILSVRC2012_img_val/ILSVRC2012_val_00011503.JPEG,752,515,852,False,False,0.9188777208328247,994.8877563476562,995.3367309570312,989.4846801757812,5.403061389923096,5.852040767669678,0.9893155694007874,0.9945027232170105,382.4770812988281,416.5448913574219,1.1324059963226318,0.44609948992729187,0.9881067872047424,3.376312494277954,2.6136012077331543,58.80250930786133,41.19749069213867
ILSVRC2012_val_00011504.JPEG,/home/dr-yougart/Desktop/vit_mi/Dataset/ILSVRC2012_img_val/ILSVRC2012_val_00011504.JPEG,422,422,422,True,True,0.926613450050354,995.6428833007812,996.1275634765625,991.1428833007812,4.5,4.984694004058838,0.9910383224487305,0.995428740978241,405.4945373535156,404.6247253417969,1.0346581935882568,0.370225191116333,0.20634225010871887,3.014430046081543,2.3719029426574707,52.57896184921265,47.421035170555115
ILSVRC2012_val_00011505.JPEG,/home/dr-yougart/Desktop/vit_mi/Dataset/ILSVRC2012_img_val/ILSVRC2012_val_00011505.JPEG,956,956,956,True,True,0.9304097890853882,994.8418579101562,994.153076171875,987.7041015625,7.137754917144775,6.448979377746582,0.9870707392692566,0.9927699565887451,365.669189453125,367.3770751953125,1.0365169048309326,0.36722397804260254,0.0651811882853508,2.525125741958618,1.8851566314697266,50.42461156845093,49.57539141178131
ILSVRC2012_val_00011506.JPEG,/home/dr-yougart/Desktop/vit_mi/Dataset/ILSVRC2012_img_val/ILSVRC2012_val_00011506.JPEG,271,248,248,False,False,0.9261840581893921,995.7958984375,996.0714111328125,990.5867309570312,5.209183692932129,5.484694004058838,0.9899410605430603,0.9946942329406738,373.6915283203125,359.694580078125,1.023786187171936,0.35781386494636536,-0.10505858063697815,2.3663883209228516,1.816239833831787,48.03069829940796,51.96930170059204
ILSVRC2012_val_00011507.JPEG,/home/dr-yougart/Desktop/vit_mi/Dataset/ILSVRC2012_img_val/ILSVRC2012_val_00011507.JPEG,208,208,208,True,True,0.9252597093582153,994.9591674804688,995.60205078125,988.301025390625,6.658163070678711,7.301020622253418,0.9868238568305969,0.9932202696800232,354.6369934082031,356.2153625488281,1.0620052814483643,0.3553261160850525,0.3308051526546478,2.2588412761688232,1.6997184753417969,55.23083806037903,44.76916193962097
ILSVRC2012_val_00011508.JPEG,/home/dr-yougart/Desktop/vit_mi/Dataset/ILSVRC2012_img_val/ILSVRC2012_val_00011508.JPEG,815,74,73,False,False,0.9494839906692505,994.903076171875,995.2908325195312,990.5153198242188,4.387754917144775,4.775510311126709,0.9913991689682007,0.9955183267593384,476.93890380859375,473.65576171875,1.0208182334899902,0.2716606855392456,0.16031613945960999,2.4054689407348633,1.7971839904785156,53.466808795928955,46.533191204071045
ILSVRC2012_val_00011509.JPEG,/home/dr-yougart/Desktop/vit_mi/Dataset/ILSVRC2012_img_val/ILSVRC2012_val_00011509.JPEG,839,409,716,False,False,0.9339152574539185,994.2958984375,995.0663452148438,991.1836547851562,3.1122448444366455,3.882652997970581,0.9932437539100647,0.9968376159667969,343.7552490234375,366.571533203125,1.0996547937393188,0.4092589020729065,0.7937731742858887,2.950094223022461,2.2559900283813477,57.250142097473145,42.74985492229462
ILSVRC2012_val_00011510.JPEG,/home/dr-yougart/Desktop/vit_mi/Dataset/ILSVRC2012_img_val/ILSVRC2012_val_00011510.JPEG,403,403,403,True,True,0.929053783416748,992.7142944335938,994.1071166992188,986.55615234375,6.158163070678711,7.551020622253418,0.9869083762168884,0.9937449097633362,365.63568115234375,385.07891845703125,1.0910145044326782,0.38502803444862366,0.5214686393737793,2.498656749725342,1.928238868713379,56.87430500984192,43.12569499015808
ILSVRC2012_val_00011511.JPEG,/home/dr-yougart/Desktop/vit_mi/Dataset/ILSVRC2012_img_val/ILSVRC2012_val_00011511.JPEG,265,265,207,True,False,0.929320752620697,995.7653198242188,995.7398071289062,991.5306396484375,4.234694004058838,4.209183692932129,0.9919977784156799,0.9956967234611511,363.91766357421875,361.2462463378906,1.0232465267181396,0.38430723547935486,-0.21405331790447235,2.665767192840576,2.073944091796875,47.03149199485779,52.96850800514221
ILSVRC2012_val_00011512.JPEG,/home/dr-yougart/Desktop/vit_mi/Dataset/ILSVRC2012_img_val/ILSVRC2012_val_00011512.JPEG,363,363,363,True,True,0.9306234121322632,995.3112182617188,994.7857055664062,989.5918579101562,5.719387531280518,5.193877696990967,0.9896052479743958,0.9942074418067932,423.5928649902344,414.4775695800781,1.0063879489898682,0.36303824186325073,-0.16481415927410126,2.9771149158477783,2.2975683212280273,47.82223105430603,52.17776894569397
ILSVRC2012_val_00011513.JPEG,/home/dr-yougart/Desktop/vit_mi/Dataset/ILSVRC2012_img_val/ILSVRC2012_val_00011513.JPEG,770,770,770,True,True,0.9352930784225464,995.2703857421875,994.6887817382812,990.2142944335938,5.056122303009033,4.474489688873291,0.9908749461174011,0.9948794841766357,342.3064270019531,311.1649475097656,0.9418873190879822,0.3631761372089386,-0.8655441999435425,2.500335931777954,1.9872550964355469,38.4327232837677,61.5672767162323
ILSVRC2012_val_00011514.JPEG,/home/dr-yougart/Desktop/vit_mi/Dataset/ILSVRC2012_img_val/ILSVRC2012_val_00011514.JPEG,665,670,670,False,False,0.9584167003631592,992.6224365234375,993.2041015625,988.6632690429688,3.959183692932129,4.540816307067871,0.9918022155761719,0.9959689378738403,382.10284423828125,382.4330749511719,1.0202833414077759,0.2743735909461975,0.1430826336145401,1.9455962181091309,1.5063199996948242,52.34443545341492,47.65556454658508
ILSVRC2012_val_00011515.JPEG,/home/dr-yougart/Desktop/vit_mi/Dataset/ILSVRC2012_img_val/ILSVRC2012_val_00011515.JPEG,323,323,323,True,True,0.9440325498580933,993.3724365234375,994.244873046875,989.3826293945312,3.9897959232330322,4.862245082855225,0.9914492964744568,0.9959366321563721,417.9353942871094,402.7696228027344,0.9990984797477722,0.34264954924583435,-0.09377481043338776,2.9905502796173096,2.2809534072875977,51.18735432624817,48.81264865398407
ILSVRC2012_val_00011516.JPEG,/home/dr-yougart/Desktop/vit_mi/Dataset/ILSVRC2012_img_val/ILSVRC2012_val_00011516.JPEG,794,794,729,True,False,0.8977541923522949,993.4387817382812,994.4285888671875,986.60205078125,6.836734771728516,7.826530456542969,0.9860369563102722,0.9930381178855896,347.6029052734375,323.6219787597656,0.9904567003250122,0.4802299439907074,-0.5246493816375732,3.0167922973632812,2.3446240425109863,43.57824623584747,56.42175078392029
ILSVRC2012_val_00011517.JPEG,/home/dr-yougart/Desktop/vit_mi/Dataset/ILSVRC2012_img_val/ILSVRC2012_val_00011517.JPEG,39,39,39,True,True,0.9053550362586975,994.8316040039062,995.7142944335938,989.2142944335938,5.61734676361084,6.5,0.9885133504867554,0.9943045973777771,374.4451904296875,399.1772155761719,1.1378453969955444,0.5022811889648438,0.8422146439552307,3.4414196014404297,2.6871533393859863,57.519882917404175,42.480117082595825
ILSVRC2012_val_00011518.JPEG,/home/dr-yougart/Desktop/vit_mi/Dataset/ILSVRC2012_img_val/ILSVRC2012_val_00011518.JPEG,40,40,40,True,True,0.9448975324630737,996.0255126953125,995.5306396484375,992.8163452148438,3.209183692932129,2.7142856121063232,0.9943117499351501,0.9967626333236694,385.9053649902344,380.0838928222656,1.0092092752456665,0.34506598114967346,-0.24615225195884705,2.6392903327941895,2.075007438659668,46.17815613746643,53.82184386253357
ILSVRC2012_val_00011519.JPEG,/home/dr-yougart/Desktop/vit_mi/Dataset/ILSVRC2012_img_val/ILSVRC2012_val_00011519.JPEG,20,20,20,True,True,0.9282094240188599,995.5765380859375,995.6836547851562,992.6836547851562,2.892857074737549,3.0,0.9943504333496094,0.9970835447311401,377.5917663574219,408.6595458984375,1.1111868619918823,0.44951581954956055,0.7482091784477234,3.495368242263794,2.650284767150879,55.733275413513184,44.266727566719055
ILSVRC2012_val_00011520.JPEG,/home/dr-yougart/Desktop/vit_mi/Dataset/ILSVRC2012_img_val/ILSVRC2012_val_00011520.JPEG,369,369,369,True,True,0.8922551870346069,995.1122436523438,994.3418579101562,987.1836547851562,7.9285712242126465,7.158163070678711,0.9856747388839722,0.9919795393943787,352.8060302734375,365.3327941894531,1.0983003377914429,0.5203132033348083,0.1456625908613205,3.1483371257781982,2.4336843490600586,51.175785064697266,48.82421791553497
ILSVRC2012_val_00011521.JPEG,/home/dr-yougart/Desktop/vit_mi/Dataset/ILSVRC2012_img_val/ILSVRC2012_val_00011521.JPEG,944,944,944,True,True,0.9505581259727478,994.1071166992188,995.403076171875,991.0357055664062,3.0714285373687744,4.36734676361084,0.9928382039070129,0.996867299079895,360.2198791503906,379.9591979980469,1.0800933837890625,0.3276548981666565,0.8668082356452942,2.4693045616149902,1.946291208267212,61.19962930679321,38.80036771297455
ILSVRC2012_val_00011522.JPEG,/home/dr-yougart/Desktop/vit_mi/Dataset/ILSVRC2012_img_val/ILSVRC2012_val_00011522.JPEG,831,831,598,True,False,0.9195312857627869,993.8265380859375,995.3367309570312,987.6071166992188,6.219387531280518,7.7295918464660645,0.986729621887207,0.99367755651474,364.17291259765625,372.71234130859375,1.0856672525405884,0.41403728723526,0.4306096136569977,2.6913459300994873,2.097252368927002,55.677759647369385,44.32223737239838
ILSVRC2012_val_00011523.JPEG,/home/dr-yougart/Desktop/vit_mi/Dataset/ILSVRC2012_img_val/ILSVRC2012_val_00011523.JPEG,368,368,368,True,True,0.9107716083526611,995.0612182617188,995.5765380859375,988.75,6.311224460601807,6.826530456542969,0.9875333905220032,0.9936099648475647,388.3695068359375,390.602294921875,1.0532901287078857,0.46170365810394287,-0.08731170743703842,3.270704984664917,2.551799774169922,50.24949312210083,49.75050985813141
ILSVRC2012_val_00011524.JPEG,/home/dr-yougart/Desktop/vit_mi/Dataset/ILSVRC2012_img_val/ILSVRC2012_val_00011524.JPEG,942,942,942,True,True,0.9381137490272522,993.5918579101562,994.4642944335938,987.8622436523438,5.7295918464660645,6.602040767669678,0.9882680177688599,0.9941624402999878,441.39990234375,419.5908508300781,0.9749659895896912,0.3105040192604065,-0.44152119755744934,2.5068562030792236,1.9652509689331055,44.24571692943573,55.75428009033203
ILSVRC2012_val_00011525.JPEG,/home/dr-yougart/Desktop/vit_mi/Dataset/ILSVRC2012_img_val/ILSVRC2012_val_00011525.JPEG,121,121,121,True,True,0.9489231705665588,993.6275634765625,995.1071166992188,990.3877563476562,3.2397959232330322,4.719387531280518,0.9922849535942078,0.9966973066329956,337.8243713378906,340.9261779785156,1.0427560806274414,0.334056556224823,0.34787309169769287,2.354008674621582,1.8842573165893555,55.21852970123291,44.78147029876709
ILSVRC2012_val_00011526.JPEG,/home/dr-yougart/Desktop/vit_mi/Dataset/ILSVRC2012_img_val/ILSVRC2012_val_00011526.JPEG,406,406,406,True,True,0.9207056164741516,994.10205078125,993.0612182617188,986.1581420898438,7.943877696990967,6.903061389923096,0.9857525825500488,0.9919807314872742,321.39288330078125,338.9555969238281,1.1010717153549194,0.4438062310218811,0.12945330142974854,2.5208237171173096,1.9965295791625977,50.87098479270935,49.12901520729065
ILSVRC2012_val_00011527.JPEG,/home/dr-yougart/Desktop/vit_mi/Dataset/ILSVRC2012_img_val/ILSVRC2012_val_00011527.JPEG,525,525,525,True,True,0.9194310307502747,995.0765380859375,995.1173706054688,989.096923828125,5.9795918464660645,6.0204081535339355,0.9886231422424316,0.9939478635787964,439.3995666503906,425.6488342285156,0.996146559715271,0.3939281702041626,-0.528979480266571,3.283806085586548,2.5322647094726562,43.990859389305115,56.00913763046265
ILSVRC2012_val_00011528.JPEG,/home/dr-yougart/Desktop/vit_mi/Dataset/ILSVRC2012_img_val/ILSVRC2012_val_00011528.JPEG,284,284,186,True,False,0.9390712380409241,993.6071166992188,993.8163452148438,989.5816040039062,4.025510311126709,4.234694004058838,0.9921039938926697,0.9959002137184143,344.29229736328125,367.2742614746094,1.1066609621047974,0.3935966193675995,0.72998046875,2.481642007827759,1.8680925369262695,59.571146965026855,40.42885601520538
ILSVRC2012_val_00011529.JPEG,/home/dr-yougart/Desktop/vit_mi/Dataset/ILSVRC2012_img_val/ILSVRC2012_val_00011529.JPEG,731,463,463,False,False,0.9391103982925415,995.39794921875,995.948974609375,991.4591674804688,3.9387755393981934,4.489795684814453,0.9920082092285156,0.995997428894043,340.26007080078125,351.6203308105469,1.0571764707565308,0.35757017135620117,0.39035218954086304,2.4931883811950684,1.8554019927978516,54.167741537094116,45.83226144313812
ILSVRC2012_val_00011530.JPEG,/home/dr-yougart/Desktop/vit_mi/Dataset/ILSVRC2012_img_val/ILSVRC2012_val_00011530.JPEG,37,37,37,True,True,0.9214508533477783,995.9132690429688,996.1836547851562,990.9744873046875,4.938775539398193,5.209183692932129,0.9904050230979919,0.9949996471405029,375.3557434082031,398.6695251464844,1.0971660614013672,0.4231965243816376,0.6428359746932983,3.061206340789795,2.3521947860717773,55.47724366188049,44.522759318351746
ILSVRC2012_val_00011531.JPEG,/home/dr-yougart/Desktop/vit_mi/Dataset/ILSVRC2012_img_val/ILSVRC2012_val_00011531.JPEG,68,66,68,False,True,0.9447245001792908,995.14794921875,995.2958984375,992.3877563476562,2.7602040767669678,2.90816330909729,0.9945495128631592,0.9971961975097656,346.369384765625,346.6546936035156,1.0198966264724731,0.33366233110427856,0.12036611139774323,2.4186506271362305,1.9238996505737305,51.39891505241394,48.60108494758606
ILSVRC2012_val_00011532.JPEG,/home/dr-yougart/Desktop/vit_mi/Dataset/ILSVRC2012_img_val/ILSVRC2012_val_00011532.JPEG,392,392,392,True,True,0.8869475722312927,994.596923828125,994.7908325195312,987.403076171875,7.193877696990967,7.387754917144775,0.9861986041069031,0.9927062392234802,329.7069396972656,372.1659851074219,1.1953020095825195,0.5631794333457947,1.2433762550354004,3.4424610137939453,2.6591920852661133,61.25943660736084,38.74056339263916
ILSVRC2012_val_00011533.JPEG,/home/dr-yougart/Desktop/vit_mi/Dataset/ILSVRC2012_img_val/ILSVRC2012_val_00011533.JPEG,427,427,427,True,True,0.8986269235610962,994.3622436523438,995.846923828125,988.6836547851562,5.6785712242126465,7.163265228271484,0.9878509044647217,0.994206964969635,378.7989807128906,419.4012756347656,1.1837810277938843,0.530167818069458,1.3352409601211548,3.6520557403564453,2.826303005218506,61.08617186546326,38.91383111476898
ILSVRC2012_val_00011534.JPEG,/home/dr-yougart/Desktop/vit_mi/Dataset/ILSVRC2012_img_val/ILSVRC2012_val_00011534.JPEG,586,586,586,True,True,0.9345557689666748,994.8877563476562,995.3418579101562,990.3724365234375,4.515305995941162,4.969387531280518,0.9909464716911316,0.9954203367233276,416.44195556640625,414.5044250488281,1.0163671970367432,0.36345019936561584,0.004474439658224583,3.1075656414031982,2.422252655029297,49.18938875198364,50.81061124801636
ILSVRC2012_val_00011535.JPEG,/home/dr-yougart/Desktop/vit_mi/Dataset/ILSVRC2012_img_val/ILSVRC2012_val_00011535.JPEG,317,317,317,True,True,0.9364362955093384,994.6326293945312,994.8928833007812,988.9234619140625,5.709183692932129,5.969387531280518,0.9889114499092102,0.9942266345024109,387.3446960449219,448.978271484375,1.2011489868164062,0.411639928817749,1.7204790115356445,3.0855824947357178,2.41593074798584,70.27689218521118,29.72310781478882
ILSVRC2012_val_00011536.JPEG,/home/dr-yougart/Desktop/vit_mi/Dataset/ILSVRC2012_img_val/ILSVRC2012_val_00011536.JPEG,918,918,918,True,True,0.9159939885139465,995.1224365234375,995.4591674804688,989.55615234375,5.56632661819458,5.903061389923096,0.9891019463539124,0.9943592548370361,311.2640075683594,324.7352294921875,1.1124861240386963,0.4726356267929077,0.3379339277744293,2.6116650104522705,2.0586414337158203,54.05433177947998,45.94566822052002
ILSVRC2012_val_00011537.JPEG,/home/dr-yougart/Desktop/vit_mi/Dataset/ILSVRC2012_img_val/ILSVRC2012_val_00011537.JPEG,271,291,371,False,False,0.8209259510040283,993.8316040039062,994.7142944335938,982.0714111328125,11.760204315185547,12.642857551574707,0.9770166277885437,0.9880514144897461,385.81494140625,417.8072814941406,1.1816504001617432,0.7145169377326965,1.0000441074371338,4.691871643066406,3.668750762939453,58.03382992744446,41.96617007255554
ILSVRC2012_val_00011538.JPEG,/home/dr-yougart/Desktop/vit_mi/Dataset/ILSVRC2012_img_val/ILSVRC2012_val_00011538.JPEG,822,822,822,True,True,0.9321033954620361,993.755126953125,995.5458984375,991.1377563476562,2.617347002029419,4.408163070678711,0.9931491017341614,0.99733966588974,403.6895751953125,387.6613464355469,0.9843502640724182,0.3745957911014557,-0.16257724165916443,3.4003474712371826,2.6459293365478516,49.20494258403778,50.79505443572998
ILSVRC2012_val_00011539.JPEG,/home/dr-yougart/Desktop/vit_mi/Dataset/ILSVRC2012_img_val/ILSVRC2012_val_00011539.JPEG,704,704,704,True,True,0.9606002569198608,995.0918579101562,994.4336547851562,991.153076171875,3.9387755393981934,3.2806122303009033,0.9930550456047058,0.9960227012634277,368.84442138671875,374.197998046875,1.0216807126998901,0.2591397166252136,0.00280332425609231,1.9562156200408936,1.5233354568481445,49.63812530040741,50.36187767982483
ILSVRC2012_val_00011540.JPEG,/home/dr-yougart/Desktop/vit_mi/Dataset/ILSVRC2012_img_val/ILSVRC2012_val_00011540.JPEG,860,860,860,True,True,0.9086476564407349,995.80615234375,995.3418579101562,989.2244873046875,6.581632614135742,6.11734676361084,0.9880236387252808,0.9933261275291443,343.4937744140625,359.299560546875,1.1054471731185913,0.4678703248500824,0.36231300234794617,2.8460044860839844,2.223048686981201,53.16574573516846,46.83425426483154
ILSVRC2012_val_00011541.JPEG,/home/dr-yougart/Desktop/vit_mi/Dataset/ILSVRC2012_img_val/ILSVRC2012_val_00011541.JPEG,42,42,42,True,True,0.9625399708747864,992.1071166992188,992.6071166992188,987.9796142578125,4.127551078796387,4.627551078796387,0.9914821982383728,0.9958041310310364,390.3053283691406,389.89483642578125,1.0215805768966675,0.24981001019477844,0.13048039376735687,1.954566478729248,1.4841547012329102,52.42764949798584,47.57235050201416
ILSVRC2012_val_00011542.JPEG,/home/dr-yougart/Desktop/vit_mi/Dataset/ILSVRC2012_img_val/ILSVRC2012_val_00011542.JPEG,808,808,808,True,True,0.9145628213882446,994.7601928710938,995.9183959960938,990.4081420898438,4.352040767669678,5.510204315185547,0.9905815720558167,0.9955762028694153,364.76409912109375,419.0177917480469,1.2026457786560059,0.5001915693283081,1.7484712600708008,3.7921066284179688,2.994234085083008,64.9526059627533,35.047394037246704
ILSVRC2012_val_00011543.JPEG,/home/dr-yougart/Desktop/vit_mi/Dataset/ILSVRC2012_img_val/ILSVRC2012_val_00011543.JPEG,290,290,288,True,False,0.9221314191818237,996.0,995.4387817382812,989.10205078125,6.897959232330322,6.336734771728516,0.9875524640083313,0.9930137991905212,370.93084716796875,376.042724609375,1.05403733253479,0.41133537888526917,0.06386292725801468,2.7236945629119873,2.092228889465332,50.56740641593933,49.43259060382843
ILSVRC2012_val_00011544.JPEG,/home/dr-yougart/Desktop/vit_mi/Dataset/ILSVRC2012_img_val/ILSVRC2012_val_00011544.JPEG,390,390,390,True,True,0.8802863359451294,994.1887817382812,993.698974609375,982.4285888671875,11.760204315185547,11.270408630371094,0.9782953262329102,0.9880661964416504,329.16571044921875,364.2093811035156,1.2212857007980347,0.5977700352668762,0.8480510115623474,2.9325685501098633,2.182089328765869,58.01584720611572,41.98414981365204
ILSVRC2012_val_00011545.JPEG,/home/dr-yougart/Desktop/vit_mi/Dataset/ILSVRC2012_img_val/ILSVRC2012_val_00011545.JPEG,577,577,577,True,True,0.907370924949646,994.0714111328125,995.3265380859375,989.14794921875,4.923469543457031,6.1785712242126465,0.9893589615821838,0.9949818253517151,376.0594177246094,369.0780334472656,1.0373879671096802,0.47681477665901184,-0.017381254583597183,3.58530330657959,2.8900413513183594,49.89658296108246,50.10342001914978
ILSVRC2012_val_00011546.JPEG,/home/dr-yougart/Desktop/vit_mi/Dataset/ILSVRC2012_img_val/ILSVRC2012_val_00011546.JPEG,799,799,799,True,True,0.9263677597045898,994.448974609375,995.7398071289062,990.2958984375,4.153061389923096,5.443877696990967,0.9908372759819031,0.9957758784294128,343.5569152832031,347.3837585449219,1.0543986558914185,0.3916435241699219,0.21542009711265564,2.564631223678589,2.0260744094848633,53.3508837223053,46.6491162776947
ILSVRC2012_val_00011547.JPEG,/home/dr-yougart/Desktop/vit_mi/Dataset/ILSVRC2012_img_val/ILSVRC2012_val_00011547.JPEG,697,697,697,True,True,0.9125151634216309,994.8163452148438,994.5306396484375,987.9132690429688,6.903061389923096,6.61734676361084,0.9871573448181152,0.992983341217041,340.28741455078125,340.8818664550781,1.0659520626068115,0.43584439158439636,0.3349665105342865,2.7757461071014404,2.2188568115234375,54.00994420051575,45.990052819252014
ILSVRC2012_val_00011548.JPEG,/home/dr-yougart/Desktop/vit_mi/Dataset/ILSVRC2012_img_val/ILSVRC2012_val_00011548.JPEG,638,639,639,False,False,0.9411495923995972,994.3163452148438,994.994873046875,989.4183959960938,4.897959232330322,5.576530456542969,0.9900695085525513,0.9950048327445984,395.742919921875,416.3160400390625,1.1048848628997803,0.34163013100624084,0.9051366448402405,2.487792491912842,1.8405914306640625,60.677266120910645,39.32273089885712
ILSVRC2012_val_00011549.JPEG,/home/dr-yougart/Desktop/vit_mi/Dataset/ILSVRC2012_img_val/ILSVRC2012_val_00011549.JPEG,935,940,940,False,False,0.9156051874160767,996.0203857421875,996.4846801757812,991.1581420898438,4.862245082855225,5.326530456542969,0.990388810634613,0.995064377784729,389.93109130859375,429.1644592285156,1.1487021446228027,0.45494598150253296,1.414439082145691,3.6624646186828613,2.8587112426757812,61.94412708282471,38.05587291717529
ILSVRC2012_val_00011550.JPEG,/home/dr-yougart/Desktop/vit_mi/Dataset/ILSVRC2012_img_val/ILSVRC2012_val_00011550.JPEG,783,783,783,True,True,0.9239463210105896,994.403076171875,994.1275634765625,988.7908325195312,5.612245082855225,5.336734771728516,0.9895481467247009,0.9943051934242249,372.98382568359375,352.76263427734375,0.9635365605354309,0.39943429827690125,-0.6500746607780457,2.7959213256835938,2.1568450927734375,42.78932809829712,57.21067190170288
ILSVRC2012_val_00011551.JPEG,/home/dr-yougart/Desktop/vit_mi/Dataset/ILSVRC2012_img_val/ILSVRC2012_val_00011551.JPEG,40,44,26,False,False,0.9327294230461121,995.1173706054688,995.4744873046875,991.1581420898438,3.959183692932129,4.31632661819458,0.9920821189880371,0.9959840774536133,381.3018493652344,408.3691101074219,1.1292903423309326,0.4286649227142334,0.9144970774650574,3.1320838928222656,2.391681671142578,58.65175127983093,41.34824872016907
ILSVRC2012_val_00011552.JPEG,/home/dr-yougart/Desktop/vit_mi/Dataset/ILSVRC2012_img_val/ILSVRC2012_val_00011552.JPEG,611,446,620,False,False,0.9286513924598694,992.6632690429688,993.4693603515625,988.1581420898438,4.505102157592773,5.311224460601807,0.9905515313148499,0.9954127073287964,356.6307373046875,356.2691345214844,1.0302631855010986,0.3989999294281006,0.016990147531032562,2.779052972793579,2.1750388145446777,49.65639114379883,50.34360885620117
ILSVRC2012_val_00011553.JPEG,/home/dr-yougart/Desktop/vit_mi/Dataset/ILSVRC2012_img_val/ILSVRC2012_val_00011553.JPEG,773,684,684,False,False,0.922743022441864,993.5,994.5408325195312,987.153076171875,6.346938610076904,7.387754917144775,0.9870201945304871,0.993528425693512,367.46337890625,409.5350341796875,1.1909892559051514,0.4578914940357208,1.4169387817382812,2.9356465339660645,2.138747453689575,64.67009782791138,35.32990217208862
ILSVRC2012_val_00011554.JPEG,/home/dr-yougart/Desktop/vit_mi/Dataset/ILSVRC2012_img_val/ILSVRC2012_val_00011554.JPEG,89,89,89,True,True,0.938861072063446,995.7091674804688,996.1224365234375,991.0918579101562,4.61734676361084,5.030612468719482,0.9908961057662964,0.9952859878540039,410.3363037109375,388.460693359375,0.9770525097846985,0.33174338936805725,-0.30685070157051086,2.7415947914123535,2.086139678955078,46.177685260772705,53.822314739227295
ILSVRC2012_val_00011555.JPEG,/home/dr-yougart/Desktop/vit_mi/Dataset/ILSVRC2012_img_val/ILSVRC2012_val_00011555.JPEG,151,151,151,True,True,0.9402957558631897,995.0918579101562,995.7908325195312,991.05615234375,4.035714149475098,4.734694004058838,0.991668164730072,0.9958686232566833,351.69952392578125,359.3805847167969,1.0573786497116089,0.3345496952533722,0.6045321822166443,2.4820032119750977,1.9192373752593994,58.26653838157654,41.73346161842346
ILSVRC2012_val_00011556.JPEG,/home/dr-yougart/Desktop/vit_mi/Dataset/ILSVRC2012_img_val/ILSVRC2012_val_00011556.JPEG,263,263,158,True,False,0.9296852350234985,995.2908325195312,995.6326293945312,989.7806396484375,5.510204315185547,5.852040767669678,0.9892504811286926,0.994384765625,358.8785400390625,361.2596740722656,1.0418404340744019,0.36395618319511414,0.15245500206947327,2.470531702041626,1.9464459419250488,52.78792977333069,47.21207022666931
ILSVRC2012_val_00011557.JPEG,/home/dr-yougart/Desktop/vit_mi/Dataset/ILSVRC2012_img_val/ILSVRC2012_val_00011557.JPEG,521,521,521,True,True,0.9144562482833862,994.2958984375,995.1428833007812,987.3367309570312,6.959183692932129,7.806122303009033,0.9859931468963623,0.9929169416427612,377.038330078125,383.32659912109375,1.0684330463409424,0.4130942225456238,0.26732000708580017,2.814612865447998,2.2003002166748047,53.25912833213806,46.74087166786194
ILSVRC2012_val_00011558.JPEG,/home/dr-yougart/Desktop/vit_mi/Dataset/ILSVRC2012_img_val/ILSVRC2012_val_00011558.JPEG,957,957,957,True,True,0.9141496419906616,994.3367309570312,994.994873046875,986.5714111328125,7.765305995941162,8.423469543457031,0.9846755266189575,0.9921181201934814,420.33465576171875,417.9482116699219,1.044973373413086,0.4070563316345215,0.13205519318580627,3.0880351066589355,2.340651512145996,49.73883926868439,50.261157751083374
ILSVRC2012_val_00011559.JPEG,/home/dr-yougart/Desktop/vit_mi/Dataset/ILSVRC2012_img_val/ILSVRC2012_val_00011559.JPEG,902,902,902,True,True,0.9346641898155212,993.551025390625,993.6071166992188,987.30615234375,6.244897842407227,6.301020622253418,0.9880943894386292,0.9936442971229553,380.3846130371094,427.4356689453125,1.1591440439224243,0.42043739557266235,1.260154128074646,3.0336480140686035,2.1440820693969727,61.510396003723145,38.489603996276855
ILSVRC2012_val_00011560.JPEG,/home/dr-yougart/Desktop/vit_mi/Dataset/ILSVRC2012_img_val/ILSVRC2012_val_00011560.JPEG,888,888,888,True,True,0.9230806231498718,995.198974609375,995.4642944335938,990.4541015625,4.744897842407227,5.010204315185547,0.9907383918762207,0.9951982498168945,372.21630859375,367.3089904785156,1.0146551132202148,0.3998035192489624,-0.23972204327583313,2.8805172443389893,2.2704391479492188,47.155243158340454,52.844756841659546
ILSVRC2012_val_00011561.JPEG,/home/dr-yougart/Desktop/vit_mi/Dataset/ILSVRC2012_img_val/ILSVRC2012_val_00011561.JPEG,732,732,732,True,True,0.9327244758605957,993.4285888671875,995.0408325195312,988.2041015625,5.224489688873291,6.836734771728516,0.988457202911377,0.9946659803390503,366.0822448730469,357.1330871582031,1.0048890113830566,0.34119608998298645,0.21307504177093506,2.3960180282592773,1.7847881317138672,52.49834656715393,47.50165343284607
ILSVRC2012_val_00011562.JPEG,/home/dr-yougart/Desktop/vit_mi/Dataset/ILSVRC2012_img_val/ILSVRC2012_val_00011562.JPEG,825,825,825,True,True,0.9509338736534119,994.596923828125,995.2703857421875,991.2806396484375,3.31632661819458,3.9897959232330322,0.9929919838905334,0.9966207146644592,405.0316162109375,413.9179992675781,1.0478936433792114,0.3171292543411255,0.4957146942615509,2.6903507709503174,2.0378952026367188,53.228920698165894,46.77056670188904
ILSVRC2012_val_00011563.JPEG,/home/dr-yougart/Desktop/vit_mi/Dataset/ILSVRC2012_img_val/ILSVRC2012_val_00011563.JPEG,472,472,693,True,False,0.9337972402572632,995.10205078125,995.0612182617188,991.198974609375,3.9030611515045166,3.8622448444366455,0.9925822019577026,0.9960317611694336,352.7232666015625,347.9800720214844,1.0016155242919922,0.3569362759590149,-0.02452957071363926,2.611337423324585,2.0016541481018066,49.26984906196594,50.73015093803406
ILSVRC2012_val_00011564.JPEG,/home/dr-yougart/Desktop/vit_mi/Dataset/ILSVRC2012_img_val/ILSVRC2012_val_00011564.JPEG,323,323,323,True,True,0.9441317915916443,994.8775634765625,995.0612182617188,991.1632690429688,3.7142856121063232,3.8979592323303223,0.9926506280899048,0.9962301254272461,362.491943359375,359.50732421875,1.010278582572937,0.3327435851097107,0.14100489020347595,2.5449934005737305,2.00302791595459,51.36770009994507,48.63230288028717
ILSVRC2012_val_00011565.JPEG,/home/dr-yougart/Desktop/vit_mi/Dataset/ILSVRC2012_img_val/ILSVRC2012_val_00011565.JPEG,490,490,490,True,True,0.9215605854988098,994.3622436523438,994.7857055664062,988.7601928710938,5.602040767669678,6.025510311126709,0.9889299273490906,0.994311511516571,410.48748779296875,423.8719787597656,1.0842939615249634,0.41102880239486694,0.5530584454536438,3.2411112785339355,2.503493309020996,54.77071404457092,45.22928595542908
ILSVRC2012_val_00011566.JPEG,/home/dr-yougart/Desktop/vit_mi/Dataset/ILSVRC2012_img_val/ILSVRC2012_val_00011566.JPEG,682,708,835,False,False,0.930659830570221,995.3826293945312,995.5867309570312,991.4285888671875,3.9540815353393555,4.158163070678711,0.9922675490379333,0.9959905743598938,365.0243835449219,376.34033203125,1.0716489553451538,0.39738893508911133,0.37358754873275757,2.833698272705078,2.243143081665039,53.88174057006836,46.11825942993164
ILSVRC2012_val_00011567.JPEG,/home/dr-yougart/Desktop/vit_mi/Dataset/ILSVRC2012_img_val/ILSVRC2012_val_00011567.JPEG,974,974,974,True,True,0.9456384778022766,994.8877563476562,996.346923828125,992.2296142578125,2.65816330909729,4.11734676361084,0.9935130476951599,0.997288167476654,388.0713195800781,411.13385009765625,1.0912138223648071,0.34556639194488525,1.0994292497634888,2.8646130561828613,2.1143507957458496,61.44891381263733,38.55108916759491
ILSVRC2012_val_00011568.JPEG,/home/dr-yougart/Desktop/vit_mi/Dataset/ILSVRC2012_img_val/ILSVRC2012_val_00011568.JPEG,530,530,688,True,False,0.8729159235954285,993.6071166992188,994.1632690429688,982.6326293945312,10.97449016571045,11.530611991882324,0.9788545966148376,0.9888450503349304,346.4166564941406,388.0329284667969,1.188692569732666,0.5652109980583191,1.4242603778839111,3.562650680541992,2.586336135864258,62.77856230735779,37.22143769264221
ILSVRC2012_val_00011569.JPEG,/home/dr-yougart/Desktop/vit_mi/Dataset/ILSVRC2012_img_val/ILSVRC2012_val_00011569.JPEG,647,647,503,True,False,0.912956714630127,994.755126953125,995.8724365234375,989.7346801757812,5.0204081535339355,6.137754917144775,0.9894102215766907,0.9948925375938416,354.63330078125,359.1485290527344,1.0829784870147705,0.46138957142829895,0.34750136733055115,3.1062958240509033,2.4238224029541016,54.73276972770691,45.26723325252533
ILSVRC2012_val_00011570.JPEG,/home/dr-yougart/Desktop/vit_mi/Dataset/ILSVRC2012_img_val/ILSVRC2012_val_00011570.JPEG,258,258,258,True,True,0.9455339312553406,996.3163452148438,996.30615234375,992.551025390625,3.765306234359741,3.7551021575927734,0.9928974509239197,0.9961867332458496,371.2525634765625,403.2560119628906,1.1311118602752686,0.3552129566669464,0.8765740394592285,2.4685778617858887,1.9294767379760742,61.032694578170776,38.96730840206146
ILSVRC2012_val_00011571.JPEG,/home/dr-yougart/Desktop/vit_mi/Dataset/ILSVRC2012_img_val/ILSVRC2012_val_00011571.JPEG,818,572,641,False,False,0.9306893348693848,994.5663452148438,995.4132690429688,990.6275634765625,3.9387755393981934,4.785714149475098,0.9916476011276245,0.9959937334060669,360.076171875,365.68243408203125,1.064077377319336,0.4013794958591461,0.3384626507759094,2.9234676361083984,2.3414645195007324,53.84599566459656,46.15400433540344
ILSVRC2012_val_00011572.JPEG,/home/dr-yougart/Desktop/vit_mi/Dataset/ILSVRC2012_img_val/ILSVRC2012_val_00011572.JPEG,124,124,124,True,True,0.9429126381874084,995.7601928710938,996.1887817382812,993.0306396484375,2.7295918464660645,3.15816330909729,0.9943510293960571,0.9972327947616577,325.0636901855469,348.7553405761719,1.1003589630126953,0.36988934874534607,0.7527595162391663,2.5803050994873047,2.048582077026367,59.25326347351074,40.74673354625702
ILSVRC2012_val_00011573.JPEG,/home/dr-yougart/Desktop/vit_mi/Dataset/ILSVRC2012_img_val/ILSVRC2012_val_00011573.JPEG,224,224,224,True,True,0.9416219592094421,994.9744873046875,994.8673706054688,991.2703857421875,3.7040815353393555,3.5969388484954834,0.9930091500282288,0.9962522387504578,356.2184753417969,380.1092224121094,1.092550277709961,0.36499351263046265,0.5250245928764343,2.534839630126953,1.9746761322021484,56.67279362678528,43.32720935344696
ILSVRC2012_val_00011574.JPEG,/home/dr-yougart/Desktop/vit_mi/Dataset/ILSVRC2012_img_val/ILSVRC2012_val_00011574.JPEG,418,418,418,True,True,0.9332712888717651,990.1326293945312,993.5203857421875,984.6734619140625,5.459183692932129,8.846939086914062,0.986229658126831,0.9944211840629578,361.56768798828125,395.4570007324219,1.1576894521713257,0.40896379947662354,1.304760217666626,2.761241912841797,2.1212525367736816,65.7806396484375,34.21936333179474
ILSVRC2012_val_00011575.JPEG,/home/dr-yougart/Desktop/vit_mi/Dataset/ILSVRC2012_img_val/ILSVRC2012_val_00011575.JPEG,707,528,707,False,True,0.9465763568878174,995.2244873046875,995.2755126953125,990.64794921875,4.576530456542969,4.627551078796387,0.9912567734718323,0.9953511953353882,392.7222595214844,397.0205993652344,1.0449234247207642,0.3118453025817871,0.15247508883476257,2.175790786743164,1.6871051788330078,51.78120136260986,48.21828603744507
ILSVRC2012_val_00011576.JPEG,/home/dr-yougart/Desktop/vit_mi/Dataset/ILSVRC2012_img_val/ILSVRC2012_val_00011576.JPEG,396,396,396,True,True,0.9105054140090942,995.2142944335938,996.2806396484375,990.5867309570312,4.627551078796387,5.693877696990967,0.9902315139770508,0.9952685236930847,352.4851989746094,363.8649597167969,1.0839263200759888,0.44368740916252136,0.7700724601745605,3.1181981563568115,2.4095897674560547,59.8954439163208,40.1045560836792
ILSVRC2012_val_00011577.JPEG,/home/dr-yougart/Desktop/vit_mi/Dataset/ILSVRC2012_img_val/ILSVRC2012_val_00011577.JPEG,896,896,804,True,False,0.9572829604148865,994.6581420898438,994.5153198242188,992.5612182617188,2.0969388484954834,1.954081654548645,0.9960548281669617,0.9978789687156677,367.42340087890625,357.5000305175781,0.9704527854919434,0.3066813051700592,-0.4470188617706299,2.3600125312805176,1.863102912902832,43.558716773986816,56.441283226013184
ILSVRC2012_val_00011578.JPEG,/home/dr-yougart/Desktop/vit_mi/Dataset/ILSVRC2012_img_val/ILSVRC2012_val_00011578.JPEG,667,667,400,True,False,0.9544212222099304,993.2193603515625,994.3265380859375,988.8673706054688,4.352040767669678,5.459183692932129,0.9905532002449036,0.9955744743347168,382.8321533203125,386.55364990234375,1.0442376136779785,0.2930377721786499,0.2452956587076187,2.1389169692993164,1.6523637771606445,53.57809662818909,46.421900391578674
ILSVRC2012_val_00011579.JPEG,/home/dr-yougart/Desktop/vit_mi/Dataset/ILSVRC2012_img_val/ILSVRC2012_val_00011579.JPEG,429,429,429,True,True,0.9000759720802307,993.8418579101562,995.2806396484375,986.0816040039062,7.760204315185547,9.198979377746582,0.9840197563171387,0.9920911192893982,372.3175354003906,413.4945068359375,1.2052650451660156,0.5245395302772522,1.5130964517593384,3.344855546951294,2.3703126907348633,63.564300537109375,36.435696482658386
ILSVRC2012_val_00011580.JPEG,/home/dr-yougart/Desktop/vit_mi/Dataset/ILSVRC2012_img_val/ILSVRC2012_val_00011580.JPEG,298,298,298,True,True,0.9286794662475586,995.153076171875,995.9591674804688,991.2806396484375,3.8724489212036133,4.6785712242126465,0.9918703436851501,0.9960429668426514,373.7986755371094,396.3194274902344,1.0943913459777832,0.3959686756134033,0.877458393573761,3.0722391605377197,2.342677116394043,57.80864953994751,42.19083786010742
ILSVRC2012_val_00011581.JPEG,/home/dr-yougart/Desktop/vit_mi/Dataset/ILSVRC2012_img_val/ILSVRC2012_val_00011581.JPEG,574,574,574,True,True,0.9371650815010071,995.2755126953125,994.7857055664062,989.4285888671875,5.846938610076904,5.357142925262451,0.9894271492958069,0.9940833449363708,375.44140625,371.227294921875,1.0102427005767822,0.3356451392173767,-0.39187905192375183,2.2386677265167236,1.70623779296875,44.59799528121948,55.40200471878052
ILSVRC2012_val_00011582.JPEG,/home/dr-yougart/Desktop/vit_mi/Dataset/ILSVRC2012_img_val/ILSVRC2012_val_00011582.JPEG,540,540,540,True,True,0.9392692446708679,995.2041015625,995.1734619140625,989.7908325195312,5.413265228271484,5.38265323638916,0.9897739887237549,0.9945032596588135,395.3295593261719,406.1310729980469,1.0670281648635864,0.34616079926490784,0.3633563220500946,2.507704496383667,1.938558578491211,53.674501180648804,46.32549583911896
ILSVRC2012_val_00011583.JPEG,/home/dr-yougart/Desktop/vit_mi/Dataset/ILSVRC2012_img_val/ILSVRC2012_val_00011583.JPEG,179,180,180,False,False,0.9440609812736511,994.1785888671875,994.9234619140625,988.2041015625,5.974489688873291,6.719387531280518,0.9880070686340332,0.993891716003418,341.7644348144531,327.8565368652344,1.008427619934082,0.2749730050563812,0.059213001281023026,1.5960839986801147,1.1986722946166992,51.37076377868652,48.629239201545715
ILSVRC2012_val_00011584.JPEG,/home/dr-yougart/Desktop/vit_mi/Dataset/ILSVRC2012_img_val/ILSVRC2012_val_00011584.JPEG,97,98,98,False,False,0.9360391497612,991.89794921875,992.596923828125,984.9387817382812,6.959183692932129,7.658163070678711,0.9860445857048035,0.9929500222206116,366.07147216796875,379.26605224609375,1.0846019983291626,0.3409896492958069,0.48386991024017334,2.1724579334259033,1.6534233093261719,57.75299668312073,42.24700629711151
ILSVRC2012_val_00011585.JPEG,/home/dr-yougart/Desktop/vit_mi/Dataset/ILSVRC2012_img_val/ILSVRC2012_val_00011585.JPEG,119,118,118,False,False,0.9454652667045593,993.6224365234375,994.9846801757812,990.2653198242188,3.357142925262451,4.719387531280518,0.9921640157699585,0.9965870976448059,358.6476745605469,358.09515380859375,1.0272170305252075,0.3304601311683655,0.2980167269706726,2.4767649173736572,1.9561915397644043,53.49833965301514,46.50166034698486
ILSVRC2012_val_00011586.JPEG,/home/dr-yougart/Desktop/vit_mi/Dataset/ILSVRC2012_img_val/ILSVRC2012_val_00011586.JPEG,167,215,167,False,True,0.9519903063774109,994.8877563476562,995.2244873046875,990.6377563476562,4.25,4.586734771728516,0.9916584491729736,0.9956731200218201,346.2911376953125,348.1423645019531,1.0480459928512573,0.2734524607658386,0.1753537654876709,1.596174955368042,1.2030110359191895,53.46637964248657,46.53361737728119
ILSVRC2012_val_00011587.JPEG,/home/dr-yougart/Desktop/vit_mi/Dataset/ILSVRC2012_img_val/ILSVRC2012_val_00011587.JPEG,588,588,588,True,True,0.9268646240234375,993.4898071289062,995.64794921875,987.4541015625,6.035714149475098,8.193877220153809,0.9865037798881531,0.9938339591026306,385.728515625,399.51007080078125,1.0904591083526611,0.3923914432525635,0.7150053381919861,2.757996082305908,2.176858901977539,58.31529498100281,41.68470799922943
ILSVRC2012_val_00011588.JPEG,/home/dr-yougart/Desktop/vit_mi/Dataset/ILSVRC2012_img_val/ILSVRC2012_val_00011588.JPEG,920,920,854,True,False,0.9405890703201294,995.051025390625,995.6377563476562,991.9898071289062,3.0612244606018066,3.6479592323303223,0.9935396909713745,0.9968984127044678,364.25860595703125,404.9937438964844,1.1408677101135254,0.39939433336257935,1.226952314376831,3.1160342693328857,2.467216968536377,62.30571269989014,37.69428730010986
ILSVRC2012_val_00011589.JPEG,/home/dr-yougart/Desktop/vit_mi/Dataset/ILSVRC2012_img_val/ILSVRC2012_val_00011589.JPEG,324,324,324,True,True,0.9424192309379578,994.19384765625,994.6683959960938,989.4642944335938,4.7295918464660645,5.2040815353393555,0.9905514121055603,0.9952033758163452,427.8858947753906,430.9841003417969,1.0404528379440308,0.3278162479400635,0.34625205397605896,2.7146658897399902,2.0650291442871094,55.41289448738098,44.58710253238678
ILSVRC2012_val_00011590.JPEG,/home/dr-yougart/Desktop/vit_mi/Dataset/ILSVRC2012_img_val/ILSVRC2012_val_00011590.JPEG,292,341,556,False,False,0.9153557419776917,995.3877563476562,995.5714111328125,990.8214111328125,4.56632661819458,4.75,0.9911404848098755,0.9953647255897522,406.29168701171875,403.4915771484375,1.0249605178833008,0.4274894595146179,-0.09187647700309753,3.512495517730713,2.7853832244873047,49.12693500518799,50.87306499481201
ILSVRC2012_val_00011591.JPEG,/home/dr-yougart/Desktop/vit_mi/Dataset/ILSVRC2012_img_val/ILSVRC2012_val_00011591.JPEG,459,445,445,False,False,0.9061735272407532,994.75,995.7857055664062,987.9591674804688,6.790816307067871,7.826530456542969,0.9862010478973389,0.9930938482284546,336.16912841796875,363.85662841796875,1.1539320945739746,0.4704902470111847,0.921496570110321,2.786647319793701,2.161874771118164,60.50609350204468,39.49390649795532
ILSVRC2012_val_00011592.JPEG,/home/dr-yougart/Desktop/vit_mi/Dataset/ILSVRC2012_img_val/ILSVRC2012_val_00011592.JPEG,365,365,365,True,True,0.9377463459968567,995.4846801757812,995.0458984375,988.4132690429688,7.0714287757873535,6.63265323638916,0.9870763421058655,0.9928313493728638,427.1653747558594,422.94842529296875,1.0321086645126343,0.30876123905181885,-0.2543241083621979,2.068607807159424,1.5427284240722656,45.36440074443817,54.63559627532959
ILSVRC2012_val_00011593.JPEG,/home/dr-yougart/Desktop/vit_mi/Dataset/ILSVRC2012_img_val/ILSVRC2012_val_00011593.JPEG,235,174,174,False,False,0.9579769968986511,994.8367309570312,995.4132690429688,992.1734619140625,2.6632652282714844,3.2397959232330322,0.9943176507949829,0.9972922801971436,349.7697448730469,364.1335754394531,1.079048752784729,0.30106237530708313,0.6282452940940857,2.1488120555877686,1.6454486846923828,58.68069529533386,41.31930470466614
ILSVRC2012_val_00011594.JPEG,/home/dr-yougart/Desktop/vit_mi/Dataset/ILSVRC2012_img_val/ILSVRC2012_val_00011594.JPEG,987,998,998,False,False,0.9313175678253174,995.5612182617188,995.846923828125,991.3367309570312,4.224489688873291,4.510204315185547,0.9916896224021912,0.9957090020179749,448.3401184082031,433.84295654296875,0.9930226802825928,0.3699344992637634,-0.20854608714580536,3.3354012966156006,2.5860519409179688,49.28925037384033,50.71074962615967
ILSVRC2012_val_00011595.JPEG,/home/dr-yougart/Desktop/vit_mi/Dataset/ILSVRC2012_img_val/ILSVRC2012_val_00011595.JPEG,612,612,612,True,True,0.9137169718742371,995.3112182617188,995.903076171875,989.8265380859375,5.484694004058838,6.076530456542969,0.9890716075897217,0.9944208860397339,384.9119873046875,383.076904296875,1.0471307039260864,0.41604793071746826,0.17171068489551544,3.010209798812866,2.3667068481445312,51.32315754890442,48.67684543132782
ILSVRC2012_val_00011596.JPEG,/home/dr-yougart/Desktop/vit_mi/Dataset/ILSVRC2012_img_val/ILSVRC2012_val_00011596.JPEG,147,147,147,True,True,0.9101422429084778,995.551025390625,995.55615234375,987.7908325195312,7.760204315185547,7.765305995941162,0.9854186177253723,0.9921166300773621,396.1286926269531,420.910400390625,1.1475646495819092,0.4545603096485138,0.8529508113861084,2.972212791442871,2.2912302017211914,58.68951082229614,41.31048917770386
ILSVRC2012_val_00011597.JPEG,/home/dr-yougart/Desktop/vit_mi/Dataset/ILSVRC2012_img_val/ILSVRC2012_val_00011597.JPEG,363,363,363,True,True,0.9222462177276611,995.4285888671875,995.9796142578125,990.4898071289062,4.938775539398193,5.489795684814453,0.9901140928268433,0.994983434677124,414.3634948730469,449.17059326171875,1.1259636878967285,0.4355688989162445,1.1163253784179688,3.636718511581421,2.869253158569336,60.09756326675415,39.90243971347809
ILSVRC2012_val_00011598.JPEG,/home/dr-yougart/Desktop/vit_mi/Dataset/ILSVRC2012_img_val/ILSVRC2012_val_00011598.JPEG,103,103,103,True,True,0.9189523458480835,995.6377563476562,995.3928833007812,988.7755126953125,6.862245082855225,6.61734676361084,0.987278938293457,0.9930564761161804,375.3845520019531,394.9073791503906,1.1013871431350708,0.4238850772380829,0.2997201085090637,2.8292789459228516,2.1736817359924316,52.33488082885742,47.66511917114258
ILSVRC2012_val_00011599.JPEG,/home/dr-yougart/Desktop/vit_mi/Dataset/ILSVRC2012_img_val/ILSVRC2012_val_00011599.JPEG,631,631,585,True,False,0.9347403645515442,994.5357055664062,995.244873046875,990.3673706054688,4.168367385864258,4.877551078796387,0.9914188981056213,0.9957526326179504,391.4399719238281,386.7969665527344,1.0127925872802734,0.33917415142059326,0.018017299473285675,2.5314812660217285,1.9915046691894531,50.646018981933594,49.353981018066406
ILSVRC2012_val_00011600.JPEG,/home/dr-yougart/Desktop/vit_mi/Dataset/ILSVRC2012_img_val/ILSVRC2012_val_00011600.JPEG,339,339,339,True,True,0.9356113076210022,994.551025390625,995.551025390625,989.1122436523438,5.438775539398193,6.438775539398193,0.9887440800666809,0.9944678544998169,372.85125732421875,394.9521179199219,1.1120163202285767,0.36687418818473816,0.7342745065689087,2.3882455825805664,1.8838486671447754,60.516542196273804,39.483457803726196
ILSVRC2012_val_00011601.JPEG,/home/dr-yougart/Desktop/vit_mi/Dataset/ILSVRC2012_img_val/ILSVRC2012_val_00011601.JPEG,318,318,318,True,True,0.9051945209503174,993.5458984375,994.6377563476562,989.5357055664062,4.010204315185547,5.102040767669678,0.9911869764328003,0.995930016040802,419.579345703125,463.9477844238281,1.1867213249206543,0.5531828999519348,1.470056414604187,4.811432838439941,3.6317291259765625,62.27255463600159,37.727442383766174
ILSVRC2012_val_00011602.JPEG,/home/dr-yougart/Desktop/vit_mi/Dataset/ILSVRC2012_img_val/ILSVRC2012_val_00011602.JPEG,476,476,476,True,True,0.9272233843803406,996.5612182617188,996.3724365234375,990.9744873046875,5.586734771728516,5.397959232330322,0.9896572828292847,0.9943445920944214,397.42156982421875,398.4683837890625,1.042960286140442,0.3649199604988098,0.02865852601826191,2.737116813659668,2.140204429626465,50.74061155319214,49.25938844680786
ILSVRC2012_val_00011603.JPEG,/home/dr-yougart/Desktop/vit_mi/Dataset/ILSVRC2012_img_val/ILSVRC2012_val_00011603.JPEG,384,384,384,True,True,0.9203049540519714,995.9591674804688,995.4744873046875,989.755126953125,6.2040815353393555,5.719387531280518,0.9887468218803406,0.9937044978141785,417.1103210449219,407.8975524902344,1.007185697555542,0.38426098227500916,-0.28353410959243774,3.035226583480835,2.370759963989258,45.8374559879303,54.1625440120697
ILSVRC2012_val_00011604.JPEG,/home/dr-yougart/Desktop/vit_mi/Dataset/ILSVRC2012_img_val/ILSVRC2012_val_00011604.JPEG,603,603,867,True,False,0.9134800434112549,995.0255126953125,995.3724365234375,990.9285888671875,4.096938610076904,4.443877696990967,0.9919031858444214,0.9958440065383911,416.0892028808594,440.7396240234375,1.1128660440444946,0.47507214546203613,0.6362218856811523,3.8923377990722656,2.9490089416503906,56.359219551086426,43.64078342914581
ILSVRC2012_val_00011605.JPEG,/home/dr-yougart/Desktop/vit_mi/Dataset/ILSVRC2012_img_val/ILSVRC2012_val_00011605.JPEG,95,95,95,True,True,0.9604973793029785,993.9387817382812,994.7142944335938,991.6173706054688,2.3214285373687744,3.0969388484954834,0.9946954846382141,0.9976399540901184,406.630859375,406.3040771484375,1.0324546098709106,0.2919459342956543,0.3129328191280365,2.5397138595581055,1.9488353729248047,53.74491214752197,46.25508785247803
ILSVRC2012_val_00011606.JPEG,/home/dr-yougart/Desktop/vit_mi/Dataset/ILSVRC2012_img_val/ILSVRC2012_val_00011606.JPEG,805,805,805,True,True,0.9656066298484802,992.9898071289062,993.30615234375,990.3571166992188,2.632652997970581,2.948979616165161,0.9945303201675415,0.9973340630531311,365.3014221191406,364.08941650390625,0.9962783455848694,0.25869354605674744,-0.08936639130115509,1.900819182395935,1.4790372848510742,48.39317798614502,51.60682201385498
ILSVRC2012_val_00011607.JPEG,/home/dr-yougart/Desktop/vit_mi/Dataset/ILSVRC2012_img_val/ILSVRC2012_val_00011607.JPEG,832,832,663,True,False,0.924352765083313,994.3214111328125,995.698974609375,989.4183959960938,4.903061389923096,6.280612468719482,0.9893666505813599,0.9950138926506042,405.618896484375,424.1492614746094,1.082966685295105,0.4185487926006317,0.6250733137130737,3.336056709289551,2.5432376861572266,55.08544445037842,44.91455554962158
ILSVRC2012_val_00011608.JPEG,/home/dr-yougart/Desktop/vit_mi/Dataset/ILSVRC2012_img_val/ILSVRC2012_val_00011608.JPEG,729,729,846,True,False,0.9348152279853821,994.10205078125,993.9541015625,989.994873046875,4.107142925262451,3.959183692932129,0.9922872185707092,0.9958412051200867,377.287109375,418.6607666015625,1.1457085609436035,0.41111618280410767,1.1215296983718872,3.105759620666504,2.391469955444336,59.93640422821045,40.06359577178955
ILSVRC2012_val_00011609.JPEG,/home/dr-yougart/Desktop/vit_mi/Dataset/ILSVRC2012_img_val/ILSVRC2012_val_00011609.JPEG,731,731,680,True,False,0.8971750736236572,994.89794921875,995.2296142578125,986.9234619140625,7.974489688873291,8.306122779846191,0.9847091436386108,0.9918999075889587,348.5369873046875,383.7785339355469,1.1880217790603638,0.5258732438087463,1.1058870553970337,3.0352885723114014,2.2571239471435547,60.33282279968262,39.66717720031738
ILSVRC2012_val_00011610.JPEG,/home/dr-yougart/Desktop/vit_mi/Dataset/ILSVRC2012_img_val/ILSVRC2012_val_00011610.JPEG,534,534,534,True,True,0.929014265537262,995.653076171875,996.1428833007812,990.6173706054688,5.035714149475098,5.525510311126709,0.9900082945823669,0.9948683977127075,381.43841552734375,349.09735107421875,0.9486339092254639,0.34037962555885315,-0.5809653997421265,2.6614882946014404,2.110645294189453,42.957133054733276,57.042866945266724
ILSVRC2012_val_00011611.JPEG,/home/dr-yougart/Desktop/vit_mi/Dataset/ILSVRC2012_img_val/ILSVRC2012_val_00011611.JPEG,670,446,446,False,False,0.9154894351959229,994.5918579101562,994.8775634765625,990.3877563476562,4.2040815353393555,4.489795684814453,0.9916833639144897,0.9957347512245178,419.7344055175781,417.6612854003906,1.0323400497436523,0.45412927865982056,-0.06278880685567856,4.0052618980407715,3.2107133865356445,50.41676163673401,49.58323836326599
ILSVRC2012_val_00011612.JPEG,/home/dr-yougart/Desktop/vit_mi/Dataset/ILSVRC2012_img_val/ILSVRC2012_val_00011612.JPEG,153,153,153,True,True,0.9166781306266785,995.3826293945312,995.7653198242188,988.4591674804688,6.923469543457031,7.306122303009033,0.9865803718566895,0.9929671883583069,342.0666809082031,360.6075439453125,1.1170070171356201,0.4404570162296295,0.5910865664482117,2.59247088432312,2.0079784393310547,56.68118596076965,43.31881105899811
ILSVRC2012_val_00011613.JPEG,/home/dr-yougart/Desktop/vit_mi/Dataset/ILSVRC2012_img_val/ILSVRC2012_val_00011613.JPEG,726,726,726,True,True,0.981402575969696,994.4846801757812,994.5765380859375,992.5612182617188,1.9234694242477417,2.015306234359741,0.9961838722229004,0.9980522394180298,394.6394958496094,404.5141906738281,1.0391137599945068,0.18260858952999115,0.3667476177215576,1.4303017854690552,1.0645461082458496,57.570087909698486,42.429912090301514
ILSVRC2012_val_00011614.JPEG,/home/dr-yougart/Desktop/vit_mi/Dataset/ILSVRC2012_img_val/ILSVRC2012_val_00011614.JPEG,688,688,688,True,True,0.9512357711791992,995.3265380859375,994.5612182617188,991.005126953125,4.3214287757873535,3.5561225414276123,0.992491602897644,0.9956364035606384,360.8883972167969,391.52392578125,1.124585509300232,0.3942199945449829,0.7244778871536255,2.843571186065674,1.9460020065307617,52.48176455497742,47.51823842525482
ILSVRC2012_val_00011615.JPEG,/home/dr-yougart/Desktop/vit_mi/Dataset/ILSVRC2012_img_val/ILSVRC2012_val_00011615.JPEG,433,433,433,True,True,0.9470623731613159,995.5816040039062,995.801025390625,992.0306396484375,3.551020383834839,3.7704081535339355,0.993054211139679,0.9963983297348022,452.77655029296875,427.089599609375,0.9712091684341431,0.31615540385246277,-0.7355087399482727,2.9840283393859863,2.2678375244140625,43.67150366306305,56.32849335670471
ILSVRC2012_val_00011616.JPEG,/home/dr-yougart/Desktop/vit_mi/Dataset/ILSVRC2012_img_val/ILSVRC2012_val_00011616.JPEG,358,358,358,True,True,0.9242218136787415,995.4132690429688,995.3775634765625,989.8877563476562,5.525510311126709,5.489795684814453,0.9895640015602112,0.9943966269493103,389.11590576171875,405.4749755859375,1.0904858112335205,0.4077298641204834,0.41075119376182556,2.9376204013824463,2.3022842407226562,54.01611924171448,45.983877778053284
ILSVRC2012_val_00011617.JPEG,/home/dr-yougart/Desktop/vit_mi/Dataset/ILSVRC2012_img_val/ILSVRC2012_val_00011617.JPEG,310,310,26,True,False,0.8999679684638977,994.6428833007812,994.346923828125,989.1428833007812,5.5,5.2040815353393555,0.989741861820221,0.9944155812263489,359.7829284667969,413.0630187988281,1.2073358297348022,0.5678715705871582,1.5027108192443848,4.085960865020752,3.1110739707946777,60.19435524940491,39.80564475059509
ILSVRC2012_val_00011618.JPEG,/home/dr-yougart/Desktop/vit_mi/Dataset/ILSVRC2012_img_val/ILSVRC2012_val_00011618.JPEG,627,627,627,True,True,0.9289443492889404,994.0153198242188,994.7908325195312,987.6071166992188,6.408163070678711,7.18367338180542,0.9870895743370056,0.9935079216957092,392.0058898925781,392.274169921875,1.0417797565460205,0.3664643466472626,-0.1011902242898941,2.4712038040161133,1.9182500839233398,48.300108313560486,51.69989466667175
ILSVRC2012_val_00011619.JPEG,/home/dr-yougart/Desktop/vit_mi/Dataset/ILSVRC2012_img_val/ILSVRC2012_val_00011619.JPEG,809,969,969,False,False,0.9334651231765747,995.2091674804688,995.3826293945312,989.6377563476562,5.5714287757873535,5.744897842407227,0.9893097877502441,0.9943344593048096,388.2447509765625,372.40118408203125,0.9970554709434509,0.35006028413772583,-0.4368616044521332,2.452017307281494,1.9220905303955078,43.31774711608887,56.68225288391113
ILSVRC2012_val_00011620.JPEG,/home/dr-yougart/Desktop/vit_mi/Dataset/ILSVRC2012_img_val/ILSVRC2012_val_00011620.JPEG,513,513,776,True,False,0.9432383179664612,995.9642944335938,995.5,992.39794921875,3.56632661819458,3.1020407676696777,0.9936581254005432,0.9963973760604858,432.8399963378906,423.5733337402344,1.0126967430114746,0.3542429506778717,-0.45468372106552124,2.9513251781463623,2.300959587097168,45.0640082359314,54.9359917640686
ILSVRC2012_val_00011621.JPEG,/home/dr-yougart/Desktop/vit_mi/Dataset/ILSVRC2012_img_val/ILSVRC2012_val_00011621.JPEG,80,80,80,True,True,0.9295102953910828,995.4642944335938,995.4183959960938,989.4591674804688,6.005102157592773,5.959183692932129,0.9887354969978333,0.9939013123512268,391.603759765625,409.96630859375,1.119685173034668,0.3889572024345398,0.6342073678970337,2.4409070014953613,1.8822517395019531,58.52300524711609,41.47699773311615
ILSVRC2012_val_00011622.JPEG,/home/dr-yougart/Desktop/vit_mi/Dataset/ILSVRC2012_img_val/ILSVRC2012_val_00011622.JPEG,583,583,583,True,True,0.9300638437271118,994.2653198242188,995.1887817382812,989.25,5.015305995941162,5.938775539398193,0.9896133542060852,0.9948957562446594,365.419921875,399.0066223144531,1.154044270515442,0.41887974739074707,1.0521401166915894,2.7087626457214355,2.1201012134552,62.58400082588196,37.4159961938858
ILSVRC2012_val_00011623.JPEG,/home/dr-yougart/Desktop/vit_mi/Dataset/ILSVRC2012_img_val/ILSVRC2012_val_00011623.JPEG,274,274,274,True,True,0.9156438112258911,994.9285888671875,994.94384765625,988.2958984375,6.63265323638916,6.647959232330322,0.9874585270881653,0.9932681322097778,319.74652099609375,356.7479553222656,1.182404637336731,0.47823190689086914,1.0449086427688599,2.6402344703674316,1.9745278358459473,61.36000156402588,38.64000141620636
ILSVRC2012_val_00011624.JPEG,/home/dr-yougart/Desktop/vit_mi/Dataset/ILSVRC2012_img_val/ILSVRC2012_val_00011624.JPEG,278,277,278,False,True,0.9100707173347473,995.7244873046875,995.5816040039062,988.0663452148438,7.658163070678711,7.515305995941162,0.9857301712036133,0.9922256469726562,371.0544128417969,353.8374938964844,1.0194889307022095,0.4074263274669647,-0.3701712489128113,2.409452438354492,1.8178424835205078,45.68859934806824,54.31140065193176
ILSVRC2012_val_00011625.JPEG,/home/dr-yougart/Desktop/vit_mi/Dataset/ILSVRC2012_img_val/ILSVRC2012_val_00011625.JPEG,874,874,874,True,True,0.9467427730560303,995.3826293945312,996.14794921875,992.80615234375,2.576530694961548,3.34183669090271,0.994322657585144,0.9973829388618469,410.64178466796875,387.02410888671875,0.9671995043754578,0.32477453351020813,-0.5547074675559998,2.792827844619751,2.1579713821411133,44.823989272117615,55.176013708114624
ILSVRC2012_val_00011626.JPEG,/home/dr-yougart/Desktop/vit_mi/Dataset/ILSVRC2012_img_val/ILSVRC2012_val_00011626.JPEG,423,423,423,True,True,0.9282140731811523,994.755126953125,995.494873046875,990.1683959960938,4.586734771728516,5.326530456542969,0.9904935956001282,0.9953441023826599,377.8955993652344,374.96173095703125,1.0229500532150269,0.3901015818119049,0.028551625087857246,3.0416367053985596,2.382114887237549,51.38118267059326,48.61881732940674
ILSVRC2012_val_00011627.JPEG,/home/dr-yougart/Desktop/vit_mi/Dataset/ILSVRC2012_img_val/ILSVRC2012_val_00011627.JPEG,789,789,789,True,True,0.9307090640068054,995.448974609375,995.60205078125,989.2346801757812,6.214285850524902,6.36734676361084,0.9881430864334106,0.9937050342559814,380.6320495605469,409.2212219238281,1.1115232706069946,0.37703970074653625,0.7373926639556885,2.676424026489258,1.8945646286010742,56.96064829826355,43.03935170173645
ILSVRC2012_val_00011628.JPEG,/home/dr-yougart/Desktop/vit_mi/Dataset/ILSVRC2012_img_val/ILSVRC2012_val_00011628.JPEG,811,545,811,False,True,0.9288283586502075,994.9693603515625,994.8571166992188,990.1071166992188,4.862245082855225,4.75,0.9907989501953125,0.9950627088546753,365.02587890625,337.183837890625,0.9653022885322571,0.37462320923805237,-0.6277410387992859,2.7593894004821777,2.1008057594299316,42.848896980285645,57.151103019714355
ILSVRC2012_val_00011629.JPEG,/home/dr-yougart/Desktop/vit_mi/Dataset/ILSVRC2012_img_val/ILSVRC2012_val_00011629.JPEG,79,79,52,True,False,0.9170569777488708,994.6071166992188,995.0867309570312,989.494873046875,5.112245082855225,5.591836929321289,0.9897310733795166,0.9948145151138306,341.8197937011719,361.2587585449219,1.1118988990783691,0.44790002703666687,0.6663933992385864,3.027914524078369,2.4307398796081543,57.02146291732788,42.97853410243988
ILSVRC2012_val_00011630.JPEG,/home/dr-yougart/Desktop/vit_mi/Dataset/ILSVRC2012_img_val/ILSVRC2012_val_00011630.JPEG,436,701,701,False,False,0.9274681210517883,993.2755126953125,995.2703857421875,989.244873046875,4.030612468719482,6.025510311126709,0.990349292755127,0.9959088563919067,379.96746826171875,441.0838623046875,1.1900931596755981,0.46064493060112,1.8911067247390747,3.731060743331909,2.6409125328063965,64.49002623558044,35.509973764419556
ILSVRC2012_val_00011631.JPEG,/home/dr-yougart/Desktop/vit_mi/Dataset/ILSVRC2012_img_val/ILSVRC2012_val_00011631.JPEG,350,350,350,True,True,0.9264684319496155,994.4081420898438,994.403076171875,987.7806396484375,6.627551078796387,6.622448921203613,0.9873601794242859,0.9932687878608704,366.2157897949219,370.09600830078125,1.0490734577178955,0.3742983043193817,0.28123465180397034,2.5845823287963867,1.9818174839019775,54.146331548690796,45.85367143154144
ILSVRC2012_val_00011632.JPEG,/home/dr-yougart/Desktop/vit_mi/Dataset/ILSVRC2012_img_val/ILSVRC2012_val_00011632.JPEG,969,968,968,False,False,0.950249969959259,994.903076171875,995.10205078125,992.7041015625,2.198979616165161,2.3979592323303223,0.9955152273178101,0.9977660775184631,334.2724304199219,355.5245666503906,1.0905855894088745,0.3578885495662689,0.8387532234191895,2.6200919151306152,2.0090370178222656,58.54704976081848,41.45294725894928
ILSVRC2012_val_00011633.JPEG,/home/dr-yougart/Desktop/vit_mi/Dataset/ILSVRC2012_img_val/ILSVRC2012_val_00011633.JPEG,392,392,392,True,True,0.9806081056594849,994.5,994.14794921875,993.005126953125,1.4948979616165161,1.1428571939468384,0.997412919998169,0.9984936118125916,457.88818359375,437.6346435546875,0.9613395929336548,0.1881895661354065,-0.5294166803359985,1.7928729057312012,1.3291711807250977,40.38760960102081,59.612393379211426
ILSVRC2012_val_00011634.JPEG,/home/dr-yougart/Desktop/vit_mi/Dataset/ILSVRC2012_img_val/ILSVRC2012_val_00011634.JPEG,69,69,738,True,False,0.902228593826294,995.1887817382812,995.3265380859375,988.7958984375,6.392857074737549,6.530612468719482,0.9877632260322571,0.9935000538825989,383.4561462402344,392.649169921875,1.073490858078003,0.4681434631347656,0.44942644238471985,3.541991949081421,2.8061885833740234,53.97927761077881,46.02072238922119
ILSVRC2012_val_00011635.JPEG,/home/dr-yougart/Desktop/vit_mi/Dataset/ILSVRC2012_img_val/ILSVRC2012_val_00011635.JPEG,821,821,821,True,True,0.9543004631996155,996.1683959960938,996.2857055664062,993.801025390625,2.367347002029419,2.484693765640259,0.9953946471214294,0.9976006150245667,377.61639404296875,385.74554443359375,1.0404549837112427,0.30118560791015625,0.2690638601779938,2.383573293685913,1.8797740936279297,53.38603854179382,46.61395847797394
ILSVRC2012_val_00011636.JPEG,/home/dr-yougart/Desktop/vit_mi/Dataset/ILSVRC2012_img_val/ILSVRC2012_val_00011636.JPEG,625,625,625,True,True,0.9256186485290527,994.3928833007812,995.198974609375,989.846923828125,4.5459184646606445,5.352040767669678,0.9906014204025269,0.9953882694244385,379.3343505859375,400.01409912109375,1.0898761749267578,0.41154050827026367,0.7181808352470398,3.0009679794311523,2.249032974243164,57.50734210014343,42.49265491962433
ILSVRC2012_val_00011637.JPEG,/home/dr-yougart/Desktop/vit_mi/Dataset/ILSVRC2012_img_val/ILSVRC2012_val_00011637.JPEG,393,393,393,True,True,0.9390875101089478,995.5816040039062,995.8265380859375,992.1581420898438,3.423469305038452,3.668367385864258,0.9932185411453247,0.9965364336967468,329.69866943359375,321.63641357421875,1.0118231773376465,0.36973443627357483,-0.2131638377904892,2.432234287261963,1.8896493911743164,49.09365773200989,50.90634226799011
ILSVRC2012_val_00011638.JPEG,/home/dr-yougart/Desktop/vit_mi/Dataset/ILSVRC2012_img_val/ILSVRC2012_val_00011638.JPEG,73,815,73,False,True,0.8847405314445496,993.801025390625,994.3877563476562,987.10205078125,6.698979377746582,7.285714149475098,0.986667811870575,0.9931923151016235,371.9942321777344,390.1265869140625,1.1169281005859375,0.5590075850486755,0.8022391200065613,4.064462184906006,3.0782337188720703,56.259822845458984,43.740180134773254
ILSVRC2012_val_00011639.JPEG,/home/dr-yougart/Desktop/vit_mi/Dataset/ILSVRC2012_img_val/ILSVRC2012_val_00011639.JPEG,151,163,168,False,False,0.9335472583770752,995.5867309570312,995.6275634765625,990.3163452148438,5.2704081535339355,5.311224460601807,0.9899709820747375,0.9946740865707397,343.578369140625,368.10394287109375,1.1100748777389526,0.3833063542842865,0.4321601092815399,2.3904473781585693,1.847358226776123,55.57181239128113,44.42818760871887
ILSVRC2012_val_00011640.JPEG,/home/dr-yougart/Desktop/vit_mi/Dataset/ILSVRC2012_img_val/ILSVRC2012_val_00011640.JPEG,411,411,502,True,False,0.9264918565750122,994.7703857421875,995.5612182617188,990.4591674804688,4.311224460601807,5.102040767669678,0.9910193681716919,0.9956209063529968,366.1776123046875,385.9039001464844,1.1001607179641724,0.4213140308856964,0.645100474357605,2.995042085647583,2.330258369445801,57.011282444000244,42.988717555999756
ILSVRC2012_val_00011641.JPEG,/home/dr-yougart/Desktop/vit_mi/Dataset/ILSVRC2012_img_val/ILSVRC2012_val_00011641.JPEG,833,833,833,True,True,0.8981788158416748,993.9234619140625,994.8316040039062,986.8214111328125,7.102040767669678,8.010204315185547,0.9857073426246643,0.992767870426178,409.2076721191406,427.6286315917969,1.1194915771484375,0.49957406520843506,0.6911593675613403,3.641751289367676,2.721766471862793,54.96776103973389,45.032235980033875
ILSVRC2012_val_00011642.JPEG,/home/dr-yougart/Desktop/vit_mi/Dataset/ILSVRC2012_img_val/ILSVRC2012_val_00011642.JPEG,144,144,144,True,True,0.9560897350311279,990.7601928710938,991.2193603515625,986.346923828125,4.413265228271484,4.872448921203613,0.9909154176712036,0.9955047965049744,381.8251647949219,388.7731628417969,1.032225489616394,0.2900310158729553,0.31405821442604065,2.132556200027466,1.6084251403808594,54.74333167076111,45.25666832923889
ILSVRC2012_val_00011643.JPEG,/home/dr-yougart/Desktop/vit_mi/Dataset/ILSVRC2012_img_val/ILSVRC2012_val_00011643.JPEG,108,108,973,True,False,0.9406924843788147,995.653076171875,995.8163452148438,992.051025390625,3.6020407676696777,3.765306234359741,0.9930097460746765,0.9963462948799133,388.4836120605469,383.1308288574219,1.0224237442016602,0.3508266806602478,0.002717586001381278,2.6903934478759766,2.137105941772461,50.109028816223145,49.890971183776855
ILSVRC2012_val_00011644.JPEG,/home/dr-yougart/Desktop/vit_mi/Dataset/ILSVRC2012_img_val/ILSVRC2012_val_00011644.JPEG,644,644,729,True,False,0.9108790755271912,993.8112182617188,994.301025390625,988.0663452148438,5.744897842407227,6.234694004058838,0.9886429309844971,0.9941579103469849,343.0948791503906,393.74774169921875,1.2342898845672607,0.5444217920303345,1.5245343446731567,3.4478609561920166,2.6593778133392334,65.87335467338562,34.12664532661438
ILSVRC2012_val_00011645.JPEG,/home/dr-yougart/Desktop/vit_mi/Dataset/ILSVRC2012_img_val/ILSVRC2012_val_00011645.JPEG,291,291,291,True,True,0.9397209882736206,995.403076171875,994.9898071289062,989.8775634765625,5.525510311126709,5.112245082855225,0.989924430847168,0.9944160580635071,420.7174072265625,393.2840881347656,0.9591953754425049,0.34328943490982056,-0.8866370320320129,2.6814751625061035,2.044999122619629,38.66639733314514,61.33360266685486
ILSVRC2012_val_00011646.JPEG,/home/dr-yougart/Desktop/vit_mi/Dataset/ILSVRC2012_img_val/ILSVRC2012_val_00011646.JPEG,14,14,843,True,False,0.9045455455780029,994.6683959960938,995.346923828125,987.3775634765625,7.290816307067871,7.969387531280518,0.9856153726577759,0.9925784468650818,408.9706726074219,440.5379333496094,1.146262288093567,0.4782968759536743,1.0715429782867432,3.5570085048675537,2.5753231048583984,58.733707666397095,41.26628935337067
ILSVRC2012_val_00011647.JPEG,/home/dr-yougart/Desktop/vit_mi/Dataset/ILSVRC2012_img_val/ILSVRC2012_val_00011647.JPEG,702,702,409,True,False,0.8623937368392944,994.9846801757812,993.6275634765625,985.9132690429688,9.071428298950195,7.714285850524902,0.9841132760047913,0.9908124804496765,368.8248596191406,436.3571472167969,1.248923659324646,0.660700798034668,1.6109076738357544,4.541707515716553,3.629838466644287,61.1672580242157,38.8327419757843
ILSVRC2012_val_00011648.JPEG,/home/dr-yougart/Desktop/vit_mi/Dataset/ILSVRC2012_img_val/ILSVRC2012_val_00011648.JPEG,653,653,653,True,True,0.9325876235961914,995.0357055664062,995.25,989.8724365234375,5.163265228271484,5.377551078796387,0.9899620413780212,0.9947469830513,372.8768310546875,395.13946533203125,1.098130464553833,0.37947502732276917,0.7904198169708252,2.811814785003662,2.186387538909912,58.89080762863159,41.10919237136841
ILSVRC2012_val_00011649.JPEG,/home/dr-yougart/Desktop/vit_mi/Dataset/ILSVRC2012_img_val/ILSVRC2012_val_00011649.JPEG,901,901,901,True,True,0.9598276019096375,993.3724365234375,993.948974609375,990.2244873046875,3.1479592323303223,3.724489688873291,0.993363618850708,0.996807336807251,368.10858154296875,383.4732666015625,1.0701167583465576,0.297932893037796,0.4487200975418091,2.065082550048828,1.6420345306396484,56.99645280838013,43.003544211387634
ILSVRC2012_val_00011650.JPEG,/home/dr-yougart/Desktop/vit_mi/Dataset/ILSVRC2012_img_val/ILSVRC2012_val_00011650.JPEG,26,26,26,True,True,0.9275660514831543,994.5306396484375,994.8826293945312,989.244873046875,5.285714149475098,5.637754917144775,0.9896893501281738,0.994617223739624,357.3240661621094,380.941650390625,1.11781907081604,0.3974415063858032,0.9150370955467224,2.550229549407959,1.8550043106079102,60.45169234275818,39.54830467700958
ILSVRC2012_val_00011651.JPEG,/home/dr-yougart/Desktop/vit_mi/Dataset/ILSVRC2012_img_val/ILSVRC2012_val_00011651.JPEG,115,115,110,True,False,0.9154205322265625,993.5918579101562,994.6836547851562,987.096923828125,6.494897842407227,7.586734771728516,0.9865319132804871,0.9934105277061462,301.6647644042969,340.02667236328125,1.2204447984695435,0.5225579142570496,1.1772710084915161,2.807602643966675,2.0767555236816406,62.308043241500854,37.69195377826691
ILSVRC2012_val_00011652.JPEG,/home/dr-yougart/Desktop/vit_mi/Dataset/ILSVRC2012_img_val/ILSVRC2012_val_00011652.JPEG,612,612,612,True,True,0.9438331127166748,995.39794921875,995.5867309570312,991.7601928710938,3.6377551555633545,3.826530694961548,0.9928914904594421,0.9963141679763794,423.8926086425781,425.99359130859375,1.0308486223220825,0.3409157693386078,0.07860506325960159,2.969635248184204,2.272221565246582,50.04964470863342,49.95035529136658
ILSVRC2012_val_00011653.JPEG,/home/dr-yougart/Desktop/vit_mi/Dataset/ILSVRC2012_img_val/ILSVRC2012_val_00011653.JPEG,666,666,666,True,True,0.9282737970352173,994.44384765625,995.0408325195312,988.8112182617188,5.63265323638916,6.2295918464660645,0.9887517690658569,0.9942944645881653,371.399169921875,398.3894348144531,1.1196924448013306,0.4054282009601593,0.8169596791267395,2.76670241355896,2.155879497528076,59.372466802597046,40.627530217170715
ILSVRC2012_val_00011654.JPEG,/home/dr-yougart/Desktop/vit_mi/Dataset/ILSVRC2012_img_val/ILSVRC2012_val_00011654.JPEG,800,800,800,True,True,0.9135366082191467,995.6785888671875,996.051025390625,990.596923828125,5.081632614135742,5.4540815353393555,0.9900837540626526,0.9948346018791199,415.3591003417969,360.4312744140625,0.9195737242698669,0.4254012107849121,-1.4731217622756958,3.4369096755981445,2.566913604736328,37.76531219482422,62.23468780517578
ILSVRC2012_val_00011655.JPEG,/home/dr-yougart/Desktop/vit_mi/Dataset/ILSVRC2012_img_val/ILSVRC2012_val_00011655.JPEG,753,686,856,False,False,0.9235750436782837,995.5,995.903076171875,991.19384765625,4.306122303009033,4.709183692932129,0.9914118647575378,0.9956403374671936,356.8484802246094,379.1602783203125,1.093822717666626,0.4277987480163574,0.5096071362495422,3.126598834991455,2.50685453414917,55.09280562400818,44.90719437599182
ILSVRC2012_val_00011656.JPEG,/home/dr-yougart/Desktop/vit_mi/Dataset/ILSVRC2012_img_val/ILSVRC2012_val_00011656.JPEG,609,609,609,True,True,0.9403160810470581,994.2755126953125,995.2296142578125,991.0306396484375,3.2448978424072266,4.198979377746582,0.9928022027015686,0.9967015981674194,341.90777587890625,362.7618408203125,1.0864754915237427,0.38040682673454285,0.7060596346855164,2.7557132244110107,2.1326847076416016,56.99179172515869,43.00820529460907
ILSVRC2012_val_00011657.JPEG,/home/dr-yougart/Desktop/vit_mi/Dataset/ILSVRC2012_img_val/ILSVRC2012_val_00011657.JPEG,28,28,28,True,True,0.912659227848053,996.2653198242188,995.94384765625,992.1428833007812,4.122448921203613,3.801020383834839,0.9925053715705872,0.995830774307251,378.9064025878906,385.2248229980469,1.0454264879226685,0.4493683874607086,0.11372964829206467,3.4128410816192627,2.7149295806884766,50.601667165756226,49.398332834243774
ILSVRC2012_val_00011658.JPEG,/home/dr-yougart/Desktop/vit_mi/Dataset/ILSVRC2012_img_val/ILSVRC2012_val_00011658.JPEG,441,441,503,True,False,0.9426066875457764,994.7142944335938,995.2703857421875,991.3928833007812,3.3214285373687744,3.8775510787963867,0.9931075572967529,0.9966245293617249,366.3022155761719,384.58514404296875,1.0911304950714111,0.3636898994445801,0.7843783497810364,2.7105259895324707,2.0976123809814453,58.063024282455444,41.936978697776794
ILSVRC2012_val_00011659.JPEG,/home/dr-yougart/Desktop/vit_mi/Dataset/ILSVRC2012_img_val/ILSVRC2012_val_00011659.JPEG,859,859,859,True,True,0.9181190133094788,994.7653198242188,994.69384765625,990.2244873046875,4.540816307067871,4.469387531280518,0.9914616346359253,0.995408833026886,417.54449462890625,433.17242431640625,1.0662765502929688,0.4237549304962158,0.34101033210754395,3.4847869873046875,2.728651523590088,52.225327491760254,47.774675488471985
ILSVRC2012_val_00011660.JPEG,/home/dr-yougart/Desktop/vit_mi/Dataset/ILSVRC2012_img_val/ILSVRC2012_val_00011660.JPEG,449,449,975,True,False,0.9021310806274414,994.3112182617188,995.3775634765625,990.2703857421875,4.040816307067871,5.107142925262451,0.991136908531189,0.9959070682525635,332.9733581542969,370.4606628417969,1.1474121809005737,0.5290864109992981,1.070487141609192,3.6852986812591553,2.921327590942383,58.01136493682861,41.98863506317139
ILSVRC2012_val_00011661.JPEG,/home/dr-yougart/Desktop/vit_mi/Dataset/ILSVRC2012_img_val/ILSVRC2012_val_00011661.JPEG,25,25,25,True,True,0.9248265027999878,995.0357055664062,994.6887817382812,989.1734619140625,5.862245082855225,5.515305995941162,0.9891817569732666,0.994053065776825,374.3057556152344,375.9099426269531,1.0393280982971191,0.3766607940196991,0.24639025330543518,2.741116762161255,2.1042346954345703,53.212326765060425,46.787670254707336
ILSVRC2012_val_00011662.JPEG,/home/dr-yougart/Desktop/vit_mi/Dataset/ILSVRC2012_img_val/ILSVRC2012_val_00011662.JPEG,806,806,806,True,True,0.9346453547477722,995.0306396484375,995.5,990.346923828125,4.68367338180542,5.153061389923096,0.9906656742095947,0.9952439069747925,385.81964111328125,399.96319580078125,1.100038766860962,0.39494776725769043,0.5203373432159424,2.690279722213745,2.131556987762451,55.88796138763428,44.11204159259796
ILSVRC2012_val_00011663.JPEG,/home/dr-yougart/Desktop/vit_mi/Dataset/ILSVRC2012_img_val/ILSVRC2012_val_00011663.JPEG,752,752,752,True,True,0.9291081428527832,992.8265380859375,994.0153198242188,986.0918579101562,6.734694004058838,7.923469543457031,0.9860343933105469,0.9931419491767883,384.38720703125,359.3686218261719,0.9741747379302979,0.34809401631355286,-0.5285248756408691,2.3528473377227783,1.8364143371582031,42.90437400341034,57.09562301635742
ILSVRC2012_val_00011664.JPEG,/home/dr-yougart/Desktop/vit_mi/Dataset/ILSVRC2012_img_val/ILSVRC2012_val_00011664.JPEG,30,30,30,True,True,0.9635747671127319,994.3571166992188,994.198974609375,991.6377563476562,2.7193877696990967,2.5612244606018066,0.9948328733444214,0.9972500205039978,396.8853759765625,415.4665222167969,1.0697239637374878,0.28720182180404663,0.626682460308075,2.350386381149292,1.8545961380004883,58.72834324836731,41.27165377140045
ILSVRC2012_val_00011665.JPEG,/home/dr-yougart/Desktop/vit_mi/Dataset/ILSVRC2012_img_val/ILSVRC2012_val_00011665.JPEG,896,897,117,False,False,0.8804755806922913,994.8112182617188,995.494873046875,986.5918579101562,8.219388008117676,8.903060913085938,0.9838406443595886,0.9916363954544067,365.5605773925781,398.49560546875,1.1702778339385986,0.5557690262794495,1.124840259552002,3.7379555702209473,3.0087833404541016,59.571707248687744,40.428292751312256
ILSVRC2012_val_00011666.JPEG,/home/dr-yougart/Desktop/vit_mi/Dataset/ILSVRC2012_img_val/ILSVRC2012_val_00011666.JPEG,572,739,634,False,False,0.9180541634559631,994.2908325195312,994.2703857421875,987.4693603515625,6.8214287757873535,6.801020622253418,0.98699951171875,0.9930915832519531,376.33636474609375,373.8355712890625,1.021528959274292,0.42379137873649597,-0.32982540130615234,3.072132110595703,2.4275503158569336,46.074795722961426,53.925204277038574
ILSVRC2012_val_00011667.JPEG,/home/dr-yougart/Desktop/vit_mi/Dataset/ILSVRC2012_img_val/ILSVRC2012_val_00011667.JPEG,867,867,867,True,True,0.9095546007156372,994.9132690429688,995.8622436523438,989.2091674804688,5.7040815353393555,6.653061389923096,0.9883167743682861,0.9941993355751038,350.4046936035156,367.6991882324219,1.0989001989364624,0.459145724773407,0.6413139700889587,3.0436389446258545,2.2433547973632812,55.95585107803345,44.04414892196655
ILSVRC2012_val_00011668.JPEG,/home/dr-yougart/Desktop/vit_mi/Dataset/ILSVRC2012_img_val/ILSVRC2012_val_00011668.JPEG,738,738,738,True,True,0.9062888622283936,993.3265380859375,995.4541015625,987.244873046875,6.081632614135742,8.209183692932129,0.9863957166671753,0.9937947392463684,356.8171691894531,350.0665588378906,1.04987633228302,0.44459468126296997,0.2659447193145752,2.8999929428100586,2.2860517501831055,53.17623019218445,46.82377278804779
ILSVRC2012_val_00011669.JPEG,/home/dr-yougart/Desktop/vit_mi/Dataset/ILSVRC2012_img_val/ILSVRC2012_val_00011669.JPEG,310,310,310,True,True,0.9371586441993713,992.4846801757812,992.7703857421875,985.8928833007812,6.591836929321289,6.877551078796387,0.9870771169662476,0.9933006763458252,392.47802734375,393.89105224609375,1.0459285974502563,0.34276291728019714,0.2895325720310211,2.4927330017089844,1.9286775588989258,53.62589359283447,46.37410342693329
ILSVRC2012_val_00011670.JPEG,/home/dr-yougart/Desktop/vit_mi/Dataset/ILSVRC2012_img_val/ILSVRC2012_val_00011670.JPEG,429,429,429,True,True,0.9531402587890625,992.4541015625,993.9898071289062,988.2296142578125,4.224489688873291,5.760204315185547,0.9903589487075806,0.9956855177879333,404.686279296875,395.49127197265625,1.0020538568496704,0.27991676330566406,0.15101462602615356,2.358771324157715,1.8200788497924805,51.94818377494812,48.05181324481964
ILSVRC2012_val_00011671.JPEG,/home/dr-yougart/Desktop/vit_mi/Dataset/ILSVRC2012_img_val/ILSVRC2012_val_00011671.JPEG,748,748,748,True,True,0.9465247392654419,995.1785888671875,995.8112182617188,991.653076171875,3.525510311126709,4.158163070678711,0.9926918745040894,0.9964114427566528,353.13409423828125,347.0536193847656,1.0005689859390259,0.3095935583114624,-0.030173994600772858,2.2567007541656494,1.795720100402832,49.2148756980896,50.7851243019104
ILSVRC2012_val_00011672.JPEG,/home/dr-yougart/Desktop/vit_mi/Dataset/ILSVRC2012_img_val/ILSVRC2012_val_00011672.JPEG,716,552,716,False,True,0.9207211136817932,995.8418579101562,996.0816040039062,990.505126953125,5.336734771728516,5.576530456542969,0.989717423915863,0.9945731163024902,399.10638427734375,411.7556457519531,1.0777076482772827,0.40728405117988586,0.428823858499527,3.1395063400268555,2.4048032760620117,53.138214349746704,46.861785650253296
ILSVRC2012_val_00011673.JPEG,/home/dr-yougart/Desktop/vit_mi/Dataset/ILSVRC2012_img_val/ILSVRC2012_val_00011673.JPEG,195,195,195,True,True,0.932994544506073,995.051025390625,995.9132690429688,991.0306396484375,4.0204081535339355,4.88265323638916,0.9915268421173096,0.9959002137184143,367.2672119140625,377.4441833496094,1.0690560340881348,0.3707171380519867,0.558683454990387,2.707726001739502,2.1218557357788086,56.28339648246765,43.71660053730011
ILSVRC2012_val_00011674.JPEG,/home/dr-yougart/Desktop/vit_mi/Dataset/ILSVRC2012_img_val/ILSVRC2012_val_00011674.JPEG,601,601,400,True,False,0.9138554334640503,994.7398071289062,996.19384765625,990.1836547851562,4.556122303009033,6.010204315185547,0.9899874925613403,0.9953526258468628,366.08038330078125,404.37994384765625,1.1663806438446045,0.4755152761936188,1.2856510877609253,3.3309147357940674,2.6474828720092773,63.39629888534546,36.60370111465454
ILSVRC2012_val_00011675.JPEG,/home/dr-yougart/Desktop/vit_mi/Dataset/ILSVRC2012_img_val/ILSVRC2012_val_00011675.JPEG,952,952,952,True,True,0.9673547744750977,991.6275634765625,990.0816040039062,984.551025390625,7.076530456542969,5.530612468719482,0.9875918030738831,0.99284827709198,452.225830078125,442.35296630859375,0.9944948554039001,0.23341260850429535,-0.16331380605697632,2.27219295501709,1.7603092193603516,47.26385176181793,52.73615121841431
ILSVRC2012_val_00011676.JPEG,/home/dr-yougart/Desktop/vit_mi/Dataset/ILSVRC2012_img_val/ILSVRC2012_val_00011676.JPEG,691,691,712,True,False,0.9037628173828125,995.4081420898438,996.3112182617188,989.9336547851562,5.474489688873291,6.377551078796387,0.9888044595718384,0.9944285154342651,393.4512939453125,446.43194580078125,1.1847494840621948,0.5043746829032898,1.8799409866333008,4.159096717834473,3.2903804779052734,64.36681747436523,35.633185505867004
ILSVRC2012_val_00011677.JPEG,/home/dr-yougart/Desktop/vit_mi/Dataset/ILSVRC2012_img_val/ILSVRC2012_val_00011677.JPEG,73,73,73,True,True,0.9299220442771912,994.8622436523438,994.4642944335938,989.3724365234375,5.489795684814453,5.091836929321289,0.9898672103881836,0.9944604635238647,355.2595520019531,351.80340576171875,1.0235605239868164,0.390535831451416,-0.15692096948623657,2.6068785190582275,2.0656332969665527,48.35522472858429,51.64477825164795
ILSVRC2012_val_00011678.JPEG,/home/dr-yougart/Desktop/vit_mi/Dataset/ILSVRC2012_img_val/ILSVRC2012_val_00011678.JPEG,641,641,546,True,False,0.9138460755348206,995.25,995.1428833007812,989.698974609375,5.551020622253418,5.443877696990967,0.9895802736282349,0.9943848252296448,377.08367919921875,423.7808837890625,1.1818732023239136,0.5381792187690735,1.2354565858840942,4.0662150382995605,2.8882665634155273,55.54410219192505,44.45590078830719
ILSVRC2012_val_00011679.JPEG,/home/dr-yougart/Desktop/vit_mi/Dataset/ILSVRC2012_img_val/ILSVRC2012_val_00011679.JPEG,410,410,410,True,True,0.9174283742904663,994.9132690429688,996.0203857421875,989.6122436523438,5.301020622253418,6.408163070678711,0.9889150857925415,0.9946151375770569,402.262451171875,402.33123779296875,1.0347994565963745,0.40263986587524414,0.1376619189977646,3.244204521179199,2.5392847061157227,52.457672357559204,47.542327642440796
ILSVRC2012_val_00011680.JPEG,/home/dr-yougart/Desktop/vit_mi/Dataset/ILSVRC2012_img_val/ILSVRC2012_val_00011680.JPEG,192,192,186,True,False,0.917201042175293,993.8724365234375,995.1785888671875,988.9183959960938,4.9540815353393555,6.260204315185547,0.9892298579216003,0.9949665665626526,348.373291015625,362.34893798828125,1.1044533252716064,0.4479982852935791,0.7000622153282166,2.9856395721435547,2.3785524368286133,57.27242827415466,42.72757172584534
ILSVRC2012_val_00011681.JPEG,/home/dr-yougart/Desktop/vit_mi/Dataset/ILSVRC2012_img_val/ILSVRC2012_val_00011681.JPEG,547,547,547,True,True,0.9311928749084473,994.7958984375,996.0255126953125,990.7142944335938,4.081632614135742,5.311224460601807,0.9910647869110107,0.9958351850509644,402.231201171875,398.72265625,1.0277172327041626,0.3611714839935303,0.21972964704036713,3.077934503555298,2.428317070007324,52.87259221076965,47.12740778923035
ILSVRC2012_val_00011682.JPEG,/home/dr-yougart/Desktop/vit_mi/Dataset/ILSVRC2012_img_val/ILSVRC2012_val_00011682.JPEG,210,210,178,True,False,0.9363159537315369,994.2296142578125,994.4796142578125,990.3928833007812,3.8367347717285156,4.086734771728516,0.9923816323280334,0.9961060285568237,357.1742248535156,403.7987060546875,1.1887297630310059,0.4698617458343506,1.5214589834213257,3.387402296066284,2.434539794921875,62.48447895050049,37.51551806926727
ILSVRC2012_val_00011683.JPEG,/home/dr-yougart/Desktop/vit_mi/Dataset/ILSVRC2012_img_val/ILSVRC2012_val_00011683.JPEG,578,578,982,True,False,0.9115532040596008,994.9591674804688,995.8571166992188,987.7398071289062,7.219387531280518,8.11734676361084,0.9855502247810364,0.992647111415863,372.0568542480469,376.6419677734375,1.0776774883270264,0.41285020112991333,0.4022896885871887,2.6061151027679443,2.0431418418884277,55.19816875457764,44.80183124542236
ILSVRC2012_val_00011684.JPEG,/home/dr-yougart/Desktop/vit_mi/Dataset/ILSVRC2012_img_val/ILSVRC2012_val_00011684.JPEG,634,634,634,True,True,0.9171401858329773,995.301025390625,995.0153198242188,988.948974609375,6.352040767669678,6.06632661819458,0.9881981015205383,0.9935829043388367,351.3467102050781,374.9892883300781,1.1151516437530518,0.446193665266037,0.47960329055786133,2.944812059402466,2.30096435546875,56.297653913497925,43.702343106269836
ILSVRC2012_val_00011685.JPEG,/home/dr-yougart/Desktop/vit_mi/Dataset/ILSVRC2012_img_val/ILSVRC2012_val_00011685.JPEG,467,467,467,True,True,0.9375412464141846,995.5612182617188,995.4744873046875,991.346923828125,4.214285850524902,4.127551078796387,0.9920300841331482,0.9957340955734253,443.2550354003906,405.31884765625,0.9346154928207397,0.3608255684375763,-1.1770285367965698,3.3344533443450928,2.6594953536987305,38.4073406457901,61.59265637397766
ILSVRC2012_val_00011686.JPEG,/home/dr-yougart/Desktop/vit_mi/Dataset/ILSVRC2012_img_val/ILSVRC2012_val_00011686.JPEG,83,83,83,True,True,0.9037537574768066,994.1785888671875,994.6173706054688,989.3622436523438,4.81632661819458,5.255102157592773,0.9904307126998901,0.9950996041297913,374.3584289550781,400.6449279785156,1.1217024326324463,0.4991079866886139,1.1049067974090576,3.7642807960510254,2.817514419555664,58.48644971847534,41.51355028152466
ILSVRC2012_val_00011687.JPEG,/home/dr-yougart/Desktop/vit_mi/Dataset/ILSVRC2012_img_val/ILSVRC2012_val_00011687.JPEG,451,451,507,True,False,0.8906252980232239,994.4183959960938,994.596923828125,985.7244873046875,8.693877220153809,8.872448921203613,0.98350989818573,0.9911527633666992,384.467529296875,406.7164001464844,1.120850682258606,0.49948129057884216,0.6582594513893127,3.2833316326141357,2.460265636444092,55.09207844734192,44.90792155265808
ILSVRC2012_val_00011688.JPEG,/home/dr-yougart/Desktop/vit_mi/Dataset/ILSVRC2012_img_val/ILSVRC2012_val_00011688.JPEG,27,26,26,False,False,0.9359860420227051,993.6071166992188,993.698974609375,989.3367309570312,4.2704081535339355,4.362245082855225,0.9916697144508362,0.995660662651062,372.48736572265625,370.18902587890625,1.019424319267273,0.37165263295173645,-0.0014345914823934436,2.7267603874206543,2.115797519683838,50.34809708595276,49.651899933815
ILSVRC2012_val_00011689.JPEG,/home/dr-yougart/Desktop/vit_mi/Dataset/ILSVRC2012_img_val/ILSVRC2012_val_00011689.JPEG,210,210,210,True,True,0.9267679452896118,995.4591674804688,995.9693603515625,990.3418579101562,5.11734676361084,5.627551078796387,0.9898695945739746,0.9947962164878845,358.84051513671875,392.2226867675781,1.1531949043273926,0.4250330924987793,1.131448745727539,2.9035515785217285,2.262650489807129,61.908119916915894,38.09187710285187
ILSVRC2012_val_00011690.JPEG,/home/dr-yougart/Desktop/vit_mi/Dataset/ILSVRC2012_img_val/ILSVRC2012_val_00011690.JPEG,692,692,692,True,True,0.9536842703819275,994.846923828125,995.7653198242188,991.9285888671875,2.918367385864258,3.8367347717285156,0.9934875965118408,0.9970422983169556,422.3189697265625,422.41485595703125,1.0273334980010986,0.30148452520370483,0.14236114919185638,2.7098464965820312,2.1824798583984375,51.53740644454956,48.4625905752182
ILSVRC2012_val_00011691.JPEG,/home/dr-yougart/Desktop/vit_mi/Dataset/ILSVRC2012_img_val/ILSVRC2012_val_00011691.JPEG,566,776,776,False,False,0.9391472339630127,993.85205078125,994.2806396484375,990.5,3.3520407676696777,3.7806122303009033,0.9931360483169556,0.9966155886650085,370.8219909667969,394.6451416015625,1.0928038358688354,0.40128737688064575,0.6347111463546753,2.9045491218566895,2.088937759399414,55.66195249557495,44.33804750442505
ILSVRC2012_val_00011692.JPEG,/home/dr-yougart/Desktop/vit_mi/Dataset/ILSVRC2012_img_val/ILSVRC2012_val_00011692.JPEG,737,865,675,False,False,0.918322741985321,995.5153198242188,995.6173706054688,990.9285888671875,4.586734771728516,4.688775539398193,0.9911544919013977,0.9953389763832092,357.8984680175781,346.418212890625,1.004115104675293,0.42036283016204834,-0.26233991980552673,3.1292014122009277,2.5253067016601562,46.95709049701691,53.04291248321533
ILSVRC2012_val_00011693.JPEG,/home/dr-yougart/Desktop/vit_mi/Dataset/ILSVRC2012_img_val/ILSVRC2012_val_00011693.JPEG,710,710,710,True,True,0.949524998664856,994.0918579101562,993.7806396484375,989.1785888671875,4.913265228271484,4.602040767669678,0.99085533618927,0.9950233101844788,428.32080078125,410.3310852050781,0.984886884689331,0.3191130757331848,-0.5481352210044861,2.7409234046936035,2.093266487121582,44.30598318576813,55.694013833999634
ILSVRC2012_val_00011694.JPEG,/home/dr-yougart/Desktop/vit_mi/Dataset/ILSVRC2012_img_val/ILSVRC2012_val_00011694.JPEG,395,395,389,True,False,0.9305155277252197,994.9693603515625,996.2041015625,991.3724365234375,3.5969388484954834,4.831632614135742,0.9919917583465576,0.9963233470916748,389.8400573730469,415.614013671875,1.1141372919082642,0.40121397376060486,1.2500518560409546,3.3037450313568115,2.5852012634277344,61.62761449813843,38.37238550186157
ILSVRC2012_val_00011695.JPEG,/home/dr-yougart/Desktop/vit_mi/Dataset/ILSVRC2012_img_val/ILSVRC2012_val_00011695.JPEG,966,966,782,True,False,0.9352849721908569,995.6428833007812,996.1428833007812,991.3877563476562,4.255102157592773,4.755102157592773,0.9914574027061462,0.9956767559051514,362.8100280761719,346.3812255859375,0.9801937937736511,0.33681589365005493,-0.27694952487945557,2.5367164611816406,2.021261215209961,46.630677580833435,53.369325399398804
ILSVRC2012_val_00011696.JPEG,/home/dr-yougart/Desktop/vit_mi/Dataset/ILSVRC2012_img_val/ILSVRC2012_val_00011696.JPEG,104,104,104,True,True,0.9258262515068054,995.75,995.4898071289062,991.3673706054688,4.38265323638916,4.122448921203613,0.9919403195381165,0.9955639839172363,387.4961242675781,371.4290466308594,0.9905194640159607,0.39013585448265076,-0.436191201210022,2.9251623153686523,2.2981395721435547,45.40523290634155,54.59476709365845
ILSVRC2012_val_00011697.JPEG,/home/dr-yougart/Desktop/vit_mi/Dataset/ILSVRC2012_img_val/ILSVRC2012_val_00011697.JPEG,91,95,380,False,False,0.9197138547897339,995.0458984375,995.698974609375,990.346923828125,4.698979377746582,5.352040767669678,0.990440309047699,0.9952221512794495,351.2189636230469,377.4588928222656,1.1339638233184814,0.4482863247394562,0.9436706900596619,3.0701355934143066,2.401773452758789,59.59208011627197,40.40791690349579
ILSVRC2012_val_00011698.JPEG,/home/dr-yougart/Desktop/vit_mi/Dataset/ILSVRC2012_img_val/ILSVRC2012_val_00011698.JPEG,231,232,232,False,False,0.9348602294921875,994.494873046875,994.8673706054688,988.5458984375,5.948979377746582,6.3214287757873535,0.9883679747581482,0.9939456582069397,373.60626220703125,374.8238220214844,1.048038125038147,0.3458217978477478,0.0834152027964592,2.2171790599823,1.7103700637817383,50.43172836303711,49.56826865673065
ILSVRC2012_val_00011699.JPEG,/home/dr-yougart/Desktop/vit_mi/Dataset/ILSVRC2012_img_val/ILSVRC2012_val_00011699.JPEG,211,211,211,True,True,0.9162595868110657,995.2806396484375,995.4336547851562,988.6122436523438,6.668367385864258,6.8214287757873535,0.9873313903808594,0.9932249188423157,369.4123229980469,394.0956726074219,1.1357421875,0.43889692425727844,0.7543817162513733,2.728855609893799,2.0898947715759277,59.278106689453125,40.721893310546875
ILSVRC2012_val_00011700.JPEG,/home/dr-yougart/Desktop/vit_mi/Dataset/ILSVRC2012_img_val/ILSVRC2012_val_00011700.JPEG,570,570,570,True,True,0.9389208555221558,995.2346801757812,994.8265380859375,992.1173706054688,3.117347002029419,2.709183692932129,0.9944474101066589,0.9968599677085876,458.87835693359375,399.9304504394531,0.8838877081871033,0.3745599389076233,-1.7429996728897095,3.6174745559692383,2.755512237548828,35.753774642944336,64.24622535705566
ILSVRC2012_val_00011701.JPEG,/home/dr-yougart/Desktop/vit_mi/Dataset/ILSVRC2012_img_val/ILSVRC2012_val_00011701.JPEG,232,232,232,True,True,0.9439327716827393,995.75,996.2653198242188,992.7142944335938,3.0357143878936768,3.551020383834839,0.9937167167663574,0.996912956237793,333.554443359375,328.3100280761719,1.0177279710769653,0.33075857162475586,-0.02234991081058979,2.289984941482544,1.8068294525146484,49.08260107040405,50.91739892959595
ILSVRC2012_val_00011702.JPEG,/home/dr-yougart/Desktop/vit_mi/Dataset/ILSVRC2012_img_val/ILSVRC2012_val_00011702.JPEG,40,40,40,True,True,0.9034616947174072,993.44384765625,995.0408325195312,985.6581420898438,7.785714149475098,9.38265323638916,0.9837242960929871,0.992077112197876,358.66058349609375,409.7916259765625,1.235933780670166,0.5489797592163086,1.7842586040496826,3.5394978523254395,2.6173906326293945,64.84478712081909,35.15520989894867
ILSVRC2012_val_00011703.JPEG,/home/dr-yougart/Desktop/vit_mi/Dataset/ILSVRC2012_img_val/ILSVRC2012_val_00011703.JPEG,862,862,862,True,True,0.9225855469703674,995.4796142578125,995.64794921875,989.5612182617188,5.918367385864258,6.086734771728516,0.9886736273765564,0.9940016865730286,434.7002258300781,489.4078063964844,1.1760003566741943,0.44048014283180237,1.5801997184753418,3.6414647102355957,2.628406524658203,63.9012336730957,36.0987663269043
ILSVRC2012_val_00011704.JPEG,/home/dr-yougart/Desktop/vit_mi/Dataset/ILSVRC2012_img_val/ILSVRC2012_val_00011704.JPEG,79,79,79,True,True,0.9088903665542603,994.1428833007812,993.9132690429688,986.9081420898438,7.234694004058838,7.005102157592773,0.9863981008529663,0.99265056848526,389.9335632324219,402.96923828125,1.098738193511963,0.4827912747859955,0.4968887269496918,3.532557249069214,2.591381549835205,53.765106201171875,46.234890818595886
ILSVRC2012_val_00011705.JPEG,/home/dr-yougart/Desktop/vit_mi/Dataset/ILSVRC2012_img_val/ILSVRC2012_val_00011705.JPEG,690,690,345,True,False,0.9148079752922058,994.6683959960938,995.0867309570312,988.2857055664062,6.38265323638916,6.801020622253418,0.9875016212463379,0.9935134649276733,398.8045959472656,418.86993408203125,1.1019519567489624,0.4272570013999939,0.7744374871253967,3.221719980239868,2.540355682373047,57.71383047103882,42.28616952896118
ILSVRC2012_val_00011706.JPEG,/home/dr-yougart/Desktop/vit_mi/Dataset/ILSVRC2012_img_val/ILSVRC2012_val_00011706.JPEG,213,213,213,True,True,0.956653356552124,995.4183959960938,995.9744873046875,993.0408325195312,2.3775510787963867,2.93367338180542,0.994896411895752,0.9975804686546326,416.42218017578125,421.5801086425781,1.0243414640426636,0.28231120109558105,0.12802037596702576,2.5024349689483643,1.965871810913086,50.909388065338135,49.09060895442963
ILSVRC2012_val_00011707.JPEG,/home/dr-yougart/Desktop/vit_mi/Dataset/ILSVRC2012_img_val/ILSVRC2012_val_00011707.JPEG,749,749,584,True,False,0.934104859828949,994.596923828125,995.6326293945312,990.551025390625,4.0459184646606445,5.081632614135742,0.9912954568862915,0.9958735704421997,356.308349609375,359.1517028808594,1.047385334968567,0.3661525249481201,0.4188482463359833,2.6170079708099365,2.058476448059082,55.4195761680603,44.5804238319397
ILSVRC2012_val_00011708.JPEG,/home/dr-yougart/Desktop/vit_mi/Dataset/ILSVRC2012_img_val/ILSVRC2012_val_00011708.JPEG,812,812,812,True,True,0.9302442669868469,994.2755126953125,992.7958984375,986.346923828125,7.9285712242126465,6.448979377746582,0.9862408638000488,0.9919785261154175,421.3356628417969,410.6853332519531,0.9937750101089478,0.36458736658096313,-0.5038361549377441,2.950247287750244,2.2837820053100586,43.78556311130524,56.214439868927
ILSVRC2012_val_00011709.JPEG,/home/dr-yougart/Desktop/vit_mi/Dataset/ILSVRC2012_img_val/ILSVRC2012_val_00011709.JPEG,828,828,828,True,True,0.8993781208992004,992.0203857421875,995.7601928710938,987.2958984375,4.724489688873291,8.464285850524902,0.987267255783081,0.9951847791671753,384.24554443359375,345.0564880371094,0.9186022281646729,0.4501906931400299,-0.9764338731765747,3.685905694961548,2.9678525924682617,42.38385558128357,57.61614441871643
ILSVRC2012_val_00011710.JPEG,/home/dr-yougart/Desktop/vit_mi/Dataset/ILSVRC2012_img_val/ILSVRC2012_val_00011710.JPEG,358,358,358,True,True,0.9255462884902954,995.5918579101562,995.6887817382812,991.3316040039062,4.260204315185547,4.357142925262451,0.9918128252029419,0.9956564903259277,372.183837890625,343.5501708984375,0.9675111770629883,0.3659009337425232,-0.38586845993995667,2.8265345096588135,2.246190071105957,46.20923101902008,53.79076600074768
ILSVRC2012_val_00011711.JPEG,/home/dr-yougart/Desktop/vit_mi/Dataset/ILSVRC2012_img_val/ILSVRC2012_val_00011711.JPEG,874,874,874,True,True,0.9266090989112854,995.3418579101562,996.2296142578125,990.4132690429688,4.9285712242126465,5.81632661819458,0.9898191094398499,0.9950035214424133,379.8590087890625,371.02294921875,1.0179082155227661,0.3819008767604828,-0.13567577302455902,2.8045523166656494,2.1829729080200195,48.604220151901245,51.395779848098755
ILSVRC2012_val_00011712.JPEG,/home/dr-yougart/Desktop/vit_mi/Dataset/ILSVRC2012_img_val/ILSVRC2012_val_00011712.JPEG,76,76,76,True,True,0.9176271557807922,995.0458984375,995.55615234375,988.1785888671875,6.86734676361084,7.377551078796387,0.9865872859954834,0.9930183291435242,409.896728515625,411.6118469238281,1.0563360452651978,0.39606165885925293,0.33522939682006836,2.8495559692382812,2.129802703857422,52.33706831932068,47.66293466091156
ILSVRC2012_val_00011713.JPEG,/home/dr-yougart/Desktop/vit_mi/Dataset/ILSVRC2012_img_val/ILSVRC2012_val_00011713.JPEG,291,291,291,True,True,0.8996118307113647,994.596923828125,994.8622436523438,988.4796142578125,6.11734676361084,6.38265323638916,0.988096296787262,0.9937876462936401,352.6315002441406,337.65533447265625,1.0107685327529907,0.4849781095981598,-0.38683846592903137,3.1649365425109863,2.4717557430267334,46.89483940601349,53.10515761375427
ILSVRC2012_val_00011714.JPEG,/home/dr-yougart/Desktop/vit_mi/Dataset/ILSVRC2012_img_val/ILSVRC2012_val_00011714.JPEG,123,124,124,False,False,0.9019719958305359,995.3826293945312,995.051025390625,989.551025390625,5.831632614135742,5.5,0.9892896413803101,0.9941035509109497,398.4063720703125,435.65069580078125,1.1490057706832886,0.5219290852546692,1.0565749406814575,3.9438726902008057,3.009324073791504,57.18940496444702,42.81059205532074
ILSVRC2012_val_00011715.JPEG,/home/dr-yougart/Desktop/vit_mi/Dataset/ILSVRC2012_img_val/ILSVRC2012_val_00011715.JPEG,654,654,654,True,True,0.9442313313484192,996.1377563476562,996.3214111328125,992.39794921875,3.7397959232330322,3.923469305038452,0.9927511215209961,0.9962086081504822,375.8540344238281,365.1123352050781,0.9899737238883972,0.31634944677352905,-0.23834797739982605,2.5020453929901123,1.9994478225708008,47.12251424789429,52.87748575210571
ILSVRC2012_val_00011716.JPEG,/home/dr-yougart/Desktop/vit_mi/Dataset/ILSVRC2012_img_val/ILSVRC2012_val_00011716.JPEG,351,351,351,True,True,0.9140143394470215,995.39794921875,995.55615234375,989.3928833007812,6.005102157592773,6.163265228271484,0.9885592460632324,0.993903398513794,362.41455078125,396.2476501464844,1.1522287130355835,0.4543098211288452,0.8970149159431458,2.888061046600342,2.16348934173584,58.589839935302734,41.410163044929504
ILSVRC2012_val_00011717.JPEG,/home/dr-yougart/Desktop/vit_mi/Dataset/ILSVRC2012_img_val/ILSVRC2012_val_00011717.JPEG,826,826,826,True,True,0.9441983103752136,993.6428833007812,993.846923828125,990.0306396484375,3.6122448444366455,3.81632661819458,0.9927591681480408,0.9963412880897522,330.3514099121094,327.865966796875,1.017462968826294,0.3503361940383911,0.03562210500240326,2.2002885341644287,1.7081217765808105,50.54987072944641,49.44961369037628
ILSVRC2012_val_00011718.JPEG,/home/dr-yougart/Desktop/vit_mi/Dataset/ILSVRC2012_img_val/ILSVRC2012_val_00011718.JPEG,245,245,691,True,False,0.9295494556427002,995.1275634765625,995.403076171875,992.244873046875,2.882652997970581,3.15816330909729,0.9942016005516052,0.9970757365226746,345.7890625,403.7633972167969,1.2100841999053955,0.47966432571411133,1.7354860305786133,3.4793694019317627,2.6234445571899414,66.41968488693237,33.580318093299866
ILSVRC2012_val_00011719.JPEG,/home/dr-yougart/Desktop/vit_mi/Dataset/ILSVRC2012_img_val/ILSVRC2012_val_00011719.JPEG,162,162,162,True,True,0.9448754191398621,994.5816040039062,995.4285888671875,988.8928833007812,5.688775539398193,6.535714149475098,0.9884456992149353,0.9942019581794739,377.3831787109375,383.0497131347656,1.073050618171692,0.3045212924480438,0.5035194158554077,1.804659128189087,1.323094367980957,59.98101234436035,40.01898765563965
ILSVRC2012_val_00011720.JPEG,/home/dr-yougart/Desktop/vit_mi/Dataset/ILSVRC2012_img_val/ILSVRC2012_val_00011720.JPEG,427,427,427,True,True,0.9227509498596191,994.7398071289062,995.44384765625,988.3673706054688,6.372448921203613,7.076530456542969,0.9872579574584961,0.9935287237167358,354.5645446777344,343.0251159667969,1.0269981622695923,0.3912341892719269,-0.20839525759220123,2.401839256286621,1.8895702362060547,47.26667404174805,52.73280739784241
ILSVRC2012_val_00011721.JPEG,/home/dr-yougart/Desktop/vit_mi/Dataset/ILSVRC2012_img_val/ILSVRC2012_val_00011721.JPEG,72,72,72,True,True,0.9558229446411133,993.1683959960938,994.3571166992188,989.8622436523438,3.3061225414276123,4.494897842407227,0.9924163818359375,0.9966464638710022,400.33447265625,399.35430908203125,1.022163987159729,0.2869102954864502,0.21231293678283691,2.483100414276123,1.874931812286377,54.85457181930542,45.14542818069458
ILSVRC2012_val_00011722.JPEG,/home/dr-yougart/Desktop/vit_mi/Dataset/ILSVRC2012_img_val/ILSVRC2012_val_00011722.JPEG,505,505,550,True,False,0.93984454870224,994.6632690429688,995.0153198242188,989.0612182617188,5.602040767669678,5.9540815353393555,0.988969624042511,0.9942899346351624,413.6939697265625,387.11981201171875,0.9712514281272888,0.3364001214504242,-0.7349469661712646,2.6321611404418945,2.0745229721069336,40.29743671417236,59.70256328582764
ILSVRC2012_val_00011723.JPEG,/home/dr-yougart/Desktop/vit_mi/Dataset/ILSVRC2012_img_val/ILSVRC2012_val_00011723.JPEG,825,825,825,True,True,0.8938754200935364,994.1326293945312,994.4336547851562,986.3214111328125,7.811224460601807,8.112244606018066,0.9848818778991699,0.9920735359191895,349.74871826171875,399.43402099609375,1.2211503982543945,0.5414978861808777,1.5601847171783447,3.4788336753845215,2.749948024749756,65.16276001930237,34.83723700046539
ILSVRC2012_val_00011724.JPEG,/home/dr-yougart/Desktop/vit_mi/Dataset/ILSVRC2012_img_val/ILSVRC2012_val_00011724.JPEG,32,32,32,True,True,0.9287697076797485,993.4285888671875,994.0,988.2296142578125,5.198979377746582,5.7704081535339355,0.9894647598266602,0.9947120547294617,342.15399169921875,343.9481506347656,1.0305531024932861,0.38841843605041504,0.03425133600831032,2.4862864017486572,1.94256591796875,49.71320629119873,50.28679370880127
ILSVRC2012_val_00011725.JPEG,/home/dr-yougart/Desktop/vit_mi/Dataset/ILSVRC2012_img_val/ILSVRC2012_val_00011725.JPEG,971,698,862,False,False,0.9376653432846069,995.5714111328125,995.8112182617188,993.6683959960938,1.9030612707138062,2.142857074737549,0.996070146560669,0.998072624206543,373.90545654296875,434.1232604980469,1.1955652236938477,0.4535078704357147,1.842126727104187,3.786717176437378,3.021042823791504,65.75049161911011,34.24950838088989
ILSVRC2012_val_00011726.JPEG,/home/dr-yougart/Desktop/vit_mi/Dataset/ILSVRC2012_img_val/ILSVRC2012_val_00011726.JPEG,295,295,295,True,True,0.9568066000938416,994.7091674804688,994.8826293945312,991.19384765625,3.515306234359741,3.6887755393981934,0.9930765628814697,0.9964349865913391,345.297607421875,360.50714111328125,1.0756688117980957,0.29813456535339355,0.4371170103549957,1.972055196762085,1.4987049102783203,57.45236277580261,42.54764020442963
ILSVRC2012_val_00011727.JPEG,/home/dr-yougart/Desktop/vit_mi/Dataset/ILSVRC2012_img_val/ILSVRC2012_val_00011727.JPEG,493,493,493,True,True,0.9108744263648987,993.3622436523438,994.846923828125,986.7296142578125,6.63265323638916,8.11734676361084,0.9859291315078735,0.993259847164154,357.90081787109375,362.2789306640625,1.0781141519546509,0.4588833153247833,0.14458848536014557,2.910780191421509,2.3291611671447754,51.08092427253723,48.91907274723053
ILSVRC2012_val_00011728.JPEG,/home/dr-yougart/Desktop/vit_mi/Dataset/ILSVRC2012_img_val/ILSVRC2012_val_00011728.JPEG,151,151,158,True,False,0.9176931381225586,994.1836547851562,994.6377563476562,987.948974609375,6.234694004058838,6.688775539398193,0.9876975417137146,0.9936650395393372,324.4835510253906,357.5957336425781,1.159598708152771,0.45418456196784973,0.9847707748413086,2.7375614643096924,2.122166633605957,61.39290928840637,38.60709071159363
ILSVRC2012_val_00011729.JPEG,/home/dr-yougart/Desktop/vit_mi/Dataset/ILSVRC2012_img_val/ILSVRC2012_val_00011729.JPEG,922,922,860,True,False,0.925129771232605,994.096923828125,995.3826293945312,988.8622436523438,5.234694004058838,6.5204081535339355,0.9888237118721008,0.9946594834327698,405.01141357421875,405.93414306640625,1.0469610691070557,0.37805646657943726,0.38362759351730347,3.0193159580230713,2.3595972061157227,55.020976066589355,44.97902691364288
ILSVRC2012_val_00011730.JPEG,/home/dr-yougart/Desktop/vit_mi/Dataset/ILSVRC2012_img_val/ILSVRC2012_val_00011730.JPEG,327,327,327,True,True,0.9329985976219177,994.9285888671875,995.301025390625,989.89794921875,5.030612468719482,5.403061389923096,0.9901018738746643,0.9948855638504028,365.9540100097656,375.4410095214844,1.0891047716140747,0.38825884461402893,0.32833370566368103,2.3822619915008545,1.834733009338379,53.9176344871521,46.08236253261566
ILSVRC2012_val_00011731.JPEG,/home/dr-yougart/Desktop/vit_mi/Dataset/ILSVRC2012_img_val/ILSVRC2012_val_00011731.JPEG,872,872,872,True,True,0.9337242245674133,995.4387817382812,995.051025390625,991.3775634765625,4.061224460601807,3.673469305038452,0.9926416873931885,0.9958859086036682,361.6910095214844,386.9821472167969,1.1151604652404785,0.40998271107673645,0.8340665102005005,2.9418509006500244,2.2813491821289062,58.34851264953613,41.65148437023163
ILSVRC2012_val_00011732.JPEG,/home/dr-yougart/Desktop/vit_mi/Dataset/ILSVRC2012_img_val/ILSVRC2012_val_00011732.JPEG,286,286,286,True,True,0.9349724650382996,993.25,994.653076171875,987.4387817382812,5.811224460601807,7.214285850524902,0.9875351190567017,0.9940673112869263,369.5193786621094,375.0464782714844,1.055606484413147,0.33990851044654846,0.5176733136177063,2.418076515197754,1.8908782005310059,57.10764527320862,42.89235174655914
ILSVRC2012_val_00011733.JPEG,/home/dr-yougart/Desktop/vit_mi/Dataset/ILSVRC2012_img_val/ILSVRC2012_val_00011733.JPEG,906,834,834,False,False,0.9223358631134033,995.1071166992188,995.0101928710938,989.2653198242188,5.841836929321289,5.744897842407227,0.9889300465583801,0.9940871596336365,337.970458984375,347.4829406738281,1.0812522172927856,0.431082546710968,0.09942888468503952,2.616241693496704,2.0451889038085938,49.96699392795563,50.03300905227661
ILSVRC2012_val_00011734.JPEG,/home/dr-yougart/Desktop/vit_mi/Dataset/ILSVRC2012_img_val/ILSVRC2012_val_00011734.JPEG,342,342,342,True,True,0.917370080947876,995.346923828125,994.4183959960938,988.4132690429688,6.93367338180542,6.005102157592773,0.9878007769584656,0.9929959177970886,387.34814453125,395.1649475097656,1.0738781690597534,0.42628031969070435,0.03361927717924118,2.777017831802368,2.0936126708984375,49.83507990837097,50.16492009162903
ILSVRC2012_val_00011735.JPEG,/home/dr-yougart/Desktop/vit_mi/Dataset/ILSVRC2012_img_val/ILSVRC2012_val_00011735.JPEG,833,833,833,True,True,0.9216052293777466,994.6785888671875,995.0408325195312,990.0,4.6785712242126465,5.040816307067871,0.9907154440879822,0.9952720403671265,331.1308898925781,394.3680725097656,1.2980133295059204,0.5843930244445801,1.7657631635665894,3.552337884902954,2.5261363983154297,63.82498741149902,36.175015568733215
ILSVRC2012_val_00011736.JPEG,/home/dr-yougart/Desktop/vit_mi/Dataset/ILSVRC2012_img_val/ILSVRC2012_val_00011736.JPEG,292,292,292,True,True,0.9035158753395081,994.5153198242188,994.8418579101562,985.2857055664062,9.229591369628906,9.556122779846191,0.9822763204574585,0.9906272292137146,400.2775573730469,383.68463134765625,1.035644769668579,0.44379985332489014,-0.31903329491615295,2.7831122875213623,2.118755340576172,47.56674766540527,52.43325233459473
ILSVRC2012_val_00011737.JPEG,/home/dr-yougart/Desktop/vit_mi/Dataset/ILSVRC2012_img_val/ILSVRC2012_val_00011737.JPEG,352,352,352,True,True,0.8992249369621277,995.1377563476562,995.2193603515625,988.744873046875,6.392857074737549,6.474489688873291,0.9878133535385132,0.9935117363929749,374.3044128417969,406.6022033691406,1.1538715362548828,0.5084273815155029,1.1794003248214722,3.5786166191101074,2.797828197479248,61.203646659851074,38.79635035991669
ILSVRC2012_val_00011738.JPEG,/home/dr-yougart/Desktop/vit_mi/Dataset/ILSVRC2012_img_val/ILSVRC2012_val_00011738.JPEG,284,284,284,True,True,0.940649688243866,994.5765380859375,994.9183959960938,989.05615234375,5.5204081535339355,5.862245082855225,0.9891626238822937,0.9944092035293579,379.0111083984375,394.6290283203125,1.0698802471160889,0.33318865299224854,0.36983299255371094,2.3294923305511475,1.81843900680542,55.35838603973389,44.64161396026611
ILSVRC2012_val_00011739.JPEG,/home/dr-yougart/Desktop/vit_mi/Dataset/ILSVRC2012_img_val/ILSVRC2012_val_00011739.JPEG,563,563,563,True,True,0.9222868084907532,993.7296142578125,993.5867309570312,985.9336547851562,7.7959184646606445,7.653061389923096,0.9853340983390808,0.9921050667762756,358.6974792480469,356.4433288574219,1.0374499559402466,0.3932732939720154,-0.11426972597837448,2.371413469314575,1.7908210754394531,48.76295626163483,51.237040758132935
ILSVRC2012_val_00011740.JPEG,/home/dr-yougart/Desktop/vit_mi/Dataset/ILSVRC2012_img_val/ILSVRC2012_val_00011740.JPEG,607,607,607,True,True,0.9590826034545898,995.6734619140625,995.7142944335938,993.7142944335938,1.959183692932129,2.0,0.996184229850769,0.9980273842811584,395.0016784667969,423.4022521972656,1.1218247413635254,0.34619396924972534,0.7528789043426514,2.539013624191284,1.938119888305664,57.69120454788208,42.30879843235016
ILSVRC2012_val_00011741.JPEG,/home/dr-yougart/Desktop/vit_mi/Dataset/ILSVRC2012_img_val/ILSVRC2012_val_00011741.JPEG,433,433,433,True,True,0.9241795539855957,994.5203857421875,994.69384765625,987.744873046875,6.775510311126709,6.948979377746582,0.987041711807251,0.9931159019470215,415.3741760253906,431.588623046875,1.083351731300354,0.3967219293117523,0.405309796333313,2.9010143280029297,2.1230077743530273,51.28772258758545,48.71228039264679
ILSVRC2012_val_00011742.JPEG,/home/dr-yougart/Desktop/vit_mi/Dataset/ILSVRC2012_img_val/ILSVRC2012_val_00011742.JPEG,629,629,629,True,True,0.9522101879119873,993.4846801757812,993.3826293945312,988.2857055664062,5.198979377746582,5.096938610076904,0.9902004599571228,0.9947406053543091,379.74249267578125,385.52777099609375,1.0518169403076172,0.30467209219932556,0.0875336229801178,1.87095308303833,1.4402179718017578,51.19718909263611,48.80281388759613
ILSVRC2012_val_00011743.JPEG,/home/dr-yougart/Desktop/vit_mi/Dataset/ILSVRC2012_img_val/ILSVRC2012_val_00011743.JPEG,543,566,743,False,False,0.9248505234718323,995.505126953125,995.7398071289062,990.6632690429688,4.841836929321289,5.076530456542969,0.9905499219894409,0.995093584060669,349.2091369628906,358.39556884765625,1.0505528450012207,0.41033220291137695,0.07309330254793167,2.8605659008026123,2.2744550704956055,50.56188106536865,49.438121914863586
ILSVRC2012_val_00011744.JPEG,/home/dr-yougart/Desktop/vit_mi/Dataset/ILSVRC2012_img_val/ILSVRC2012_val_00011744.JPEG,306,306,306,True,True,0.9484809041023254,994.4183959960938,995.4693603515625,992.5458984375,1.8724489212036133,2.923469305038452,0.9953269958496094,0.9980931282043457,376.51300048828125,386.1617126464844,1.052378535270691,0.34916919469833374,0.503243625164032,2.853694200515747,2.262148857116699,54.989999532699585,45.009997487068176
ILSVRC2012_val_00011745.JPEG,/home/dr-yougart/Desktop/vit_mi/Dataset/ILSVRC2012_img_val/ILSVRC2012_val_00011745.JPEG,889,889,889,True,True,0.9304998517036438,996.051025390625,995.9336547851562,991.9081420898438,4.142857074737549,4.025510311126709,0.9922664165496826,0.9958173632621765,393.234375,416.2588806152344,1.0929045677185059,0.40701016783714294,0.4323366582393646,3.157607078552246,2.4875011444091797,54.53311204910278,45.466890931129456
ILSVRC2012_val_00011746.JPEG,/home/dr-yougart/Desktop/vit_mi/Dataset/ILSVRC2012_img_val/ILSVRC2012_val_00011746.JPEG,222,222,257,True,False,0.9247199892997742,994.698974609375,995.9796142578125,990.6377563476562,4.061224460601807,5.341836929321289,0.991096556186676,0.995847761631012,385.84033203125,411.4149475097656,1.1044198274612427,0.40685251355171204,0.9924535751342773,3.1430726051330566,2.4853882789611816,59.90420579910278,40.09579420089722
ILSVRC2012_val_00011747.JPEG,/home/dr-yougart/Desktop/vit_mi/Dataset/ILSVRC2012_img_val/ILSVRC2012_val_00011747.JPEG,439,439,439,True,True,0.9603298902511597,995.39794921875,995.7346801757812,992.255126953125,3.142857074737549,3.4795918464660645,0.9936836957931519,0.9967982769012451,472.72930908203125,490.89727783203125,1.0564286708831787,0.26059436798095703,0.4859921932220459,2.5850138664245605,1.917006492614746,56.375908851623535,43.624088168144226
ILSVRC2012_val_00011748.JPEG,/home/dr-yougart/Desktop/vit_mi/Dataset/ILSVRC2012_img_val/ILSVRC2012_val_00011748.JPEG,158,151,158,False,True,0.9298118948936462,994.3418579101562,994.9541015625,988.2958984375,6.0459184646606445,6.658163070678711,0.9879679679870605,0.9938583374023438,349.8874816894531,358.4006652832031,1.094242811203003,0.39600715041160583,0.34784233570098877,2.2817647457122803,1.7329139709472656,55.09225130081177,44.907745718955994
ILSVRC2012_val_00011749.JPEG,/home/dr-yougart/Desktop/vit_mi/Dataset/ILSVRC2012_img_val/ILSVRC2012_val_00011749.JPEG,152,152,152,True,True,0.9887749552726746,996.2091674804688,996.2142944335938,994.9846801757812,1.2244898080825806,1.2295918464660645,0.9976649880409241,0.9987598061561584,457.03076171875,460.2090759277344,1.006350040435791,0.10793808847665787,-0.00745556503534317,1.0032531023025513,0.7151317596435547,49.82232451438904,50.17767548561096
ILSVRC2012_val_00011750.JPEG,/home/dr-yougart/Desktop/vit_mi/Dataset/ILSVRC2012_img_val/ILSVRC2012_val_00011750.JPEG,273,273,273,True,True,0.8994786739349365,994.2244873046875,995.4081420898438,985.6785888671875,8.545918464660645,9.729591369628906,0.9827812910079956,0.9912953972816467,349.72491455078125,360.7415466308594,1.0766167640686035,0.439622163772583,0.4372579753398895,2.6128733158111572,1.9371938705444336,54.85913157463074,45.14086842536926
ILSVRC2012_val_00011751.JPEG,/home/dr-yougart/Desktop/vit_mi/Dataset/ILSVRC2012_img_val/ILSVRC2012_val_00011751.JPEG,157,157,158,True,False,0.9364820718765259,995.551025390625,995.4132690429688,991.2857055664062,4.265305995941162,4.127551078796387,0.991986870765686,0.995672881603241,360.51055908203125,362.99566650390625,1.023772954940796,0.3534298837184906,-0.06392662227153778,2.5849287509918213,2.052593231201172,48.94334375858307,51.056140661239624
ILSVRC2012_val_00011752.JPEG,/home/dr-yougart/Desktop/vit_mi/Dataset/ILSVRC2012_img_val/ILSVRC2012_val_00011752.JPEG,443,697,400,False,False,0.9290738701820374,993.9132690429688,995.1173706054688,991.0918579101562,2.8214285373687744,4.025510311126709,0.9933954477310181,0.9971101880073547,375.5367431640625,404.326171875,1.1056972742080688,0.40472492575645447,0.9978219270706177,3.220799207687378,2.542393684387207,59.498387575149536,40.501612424850464
ILSVRC2012_val_00011753.JPEG,/home/dr-yougart/Desktop/vit_mi/Dataset/ILSVRC2012_img_val/ILSVRC2012_val_00011753.JPEG,532,532,532,True,True,0.9210082292556763,994.6683959960938,995.2296142578125,990.0357055664062,4.63265323638916,5.193877696990967,0.9906787276268005,0.9952827095985413,351.6336975097656,359.34796142578125,1.0719733238220215,0.4197673499584198,0.3658733069896698,2.789797782897949,2.1525001525878906,55.26805520057678,44.73194777965546
ILSVRC2012_val_00011754.JPEG,/home/dr-yougart/Desktop/vit_mi/Dataset/ILSVRC2012_img_val/ILSVRC2012_val_00011754.JPEG,155,155,154,True,False,0.9304952621459961,995.3163452148438,995.6683959960938,990.8877563476562,4.4285712242126465,4.780612468719482,0.9912323951721191,0.9954880475997925,347.8534851074219,357.21026611328125,1.0720576047897339,0.3852274715900421,0.4949411451816559,2.702357053756714,2.1240925788879395,55.24370074272156,44.75629925727844
ILSVRC2012_val_00011755.JPEG,/home/dr-yougart/Desktop/vit_mi/Dataset/ILSVRC2012_img_val/ILSVRC2012_val_00011755.JPEG,363,363,363,True,True,0.8895947337150574,995.0458984375,995.2193603515625,987.89794921875,7.147959232330322,7.3214287757873535,0.9863373041152954,0.9927576184272766,376.18304443359375,428.3022155761719,1.2134941816329956,0.575956404209137,1.4620321989059448,3.9488115310668945,3.0109729766845703,60.95089316368103,39.04910385608673
ILSVRC2012_val_00011756.JPEG,/home/dr-yougart/Desktop/vit_mi/Dataset/ILSVRC2012_img_val/ILSVRC2012_val_00011756.JPEG,352,353,353,False,False,0.9252662062644958,994.494873046875,995.39794921875,987.8265380859375,6.668367385864258,7.5714287757873535,0.9865814447402954,0.9932056069374084,436.9947814941406,397.27801513671875,0.9413067698478699,0.34506961703300476,-0.9515941143035889,2.7182886600494385,2.0824527740478516,37.46526539325714,62.53473162651062
ILSVRC2012_val_00011757.JPEG,/home/dr-yougart/Desktop/vit_mi/Dataset/ILSVRC2012_img_val/ILSVRC2012_val_00011757.JPEG,235,235,235,True,True,0.9300872683525085,995.2346801757812,995.551025390625,989.8163452148438,5.418367385864258,5.734694004058838,0.9894405007362366,0.9944940805435181,363.17730712890625,366.0205383300781,1.0386536121368408,0.34967172145843506,0.29526597261428833,2.5283615589141846,1.9130859375,53.55147123336792,46.44852578639984
ILSVRC2012_val_00011758.JPEG,/home/dr-yougart/Desktop/vit_mi/Dataset/ILSVRC2012_img_val/ILSVRC2012_val_00011758.JPEG,899,868,505,False,False,0.9447898268699646,994.2346801757812,994.3112182617188,991.255126953125,2.9795918464660645,3.0561225414276123,0.9942147135734558,0.9969760179519653,383.79241943359375,399.3409118652344,1.0668210983276367,0.3500611186027527,0.419179230928421,2.6039011478424072,2.0355138778686523,54.20153737068176,45.79846262931824
ILSVRC2012_val_00011759.JPEG,/home/dr-yougart/Desktop/vit_mi/Dataset/ILSVRC2012_img_val/ILSVRC2012_val_00011759.JPEG,406,497,497,False,False,0.9521738290786743,995.096923828125,996.2041015625,992.5816040039062,2.515306234359741,3.6224489212036133,0.9941063523292542,0.9974340200424194,387.50262451171875,388.765869140625,1.0170475244522095,0.30789005756378174,0.19412162899971008,2.5897984504699707,2.082826614379883,52.37321853637695,47.62678146362305
ILSVRC2012_val_00011760.JPEG,/home/dr-yougart/Desktop/vit_mi/Dataset/ILSVRC2012_img_val/ILSVRC2012_val_00011760.JPEG,454,624,582,False,False,0.9030646681785583,995.403076171875,995.7193603515625,989.69384765625,5.709183692932129,6.025510311126709,0.9888835549354553,0.9942036867141724,358.232177734375,393.88580322265625,1.1501966714859009,0.49118638038635254,1.1300249099731445,3.535259962081909,2.7875423431396484,60.073721408843994,39.926281571388245
ILSVRC2012_val_00011761.JPEG,/home/dr-yougart/Desktop/vit_mi/Dataset/ILSVRC2012_img_val/ILSVRC2012_val_00011761.JPEG,906,411,473,False,False,0.9006779789924622,992.4081420898438,994.0714111328125,986.0918579101562,6.31632661819458,7.9795918464660645,0.9863886833190918,0.9935759902000427,353.3124084472656,378.94219970703125,1.1438108682632446,0.5148017406463623,0.7846798896789551,3.11582088470459,2.386415481567383,57.09459185600281,42.90540814399719
ILSVRC2012_val_00011762.JPEG,/home/dr-yougart/Desktop/vit_mi/Dataset/ILSVRC2012_img_val/ILSVRC2012_val_00011762.JPEG,781,781,781,True,True,0.9097176194190979,995.0,995.55615234375,989.255126953125,5.744897842407227,6.301020622253418,0.9885910153388977,0.9941709637641907,376.140625,381.4147033691406,1.0686997175216675,0.4507412016391754,0.2256268411874771,3.1219863891601562,2.455036163330078,52.2233784198761,47.7766215801239
ILSVRC2012_val_00011763.JPEG,/home/dr-yougart/Desktop/vit_mi/Dataset/ILSVRC2012_img_val/ILSVRC2012_val_00011763.JPEG,712,719,674,False,False,0.9313838481903076,995.1122436523438,995.1632690429688,990.2703857421875,4.841836929321289,4.892857074737549,0.9907575845718384,0.9950872659683228,357.0469665527344,353.0675354003906,1.0144968032836914,0.3621361255645752,0.006131425965577364,2.651376247406006,2.09576416015625,49.600449204444885,50.399547815322876
ILSVRC2012_val_00011764.JPEG,/home/dr-yougart/Desktop/vit_mi/Dataset/ILSVRC2012_img_val/ILSVRC2012_val_00011764.JPEG,205,205,205,True,True,0.9021732807159424,994.5203857421875,994.2908325195312,985.4693603515625,9.051020622253418,8.821428298950195,0.9831324815750122,0.9908099174499512,364.26397705078125,378.4162292480469,1.126888394355774,0.4684610962867737,0.42709070444107056,2.589139223098755,1.9101409912109375,55.6080162525177,44.39198076725006
ILSVRC2012_val_00011765.JPEG,/home/dr-yougart/Desktop/vit_mi/Dataset/ILSVRC2012_img_val/ILSVRC2012_val_00011765.JPEG,227,227,227,True,True,0.9511297345161438,994.9183959960938,994.7041015625,990.8265380859375,4.091836929321289,3.8775510787963867,0.9924102425575256,0.9958528876304626,340.68255615234375,343.0518493652344,1.0395909547805786,0.29233694076538086,-0.0015249719144776464,1.813148856163025,1.3928537368774414,50.2394437789917,49.76055920124054
ILSVRC2012_val_00011766.JPEG,/home/dr-yougart/Desktop/vit_mi/Dataset/ILSVRC2012_img_val/ILSVRC2012_val_00011766.JPEG,36,35,35,False,False,0.9249709248542786,993.1683959960938,992.903076171875,985.6377563476562,7.530612468719482,7.265305995941162,0.9858024716377258,0.9923889636993408,351.65277099609375,364.342041015625,1.0769710540771484,0.40530213713645935,0.20140156149864197,2.6457531452178955,2.0788211822509766,52.86228060722351,47.13771641254425
ILSVRC2012_val_00011767.JPEG,/home/dr-yougart/Desktop/vit_mi/Dataset/ILSVRC2012_img_val/ILSVRC2012_val_00011767.JPEG,602,602,602,True,True,0.9297638535499573,995.1836547851562,995.9591674804688,990.1581420898438,5.025510311126709,5.801020622253418,0.9897248148918152,0.9948903918266296,396.6515808105469,415.1917724609375,1.0844944715499878,0.3959435820579529,0.6577131152153015,3.06587290763855,2.356599807739258,55.807411670684814,44.192588329315186
ILSVRC2012_val_00011768.JPEG,/home/dr-yougart/Desktop/vit_mi/Dataset/ILSVRC2012_img_val/ILSVRC2012_val_00011768.JPEG,153,204,212,False,False,0.9223335981369019,995.0765380859375,995.6122436523438,989.4387817382812,5.637754917144775,6.173469543457031,0.9888415932655334,0.9942563772201538,345.765380859375,339.1007385253906,1.0468448400497437,0.40143927931785583,-0.031562864780426025,2.4411747455596924,1.902907371520996,49.111536145210266,50.88846683502197
ILSVRC2012_val_00011769.JPEG,/home/dr-yougart/Desktop/vit_mi/Dataset/ILSVRC2012_img_val/ILSVRC2012_val_00011769.JPEG,554,554,554,True,True,0.9529668092727661,994.89794921875,995.14794921875,992.5663452148438,2.331632614135742,2.581632614135742,0.9952675104141235,0.9976387619972229,357.83038330078125,409.6448974609375,1.1718461513519287,0.3735218048095703,1.5252574682235718,2.8521764278411865,2.2031850814819336,66.9569194316864,33.0430805683136
ILSVRC2012_val_00011770.JPEG,/home/dr-yougart/Desktop/vit_mi/Dataset/ILSVRC2012_img_val/ILSVRC2012_val_00011770.JPEG,692,414,709,False,False,0.8963060975074768,992.75,993.6632690429688,983.8367309570312,8.913265228271484,9.826530456542969,0.9822613596916199,0.9909276366233826,363.2253723144531,351.69561767578125,1.0254405736923218,0.4491584300994873,-0.21975399553775787,2.682297945022583,2.044891357421875,48.30266833305359,51.69733166694641
ILSVRC2012_val_00011771.JPEG,/home/dr-yougart/Desktop/vit_mi/Dataset/ILSVRC2012_img_val/ILSVRC2012_val_00011771.JPEG,320,320,320,True,True,0.9391887187957764,993.9387817382812,992.846923828125,989.2958984375,4.642857074737549,3.551020383834839,0.9921099543571472,0.995320200920105,383.87420654296875,396.5145568847656,1.074723720550537,0.3835710883140564,0.23139527440071106,2.855989456176758,2.2228646278381348,51.91437005996704,48.08562994003296
ILSVRC2012_val_00011772.JPEG,/home/dr-yougart/Desktop/vit_mi/Dataset/ILSVRC2012_img_val/ILSVRC2012_val_00011772.JPEG,321,321,321,True,True,0.9357268810272217,993.4336547851562,993.5765380859375,987.9642944335938,5.469387531280518,5.612245082855225,0.9893661141395569,0.9944911599159241,380.4646301269531,424.4434509277344,1.163640022277832,0.43950313329696655,1.0605167150497437,3.139420747756958,2.19642972946167,58.58573317527771,41.41426682472229
ILSVRC2012_val_00011773.JPEG,/home/dr-yougart/Desktop/vit_mi/Dataset/ILSVRC2012_img_val/ILSVRC2012_val_00011773.JPEG,657,405,405,False,False,0.925469696521759,994.2142944335938,994.6581420898438,989.3877563476562,4.826530456542969,5.2704081535339355,0.9903600811958313,0.995091438293457,339.2816162109375,369.8119812011719,1.1439388990402222,0.44425609707832336,1.1993839740753174,2.9783809185028076,2.2135634422302246,61.78269386291504,38.21730613708496
ILSVRC2012_val_00011774.JPEG,/home/dr-yougart/Desktop/vit_mi/Dataset/ILSVRC2012_img_val/ILSVRC2012_val_00011774.JPEG,878,878,810,True,False,0.9271112680435181,995.4285888671875,995.5357055664062,991.6173706054688,3.8112244606018066,3.918367385864258,0.9926553964614868,0.9961304664611816,411.5381774902344,449.86224365234375,1.1565293073654175,0.45028090476989746,1.1449594497680664,3.6157422065734863,2.805837631225586,59.67729687690735,40.32270610332489
ILSVRC2012_val_00011775.JPEG,/home/dr-yougart/Desktop/vit_mi/Dataset/ILSVRC2012_img_val/ILSVRC2012_val_00011775.JPEG,461,524,461,False,True,0.9511085152626038,993.255126953125,994.0306396484375,988.948974609375,4.306122303009033,5.081632614135742,0.9909736514091492,0.9956191778182983,409.45672607421875,406.7939758300781,1.013561487197876,0.30458733439445496,0.29887011647224426,2.476616382598877,1.8516559600830078,53.770750761032104,46.22924625873566
ILSVRC2012_val_00011776.JPEG,/home/dr-yougart/Desktop/vit_mi/Dataset/ILSVRC2012_img_val/ILSVRC2012_val_00011776.JPEG,60,60,63,True,False,0.9096043705940247,995.8265380859375,995.8673706054688,987.2041015625,8.622448921203613,8.663265228271484,0.983801543712616,0.9912603497505188,363.46942138671875,388.3749084472656,1.1392617225646973,0.4351244568824768,0.6329140067100525,2.4165008068084717,1.8698644638061523,58.74248147010803,41.25751852989197
ILSVRC2012_val_00011777.JPEG,/home/dr-yougart/Desktop/vit_mi/Dataset/ILSVRC2012_img_val/ILSVRC2012_val_00011777.JPEG,215,215,210,True,False,0.9367429614067078,994.9285888671875,995.6887817382812,990.85205078125,4.076530456542969,4.836734771728516,0.9914631843566895,0.9958646893501282,364.7227783203125,377.27508544921875,1.0729296207427979,0.37305042147636414,0.4158495366573334,2.6597940921783447,2.076571464538574,55.0639271736145,44.9360728263855
ILSVRC2012_val_00011778.JPEG,/home/dr-yougart/Desktop/vit_mi/Dataset/ILSVRC2012_img_val/ILSVRC2012_val_00011778.JPEG,97,97,97,True,True,0.9482155442237854,993.3112182617188,993.1683959960938,987.801025390625,5.510204315185547,5.36734676361084,0.9895973801612854,0.9944379925727844,407.93804931640625,457.42498779296875,1.1793097257614136,0.38638535141944885,1.4365707635879517,2.937485456466675,2.1037182807922363,63.801270723342896,36.198729276657104
ILSVRC2012_val_00011779.JPEG,/home/dr-yougart/Desktop/vit_mi/Dataset/ILSVRC2012_img_val/ILSVRC2012_val_00011779.JPEG,766,766,766,True,True,0.9342067241668701,995.4387817382812,995.1428833007812,992.6275634765625,2.8112244606018066,2.515306234359741,0.9948292970657349,0.997164249420166,354.3194274902344,375.09686279296875,1.090295672416687,0.4147988557815552,0.5365984439849854,3.1516096591949463,2.5038814544677734,54.24378514289856,45.7562118768692
ILSVRC2012_val_00011780.JPEG,/home/dr-yougart/Desktop/vit_mi/Dataset/ILSVRC2012_img_val/ILSVRC2012_val_00011780.JPEG,324,324,324,True,True,0.9210619330406189,995.244873046875,994.6734619140625,989.5255126953125,5.719387531280518,5.147959232330322,0.989622950553894,0.9942095875740051,380.29840087890625,394.3561096191406,1.0720913410186768,0.41735315322875977,0.30664587020874023,3.059890031814575,2.4459314346313477,53.25939655303955,46.74060344696045
ILSVRC2012_val_00011781.JPEG,/home/dr-yougart/Desktop/vit_mi/Dataset/ILSVRC2012_img_val/ILSVRC2012_val_00011781.JPEG,880,880,880,True,True,0.9151285886764526,996.0458984375,995.6224365234375,991.0357055664062,5.010204315185547,4.586734771728516,0.9909042119979858,0.9949243664741516,357.3297119140625,355.5528564453125,1.0557540655136108,0.43712884187698364,-0.05210541933774948,2.894057035446167,2.296811103820801,49.38916862010956,50.61083436012268
ILSVRC2012_val_00011782.JPEG,/home/dr-yougart/Desktop/vit_mi/Dataset/ILSVRC2012_img_val/ILSVRC2012_val_00011782.JPEG,5,5,5,True,True,0.9113616347312927,995.2398071289062,994.7601928710938,987.9591674804688,7.280612468719482,6.801020622253418,0.986716628074646,0.9926244616508484,363.25555419921875,335.9739685058594,0.9650326371192932,0.4295942783355713,-0.7951977849006653,2.7846181392669678,2.1239070892333984,39.91995453834534,60.08004546165466
ILSVRC2012_val_00011783.JPEG,/home/dr-yougart/Desktop/vit_mi/Dataset/ILSVRC2012_img_val/ILSVRC2012_val_00011783.JPEG,318,308,59,False,False,0.9301186203956604,995.3112182617188,995.3826293945312,991.4642944335938,3.8469388484954834,3.918367385864258,0.9925503730773926,0.9961128234863281,354.94183349609375,407.37371826171875,1.1907248497009277,0.4628649353981018,1.55861496925354,3.4215683937072754,2.661113739013672,63.5145902633667,36.4854097366333
ILSVRC2012_val_00011784.JPEG,/home/dr-yougart/Desktop/vit_mi/Dataset/ILSVRC2012_img_val/ILSVRC2012_val_00011784.JPEG,247,247,247,True,True,0.9104069471359253,995.2703857421875,995.3418579101562,990.1326293945312,5.137754917144775,5.209183692932129,0.9901669025421143,0.994792640209198,371.04193115234375,371.10302734375,1.0540273189544678,0.45109838247299194,-0.07760709524154663,3.079460382461548,2.4078025817871094,50.136035680770874,49.863964319229126
ILSVRC2012_val_00011785.JPEG,/home/dr-yougart/Desktop/vit_mi/Dataset/ILSVRC2012_img_val/ILSVRC2012_val_00011785.JPEG,558,513,558,False,True,0.9365425705909729,994.8214111328125,995.5867309570312,991.7244873046875,3.0969388484954834,3.8622448444366455,0.9933505058288574,0.9968485832214355,388.84039306640625,401.980712890625,1.0642523765563965,0.3873034119606018,0.420977920293808,3.1637940406799316,2.409952163696289,54.03646230697632,45.96353471279144
ILSVRC2012_val_00011786.JPEG,/home/dr-yougart/Desktop/vit_mi/Dataset/ILSVRC2012_img_val/ILSVRC2012_val_00011786.JPEG,708,708,708,True,True,0.9397301077842712,995.1887817382812,995.8112182617188,992.4081420898438,2.7806122303009033,3.4030611515045166,0.9940961599349976,0.997170090675354,352.0649719238281,375.902587890625,1.0888398885726929,0.37874001264572144,0.7215157151222229,2.8592097759246826,2.220491409301758,57.607245445251465,42.392757534980774
ILSVRC2012_val_00011787.JPEG,/home/dr-yougart/Desktop/vit_mi/Dataset/ILSVRC2012_img_val/ILSVRC2012_val_00011787.JPEG,81,81,81,True,True,0.9002788066864014,994.3826293945312,994.8673706054688,987.551025390625,6.831632614135742,7.31632661819458,0.9865173697471619,0.9930740594863892,328.8514099121094,364.0357971191406,1.1637312173843384,0.5396712422370911,0.8938402533531189,3.2686474323272705,2.5094499588012695,57.21791982650757,42.78208315372467
ILSVRC2012_val_00011788.JPEG,/home/dr-yougart/Desktop/vit_mi/Dataset/ILSVRC2012_img_val/ILSVRC2012_val_00011788.JPEG,485,485,485,True,True,0.966921329498291,994.05615234375,993.6173706054688,991.5255126953125,2.5306122303009033,2.09183669090271,0.9954386949539185,0.9974274635314941,342.9555969238281,350.6197814941406,1.0300540924072266,0.26528143882751465,0.19041916728019714,1.8439573049545288,1.4353504180908203,51.840341091156006,48.159658908843994
ILSVRC2012_val_00011789.JPEG,/home/dr-yougart/Desktop/vit_mi/Dataset/ILSVRC2012_img_val/ILSVRC2012_val_00011789.JPEG,371,371,371,True,True,0.880003809928894,992.7653198242188,994.4796142578125,982.8214111328125,9.943877220153809,11.658163070678711,0.9795407652854919,0.9899002313613892,347.2474060058594,370.22296142578125,1.1599019765853882,0.5637397170066833,0.7348688244819641,3.1796305179595947,2.423006534576416,56.77480101585388,43.22519898414612
ILSVRC2012_val_00011790.JPEG,/home/dr-yougart/Desktop/vit_mi/Dataset/ILSVRC2012_img_val/ILSVRC2012_val_00011790.JPEG,969,969,969,True,True,0.9170399904251099,994.6836547851562,995.153076171875,989.8877563476562,4.7959184646606445,5.265305995941162,0.9903804063796997,0.995133638381958,325.3620910644531,347.2092590332031,1.1194472312927246,0.4565598964691162,0.6049957871437073,2.850597381591797,2.247220039367676,56.43187761306763,43.56812238693237
ILSVRC2012_val_00011791.JPEG,/home/dr-yougart/Desktop/vit_mi/Dataset/ILSVRC2012_img_val/ILSVRC2012_val_00011791.JPEG,685,685,685,True,True,0.9461544752120972,995.5255126953125,996.1377563476562,992.153076171875,3.3724489212036133,3.984693765640259,0.9929817914962769,0.9965634346008301,384.05377197265625,366.57763671875,0.9822139143943787,0.31098073720932007,-0.32011452317237854,2.4800915718078613,1.9903435707092285,46.71761095523834,53.2823920249939
ILSVRC2012_val_00011792.JPEG,/home/dr-yougart/Desktop/vit_mi/Dataset/ILSVRC2012_img_val/ILSVRC2012_val_00011792.JPEG,166,167,167,False,False,0.9128357768058777,995.5101928710938,995.755126953125,989.39794921875,6.112245082855225,6.357142925262451,0.9882885813713074,0.9937925338745117,366.4003601074219,389.45965576171875,1.1245006322860718,0.43869084119796753,0.7528166174888611,2.823496103286743,2.180108070373535,58.63955616950989,41.36044383049011
ILSVRC2012_val_00011793.JPEG,/home/dr-yougart/Desktop/vit_mi/Dataset/ILSVRC2012_img_val/ILSVRC2012_val_00011793.JPEG,206,221,221,False,False,0.9426819086074829,994.8826293945312,995.2244873046875,991.8571166992188,3.025510311126709,3.367347002029419,0.9938662052154541,0.9969276189804077,362.9808654785156,379.0384216308594,1.074022889137268,0.3601978123188019,0.5283453464508057,2.5701308250427246,1.9860649108886719,56.19380474090576,43.80619823932648
ILSVRC2012_val_00011794.JPEG,/home/dr-yougart/Desktop/vit_mi/Dataset/ILSVRC2012_img_val/ILSVRC2012_val_00011794.JPEG,503,503,503,True,True,0.9378107786178589,995.9336547851562,995.5714111328125,992.903076171875,3.0306122303009033,2.668367385864258,0.9945454001426697,0.9969431161880493,355.64556884765625,367.49359130859375,1.0558316707611084,0.39253315329551697,0.17099182307720184,2.958688259124756,2.344496726989746,51.37326717376709,48.62673282623291
ILSVRC2012_val_00011795.JPEG,/home/dr-yougart/Desktop/vit_mi/Dataset/ILSVRC2012_img_val/ILSVRC2012_val_00011795.JPEG,429,429,522,True,False,0.9001452326774597,995.44384765625,994.5306396484375,986.5357055664062,8.908163070678711,7.994897842407227,0.9841006398200989,0.9909884333610535,428.5151062011719,464.8263244628906,1.1446534395217896,0.4775409996509552,0.8408879637718201,3.409586191177368,2.577470302581787,57.34610557556152,42.653897404670715
ILSVRC2012_val_00011796.JPEG,/home/dr-yougart/Desktop/vit_mi/Dataset/ILSVRC2012_img_val/ILSVRC2012_val_00011796.JPEG,591,591,591,True,True,0.916865348815918,995.005126953125,995.2601928710938,988.8163452148438,6.188775539398193,6.443877696990967,0.9880660772323608,0.993709146976471,396.83935546875,373.10626220703125,0.9788965582847595,0.3918105661869049,-0.5087253451347351,2.9464523792266846,2.3050127029418945,44.828903675079346,55.171096324920654
ILSVRC2012_val_00011797.JPEG,/home/dr-yougart/Desktop/vit_mi/Dataset/ILSVRC2012_img_val/ILSVRC2012_val_00011797.JPEG,723,723,723,True,True,0.9345281720161438,993.0101928710938,992.7653198242188,985.7398071289062,7.2704081535339355,7.025510311126709,0.9863408803939819,0.9926334023475647,377.65130615234375,376.1736145019531,1.0337518453598022,0.34228959679603577,0.057489655911922455,2.254952907562256,1.7102680206298828,50.246113538742065,49.75388944149017
ILSVRC2012_val_00011798.JPEG,/home/dr-yougart/Desktop/vit_mi/Dataset/ILSVRC2012_img_val/ILSVRC2012_val_00011798.JPEG,168,213,168,False,True,0.9009233713150024,994.7142944335938,995.6887817382812,986.4591674804688,8.255102157592773,9.229591369628906,0.9835337996482849,0.9915904402732849,361.779541015625,378.8568115234375,1.1371850967407227,0.48354122042655945,0.6741284132003784,2.8803796768188477,2.2570061683654785,57.9908549785614,42.0091450214386
ILSVRC2012_val_00011799.JPEG,/home/dr-yougart/Desktop/vit_mi/Dataset/ILSVRC2012_img_val/ILSVRC2012_val_00011799.JPEG,841,841,841,True,True,0.9548560380935669,994.5765380859375,994.7244873046875,991.10205078125,3.474489688873291,3.6224489212036133,0.9931772947311401,0.9964741468429565,363.2687072753906,369.8983459472656,1.0496937036514282,0.3089299201965332,0.26948273181915283,2.2799453735351562,1.7679839134216309,55.3012490272522,44.698747992515564
ILSVRC2012_val_00011800.JPEG,/home/dr-yougart/Desktop/vit_mi/Dataset/ILSVRC2012_img_val/ILSVRC2012_val_00011800.JPEG,771,771,771,True,True,0.9592496156692505,994.0714111328125,993.64794921875,991.1683959960938,2.9030611515045166,2.4795918464660645,0.9948468804359436,0.9970537424087524,410.47723388671875,385.1209716796875,0.9472228288650513,0.2828844487667084,-0.5848335027694702,2.3061180114746094,1.6492223739624023,42.404088377952576,57.595908641815186
ILSVRC2012_val_00011801.JPEG,/home/dr-yougart/Desktop/vit_mi/Dataset/ILSVRC2012_img_val/ILSVRC2012_val_00011801.JPEG,715,715,921,True,False,0.8745205998420715,995.0816040039062,995.55615234375,988.2703857421875,6.811224460601807,7.285714149475098,0.986661970615387,0.9930769205093384,382.3909912109375,370.1506652832031,1.0083342790603638,0.5401923060417175,-0.31199702620506287,4.107265949249268,3.2002854347229004,47.28215038776398,52.717846632003784
ILSVRC2012_val_00011802.JPEG,/home/dr-yougart/Desktop/vit_mi/Dataset/ILSVRC2012_img_val/ILSVRC2012_val_00011802.JPEG,249,249,537,True,False,0.9065749645233154,993.8112182617188,995.0255126953125,985.9846801757812,7.826530456542969,9.040816307067871,0.9840596318244934,0.9920379519462585,375.0933837890625,407.59991455078125,1.1465916633605957,0.4542907476425171,1.031144618988037,3.056851625442505,2.3535070419311523,61.87174320220947,38.12825679779053
ILSVRC2012_val_00011803.JPEG,/home/dr-yougart/Desktop/vit_mi/Dataset/ILSVRC2012_img_val/ILSVRC2012_val_00011803.JPEG,426,426,426,True,True,0.9489991068840027,996.1224365234375,996.0663452148438,992.5357055664062,3.5867347717285156,3.5306122303009033,0.993249773979187,0.9963729381561279,384.8927307128906,398.4942321777344,1.0526238679885864,0.31218910217285156,0.2372126281261444,2.3991310596466064,1.8670949935913086,53.697240352630615,46.302759647369385
ILSVRC2012_val_00011804.JPEG,/home/dr-yougart/Desktop/vit_mi/Dataset/ILSVRC2012_img_val/ILSVRC2012_val_00011804.JPEG,776,776,776,True,True,0.9418311715126038,994.5306396484375,994.6887817382812,990.3112182617188,4.219387531280518,4.377551078796387,0.9917618632316589,0.9957329630851746,438.45941162109375,435.8286437988281,1.0252540111541748,0.34100815653800964,-0.07180649787187576,2.9767396450042725,2.3041505813598633,49.80654418468475,50.193458795547485
ILSVRC2012_val_00011805.JPEG,/home/dr-yougart/Desktop/vit_mi/Dataset/ILSVRC2012_img_val/ILSVRC2012_val_00011805.JPEG,153,153,743,True,False,0.9308176636695862,994.9541015625,995.44384765625,991.2601928710938,3.6938774585723877,4.18367338180542,0.9924977421760559,0.996239185333252,350.0295104980469,393.84490966796875,1.1659841537475586,0.42444339394569397,1.518149733543396,3.096107244491577,2.4104747772216797,66.07030034065247,33.92970263957977
ILSVRC2012_val_00011806.JPEG,/home/dr-yougart/Desktop/vit_mi/Dataset/ILSVRC2012_img_val/ILSVRC2012_val_00011806.JPEG,913,913,913,True,True,0.927345871925354,994.0255126953125,994.6275634765625,988.755126953125,5.2704081535339355,5.872448921203613,0.9892799258232117,0.9946579337120056,367.0359191894531,328.29425048828125,0.9186449646949768,0.38575124740600586,-0.9635302424430847,2.835767984390259,2.221524238586426,38.492023944854736,61.507976055145264
ILSVRC2012_val_00011807.JPEG,/home/dr-yougart/Desktop/vit_mi/Dataset/ILSVRC2012_img_val/ILSVRC2012_val_00011807.JPEG,208,208,208,True,True,0.9343351125717163,995.4591674804688,995.8673706054688,991.3112182617188,4.147959232330322,4.556122303009033,0.9917333722114563,0.9957871437072754,415.75860595703125,391.8615417480469,0.9788391590118408,0.3593514561653137,-0.5088581442832947,2.966550588607788,2.3286991119384766,43.618789315223694,56.38120770454407
ILSVRC2012_val_00011808.JPEG,/home/dr-yougart/Desktop/vit_mi/Dataset/ILSVRC2012_img_val/ILSVRC2012_val_00011808.JPEG,73,77,73,False,True,0.9496182799339294,995.2041015625,995.44384765625,992.5357055664062,2.668367385864258,2.90816330909729,0.9946648478507996,0.9972836971282959,355.60302734375,360.4308166503906,1.0514309406280518,0.33617132902145386,0.30775517225265503,2.401247501373291,1.8746237754821777,54.835325479507446,45.164674520492554
ILSVRC2012_val_00011809.JPEG,/home/dr-yougart/Desktop/vit_mi/Dataset/ILSVRC2012_img_val/ILSVRC2012_val_00011809.JPEG,487,487,590,True,False,0.9472308158874512,992.596923828125,992.9898071289062,987.6377563476562,4.959183692932129,5.352040767669678,0.9900746941566467,0.9949672222137451,358.1190490722656,368.957275390625,1.0548206567764282,0.3382697105407715,0.48383209109306335,2.309377908706665,1.6629548072814941,54.612892866134644,45.387107133865356
ILSVRC2012_val_00011810.JPEG,/home/dr-yougart/Desktop/vit_mi/Dataset/ILSVRC2012_img_val/ILSVRC2012_val_00011810.JPEG,556,556,556,True,True,0.9532870054244995,994.5765380859375,995.0765380859375,991.4081420898438,3.168367385864258,3.668367385864258,0.9934158325195312,0.996769905090332,345.39532470703125,339.1872863769531,0.9888854622840881,0.2911982536315918,-0.05636870861053467,2.1692073345184326,1.7037787437438965,49.05103147029877,50.94897150993347
ILSVRC2012_val_00011811.JPEG,/home/dr-yougart/Desktop/vit_mi/Dataset/ILSVRC2012_img_val/ILSVRC2012_val_00011811.JPEG,280,280,280,True,True,0.9065302610397339,995.9285888671875,996.051025390625,990.6683959960938,5.260204315185547,5.38265323638916,0.989988386631012,0.9946731328964233,363.8172912597656,437.79754638671875,1.282426357269287,0.5876238346099854,2.0611937046051025,4.0193772315979,3.048762321472168,66.26994013786316,33.73006284236908
ILSVRC2012_val_00011812.JPEG,/home/dr-yougart/Desktop/vit_mi/Dataset/ILSVRC2012_img_val/ILSVRC2012_val_00011812.JPEG,410,410,410,True,True,0.9465106129646301,995.0816040039062,995.6377563476562,991.596923828125,3.484693765640259,4.040816307067871,0.9927740097045898,0.9964668154716492,448.3978271484375,457.3380126953125,1.0484364032745361,0.33629369735717773,0.4057858884334564,3.1941537857055664,2.5410404205322266,54.13603186607361,45.86396813392639
ILSVRC2012_val_00011813.JPEG,/home/dr-yougart/Desktop/vit_mi/Dataset/ILSVRC2012_img_val/ILSVRC2012_val_00011813.JPEG,589,700,585,False,False,0.9284772276878357,994.4591674804688,994.948974609375,989.8826293945312,4.576530456542969,5.06632661819458,0.9908385872840881,0.9953404664993286,350.3658447265625,394.1427307128906,1.1670098304748535,0.43358883261680603,1.3459817171096802,2.9868011474609375,2.313932418823242,64.48558568954468,35.51441431045532
ILSVRC2012_val_00011814.JPEG,/home/dr-yougart/Desktop/vit_mi/Dataset/ILSVRC2012_img_val/ILSVRC2012_val_00011814.JPEG,869,869,869,True,True,0.9209690690040588,994.7346801757812,994.8418579101562,988.1326293945312,6.602040767669678,6.709183692932129,0.9873785972595215,0.9933046698570251,373.63623046875,375.81927490234375,1.053078055381775,0.40702733397483826,0.006078816018998623,2.7578043937683105,2.1628284454345703,49.53685104846954,50.463151931762695
ILSVRC2012_val_00011815.JPEG,/home/dr-yougart/Desktop/vit_mi/Dataset/ILSVRC2012_img_val/ILSVRC2012_val_00011815.JPEG,604,604,604,True,True,0.9512578248977661,995.4336547851562,995.1173706054688,990.698974609375,4.734694004058838,4.418367385864258,0.9913129210472107,0.9952009320259094,375.23712158203125,391.7889709472656,1.0652447938919067,0.316541463136673,0.3275461196899414,2.093627452850342,1.604928970336914,55.611634254455566,44.38836872577667
ILSVRC2012_val_00011816.JPEG,/home/dr-yougart/Desktop/vit_mi/Dataset/ILSVRC2012_img_val/ILSVRC2012_val_00011816.JPEG,702,702,702,True,True,0.9724560379981995,995.3316040039062,995.5918579101562,994.4796142578125,0.8520408272743225,1.1122448444366455,0.9980255365371704,0.9991431832313538,368.2985534667969,378.7991027832031,1.0378302335739136,0.251989483833313,0.3823661506175995,2.1113715171813965,1.6103715896606445,55.2160382270813,44.7839617729187
ILSVRC2012_val_00011817.JPEG,/home/dr-yougart/Desktop/vit_mi/Dataset/ILSVRC2012_img_val/ILSVRC2012_val_00011817.JPEG,893,893,893,True,True,0.9261513352394104,995.5357055664062,995.0153198242188,989.2041015625,6.331632614135742,5.811224460601807,0.9885510802268982,0.9935839772224426,380.69207763671875,388.9826354980469,1.0698833465576172,0.3832015097141266,0.4096253216266632,2.6802172660827637,2.0772905349731445,54.883331060409546,45.116668939590454
ILSVRC2012_val_00011818.JPEG,/home/dr-yougart/Desktop/vit_mi/Dataset/ILSVRC2012_img_val/ILSVRC2012_val_00011818.JPEG,993,993,993,True,True,0.9192826151847839,995.7091674804688,994.0714111328125,988.5765380859375,7.13265323638916,5.494897842407227,0.987989604473114,0.9927835464477539,386.6791687011719,390.2001647949219,1.058246374130249,0.42259493470191956,0.037393953651189804,2.8762693405151367,2.231598377227783,48.927801847457886,51.072198152542114
ILSVRC2012_val_00011819.JPEG,/home/dr-yougart/Desktop/vit_mi/Dataset/ILSVRC2012_img_val/ILSVRC2012_val_00011819.JPEG,755,755,755,True,True,0.9047968983650208,995.0612182617188,995.4336547851562,987.0765380859375,7.984694004058838,8.357142448425293,0.9846043586730957,0.9918823838233948,379.78350830078125,376.6480407714844,1.0599631071090698,0.44544464349746704,0.018103893846273422,2.8415310382843018,2.209077835083008,50.3445029258728,49.6554970741272
ILSVRC2012_val_00011820.JPEG,/home/dr-yougart/Desktop/vit_mi/Dataset/ILSVRC2012_img_val/ILSVRC2012_val_00011820.JPEG,317,317,317,True,True,0.9276659488677979,993.1122436523438,994.3316040039062,987.30615234375,5.806122303009033,7.025510311126709,0.9877296090126038,0.9940938949584961,387.4873962402344,365.103759765625,0.9804084897041321,0.392395943403244,-0.5565243363380432,2.903987169265747,2.119234323501587,48.37994575500488,51.62005424499512
ILSVRC2012_val_00011821.JPEG,/home/dr-yougart/Desktop/vit_mi/Dataset/ILSVRC2012_img_val/ILSVRC2012_val_00011821.JPEG,444,444,444,True,True,0.9487619996070862,994.8877563476562,994.994873046875,992.9285888671875,1.959183692932129,2.06632661819458,0.9960202574729919,0.9980157613754272,340.3644104003906,348.8305969238281,1.0441842079162598,0.3452659845352173,0.2725614905357361,2.602238178253174,2.0370311737060547,53.036779165267944,46.963220834732056
ILSVRC2012_val_00011822.JPEG,/home/dr-yougart/Desktop/vit_mi/Dataset/ILSVRC2012_img_val/ILSVRC2012_val_00011822.JPEG,82,82,86,True,False,0.8924595713615417,993.0408325195312,994.25,984.403076171875,8.637755393981934,9.846939086914062,0.9824466109275818,0.9912300109863281,348.9291687011719,371.4543151855469,1.1470140218734741,0.5243204236030579,0.6949176788330078,3.0484871864318848,2.36037540435791,56.870681047439575,43.129318952560425
ILSVRC2012_val_00011823.JPEG,/home/dr-yougart/Desktop/vit_mi/Dataset/ILSVRC2012_img_val/ILSVRC2012_val_00011823.JPEG,440,440,440,True,True,0.933308482170105,993.7857055664062,993.35205078125,990.8724365234375,2.9132652282714844,2.4795918464660645,0.9947217702865601,0.9970728158950806,380.09442138671875,362.85809326171875,0.9559247493743896,0.3763550817966461,-0.7366076707839966,2.89896821975708,2.273836135864258,42.125317454338074,57.874685525894165
ILSVRC2012_val_00011824.JPEG,/home/dr-yougart/Desktop/vit_mi/Dataset/ILSVRC2012_img_val/ILSVRC2012_val_00011824.JPEG,763,763,763,True,True,0.9137217402458191,994.8367309570312,993.494873046875,989.6683959960938,5.168367385864258,3.826530694961548,0.9913730025291443,0.9947652816772461,382.5108337402344,422.5155944824219,1.1660869121551514,0.504341721534729,0.9934874176979065,3.6355364322662354,2.8302478790283203,58.08016657829285,41.91983640193939
ILSVRC2012_val_00011825.JPEG,/home/dr-yougart/Desktop/vit_mi/Dataset/ILSVRC2012_img_val/ILSVRC2012_val_00011825.JPEG,287,285,285,False,False,0.9377413392066956,994.89794921875,995.3112182617188,990.7142944335938,4.18367338180542,4.596938610076904,0.9916183352470398,0.9957638382911682,340.5989990234375,349.17803955078125,1.053000807762146,0.3595702648162842,0.1927732527256012,2.393049955368042,1.9016356468200684,52.569782733917236,47.430220246315
ILSVRC2012_val_00011826.JPEG,/home/dr-yougart/Desktop/vit_mi/Dataset/ILSVRC2012_img_val/ILSVRC2012_val_00011826.JPEG,521,521,521,True,True,0.9586378335952759,995.4336547851562,995.6632690429688,991.6785888671875,3.7551021575927734,3.984693765640259,0.992650032043457,0.9961894154548645,404.117431640625,417.39501953125,1.0596543550491333,0.26476532220840454,0.459785133600235,2.0748343467712402,1.5945053100585938,57.53180980682373,42.46819317340851
ILSVRC2012_val_00011827.JPEG,/home/dr-yougart/Desktop/vit_mi/Dataset/ILSVRC2012_img_val/ILSVRC2012_val_00011827.JPEG,646,646,646,True,True,0.9238817095756531,995.2142944335938,994.7142944335938,988.7601928710938,6.4540815353393555,5.9540815353393555,0.988232433795929,0.9934633374214172,363.3953552246094,402.62420654296875,1.1493850946426392,0.427386611700058,0.9614133834838867,2.9628145694732666,2.3309998512268066,61.150068044662476,38.849931955337524
ILSVRC2012_val_00011828.JPEG,/home/dr-yougart/Desktop/vit_mi/Dataset/ILSVRC2012_img_val/ILSVRC2012_val_00011828.JPEG,402,402,401,True,False,0.9171080589294434,993.3877563476562,994.0255126953125,987.596923828125,5.790816307067871,6.4285712242126465,0.9882980585098267,0.9941344857215881,334.4530334472656,356.4434509277344,1.1520053148269653,0.4786079525947571,0.7488182783126831,2.8330166339874268,2.1918106079101562,58.89940857887268,41.10058844089508
ILSVRC2012_val_00011829.JPEG,/home/dr-yougart/Desktop/vit_mi/Dataset/ILSVRC2012_img_val/ILSVRC2012_val_00011829.JPEG,399,399,399,True,True,0.9354928731918335,995.698974609375,995.744873046875,992.8163452148438,2.882652997970581,2.9285714626312256,0.9944361448287964,0.997093915939331,393.3553161621094,403.0886535644531,1.0399399995803833,0.37421661615371704,0.04993487894535065,3.1002566814422607,2.4739131927490234,51.033955812454224,48.96604120731354
ILSVRC2012_val_00011830.JPEG,/home/dr-yougart/Desktop/vit_mi/Dataset/ILSVRC2012_img_val/ILSVRC2012_val_00011830.JPEG,748,748,488,True,False,0.9333210587501526,995.255126953125,995.3214111328125,991.85205078125,3.4030611515045166,3.4693877696990967,0.9934409260749817,0.9965530633926392,360.14117431640625,386.349609375,1.1057007312774658,0.40154287219047546,0.7340698838233948,2.928157091140747,2.347198963165283,58.429139852523804,41.570860147476196
ILSVRC2012_val_00011831.JPEG,/home/dr-yougart/Desktop/vit_mi/Dataset/ILSVRC2012_img_val/ILSVRC2012_val_00011831.JPEG,969,901,901,False,False,0.9263945817947388,995.0203857421875,995.6428833007812,989.0765380859375,5.943877696990967,6.56632661819458,0.9881958961486816,0.9939345717430115,361.25067138671875,374.7257385253906,1.1050784587860107,0.3821920156478882,0.7740447521209717,2.514784336090088,1.9577751159667969,59.707313776016235,40.292686223983765
ILSVRC2012_val_00011832.JPEG,/home/dr-yougart/Desktop/vit_mi/Dataset/ILSVRC2012_img_val/ILSVRC2012_val_00011832.JPEG,802,802,537,True,False,0.9422978162765503,994.1632690429688,993.80615234375,989.8163452148438,4.346938610076904,3.9897959232330322,0.992006778717041,0.9956024289131165,405.6601257324219,391.28607177734375,0.9716963768005371,0.3463672995567322,-0.651562511920929,2.814619779586792,2.133136749267578,41.34141504764557,58.65858197212219
ILSVRC2012_val_00011833.JPEG,/home/dr-yougart/Desktop/vit_mi/Dataset/ILSVRC2012_img_val/ILSVRC2012_val_00011833.JPEG,732,732,732,True,True,0.9627393484115601,994.0663452148438,994.346923828125,992.4796142578125,1.586734652519226,1.8673468828201294,0.9965901374816895,0.9983873963356018,375.672119140625,397.8697814941406,1.0809634923934937,0.3121728003025055,0.8072000741958618,2.4330732822418213,1.782562255859375,58.84405970573425,41.15593731403351
ILSVRC2012_val_00011834.JPEG,/home/dr-yougart/Desktop/vit_mi/Dataset/ILSVRC2012_img_val/ILSVRC2012_val_00011834.JPEG,839,839,718,True,False,0.9443291425704956,994.55615234375,994.4132690429688,990.8826293945312,3.673469305038452,3.5306122303009033,0.993096113204956,0.996285080909729,353.4527282714844,387.100830078125,1.1433066129684448,0.3939190208911896,0.9423463344573975,2.6817967891693115,2.0048460960388184,60.58399677276611,39.41600322723389
ILSVRC2012_val_00011835.JPEG,/home/dr-yougart/Desktop/vit_mi/Dataset/ILSVRC2012_img_val/ILSVRC2012_val_00011835.JPEG,572,572,503,True,False,0.9355570077896118,994.4183959960938,994.9898071289062,990.7703857421875,3.6479592323303223,4.219387531280518,0.9924972057342529,0.9962866902351379,350.3476257324219,363.7591247558594,1.0802580118179321,0.3935493528842926,0.5449293851852417,2.6953516006469727,2.090007781982422,56.32907748222351,43.67092251777649
ILSVRC2012_val_00011836.JPEG,/home/dr-yougart/Desktop/vit_mi/Dataset/ILSVRC2012_img_val/ILSVRC2012_val_00011836.JPEG,832,832,538,True,False,0.9270647168159485,992.448974609375,993.6632690429688,988.7703857421875,3.6785714626312256,4.892857074737549,0.9916747212409973,0.9962497353553772,382.26409912109375,419.23883056640625,1.1536651849746704,0.4580337405204773,1.3607523441314697,3.476109266281128,2.5951430797576904,62.78773546218872,37.21226751804352
ILSVRC2012_val_00011837.JPEG,/home/dr-yougart/Desktop/vit_mi/Dataset/ILSVRC2012_img_val/ILSVRC2012_val_00011837.JPEG,259,259,157,True,False,0.9307536482810974,995.0357055664062,995.1377563476562,989.1224365234375,5.913265228271484,6.015305995941162,0.9887099862098694,0.9939847588539124,353.89892578125,353.3728332519531,1.0607712268829346,0.3891430199146271,0.08405276387929916,2.3419620990753174,1.7658672332763672,49.06173348426819,50.93826651573181
ILSVRC2012_val_00011838.JPEG,/home/dr-yougart/Desktop/vit_mi/Dataset/ILSVRC2012_img_val/ILSVRC2012_val_00011838.JPEG,663,884,708,False,False,0.9049232602119446,994.7142944335938,995.25,987.5612182617188,7.153061389923096,7.688775539398193,0.9859738945960999,0.9927334189414978,344.6501159667969,358.2879943847656,1.1099746227264404,0.48732835054397583,0.36361953616142273,2.8839335441589355,2.2421631813049316,52.86419987678528,47.13580012321472
ILSVRC2012_val_00011839.JPEG,/home/dr-yougart/Desktop/vit_mi/Dataset/ILSVRC2012_img_val/ILSVRC2012_val_00011839.JPEG,581,581,867,True,False,0.9133519530296326,994.4796142578125,995.1377563476562,987.7091674804688,6.7704081535339355,7.4285712242126465,0.9865524768829346,0.9931403994560242,357.8650817871094,346.136962890625,1.0090203285217285,0.4182068109512329,-0.3501545190811157,2.7933926582336426,2.205007553100586,46.459802985191345,53.540194034576416
ILSVRC2012_val_00011840.JPEG,/home/dr-yougart/Desktop/vit_mi/Dataset/ILSVRC2012_img_val/ILSVRC2012_val_00011840.JPEG,696,696,696,True,True,0.9614325761795044,992.994873046875,992.94384765625,988.9081420898438,4.086734771728516,4.035714149475098,0.9921132922172546,0.9958628416061401,412.81732177734375,428.96563720703125,1.0750893354415894,0.28890755772590637,0.4275474548339844,2.2104084491729736,1.6836862564086914,55.54518103599548,44.45481896400452
ILSVRC2012_val_00011841.JPEG,/home/dr-yougart/Desktop/vit_mi/Dataset/ILSVRC2012_img_val/ILSVRC2012_val_00011841.JPEG,13,13,13,True,True,0.9473618268966675,994.9183959960938,995.653076171875,991.8826293945312,3.0357143878936768,3.7704081535339355,0.9935165643692017,0.9968872666358948,423.0310363769531,458.3168029785156,1.115128993988037,0.3454134166240692,1.3697474002838135,3.0363616943359375,2.308466911315918,64.57056999206543,35.42943000793457
ILSVRC2012_val_00011842.JPEG,/home/dr-yougart/Desktop/vit_mi/Dataset/ILSVRC2012_img_val/ILSVRC2012_val_00011842.JPEG,494,494,494,True,True,0.9386070370674133,992.596923828125,994.1377563476562,987.6122436523438,4.984694004058838,6.525510311126709,0.989037811756134,0.9948845505714417,396.3215026855469,415.0412902832031,1.092801809310913,0.3510098457336426,0.8163701891899109,2.434783697128296,1.8579320907592773,61.179304122924805,38.820695877075195
ILSVRC2012_val_00011843.JPEG,/home/dr-yougart/Desktop/vit_mi/Dataset/ILSVRC2012_img_val/ILSVRC2012_val_00011843.JPEG,434,434,434,True,True,0.9422005414962769,994.55615234375,994.8622436523438,990.1836547851562,4.372448921203613,4.6785712242126465,0.9913849234580994,0.9955570697784424,369.1349182128906,380.0787353515625,1.0639939308166504,0.3451058268547058,0.4236900806427002,2.3724896907806396,1.8227663040161133,54.67652082443237,45.323482155799866
ILSVRC2012_val_00011844.JPEG,/home/dr-yougart/Desktop/vit_mi/Dataset/ILSVRC2012_img_val/ILSVRC2012_val_00011844.JPEG,946,946,946,True,True,0.9447418451309204,995.4081420898438,995.25,991.1326293945312,4.275510311126709,4.11734676361084,0.9919841289520264,0.9956634044647217,402.8565979003906,368.00311279296875,0.9414176940917969,0.3302273154258728,-0.9540985822677612,2.662698984146118,2.006147861480713,39.47503864765167,60.52495837211609
ILSVRC2012_val_00011845.JPEG,/home/dr-yougart/Desktop/vit_mi/Dataset/ILSVRC2012_img_val/ILSVRC2012_val_00011845.JPEG,304,301,946,False,False,0.9054837226867676,994.1785888671875,994.5203857421875,986.3877563476562,7.790816307067871,8.13265323638916,0.9848589301109314,0.9921055436134338,358.37255859375,360.5467224121094,1.0610536336898804,0.45362043380737305,0.05960472300648689,2.8717665672302246,2.288559913635254,50.192415714263916,49.807584285736084
ILSVRC2012_val_00011846.JPEG,/home/dr-yougart/Desktop/vit_mi/Dataset/ILSVRC2012_img_val/ILSVRC2012_val_00011846.JPEG,389,389,389,True,True,0.9604696035385132,992.1785888671875,993.596923828125,988.5458984375,3.632652997970581,5.051020622253418,0.9915457963943481,0.9963162541389465,370.4375,375.38031005859375,1.0295792818069458,0.28952670097351074,0.05614008381962776,2.0504848957061768,1.5916376113891602,51.086682081222534,48.913317918777466
ILSVRC2012_val_00011847.JPEG,/home/dr-yougart/Desktop/vit_mi/Dataset/ILSVRC2012_img_val/ILSVRC2012_val_00011847.JPEG,863,733,733,False,False,0.9366814494132996,993.5255126953125,994.4081420898438,990.494873046875,3.0306122303009033,3.9132652282714844,0.9932587146759033,0.9969152212142944,385.9720153808594,459.9815368652344,1.2478337287902832,0.49870985746383667,2.2364370822906494,3.974257469177246,3.077334403991699,69.2073106765747,30.792686343193054
ILSVRC2012_val_00011848.JPEG,/home/dr-yougart/Desktop/vit_mi/Dataset/ILSVRC2012_img_val/ILSVRC2012_val_00011848.JPEG,127,127,127,True,True,0.9110738039016724,990.7958984375,992.2091674804688,982.6581420898438,8.137755393981934,9.551020622253418,0.9829287528991699,0.9917323589324951,410.902099609375,432.2506408691406,1.0875301361083984,0.43368253111839294,0.7653951644897461,3.421818971633911,2.5362586975097656,57.96127915382385,42.038723826408386
ILSVRC2012_val_00011849.JPEG,/home/dr-yougart/Desktop/vit_mi/Dataset/ILSVRC2012_img_val/ILSVRC2012_val_00011849.JPEG,735,735,841,True,False,0.919124186038971,994.5765380859375,994.7601928710938,990.1224365234375,4.4540815353393555,4.637754917144775,0.9912805557250977,0.9954699277877808,368.8083801269531,344.8545227050781,0.9610837697982788,0.40525534749031067,-0.5545318722724915,3.0737688541412354,2.436295509338379,44.90065276622772,55.09935021400452
ILSVRC2012_val_00011850.JPEG,/home/dr-yougart/Desktop/vit_mi/Dataset/ILSVRC2012_img_val/ILSVRC2012_val_00011850.JPEG,520,669,831,False,False,0.9116721153259277,994.403076171875,995.2958984375,988.1683959960938,6.234694004058838,7.127551078796387,0.9873204231262207,0.9936451315879822,318.9017028808594,340.4468994140625,1.1401745080947876,0.45560070872306824,0.8899045586585999,2.7056186199188232,2.096104621887207,60.361623764038086,39.638373255729675
ILSVRC2012_val_00011851.JPEG,/home/dr-yougart/Desktop/vit_mi/Dataset/ILSVRC2012_img_val/ILSVRC2012_val_00011851.JPEG,86,82,82,False,False,0.9335451722145081,994.1173706054688,994.9234619140625,992.1836547851562,1.9336735010147095,2.7397959232330322,0.9953738451004028,0.9980557560920715,337.128173828125,359.2060852050781,1.082192301750183,0.40570613741874695,0.7052363753318787,2.9967563152313232,2.3504390716552734,57.46292471885681,42.53707528114319
ILSVRC2012_val_00011852.JPEG,/home/dr-yougart/Desktop/vit_mi/Dataset/ILSVRC2012_img_val/ILSVRC2012_val_00011852.JPEG,827,827,827,True,True,0.9390566945075989,996.0663452148438,995.8775634765625,992.7142944335938,3.3520407676696777,3.1632652282714844,0.9937915205955505,0.9966103434562683,373.9407653808594,362.0338134765625,0.9946327805519104,0.34821945428848267,-0.3493662178516388,2.7253003120422363,2.145132064819336,46.82893753051758,53.17106246948242
ILSVRC2012_val_00011853.JPEG,/home/dr-yougart/Desktop/vit_mi/Dataset/ILSVRC2012_img_val/ILSVRC2012_val_00011853.JPEG,73,73,73,True,True,0.9699299335479736,995.5101928710938,995.8622436523438,992.948974609375,2.5612244606018066,2.9132652282714844,0.9947820901870728,0.9973856210708618,392.9032897949219,381.1536560058594,0.9809614419937134,0.20586565136909485,-0.2436346709728241,1.6669834852218628,1.2726373672485352,45.552825927734375,54.447174072265625
ILSVRC2012_val_00011854.JPEG,/home/dr-yougart/Desktop/vit_mi/Dataset/ILSVRC2012_img_val/ILSVRC2012_val_00011854.JPEG,282,285,285,False,False,0.9418271780014038,994.1734619140625,995.1428833007812,991.10205078125,3.0714285373687744,4.040816307067871,0.9931772351264954,0.9968699812889099,352.88177490234375,372.9109802246094,1.1083731651306152,0.37453994154930115,1.0190900564193726,2.6280996799468994,2.0287322998046875,62.7028226852417,37.29717433452606
ILSVRC2012_val_00011855.JPEG,/home/dr-yougart/Desktop/vit_mi/Dataset/ILSVRC2012_img_val/ILSVRC2012_val_00011855.JPEG,791,791,556,True,False,0.8981698751449585,996.1377563476562,994.801025390625,988.2193603515625,7.918367385864258,6.581632614135742,0.986336350440979,0.9920030832290649,410.0235595703125,431.4205627441406,1.0937438011169434,0.4859694242477417,0.19569945335388184,3.770421028137207,2.9472150802612305,51.26567482948303,48.73432517051697
ILSVRC2012_val_00011856.JPEG,/home/dr-yougart/Desktop/vit_mi/Dataset/ILSVRC2012_img_val/ILSVRC2012_val_00011856.JPEG,341,341,341,True,True,0.9326723217964172,994.9898071289062,995.14794921875,988.3214111328125,6.668367385864258,6.826530456542969,0.9872227907180786,0.9932395815849304,402.824951171875,392.469482421875,1.0308016538619995,0.35672909021377563,-0.20663699507713318,2.3980917930603027,1.845672607421875,48.25487434864044,51.74512267112732
ILSVRC2012_val_00011857.JPEG,/home/dr-yougart/Desktop/vit_mi/Dataset/ILSVRC2012_img_val/ILSVRC2012_val_00011857.JPEG,329,329,329,True,True,0.8960142135620117,995.19384765625,994.7857055664062,987.8112182617188,7.38265323638916,6.974489688873291,0.9864600300788879,0.9925269484519958,370.64141845703125,367.69793701171875,1.0453331470489502,0.4928372800350189,-0.23183180391788483,3.2644808292388916,2.575773239135742,47.01385796070099,52.98614501953125
ILSVRC2012_val_00011858.JPEG,/home/dr-yougart/Desktop/vit_mi/Dataset/ILSVRC2012_img_val/ILSVRC2012_val_00011858.JPEG,514,514,514,True,True,0.928888738155365,994.2703857421875,994.80615234375,989.1785888671875,5.091836929321289,5.627551078796387,0.9897786974906921,0.9948366284370422,365.6532897949219,354.4165344238281,1.0128315687179565,0.39156222343444824,-0.2418198436498642,2.5702672004699707,2.043264389038086,47.00663685798645,52.99336314201355
ILSVRC2012_val_00011859.JPEG,/home/dr-yougart/Desktop/vit_mi/Dataset/ILSVRC2012_img_val/ILSVRC2012_val_00011859.JPEG,614,614,614,True,True,0.9262105226516724,995.14794921875,995.8826293945312,990.2296142578125,4.918367385864258,5.653061389923096,0.9900350570678711,0.9949988722801208,377.70806884765625,383.9316711425781,1.0702791213989258,0.3888765573501587,0.44638487696647644,2.680290460586548,2.09676456451416,55.26702404022217,44.73297894001007
ILSVRC2012_val_00011860.JPEG,/home/dr-yougart/Desktop/vit_mi/Dataset/ILSVRC2012_img_val/ILSVRC2012_val_00011860.JPEG,107,107,107,True,True,0.9185477495193481,994.1683959960938,994.7091674804688,990.1224365234375,4.0459184646606445,4.586734771728516,0.9918022751808167,0.9958908557891846,383.4361572265625,409.5837097167969,1.1209354400634766,0.4682716727256775,0.822250485420227,3.33848237991333,2.4929656982421875,57.832980155944824,42.16701686382294
ILSVRC2012_val_00011861.JPEG,/home/dr-yougart/Desktop/vit_mi/Dataset/ILSVRC2012_img_val/ILSVRC2012_val_00011861.JPEG,79,79,68,True,False,0.897548258304596,995.7755126953125,995.7958984375,990.505126953125,5.2704081535339355,5.290816307067871,0.9900057911872864,0.9946699142456055,375.6910400390625,372.2774963378906,1.0372395515441895,0.4955666661262512,-0.282002717256546,3.6756985187530518,2.906373977661133,48.59147369861603,51.40852928161621
ILSVRC2012_val_00011862.JPEG,/home/dr-yougart/Desktop/vit_mi/Dataset/ILSVRC2012_img_val/ILSVRC2012_val_00011862.JPEG,645,645,645,True,True,0.9212356209754944,995.7244873046875,995.9336547851562,989.9693603515625,5.755102157592773,5.964285850524902,0.9889205098152161,0.9941503405570984,384.7071838378906,373.0459289550781,1.0239418745040894,0.38774996995925903,-0.12213687598705292,2.6849942207336426,2.1115903854370117,48.496654629707336,51.503342390060425
ILSVRC2012_val_00011863.JPEG,/home/dr-yougart/Desktop/vit_mi/Dataset/ILSVRC2012_img_val/ILSVRC2012_val_00011863.JPEG,964,930,964,False,True,0.942785918712616,994.9693603515625,995.69384765625,991.7653198242188,3.2040815353393555,3.9285714626312256,0.9931696653366089,0.9967433214187622,349.53399658203125,363.4158020019531,1.0754432678222656,0.3637387156486511,0.49555522203445435,2.640031099319458,2.0217771530151367,56.60232901573181,43.39767396450043
ILSVRC2012_val_00011864.JPEG,/home/dr-yougart/Desktop/vit_mi/Dataset/ILSVRC2012_img_val/ILSVRC2012_val_00011864.JPEG,911,735,735,False,False,0.9153006672859192,994.0918579101562,994.3877563476562,987.6377563476562,6.4540815353393555,6.75,0.9874173998832703,0.9934448599815369,350.949951171875,355.12420654296875,1.0698153972625732,0.45751941204071045,0.18633896112442017,2.9375264644622803,2.2455954551696777,49.919670820236206,50.080329179763794
ILSVRC2012_val_00011865.JPEG,/home/dr-yougart/Desktop/vit_mi/Dataset/ILSVRC2012_img_val/ILSVRC2012_val_00011865.JPEG,978,973,976,False,False,0.9343708753585815,995.7041015625,994.9591674804688,990.7653198242188,4.938775539398193,4.193877696990967,0.9912919998168945,0.9950057864189148,343.89764404296875,351.650390625,1.0603699684143066,0.38604268431663513,0.23759667575359344,2.6410834789276123,1.9911422729492188,52.11905837059021,47.88094162940979
ILSVRC2012_val_00011866.JPEG,/home/dr-yougart/Desktop/vit_mi/Dataset/ILSVRC2012_img_val/ILSVRC2012_val_00011866.JPEG,922,922,860,True,False,0.877610445022583,994.9081420898438,995.0255126953125,986.5203857421875,8.387755393981934,8.505102157592773,0.9840812683105469,0.9914853572845459,410.152587890625,446.8122253417969,1.137392520904541,0.5445422530174255,1.0084660053253174,4.322029113769531,3.4593257904052734,57.14477896690369,42.85522103309631
ILSVRC2012_val_00011867.JPEG,/home/dr-yougart/Desktop/vit_mi/Dataset/ILSVRC2012_img_val/ILSVRC2012_val_00011867.JPEG,309,599,654,False,False,0.9297760128974915,994.9336547851562,994.6632690429688,989.4541015625,5.4795918464660645,5.209183692932129,0.9898141622543335,0.9944577813148499,393.5918884277344,403.4410400390625,1.0628533363342285,0.40388789772987366,0.1985572725534439,3.131474494934082,2.3880653381347656,50.902628898620605,49.097368121147156
ILSVRC2012_val_00011868.JPEG,/home/dr-yougart/Desktop/vit_mi/Dataset/ILSVRC2012_img_val/ILSVRC2012_val_00011868.JPEG,518,518,796,True,False,0.9598293900489807,994.2296142578125,994.7653198242188,990.0357055664062,4.193877696990967,4.7295918464660645,0.9914730787277222,0.9957261085510254,415.0451354980469,418.2760009765625,1.029868721961975,0.23424354195594788,0.27339455485343933,1.908854603767395,1.4408178329467773,53.10311317443848,46.89688682556152
ILSVRC2012_val_00011869.JPEG,/home/dr-yougart/Desktop/vit_mi/Dataset/ILSVRC2012_img_val/ILSVRC2012_val_00011869.JPEG,155,155,155,True,True,0.8856883645057678,994.5765380859375,995.10205078125,984.8622436523438,9.714285850524902,10.239795684814453,0.9812481999397278,0.9901331663131714,359.798583984375,404.4020690917969,1.2705799341201782,0.6139355301856995,1.3084793090820312,3.2130212783813477,2.485316276550293,63.161736726760864,36.8382602930069
ILSVRC2012_val_00011870.JPEG,/home/dr-yougart/Desktop/vit_mi/Dataset/ILSVRC2012_img_val/ILSVRC2012_val_00011870.JPEG,779,779,779,True,True,0.9171947836875916,994.9642944335938,995.25,988.7142944335938,6.25,6.535714149475098,0.9879394173622131,0.9936618208885193,366.8826904296875,372.5764465332031,1.0544499158859253,0.40472668409347534,0.13824018836021423,2.674633264541626,2.0823116302490234,50.79261660575867,49.207380414009094
ILSVRC2012_val_00011871.JPEG,/home/dr-yougart/Desktop/vit_mi/Dataset/ILSVRC2012_img_val/ILSVRC2012_val_00011871.JPEG,888,888,888,True,True,0.9150350093841553,994.0153198242188,995.8775634765625,989.505126953125,4.510204315185547,6.372448921203613,0.9896065592765808,0.9954130053520203,363.640380859375,442.6317443847656,1.2781968116760254,0.5572358965873718,2.520564079284668,4.206214904785156,3.062786102294922,68.19735765457153,31.802642345428467
ILSVRC2012_val_00011872.JPEG,/home/dr-yougart/Desktop/vit_mi/Dataset/ILSVRC2012_img_val/ILSVRC2012_val_00011872.JPEG,544,544,544,True,True,0.9248045086860657,995.2806396484375,996.1071166992188,990.1632690429688,5.11734676361084,5.943877696990967,0.9894779920578003,0.9947996139526367,392.3695068359375,393.7587585449219,1.0352264642715454,0.38422179222106934,0.08659592270851135,3.037271499633789,2.415658950805664,50.20765662193298,49.792346358299255
ILSVRC2012_val_00011873.JPEG,/home/dr-yougart/Desktop/vit_mi/Dataset/ILSVRC2012_img_val/ILSVRC2012_val_00011873.JPEG,223,223,151,True,False,0.9145706295967102,995.1377563476562,995.9132690429688,989.6683959960938,5.469387531280518,6.244897842407227,0.9889248609542847,0.9944420456886292,370.52777099609375,393.0011291503906,1.095757007598877,0.43634310364723206,0.6579628586769104,3.26560115814209,2.557762622833252,55.85771203041077,44.142284989356995
ILSVRC2012_val_00011874.JPEG,/home/dr-yougart/Desktop/vit_mi/Dataset/ILSVRC2012_img_val/ILSVRC2012_val_00011874.JPEG,98,98,98,True,True,0.8887072801589966,988.8316040039062,993.698974609375,979.3571166992188,9.47449016571045,14.341836929321289,0.9771993160247803,0.990338146686554,372.2231750488281,374.9572448730469,1.079684853553772,0.5036396980285645,0.27050864696502686,3.1747779846191406,2.429908275604248,53.88113856315613,46.11886143684387
ILSVRC2012_val_00011875.JPEG,/home/dr-yougart/Desktop/vit_mi/Dataset/ILSVRC2012_img_val/ILSVRC2012_val_00011875.JPEG,839,718,718,False,False,0.9258010983467102,994.30615234375,995.1734619140625,988.0663452148438,6.239795684814453,7.107142925262451,0.9873501658439636,0.9936594367027283,369.61041259765625,346.543701171875,0.9898369312286377,0.3699360191822052,-0.3358813524246216,2.3419299125671387,1.7467594146728516,46.9485342502594,53.0514657497406
ILSVRC2012_val_00011876.JPEG,/home/dr-yougart/Desktop/vit_mi/Dataset/ILSVRC2012_img_val/ILSVRC2012_val_00011876.JPEG,480,480,480,True,True,0.9142415523529053,993.7296142578125,995.1632690429688,986.8418579101562,6.887754917144775,8.321428298950195,0.9856176376342773,0.9929631352424622,394.9803771972656,386.7140808105469,1.0223193168640137,0.41075098514556885,0.00437722634524107,2.8649353981018066,2.273803234100342,50.64186453819275,49.35813546180725
ILSVRC2012_val_00011877.JPEG,/home/dr-yougart/Desktop/vit_mi/Dataset/ILSVRC2012_img_val/ILSVRC2012_val_00011877.JPEG,360,360,360,True,True,0.9162556529045105,994.64794921875,995.005126953125,988.6734619140625,5.974489688873291,6.331632614135742,0.9883435368537903,0.9939391613006592,366.6950378417969,389.4908752441406,1.112288475036621,0.4253242015838623,0.7684083580970764,2.8109962940216064,2.191283702850342,59.35906767845154,40.64093232154846
ILSVRC2012_val_00011878.JPEG,/home/dr-yougart/Desktop/vit_mi/Dataset/ILSVRC2012_img_val/ILSVRC2012_val_00011878.JPEG,164,164,164,True,True,0.9246695637702942,995.198974609375,994.5663452148438,988.3724365234375,6.826530456542969,6.193877696990967,0.9876805543899536,0.993100643157959,370.8025207519531,329.2380676269531,0.9391915202140808,0.40303483605384827,-1.15834641456604,2.655869245529175,2.001357078552246,36.547404527664185,63.452595472335815
ILSVRC2012_val_00011879.JPEG,/home/dr-yougart/Desktop/vit_mi/Dataset/ILSVRC2012_img_val/ILSVRC2012_val_00011879.JPEG,900,900,900,True,True,0.9465100765228271,995.994873046875,996.3877563476562,993.19384765625,2.801020383834839,3.1938774585723877,0.9943137764930725,0.997138500213623,402.99310302734375,397.476806640625,1.0190232992172241,0.3177645802497864,0.1380072385072708,2.601503610610962,2.039839744567871,51.17740035057068,48.82259964942932
ILSVRC2012_val_00011880.JPEG,/home/dr-yougart/Desktop/vit_mi/Dataset/ILSVRC2012_img_val/ILSVRC2012_val_00011880.JPEG,703,112,63,False,False,0.8813825845718384,995.505126953125,995.5101928710938,987.9132690429688,7.591836929321289,7.596938610076904,0.9856770038604736,0.9922910928726196,377.6911926269531,372.9179382324219,1.03007972240448,0.5090054273605347,-0.21870091557502747,3.719966411590576,2.968599319458008,47.72118031978607,52.27881669998169
ILSVRC2012_val_00011881.JPEG,/home/dr-yougart/Desktop/vit_mi/Dataset/ILSVRC2012_img_val/ILSVRC2012_val_00011881.JPEG,944,944,926,True,False,0.9264135360717773,993.3265380859375,995.5918579101562,989.5153198242188,3.8112244606018066,6.076530456542969,0.9904808402061462,0.9961323738098145,365.4968566894531,375.9591064453125,1.0591779947280884,0.4035080075263977,0.42518776655197144,2.9662158489227295,2.38909912109375,55.26876449584961,44.73123848438263
ILSVRC2012_val_00011882.JPEG,/home/dr-yougart/Desktop/vit_mi/Dataset/ILSVRC2012_img_val/ILSVRC2012_val_00011882.JPEG,418,418,418,True,True,0.940234899520874,993.0816040039062,993.6581420898438,988.1377563476562,4.943877696990967,5.5204081535339355,0.990003764629364,0.9949703812599182,378.6597900390625,395.7460632324219,1.0824759006500244,0.3894560635089874,0.526915967464447,2.72489070892334,1.9483885765075684,53.13953757286072,46.86046242713928
ILSVRC2012_val_00011883.JPEG,/home/dr-yougart/Desktop/vit_mi/Dataset/ILSVRC2012_img_val/ILSVRC2012_val_00011883.JPEG,715,715,715,True,True,0.9295888543128967,995.35205078125,995.2857055664062,991.5,3.8520407676696777,3.7857143878936768,0.9927359819412231,0.9960934519767761,379.6786804199219,388.79962158203125,1.0607821941375732,0.40068909525871277,0.19069145619869232,2.9558427333831787,2.3514623641967773,51.59158706665039,48.40840995311737
ILSVRC2012_val_00011884.JPEG,/home/dr-yougart/Desktop/vit_mi/Dataset/ILSVRC2012_img_val/ILSVRC2012_val_00011884.JPEG,102,102,102,True,True,0.913366436958313,995.5765380859375,995.6224365234375,987.596923828125,7.9795918464660645,8.02550983428955,0.9849780201911926,0.9919105768203735,438.42919921875,443.7134094238281,1.0611584186553955,0.40818697214126587,0.3758554756641388,3.142545700073242,2.308351516723633,52.23512053489685,47.76487946510315
ILSVRC2012_val_00011885.JPEG,/home/dr-yougart/Desktop/vit_mi/Dataset/ILSVRC2012_img_val/ILSVRC2012_val_00011885.JPEG,931,712,930,False,False,0.9447563290596008,995.5203857421875,995.755126953125,992.5153198242188,3.0051021575927734,3.2397959232330322,0.9940658807754517,0.9969474077224731,358.8791198730469,373.53753662109375,1.066223382949829,0.33974194526672363,0.4344618022441864,2.4409711360931396,1.886962890625,54.1049599647522,45.8950400352478
ILSVRC2012_val_00011886.JPEG,/home/dr-yougart/Desktop/vit_mi/Dataset/ILSVRC2012_img_val/ILSVRC2012_val_00011886.JPEG,449,449,0,True,False,0.916266918182373,995.0714111328125,995.9183959960938,990.1632690429688,4.908163070678711,5.755102157592773,0.9898879528045654,0.9950218796730042,343.933349609375,393.1381530761719,1.1965478658676147,0.48229894042015076,1.426100254058838,3.1438488960266113,2.4213027954101562,64.1292929649353,35.8707070350647
ILSVRC2012_val_00011887.JPEG,/home/dr-yougart/Desktop/vit_mi/Dataset/ILSVRC2012_img_val/ILSVRC2012_val_00011887.JPEG,841,841,841,True,True,0.9670219421386719,994.4183959960938,994.8367309570312,992.9234619140625,1.4948979616165161,1.913265347480774,0.9966444969177246,0.9984814524650574,365.348388671875,384.33880615234375,1.065845012664795,0.2805722951889038,0.49105575680732727,2.100534439086914,1.6252318620681763,55.881673097610474,44.118326902389526
ILSVRC2012_val_00011888.JPEG,/home/dr-yougart/Desktop/vit_mi/Dataset/ILSVRC2012_img_val/ILSVRC2012_val_00011888.JPEG,317,317,317,True,True,0.9693913459777832,992.4642944335938,993.4387817382812,989.25,3.2142856121063232,4.188775539398193,0.9928494095802307,0.9967238903045654,435.7012939453125,410.22698974609375,0.9462606310844421,0.20141297578811646,-0.5511810779571533,1.7516180276870728,1.275832176208496,41.095346212387085,58.904653787612915
ILSVRC2012_val_00011889.JPEG,/home/dr-yougart/Desktop/vit_mi/Dataset/ILSVRC2012_img_val/ILSVRC2012_val_00011889.JPEG,313,313,535,True,False,0.886786699295044,994.0765380859375,995.1785888671875,989.3622436523438,4.714285850524902,5.81632661819458,0.989873468875885,0.9952244162559509,340.95281982421875,369.25701904296875,1.1687421798706055,0.5858436226844788,0.8348889946937561,4.08313512802124,3.2073230743408203,59.166646003723145,40.833353996276855
ILSVRC2012_val_00011890.JPEG,/home/dr-yougart/Desktop/vit_mi/Dataset/ILSVRC2012_img_val/ILSVRC2012_val_00011890.JPEG,757,757,757,True,True,0.9529731273651123,995.0714111328125,995.2601928710938,992.0867309570312,2.984693765640259,3.173469305038452,0.9940637350082397,0.9969670176506042,393.6993103027344,371.4033508300781,0.9551501274108887,0.30640432238578796,-0.6176626086235046,2.5327963829040527,2.0004701614379883,41.7461633682251,58.2538366317749
ILSVRC2012_val_00011891.JPEG,/home/dr-yougart/Desktop/vit_mi/Dataset/ILSVRC2012_img_val/ILSVRC2012_val_00011891.JPEG,336,336,336,True,True,0.9442058205604553,995.2041015625,995.8265380859375,991.0255126953125,4.1785712242126465,4.801020622253418,0.9915260672569275,0.9957420229911804,403.4813537597656,380.1839904785156,0.9671227335929871,0.312045693397522,-0.536031186580658,2.416597366333008,1.910618782043457,42.995041608810425,57.004958391189575
ILSVRC2012_val_00011892.JPEG,/home/dr-yougart/Desktop/vit_mi/Dataset/ILSVRC2012_img_val/ILSVRC2012_val_00011892.JPEG,341,341,341,True,True,0.9210038185119629,992.80615234375,994.3622436523438,985.1683959960938,7.637754917144775,9.193877220153809,0.9839637279510498,0.9922258257865906,386.1671447753906,407.9619445800781,1.1091502904891968,0.38419291377067566,0.8535536527633667,2.6962242126464844,2.0749006271362305,60.564595460891724,39.43540155887604
ILSVRC2012_val_00011893.JPEG,/home/dr-yougart/Desktop/vit_mi/Dataset/ILSVRC2012_img_val/ILSVRC2012_val_00011893.JPEG,187,219,168,False,False,0.9111937880516052,996.0714111328125,995.9591674804688,990.80615234375,5.265305995941162,5.153061389923096,0.9901801347732544,0.9946572184562683,373.76171875,395.3096618652344,1.1000165939331055,0.46119076013565063,0.5631308555603027,3.47176456451416,2.647167682647705,54.77399230003357,45.22600769996643
ILSVRC2012_val_00011894.JPEG,/home/dr-yougart/Desktop/vit_mi/Dataset/ILSVRC2012_img_val/ILSVRC2012_val_00011894.JPEG,94,94,95,True,False,0.9396552443504333,993.3316040039062,993.6122436523438,988.9285888671875,4.403061389923096,4.68367338180542,0.9913211464881897,0.9955184459686279,388.78826904296875,387.947998046875,1.0303882360458374,0.34117886424064636,0.18846985697746277,2.4553565979003906,1.8778491020202637,53.13522219657898,46.86477780342102
ILSVRC2012_val_00011895.JPEG,/home/dr-yougart/Desktop/vit_mi/Dataset/ILSVRC2012_img_val/ILSVRC2012_val_00011895.JPEG,200,200,200,True,True,0.9156166911125183,994.5458984375,994.9846801757812,988.0306396484375,6.515305995941162,6.9540815353393555,0.9873051643371582,0.9933682680130005,358.3127746582031,357.1827697753906,1.0654572248458862,0.40930289030075073,0.318839430809021,2.409121036529541,1.8662748336791992,54.78275418281555,45.21724283695221
ILSVRC2012_val_00011896.JPEG,/home/dr-yougart/Desktop/vit_mi/Dataset/ILSVRC2012_img_val/ILSVRC2012_val_00011896.JPEG,690,690,690,True,True,0.9408043622970581,994.5203857421875,995.755126953125,991.8418579101562,2.6785714626312256,3.9132652282714844,0.9936533570289612,0.9972684383392334,409.30364990234375,418.6611633300781,1.0549824237823486,0.3635752499103546,0.5632468461990356,3.171069383621216,2.4877796173095703,55.28315305709839,44.71684694290161
ILSVRC2012_val_00011897.JPEG,/home/dr-yougart/Desktop/vit_mi/Dataset/ILSVRC2012_img_val/ILSVRC2012_val_00011897.JPEG,754,754,754,True,True,0.9347829818725586,993.5357055664062,993.6122436523438,988.4285888671875,5.107142925262451,5.18367338180542,0.9900917410850525,0.9948099851608276,376.1220397949219,385.8907775878906,1.0627578496932983,0.3695053458213806,0.4917776584625244,2.812061309814453,2.229729175567627,55.98403811454773,44.01595890522003
ILSVRC2012_val_00011898.JPEG,/home/dr-yougart/Desktop/vit_mi/Dataset/ILSVRC2012_img_val/ILSVRC2012_val_00011898.JPEG,381,381,381,True,True,0.8779177069664001,994.5357055664062,994.5306396484375,985.948974609375,8.586734771728516,8.581632614135742,0.9838088750839233,0.9912740588188171,374.2923583984375,389.2213134765625,1.110063076019287,0.5459482073783875,0.4787948727607727,3.566704511642456,2.7246270179748535,53.77705097198486,46.22294902801514
ILSVRC2012_val_00011899.JPEG,/home/dr-yougart/Desktop/vit_mi/Dataset/ILSVRC2012_img_val/ILSVRC2012_val_00011899.JPEG,306,306,306,True,True,0.9274254441261292,993.948974609375,994.05615234375,988.846923828125,5.102040767669678,5.209183692932129,0.9900866746902466,0.994844913482666,373.5079040527344,372.9294738769531,1.0353742837905884,0.4036084711551666,-0.006128295790404081,2.8297088146209717,2.1989822387695312,50.47106742858887,49.528929591178894
ILSVRC2012_val_00011900.JPEG,/home/dr-yougart/Desktop/vit_mi/Dataset/ILSVRC2012_img_val/ILSVRC2012_val_00011900.JPEG,151,158,158,False,False,0.9460958242416382,993.7244873046875,994.1734619140625,991.9796142578125,1.7448979616165161,2.1938774585723877,0.9960429668426514,0.9982436299324036,349.9696960449219,381.52423095703125,1.1165151596069336,0.37617382407188416,0.9895483255386353,2.76777720451355,2.143692970275879,60.24852395057678,39.75147604942322
ILSVRC2012_val_00011901.JPEG,/home/dr-yougart/Desktop/vit_mi/Dataset/ILSVRC2012_img_val/ILSVRC2012_val_00011901.JPEG,989,989,989,True,True,0.9368695616722107,994.244873046875,995.244873046875,990.9744873046875,3.2704081535339355,4.2704081535339355,0.9927374124526978,0.9966771006584167,363.69085693359375,406.06768798828125,1.166387677192688,0.4292147159576416,1.451237678527832,3.206361770629883,2.4054412841796875,63.19845914840698,36.80154085159302
ILSVRC2012_val_00011902.JPEG,/home/dr-yougart/Desktop/vit_mi/Dataset/ILSVRC2012_img_val/ILSVRC2012_val_00011902.JPEG,348,348,348,True,True,0.9168582558631897,991.8316040039062,992.8571166992188,983.8418579101562,7.989795684814453,9.01530647277832,0.9837562441825867,0.9918551445007324,363.3125915527344,381.81170654296875,1.12359619140625,0.4293975532054901,0.639345645904541,2.5893239974975586,1.9830379486083984,57.61721134185791,42.38278865814209
ILSVRC2012_val_00011903.JPEG,/home/dr-yougart/Desktop/vit_mi/Dataset/ILSVRC2012_img_val/ILSVRC2012_val_00011903.JPEG,435,435,876,True,False,0.96151202917099,994.0867309570312,994.1071166992188,991.7857055664062,2.301020383834839,2.3214285373687744,0.9954795241355896,0.9976688027381897,374.89215087890625,399.5960998535156,1.1123011112213135,0.353464275598526,0.8307210206985474,2.6587700843811035,1.7496976852416992,56.09496235847473,43.90503764152527
ILSVRC2012_val_00011904.JPEG,/home/dr-yougart/Desktop/vit_mi/Dataset/ILSVRC2012_img_val/ILSVRC2012_val_00011904.JPEG,376,376,376,True,True,0.9050651788711548,995.2908325195312,995.8571166992188,988.2142944335938,7.076530456542969,7.642857074737549,0.9861529469490051,0.9928006529808044,389.2696228027344,395.600341796875,1.067832112312317,0.45353344082832336,0.21774622797966003,3.187584638595581,2.441376209259033,52.0372748374939,47.9627251625061
ILSVRC2012_val_00011905.JPEG,/home/dr-yougart/Desktop/vit_mi/Dataset/ILSVRC2012_img_val/ILSVRC2012_val_00011905.JPEG,759,759,613,True,False,0.9175874590873718,993.8265380859375,994.14794921875,987.801025390625,6.025510311126709,6.346938610076904,0.9882240295410156,0.9938693046569824,380.02783203125,403.188232421875,1.114639401435852,0.4656083881855011,0.7165866494178772,3.238736391067505,2.473259925842285,56.02942109107971,43.97057890892029
ILSVRC2012_val_00011906.JPEG,/home/dr-yougart/Desktop/vit_mi/Dataset/ILSVRC2012_img_val/ILSVRC2012_val_00011906.JPEG,652,652,413,True,False,0.9275285601615906,995.2142944335938,995.2244873046875,990.051025390625,5.163265228271484,5.173469543457031,0.9901587963104248,0.9947651624679565,400.1914978027344,385.96600341796875,1.0028116703033447,0.37343117594718933,-0.2123543620109558,2.9969754219055176,2.3592605590820312,47.47075438499451,52.52924561500549
ILSVRC2012_val_00011907.JPEG,/home/dr-yougart/Desktop/vit_mi/Dataset/ILSVRC2012_img_val/ILSVRC2012_val_00011907.JPEG,642,642,642,True,True,0.9430338144302368,994.551025390625,993.9591674804688,988.1428833007812,6.408163070678711,5.81632661819458,0.9883033633232117,0.9935369491577148,411.1888427734375,412.8368225097656,1.024997353553772,0.30248329043388367,0.009731781668961048,2.546527147293091,1.9767608642578125,50.817859172821045,49.182137846946716
ILSVRC2012_val_00011908.JPEG,/home/dr-yougart/Desktop/vit_mi/Dataset/ILSVRC2012_img_val/ILSVRC2012_val_00011908.JPEG,883,883,883,True,True,0.9222493767738342,992.8622436523438,993.7244873046875,987.3622436523438,5.5,6.362245082855225,0.9887286424636841,0.9944044351577759,333.0384521484375,361.49066162109375,1.1328647136688232,0.44184941053390503,0.8034347295761108,2.581827402114868,1.9456787109375,59.540724754333496,40.459272265434265
ILSVRC2012_val_00011909.JPEG,/home/dr-yougart/Desktop/vit_mi/Dataset/ILSVRC2012_img_val/ILSVRC2012_val_00011909.JPEG,597,597,597,True,True,0.923195481300354,993.4898071289062,992.7244873046875,985.5357055664062,7.9540815353393555,7.188775539398193,0.9854993224143982,0.9919467568397522,334.201171875,346.9316101074219,1.1022146940231323,0.41455116868019104,0.3271738588809967,2.2849678993225098,1.7594571113586426,54.35560345649719,45.64439654350281
ILSVRC2012_val_00011910.JPEG,/home/dr-yougart/Desktop/vit_mi/Dataset/ILSVRC2012_img_val/ILSVRC2012_val_00011910.JPEG,780,780,780,True,True,0.9459262490272522,994.5203857421875,995.2653198242188,988.8622436523438,5.658163070678711,6.403061389923096,0.9886341691017151,0.9942166209220886,362.44049072265625,355.69891357421875,1.0314682722091675,0.2800392806529999,0.07158266752958298,1.5779569149017334,1.1681160926818848,50.906264781951904,49.09373223781586
ILSVRC2012_val_00011911.JPEG,/home/dr-yougart/Desktop/vit_mi/Dataset/ILSVRC2012_img_val/ILSVRC2012_val_00011911.JPEG,322,322,322,True,True,0.9464324116706848,994.89794921875,994.5408325195312,991.9846801757812,2.9132652282714844,2.5561225414276123,0.9946820735931396,0.997050404548645,397.584716796875,409.2199401855469,1.0574398040771484,0.3620244264602661,0.3721163868904114,3.0097689628601074,2.2810306549072266,52.48445272445679,47.515544295310974
ILSVRC2012_val_00011912.JPEG,/home/dr-yougart/Desktop/vit_mi/Dataset/ILSVRC2012_img_val/ILSVRC2012_val_00011912.JPEG,649,649,649,True,True,0.9293250441551208,993.0306396484375,994.8316040039062,989.0714111328125,3.959183692932129,5.760204315185547,0.9906722903251648,0.9959740042686462,376.7931213378906,420.7818908691406,1.1589540243148804,0.44692686200141907,1.4295347929000854,3.411062479019165,2.508070468902588,62.71136403083801,37.28863298892975
ILSVRC2012_val_00011913.JPEG,/home/dr-yougart/Desktop/vit_mi/Dataset/ILSVRC2012_img_val/ILSVRC2012_val_00011913.JPEG,377,377,377,True,True,0.9533381462097168,993.4898071289062,994.8928833007812,989.80615234375,3.68367338180542,5.086734771728516,0.9915837049484253,0.9962370991706848,383.0492248535156,405.15234375,1.0880141258239746,0.3051348626613617,1.0388081073760986,2.526759147644043,1.915109634399414,63.749855756759644,36.25014126300812
ILSVRC2012_val_00011914.JPEG,/home/dr-yougart/Desktop/vit_mi/Dataset/ILSVRC2012_img_val/ILSVRC2012_val_00011914.JPEG,1,1,664,True,False,0.9283442497253418,995.94384765625,995.198974609375,991.903076171875,4.040816307067871,3.2959184646606445,0.9929637312889099,0.9959222674369812,331.5821533203125,343.0584411621094,1.0462586879730225,0.4020855128765106,0.12186578661203384,2.8120081424713135,2.2559032440185547,50.69260001182556,49.30740296840668
ILSVRC2012_val_00011915.JPEG,/home/dr-yougart/Desktop/vit_mi/Dataset/ILSVRC2012_img_val/ILSVRC2012_val_00011915.JPEG,13,13,13,True,True,0.9357335567474365,995.3163452148438,995.3112182617188,990.198974609375,5.11734676361084,5.112245082855225,0.9903523921966553,0.9948056936264038,376.69647216796875,384.29461669921875,1.0600223541259766,0.3446192145347595,0.458579957485199,2.3667314052581787,1.7987885475158691,56.21216297149658,43.78784000873566
ILSVRC2012_val_00011916.JPEG,/home/dr-yougart/Desktop/vit_mi/Dataset/ILSVRC2012_img_val/ILSVRC2012_val_00011916.JPEG,475,475,475,True,True,0.9669629335403442,995.846923828125,995.5,994.35205078125,1.4948979616165161,1.1479592323303223,0.9974077343940735,0.9984968304634094,344.7038879394531,360.26141357421875,1.0508131980895996,0.27227023243904114,0.3572307825088501,2.023829698562622,1.6185321807861328,54.76953983306885,45.23046016693115
ILSVRC2012_val_00011917.JPEG,/home/dr-yougart/Desktop/vit_mi/Dataset/ILSVRC2012_img_val/ILSVRC2012_val_00011917.JPEG,233,233,221,True,False,0.9108223915100098,995.5255126953125,996.4336547851562,990.2857055664062,5.239795684814453,6.147959232330322,0.9892743825912476,0.9946558475494385,358.1239929199219,377.74761962890625,1.1112043857574463,0.44745850563049316,0.743675172328949,2.92376446723938,2.267322063446045,58.264464139938354,41.73553287982941
ILSVRC2012_val_00011918.JPEG,/home/dr-yougart/Desktop/vit_mi/Dataset/ILSVRC2012_img_val/ILSVRC2012_val_00011918.JPEG,130,130,130,True,True,0.9425486922264099,993.1326293945312,993.4541015625,987.4234619140625,5.709183692932129,6.030612468719482,0.9887397885322571,0.9942032098770142,360.14019775390625,377.1171875,1.0751436948776245,0.33622801303863525,0.4239361882209778,2.0634026527404785,1.521618366241455,57.05634355545044,42.94365346431732
ILSVRC2012_val_00011919.JPEG,/home/dr-yougart/Desktop/vit_mi/Dataset/ILSVRC2012_img_val/ILSVRC2012_val_00011919.JPEG,709,709,902,True,False,0.8873467445373535,993.8571166992188,994.7244873046875,984.9081420898438,8.948979377746582,9.816326141357422,0.9823135733604431,0.990893542766571,364.13360595703125,398.0923156738281,1.1726787090301514,0.5298861861228943,1.1432324647903442,3.3119122982025146,2.590479850769043,61.271125078201294,38.728877902030945
ILSVRC2012_val_00011920.JPEG,/home/dr-yougart/Desktop/vit_mi/Dataset/ILSVRC2012_img_val/ILSVRC2012_val_00011920.JPEG,838,929,680,False,False,0.9366689920425415,995.4693603515625,995.4796142578125,991.653076171875,3.81632661819458,3.826530694961548,0.9927385449409485,0.9961399435997009,377.5132751464844,403.58880615234375,1.1186997890472412,0.40948566794395447,0.69854336977005,2.9968323707580566,2.3041133880615234,56.658124923706055,43.341875076293945
ILSVRC2012_val_00011921.JPEG,/home/dr-yougart/Desktop/vit_mi/Dataset/ILSVRC2012_img_val/ILSVRC2012_val_00011921.JPEG,242,242,242,True,True,0.9581782221794128,994.5458984375,995.1275634765625,991.10205078125,3.4438774585723877,4.025510311126709,0.992841899394989,0.9965007305145264,369.75030517578125,369.3141784667969,1.0237451791763306,0.2805316746234894,0.1008453220129013,2.0150837898254395,1.5625324249267578,50.47000050544739,49.53000247478485
ILSVRC2012_val_00011922.JPEG,/home/dr-yougart/Desktop/vit_mi/Dataset/ILSVRC2012_img_val/ILSVRC2012_val_00011922.JPEG,120,120,120,True,True,0.96145099401474,995.0765380859375,995.653076171875,993.9642944335938,1.1122448444366455,1.6887755393981934,0.9972513318061829,0.998869001865387,362.8614501953125,387.39593505859375,1.089624047279358,0.3071584701538086,0.822960615158081,2.393813371658325,1.7316551208496094,59.63032245635986,40.369680523872375
ILSVRC2012_val_00011923.JPEG,/home/dr-yougart/Desktop/vit_mi/Dataset/ILSVRC2012_img_val/ILSVRC2012_val_00011923.JPEG,620,681,590,False,False,0.9244782328605652,992.4744873046875,993.5816040039062,988.7703857421875,3.7040815353393555,4.811224460601807,0.9916757941246033,0.9962409734725952,374.4800720214844,373.785888671875,1.031564474105835,0.43014025688171387,0.33192846179008484,3.377655506134033,2.497079372406006,52.891916036605835,47.108086943626404
ILSVRC2012_val_00011924.JPEG,/home/dr-yougart/Desktop/vit_mi/Dataset/ILSVRC2012_img_val/ILSVRC2012_val_00011924.JPEG,764,764,413,True,False,0.9296281933784485,995.0203857421875,995.3214111328125,990.6377563476562,4.38265323638916,4.68367338180542,0.9913555979728699,0.995560884475708,415.3402404785156,420.18121337890625,1.025846004486084,0.3794953227043152,0.1727871149778366,3.387653112411499,2.6371078491210938,50.089359283447266,49.91064369678497
ILSVRC2012_val_00011925.JPEG,/home/dr-yougart/Desktop/vit_mi/Dataset/ILSVRC2012_img_val/ILSVRC2012_val_00011925.JPEG,179,179,179,True,True,0.905291736125946,993.9846801757812,994.801025390625,986.0918579101562,7.892857074737549,8.709183692932129,0.9842864274978638,0.9919723868370056,352.07470703125,342.8868103027344,1.058052659034729,0.4444652497768402,0.0036536939442157745,2.4810991287231445,1.9170341491699219,49.915146827697754,50.084853172302246
ILSVRC2012_val_00011926.JPEG,/home/dr-yougart/Desktop/vit_mi/Dataset/ILSVRC2012_img_val/ILSVRC2012_val_00011926.JPEG,447,447,447,True,True,0.9462534785270691,994.5765380859375,995.596923828125,990.5663452148438,4.010204315185547,5.030612468719482,0.9913763999938965,0.9959079027175903,424.92864990234375,423.86468505859375,1.038827657699585,0.341668963432312,0.20990592241287231,2.9004266262054443,2.264307975769043,52.38860249519348,47.61139452457428
ILSVRC2012_val_00011927.JPEG,/home/dr-yougart/Desktop/vit_mi/Dataset/ILSVRC2012_img_val/ILSVRC2012_val_00011927.JPEG,48,48,273,True,False,0.9017420411109924,995.0,995.9796142578125,988.6632690429688,6.336734771728516,7.31632661819458,0.9870946407318115,0.993568480014801,387.264892578125,414.943115234375,1.1395312547683716,0.5105237364768982,0.9877906441688538,3.8727102279663086,3.0161585807800293,58.700162172317505,41.299837827682495
ILSVRC2012_val_00011928.JPEG,/home/dr-yougart/Desktop/vit_mi/Dataset/ILSVRC2012_img_val/ILSVRC2012_val_00011928.JPEG,782,526,527,False,False,0.9383715987205505,994.6683959960938,995.2346801757812,990.653076171875,4.015305995941162,4.581632614135742,0.9917727708816528,0.9959170818328857,350.8044738769531,346.9493103027344,1.0249027013778687,0.35374370217323303,0.03253566473722458,2.4828014373779297,1.9446563720703125,51.09801888465881,48.90198111534119
ILSVRC2012_val_00011929.JPEG,/home/dr-yougart/Desktop/vit_mi/Dataset/ILSVRC2012_img_val/ILSVRC2012_val_00011929.JPEG,888,888,888,True,True,0.9381042122840881,994.9796142578125,995.3622436523438,991.4796142578125,3.5,3.882652997970581,0.9929357171058655,0.9964426755905151,388.55731201171875,382.46966552734375,0.9995677471160889,0.3457941710948944,-0.07612214237451553,2.723705530166626,2.083209991455078,47.35192656517029,52.64807343482971
ILSVRC2012_val_00011930.JPEG,/home/dr-yougart/Desktop/vit_mi/Dataset/ILSVRC2012_img_val/ILSVRC2012_val_00011930.JPEG,789,789,789,True,True,0.9437620043754578,995.1734619140625,995.3112182617188,990.2346801757812,4.938775539398193,5.076530456542969,0.9905527234077454,0.9949778318405151,409.3060302734375,397.15673828125,1.0048788785934448,0.30747056007385254,-0.2047894150018692,2.170257568359375,1.5402507781982422,43.72340142726898,56.27660155296326
ILSVRC2012_val_00011931.JPEG,/home/dr-yougart/Desktop/vit_mi/Dataset/ILSVRC2012_img_val/ILSVRC2012_val_00011931.JPEG,584,584,748,True,False,0.944452702999115,993.9898071289062,995.346923828125,991.2908325195312,2.698979616165161,4.056122303009033,0.993537187576294,0.9972383379936218,376.29559326171875,413.8429260253906,1.1400041580200195,0.3744167387485504,1.4327847957611084,2.890550374984741,2.265791893005371,66.4846420288086,33.515360951423645
ILSVRC2012_val_00011932.JPEG,/home/dr-yougart/Desktop/vit_mi/Dataset/ILSVRC2012_img_val/ILSVRC2012_val_00011932.JPEG,315,315,315,True,True,0.9232925176620483,995.2703857421875,993.9132690429688,989.255126953125,6.015305995941162,4.658163070678711,0.989826500415802,0.9939088821411133,424.8601989746094,382.2484436035156,0.9418571591377258,0.413769394159317,-1.1329208612442017,3.3836677074432373,2.509183883666992,41.3148432970047,58.68515968322754
ILSVRC2012_val_00011933.JPEG,/home/dr-yougart/Desktop/vit_mi/Dataset/ILSVRC2012_img_val/ILSVRC2012_val_00011933.JPEG,414,861,897,False,False,0.9369657635688782,995.1683959960938,995.4541015625,990.346923828125,4.8214287757873535,5.107142925262451,0.9905672073364258,0.995099663734436,395.2718505859375,392.52874755859375,1.0222238302230835,0.3335471749305725,-0.027792198583483696,2.658092975616455,2.054924964904785,50.084489583969116,49.915510416030884
ILSVRC2012_val_00011934.JPEG,/home/dr-yougart/Desktop/vit_mi/Dataset/ILSVRC2012_img_val/ILSVRC2012_val_00011934.JPEG,528,528,528,True,True,0.920459508895874,994.0918579101562,995.448974609375,987.8826293945312,6.209183692932129,7.56632661819458,0.9869198799133301,0.9936742186546326,396.2369384765625,402.9778747558594,1.0822604894638062,0.4085383415222168,0.717887282371521,2.838400363922119,2.1991167068481445,58.53944420814514,41.46055579185486
ILSVRC2012_val_00011935.JPEG,/home/dr-yougart/Desktop/vit_mi/Dataset/ILSVRC2012_img_val/ILSVRC2012_val_00011935.JPEG,447,447,447,True,True,0.9446835517883301,994.3418579101562,995.6377563476562,991.346923828125,2.9948978424072266,4.290816307067871,0.9930168986320496,0.9969528913497925,392.9669189453125,452.731201171875,1.194262981414795,0.4056805968284607,1.8141050338745117,3.23339581489563,2.4972915649414062,68.52509379386902,31.47490620613098
ILSVRC2012_val_00011936.JPEG,/home/dr-yougart/Desktop/vit_mi/Dataset/ILSVRC2012_img_val/ILSVRC2012_val_00011936.JPEG,762,762,762,True,True,0.9206568002700806,995.7703857421875,996.3112182617188,991.6224365234375,4.147959232330322,4.688775539398193,0.991626501083374,0.9957950115203857,386.4278564453125,400.7185363769531,1.0593023300170898,0.410338819026947,0.4432699680328369,3.352640390396118,2.65712308883667,53.69061231613159,46.30938768386841
ILSVRC2012_val_00011937.JPEG,/home/dr-yougart/Desktop/vit_mi/Dataset/ILSVRC2012_img_val/ILSVRC2012_val_00011937.JPEG,963,963,963,True,True,0.9381659626960754,994.9642944335938,995.5765380859375,989.846923828125,5.11734676361084,5.7295918464660645,0.9897146224975586,0.99480140209198,390.7959289550781,409.4287414550781,1.0981509685516357,0.363223135471344,0.760183572769165,2.6590981483459473,2.0623607635498047,59.54177379608154,40.45822322368622
ILSVRC2012_val_00011938.JPEG,/home/dr-yougart/Desktop/vit_mi/Dataset/ILSVRC2012_img_val/ILSVRC2012_val_00011938.JPEG,893,893,893,True,True,0.9291210770606995,995.5714111328125,995.3163452148438,989.9796142578125,5.591836929321289,5.336734771728516,0.9896447062492371,0.9943361878395081,359.4117126464844,337.0877990722656,0.9730483293533325,0.37011781334877014,-0.6173143982887268,2.54425311088562,2.005277633666992,42.63899624347687,57.36100673675537
ILSVRC2012_val_00011939.JPEG,/home/dr-yougart/Desktop/vit_mi/Dataset/ILSVRC2012_img_val/ILSVRC2012_val_00011939.JPEG,610,747,747,False,False,0.9490510821342468,995.30615234375,995.7193603515625,991.2398071289062,4.06632661819458,4.4795918464660645,0.9919081926345825,0.9958582520484924,382.64373779296875,398.585693359375,1.076481819152832,0.31605425477027893,0.4722749888896942,2.2309775352478027,1.7593789100646973,56.8356454372406,43.16435158252716
ILSVRC2012_val_00011940.JPEG,/home/dr-yougart/Desktop/vit_mi/Dataset/ILSVRC2012_img_val/ILSVRC2012_val_00011940.JPEG,888,977,447,False,False,0.9318342208862305,993.6734619140625,994.2653198242188,989.1887817382812,4.484694004058838,5.076530456542969,0.9907993674278259,0.9954534769058228,336.530517578125,339.59716796875,1.0388247966766357,0.40686747431755066,0.06791415810585022,2.627451181411743,1.9525165557861328,48.480769991874695,51.519232988357544
ILSVRC2012_val_00011941.JPEG,/home/dr-yougart/Desktop/vit_mi/Dataset/ILSVRC2012_img_val/ILSVRC2012_val_00011941.JPEG,502,502,502,True,True,0.9705355167388916,993.7244873046875,993.3877563476562,990.5153198242188,3.209183692932129,2.8724489212036133,0.9941230416297913,0.9967735409736633,367.65557861328125,378.78167724609375,1.0473341941833496,0.24058063328266144,0.26943865418434143,1.6684613227844238,1.2498054504394531,54.92296814918518,45.07703185081482
ILSVRC2012_val_00011942.JPEG,/home/dr-yougart/Desktop/vit_mi/Dataset/ILSVRC2012_img_val/ILSVRC2012_val_00011942.JPEG,895,895,895,True,True,0.9646543264389038,989.846923828125,992.9387817382812,986.9336547851562,2.9132652282714844,6.005102157592773,0.9912093877792358,0.9970560669898987,443.1922912597656,424.9369812011719,0.9716382622718811,0.2708035707473755,-0.4205246567726135,2.5355284214019775,1.9651975631713867,45.96953094005585,54.03047204017639
ILSVRC2012_val_00011943.JPEG,/home/dr-yougart/Desktop/vit_mi/Dataset/ILSVRC2012_img_val/ILSVRC2012_val_00011943.JPEG,84,84,84,True,True,0.9169829487800598,994.5,995.198974609375,989.4642944335938,5.035714149475098,5.734694004058838,0.9897477030754089,0.9948915243148804,414.7716979980469,403.2140808105469,0.9999260902404785,0.40748974680900574,-0.3162297010421753,3.3495306968688965,2.5554676055908203,47.74383306503296,52.25616693496704
ILSVRC2012_val_00011944.JPEG,/home/dr-yougart/Desktop/vit_mi/Dataset/ILSVRC2012_img_val/ILSVRC2012_val_00011944.JPEG,891,891,891,True,True,0.9446923136711121,994.5765380859375,995.75,991.25,3.326530694961548,4.5,0.9925202131271362,0.9966034889221191,389.1372375488281,405.4688720703125,1.0778026580810547,0.33616405725479126,0.856458842754364,2.776158332824707,2.1890335083007812,60.41640043258667,39.58360254764557
ILSVRC2012_val_00011945.JPEG,/home/dr-yougart/Desktop/vit_mi/Dataset/ILSVRC2012_img_val/ILSVRC2012_val_00011945.JPEG,942,942,942,True,True,0.9561592936515808,993.6071166992188,995.1326293945312,989.7703857421875,3.8367347717285156,5.362245082855225,0.9911501407623291,0.9960991144180298,414.1226806640625,427.6647033691406,1.056954264640808,0.2747489809989929,0.6483137011528015,2.3530313968658447,1.8363304138183594,59.422147274017334,40.57784974575043
ILSVRC2012_val_00011946.JPEG,/home/dr-yougart/Desktop/vit_mi/Dataset/ILSVRC2012_img_val/ILSVRC2012_val_00011946.JPEG,664,664,851,True,False,0.9325116276741028,995.5153198242188,995.4744873046875,991.5765380859375,3.9387755393981934,3.8979592323303223,0.9925297498703003,0.9960168600082397,350.9261474609375,355.7696533203125,1.037370204925537,0.37640026211738586,0.015990717336535454,2.6228723526000977,2.078301429748535,49.76717233657837,50.23282766342163
ILSVRC2012_val_00011947.JPEG,/home/dr-yougart/Desktop/vit_mi/Dataset/ILSVRC2012_img_val/ILSVRC2012_val_00011947.JPEG,238,238,241,True,False,0.9100550413131714,994.94384765625,995.4744873046875,987.44384765625,7.5,8.030611991882324,0.9854314923286438,0.9923713803291321,357.699462890625,371.847412109375,1.1185890436172485,0.4359893500804901,0.4305621087551117,2.3477938175201416,1.7906370162963867,55.492693185806274,44.507309794425964
ILSVRC2012_val_00011948.JPEG,/home/dr-yougart/Desktop/vit_mi/Dataset/ILSVRC2012_img_val/ILSVRC2012_val_00011948.JPEG,769,769,769,True,True,0.9434036016464233,994.6275634765625,995.2653198242188,991.3571166992188,3.2704081535339355,3.90816330909729,0.9931206107139587,0.996660053730011,366.7283630371094,381.372314453125,1.0693230628967285,0.34777283668518066,0.5861146450042725,2.653085470199585,2.0752944946289062,56.984347105026245,43.015655875205994
ILSVRC2012_val_00011949.JPEG,/home/dr-yougart/Desktop/vit_mi/Dataset/ILSVRC2012_img_val/ILSVRC2012_val_00011949.JPEG,884,884,884,True,True,0.9415168166160583,994.7653198242188,994.69384765625,992.1632690429688,2.6020407676696777,2.5306122303009033,0.9949686527252197,0.9973774552345276,356.5410461425781,393.952880859375,1.137147307395935,0.40892910957336426,1.0984995365142822,3.1869280338287354,2.573880195617676,60.71920990943909,39.28079307079315
ILSVRC2012_val_00011950.JPEG,/home/dr-yougart/Desktop/vit_mi/Dataset/ILSVRC2012_img_val/ILSVRC2012_val_00011950.JPEG,777,777,777,True,True,0.9499080181121826,993.94384765625,994.5612182617188,989.5663452148438,4.377551078796387,4.994897842407227,0.9910765886306763,0.9955530166625977,341.56414794921875,347.88031005859375,1.0522938966751099,0.29841989278793335,0.29100915789604187,1.8492112159729004,1.415792465209961,54.52811121940613,45.47188878059387
ILSVRC2012_val_00011951.JPEG,/home/dr-yougart/Desktop/vit_mi/Dataset/ILSVRC2012_img_val/ILSVRC2012_val_00011951.JPEG,491,491,491,True,True,0.9617805480957031,993.0918579101562,993.2346801757812,990.14794921875,2.9438774585723877,3.0867347717285156,0.9942072033882141,0.9970172047615051,370.92633056640625,388.7777404785156,1.078640341758728,0.2847934663295746,0.6001384258270264,1.957601547241211,1.3604068756103516,58.41066837310791,41.58881604671478
ILSVRC2012_val_00011952.JPEG,/home/dr-yougart/Desktop/vit_mi/Dataset/ILSVRC2012_img_val/ILSVRC2012_val_00011952.JPEG,285,285,280,True,False,0.9241487383842468,995.0816040039062,995.39794921875,990.9591674804688,4.122448921203613,4.438775539398193,0.9918477535247803,0.995802104473114,340.454833984375,351.43310546875,1.0671935081481934,0.40950727462768555,0.46279433369636536,2.8012819290161133,2.2199182510375977,55.07393479347229,44.92606520652771
ILSVRC2012_val_00011953.JPEG,/home/dr-yougart/Desktop/vit_mi/Dataset/ILSVRC2012_img_val/ILSVRC2012_val_00011953.JPEG,399,399,399,True,True,0.913544774055481,994.2091674804688,995.2806396484375,987.9898071289062,6.219387531280518,7.290816307067871,0.987238883972168,0.9936599731445312,352.34112548828125,372.3821716308594,1.1223381757736206,0.4382287561893463,0.7827473282814026,2.699761390686035,2.082712173461914,58.92608165740967,41.07391834259033
ILSVRC2012_val_00011954.JPEG,/home/dr-yougart/Desktop/vit_mi/Dataset/ILSVRC2012_img_val/ILSVRC2012_val_00011954.JPEG,732,732,732,True,True,0.9360460042953491,994.0816040039062,994.948974609375,989.7346801757812,4.346938610076904,5.214285850524902,0.9909144639968872,0.9955728650093079,377.70062255859375,374.94287109375,1.0107263326644897,0.35079503059387207,0.025159036740660667,2.605639934539795,1.9832019805908203,50.19949674606323,49.80050325393677
ILSVRC2012_val_00011955.JPEG,/home/dr-yougart/Desktop/vit_mi/Dataset/ILSVRC2012_img_val/ILSVRC2012_val_00011955.JPEG,475,475,475,True,True,0.9364460706710815,995.3112182617188,995.096923828125,990.5765380859375,4.734694004058838,4.5204081535339355,0.9911592602729797,0.9952054023742676,355.9122314453125,354.7329406738281,1.0267767906188965,0.35274451971054077,0.002802639501169324,2.449570655822754,1.8457074165344238,48.39533865451813,51.60466432571411
ILSVRC2012_val_00011956.JPEG,/home/dr-yougart/Desktop/vit_mi/Dataset/ILSVRC2012_img_val/ILSVRC2012_val_00011956.JPEG,918,918,854,True,False,0.9222310781478882,994.94384765625,994.8316040039062,989.30615234375,5.637754917144775,5.525510311126709,0.9894176125526428,0.9942903518676758,351.5289001464844,380.7562561035156,1.1320832967758179,0.43417614698410034,0.7264788746833801,2.7532191276550293,2.1241207122802734,57.53775238990784,42.4622505903244
ILSVRC2012_val_00011957.JPEG,/home/dr-yougart/Desktop/vit_mi/Dataset/ILSVRC2012_img_val/ILSVRC2012_val_00011957.JPEG,892,892,409,True,False,0.9084116220474243,993.6632690429688,994.85205078125,987.3622436523438,6.301020622253418,7.489795684814453,0.9869077205657959,0.9935884475708008,393.4980773925781,419.26409912109375,1.1132516860961914,0.4649437963962555,0.8785580396652222,3.403275966644287,2.6201047897338867,57.210773229599,42.78922975063324
ILSVRC2012_val_00011958.JPEG,/home/dr-yougart/Desktop/vit_mi/Dataset/ILSVRC2012_img_val/ILSVRC2012_val_00011958.JPEG,684,684,684,True,True,0.9125752449035645,995.0153198242188,995.55615234375,988.0867309570312,6.9285712242126465,7.469387531280518,0.9864653944969177,0.992964506149292,377.94842529296875,408.55120849609375,1.1388474702835083,0.4601740539073944,0.9112138152122498,3.1127617359161377,2.33566951751709,60.29948592185974,39.70051407814026
ILSVRC2012_val_00011959.JPEG,/home/dr-yougart/Desktop/vit_mi/Dataset/ILSVRC2012_img_val/ILSVRC2012_val_00011959.JPEG,800,800,800,True,True,0.9207897782325745,994.1632690429688,995.4336547851562,988.30615234375,5.857142925262451,7.127551078796387,0.9876511096954346,0.9940412640571594,387.3056335449219,409.58282470703125,1.102616310119629,0.416789710521698,0.7469682097434998,3.146695137023926,2.5083351135253906,58.22991132736206,41.7700856924057
ILSVRC2012_val_00011960.JPEG,/home/dr-yougart/Desktop/vit_mi/Dataset/ILSVRC2012_img_val/ILSVRC2012_val_00011960.JPEG,577,577,577,True,True,0.9552975296974182,993.5867309570312,994.4234619140625,991.0203857421875,2.56632661819458,3.4030611515045166,0.9941833019256592,0.9973853230476379,440.4267883300781,430.52593994140625,1.0152403116226196,0.3426167666912079,-0.020173145458102226,3.113607168197632,2.2958812713623047,45.9683895111084,54.0316104888916
ILSVRC2012_val_00011961.JPEG,/home/dr-yougart/Desktop/vit_mi/Dataset/ILSVRC2012_img_val/ILSVRC2012_val_00011961.JPEG,641,641,722,True,False,0.9523897767066956,994.9541015625,995.25,991.3367309570312,3.617347002029419,3.9132652282714844,0.9928608536720276,0.9963120222091675,404.23382568359375,413.3687438964844,1.0507465600967407,0.29321926832199097,0.5479304790496826,2.416290044784546,1.8628597259521484,57.519739866256714,42.480263113975525
ILSVRC2012_val_00011962.JPEG,/home/dr-yougart/Desktop/vit_mi/Dataset/ILSVRC2012_img_val/ILSVRC2012_val_00011962.JPEG,680,470,644,False,False,0.8465716242790222,994.5867309570312,993.6326293945312,982.846923828125,11.739795684814453,10.785714149475098,0.9787343144416809,0.9880778193473816,402.24884033203125,400.3533935546875,1.0865296125411987,0.5977177023887634,0.15136872231960297,4.210626125335693,3.3472061157226562,51.740050315856934,48.25942814350128
ILSVRC2012_val_00011963.JPEG,/home/dr-yougart/Desktop/vit_mi/Dataset/ILSVRC2012_img_val/ILSVRC2012_val_00011963.JPEG,424,424,424,True,True,0.9044265747070312,994.4898071289062,996.0306396484375,989.05615234375,5.43367338180542,6.974489688873291,0.9882471561431885,0.994457483291626,390.7635192871094,443.58251953125,1.2226276397705078,0.5357756018638611,1.9679957628250122,4.025008201599121,3.1589488983154297,65.9559965133667,34.04400050640106
ILSVRC2012_val_00011964.JPEG,/home/dr-yougart/Desktop/vit_mi/Dataset/ILSVRC2012_img_val/ILSVRC2012_val_00011964.JPEG,453,453,453,True,True,0.9157674312591553,995.5867309570312,995.75,989.9387817382812,5.647959232330322,5.811224460601807,0.9891507625579834,0.9942843317985535,360.8616943359375,339.4375915527344,0.9715275764465332,0.449499249458313,-0.9080222845077515,3.1123640537261963,2.429018974304199,39.26598131656647,60.734015703201294
ILSVRC2012_val_00011965.JPEG,/home/dr-yougart/Desktop/vit_mi/Dataset/ILSVRC2012_img_val/ILSVRC2012_val_00011965.JPEG,602,602,602,True,True,0.9268997311592102,994.4591674804688,995.7703857421875,989.3724365234375,5.086734771728516,6.397959232330322,0.9890672564506531,0.9948232173919678,401.1592102050781,406.9772033691406,1.0585455894470215,0.3834667503833771,0.34739959239959717,2.940840005874634,2.2749881744384766,53.498148918151855,46.50185406208038
ILSVRC2012_val_00011966.JPEG,/home/dr-yougart/Desktop/vit_mi/Dataset/ILSVRC2012_img_val/ILSVRC2012_val_00011966.JPEG,301,301,301,True,True,0.9239698648452759,994.1071166992188,994.85205078125,988.505126953125,5.602040767669678,6.346938610076904,0.9886422157287598,0.9943150281906128,368.77197265625,421.5146179199219,1.217807412147522,0.48499515652656555,1.591888189315796,3.3069701194763184,2.5748987197875977,66.26012325286865,33.73987674713135
ILSVRC2012_val_00011967.JPEG,/home/dr-yougart/Desktop/vit_mi/Dataset/ILSVRC2012_img_val/ILSVRC2012_val_00011967.JPEG,294,294,294,True,True,0.917486846446991,993.7601928710938,994.5612182617188,987.653076171875,6.107142925262451,6.908163070678711,0.9875994324684143,0.993806779384613,361.5525207519531,353.2222900390625,1.0161151885986328,0.4132784605026245,-0.13859227299690247,2.575641632080078,1.9866914749145508,48.31129312515259,51.688188314437866
ILSVRC2012_val_00011968.JPEG,/home/dr-yougart/Desktop/vit_mi/Dataset/ILSVRC2012_img_val/ILSVRC2012_val_00011968.JPEG,755,755,755,True,True,0.9219037294387817,995.2755126953125,995.3112182617188,989.698974609375,5.576530456542969,5.612245082855225,0.9893592000007629,0.9943404197692871,417.00244140625,374.5918273925781,0.9252904653549194,0.40674975514411926,-1.2756119966506958,3.3792059421539307,2.6198577880859375,39.25848305225372,60.74151396751404
ILSVRC2012_val_00011969.JPEG,/home/dr-yougart/Desktop/vit_mi/Dataset/ILSVRC2012_img_val/ILSVRC2012_val_00011969.JPEG,731,731,645,True,False,0.9382794499397278,995.6683959960938,995.2958984375,991.5663452148438,4.102040767669678,3.7295918464660645,0.9925364851951599,0.9958431720733643,388.55126953125,369.3537902832031,0.9859715104103088,0.3492661416530609,-0.5015157461166382,2.7295761108398438,2.1635494232177734,44.51059103012085,55.48940896987915
ILSVRC2012_val_00011970.JPEG,/home/dr-yougart/Desktop/vit_mi/Dataset/ILSVRC2012_img_val/ILSVRC2012_val_00011970.JPEG,633,745,600,False,False,0.9005259871482849,994.5408325195312,994.3877563476562,985.3418579101562,9.198979377746582,9.045918464660645,0.9827792048454285,0.9906626343727112,371.0848083496094,347.780517578125,0.9922111630439758,0.46137166023254395,-0.6992143392562866,2.920121192932129,2.2180042266845703,42.41975545883179,57.58024454116821
ILSVRC2012_val_00011971.JPEG,/home/dr-yougart/Desktop/vit_mi/Dataset/ILSVRC2012_img_val/ILSVRC2012_val_00011971.JPEG,62,62,62,True,True,0.9470981955528259,995.6377563476562,995.9132690429688,992.4693603515625,3.168367385864258,3.4438774585723877,0.9936831593513489,0.996787428855896,325.9195251464844,321.2706298828125,1.0264743566513062,0.3286471366882324,0.12705807387828827,2.112924575805664,1.683568000793457,52.498918771743774,47.50107824802399
ILSVRC2012_val_00011972.JPEG,/home/dr-yougart/Desktop/vit_mi/Dataset/ILSVRC2012_img_val/ILSVRC2012_val_00011972.JPEG,854,794,827,False,False,0.9285652041435242,993.7653198242188,994.3826293945312,988.85205078125,4.913265228271484,5.530612468719482,0.9900045394897461,0.9950019121170044,418.67803955078125,443.81109619140625,1.0830594301223755,0.3857841491699219,0.8693570494651794,3.308176040649414,2.541299819946289,58.11830759048462,41.88169240951538
ILSVRC2012_val_00011973.JPEG,/home/dr-yougart/Desktop/vit_mi/Dataset/ILSVRC2012_img_val/ILSVRC2012_val_00011973.JPEG,302,302,302,True,True,0.9478783011436462,995.5357055664062,996.2296142578125,991.244873046875,4.290816307067871,4.984694004058838,0.9912797808647156,0.9956222176551819,416.8087463378906,424.8843688964844,1.0574764013290405,0.2919701635837555,0.5569343566894531,2.326815605163574,1.7950973510742188,57.70469903945923,42.29530096054077
ILSVRC2012_val_00011974.JPEG,/home/dr-yougart/Desktop/vit_mi/Dataset/ILSVRC2012_img_val/ILSVRC2012_val_00011974.JPEG,422,422,981,True,False,0.9352215528488159,995.39794921875,995.9846801757812,992.4642944335938,2.93367338180542,3.5204081535339355,0.9937952756881714,0.9970268607139587,399.57965087890625,417.5347900390625,1.0730053186416626,0.3900587558746338,0.7263239622116089,3.4668400287628174,2.7984180450439453,56.63957595825195,43.36042404174805
ILSVRC2012_val_00011975.JPEG,/home/dr-yougart/Desktop/vit_mi/Dataset/ILSVRC2012_img_val/ILSVRC2012_val_00011975.JPEG,708,708,862,True,False,0.9312085509300232,993.6326293945312,994.0612182617188,990.0867309570312,3.5459184646606445,3.974489688873291,0.9927603006362915,0.9964027404785156,382.8359069824219,430.51593017578125,1.1896663904190063,0.4675174355506897,1.5014644861221313,3.675983190536499,2.6885557174682617,64.03324604034424,35.96675097942352
ILSVRC2012_val_00011976.JPEG,/home/dr-yougart/Desktop/vit_mi/Dataset/ILSVRC2012_img_val/ILSVRC2012_val_00011976.JPEG,450,450,421,True,False,0.9158090353012085,995.5306396484375,996.0203857421875,991.4591674804688,4.0714287757873535,4.561224460601807,0.9918702840805054,0.9958651661872864,390.350830078125,471.13232421875,1.273053526878357,0.5464237928390503,2.3655102252960205,4.21001672744751,3.3267364501953125,69.42406296730042,30.575940012931824
ILSVRC2012_val_00011977.JPEG,/home/dr-yougart/Desktop/vit_mi/Dataset/ILSVRC2012_img_val/ILSVRC2012_val_00011977.JPEG,350,350,350,True,True,0.8920483589172363,993.94384765625,995.5918579101562,988.1785888671875,5.765305995941162,7.413265228271484,0.9875292181968689,0.9941230416297913,356.53216552734375,408.550048828125,1.221763014793396,0.5617326498031616,1.788460612297058,3.8420422077178955,3.046234130859375,66.59231781959534,33.40768218040466
ILSVRC2012_val_00011978.JPEG,/home/dr-yougart/Desktop/vit_mi/Dataset/ILSVRC2012_img_val/ILSVRC2012_val_00011978.JPEG,124,124,124,True,True,0.9283201098442078,994.6428833007812,995.1173706054688,991.0816040039062,3.5612244606018066,4.035714149475098,0.9927037954330444,0.9963989853858948,365.6451721191406,388.5826721191406,1.083853840827942,0.4111078977584839,0.5667656660079956,3.0119776725769043,2.326711654663086,54.691845178604126,45.30815780162811
ILSVRC2012_val_00011979.JPEG,/home/dr-yougart/Desktop/vit_mi/Dataset/ILSVRC2012_img_val/ILSVRC2012_val_00011979.JPEG,326,326,326,True,True,0.9512670040130615,992.301025390625,992.4693603515625,987.4132690429688,4.887754917144775,5.056122303009033,0.9903655648231506,0.9950396418571472,368.2691345214844,371.1492004394531,1.0420762300491333,0.29883649945259094,0.21974053978919983,2.108124017715454,1.6236801147460938,54.287898540496826,45.712101459503174
ILSVRC2012_val_00011980.JPEG,/home/dr-yougart/Desktop/vit_mi/Dataset/ILSVRC2012_img_val/ILSVRC2012_val_00011980.JPEG,982,982,601,True,False,0.9137669205665588,995.1734619140625,995.9234619140625,990.9541015625,4.219387531280518,4.969387531280518,0.991258978843689,0.9956911206245422,375.4308166503906,375.8575134277344,1.047774076461792,0.4123155176639557,0.44012007117271423,3.2063210010528564,2.576169490814209,54.378122091293335,45.621874928474426
ILSVRC2012_val_00011981.JPEG,/home/dr-yougart/Desktop/vit_mi/Dataset/ILSVRC2012_img_val/ILSVRC2012_val_00011981.JPEG,479,468,660,False,False,0.9280346632003784,996.198974609375,995.8367309570312,991.0255126953125,5.173469543457031,4.811224460601807,0.9905779957771301,0.994756817817688,363.555419921875,346.2669677734375,1.001985788345337,0.3907763361930847,-0.5545393228530884,2.712494134902954,2.1735758781433105,42.88178086280823,57.11821913719177
ILSVRC2012_val_00011982.JPEG,/home/dr-yougart/Desktop/vit_mi/Dataset/ILSVRC2012_img_val/ILSVRC2012_val_00011982.JPEG,662,662,662,True,True,0.9422459006309509,993.994873046875,994.801025390625,990.8877563476562,3.107142925262451,3.9132652282714844,0.993188202381134,0.9968490600585938,358.765869140625,373.39599609375,1.0575529336929321,0.3561060130596161,0.421583890914917,2.6065611839294434,1.9879274368286133,54.9352765083313,45.0647234916687
ILSVRC2012_val_00011983.JPEG,/home/dr-yougart/Desktop/vit_mi/Dataset/ILSVRC2012_img_val/ILSVRC2012_val_00011983.JPEG,574,574,574,True,True,0.9010650515556335,994.4744873046875,993.7857055664062,984.7398071289062,9.73469352722168,9.045918464660645,0.9823203682899475,0.9901583790779114,380.8059997558594,439.0135498046875,1.2393274307250977,0.5246772170066833,1.399967908859253,3.133589029312134,2.355149745941162,64.47678804397583,35.52321493625641
ILSVRC2012_val_00011984.JPEG,/home/dr-yougart/Desktop/vit_mi/Dataset/ILSVRC2012_img_val/ILSVRC2012_val_00011984.JPEG,887,887,400,True,False,0.933393657207489,995.1173706054688,994.89794921875,990.403076171875,4.714285850524902,4.494897842407227,0.9912174940109253,0.9952450394630432,368.43988037109375,363.0247802734375,1.0123753547668457,0.36394986510276794,-0.2210349291563034,2.6404614448547363,2.0703048706054688,48.5161155462265,51.48388147354126
ILSVRC2012_val_00011985.JPEG,/home/dr-yougart/Desktop/vit_mi/Dataset/ILSVRC2012_img_val/ILSVRC2012_val_00011985.JPEG,152,152,152,True,True,0.9611937999725342,996.096923828125,996.3214111328125,992.4081420898438,3.6887755393981934,3.9132652282714844,0.9928054809570312,0.9962428212165833,423.0730895996094,436.6035461425781,1.0559494495391846,0.2420853227376938,0.348876416683197,1.8016877174377441,1.3796367645263672,56.643807888031006,43.35619509220123
ILSVRC2012_val_00011986.JPEG,/home/dr-yougart/Desktop/vit_mi/Dataset/ILSVRC2012_img_val/ILSVRC2012_val_00011986.JPEG,579,579,579,True,True,0.9157183170318604,993.6836547851562,994.5,988.69384765625,4.989795684814453,5.806122303009033,0.9896352291107178,0.9949399828910828,351.2130126953125,393.1341247558594,1.1568063497543335,0.47786152362823486,1.1723337173461914,3.387605905532837,2.652920722961426,60.9044075012207,39.09558951854706
ILSVRC2012_val_00011987.JPEG,/home/dr-yougart/Desktop/vit_mi/Dataset/ILSVRC2012_img_val/ILSVRC2012_val_00011987.JPEG,627,627,627,True,True,0.8773778676986694,994.6887817382812,995.9541015625,987.505126953125,7.18367338180542,8.448979377746582,0.9851778745651245,0.9927157163619995,367.8205871582031,352.4145812988281,1.0225045680999756,0.5324065685272217,-0.15438836812973022,3.702064275741577,2.852827548980713,49.208736419677734,50.791263580322266
ILSVRC2012_val_00011988.JPEG,/home/dr-yougart/Desktop/vit_mi/Dataset/ILSVRC2012_img_val/ILSVRC2012_val_00011988.JPEG,689,689,996,True,False,0.9093820452690125,995.4541015625,995.5203857421875,990.8826293945312,4.5714287757873535,4.637754917144775,0.991241991519928,0.9953484535217285,350.7999572753906,358.026611328125,1.0487693548202515,0.452935129404068,0.17761170864105225,3.3098297119140625,2.671029806137085,50.87609887123108,49.12390112876892
ILSVRC2012_val_00011989.JPEG,/home/dr-yougart/Desktop/vit_mi/Dataset/ILSVRC2012_img_val/ILSVRC2012_val_00011989.JPEG,225,235,168,False,False,0.9350681900978088,994.0101928710938,995.5714111328125,990.301025390625,3.709183692932129,5.2704081535339355,0.9913920164108276,0.9962058663368225,329.04742431640625,319.431396484375,1.0149234533309937,0.3589790463447571,0.0038957346696406603,2.3006436824798584,1.8010203838348389,50.24498105049133,49.755021929740906
ILSVRC2012_val_00011990.JPEG,/home/dr-yougart/Desktop/vit_mi/Dataset/ILSVRC2012_img_val/ILSVRC2012_val_00011990.JPEG,538,668,538,False,True,0.8915038108825684,995.346923828125,994.698974609375,986.1581420898438,9.188775062561035,8.540816307067871,0.9833129048347473,0.990703284740448,376.50360107421875,415.2156677246094,1.1738396883010864,0.5256203413009644,0.9558492302894592,3.2248966693878174,2.406130790710449,57.73900747299194,42.26098954677582
ILSVRC2012_val_00011991.JPEG,/home/dr-yougart/Desktop/vit_mi/Dataset/ILSVRC2012_img_val/ILSVRC2012_val_00011991.JPEG,598,598,598,True,True,0.9579089283943176,994.7244873046875,994.6581420898438,991.7806396484375,2.9438774585723877,2.8775510787963867,0.9943867921829224,0.9970130920410156,373.6766662597656,369.11956787109375,0.9978739619255066,0.2819719910621643,-0.11091094464063644,2.166785717010498,1.7020807266235352,48.64112734794617,51.35887265205383
ILSVRC2012_val_00011992.JPEG,/home/dr-yougart/Desktop/vit_mi/Dataset/ILSVRC2012_img_val/ILSVRC2012_val_00011992.JPEG,845,845,845,True,True,0.9270290732383728,994.8928833007812,995.0408325195312,988.7296142578125,6.163265228271484,6.311224460601807,0.9882166981697083,0.9937520027160645,387.5958251953125,405.0618896484375,1.0922675132751465,0.39523836970329285,0.5931849479675293,2.7755870819091797,2.0597681999206543,55.43188452720642,44.56811845302582
ILSVRC2012_val_00011993.JPEG,/home/dr-yougart/Desktop/vit_mi/Dataset/ILSVRC2012_img_val/ILSVRC2012_val_00011993.JPEG,0,0,0,True,True,0.9343720078468323,993.60205078125,994.0153198242188,986.9744873046875,6.627551078796387,7.040816307067871,0.9870035648345947,0.9932745099067688,430.90899658203125,417.7368469238281,0.9916228652000427,0.33280235528945923,-0.45398715138435364,2.6424331665039062,2.035891532897949,44.26690638065338,55.73309659957886
ILSVRC2012_val_00011994.JPEG,/home/dr-yougart/Desktop/vit_mi/Dataset/ILSVRC2012_img_val/ILSVRC2012_val_00011994.JPEG,596,596,596,True,True,0.9334537982940674,993.2857055664062,991.4285888671875,985.448974609375,7.836734771728516,5.9795918464660645,0.9866883158683777,0.9920781850814819,356.73358154296875,370.66510009765625,1.0855406522750854,0.41354140639305115,0.3015565276145935,2.555084466934204,1.8247795104980469,50.88377594947815,49.11622107028961
ILSVRC2012_val_00011995.JPEG,/home/dr-yougart/Desktop/vit_mi/Dataset/ILSVRC2012_img_val/ILSVRC2012_val_00011995.JPEG,403,403,447,True,False,0.9220275282859802,993.9132690429688,994.3724365234375,989.4336547851562,4.4795918464660645,4.938775539398193,0.9909560680389404,0.9954642653465271,356.48211669921875,398.5887145996094,1.1763923168182373,0.5024430155754089,1.1282504796981812,3.585646390914917,2.5053367614746094,58.72613191604614,41.27386808395386
ILSVRC2012_val_00011996.JPEG,/home/dr-yougart/Desktop/vit_mi/Dataset/ILSVRC2012_img_val/ILSVRC2012_val_00011996.JPEG,34,34,33,True,False,0.9395795464515686,994.1683959960938,994.551025390625,991.5101928710938,2.65816330909729,3.040816307067871,0.9944604635238647,0.9973047971725464,363.4329528808594,438.373291015625,1.2668447494506836,0.5239595174789429,2.315608263015747,4.060018539428711,2.836573600769043,66.2044107913971,33.795592188835144
ILSVRC2012_val_00011997.JPEG,/home/dr-yougart/Desktop/vit_mi/Dataset/ILSVRC2012_img_val/ILSVRC2012_val_00011997.JPEG,831,831,831,True,True,0.9346491098403931,994.0408325195312,994.8622436523438,988.3877563476562,5.653061389923096,6.474489688873291,0.9883697032928467,0.9942594170570374,331.6300964355469,335.67327880859375,1.0486195087432861,0.36564090847969055,0.13954035937786102,2.2914810180664062,1.8221797943115234,52.04569101333618,47.95379042625427
ILSVRC2012_val_00011998.JPEG,/home/dr-yougart/Desktop/vit_mi/Dataset/ILSVRC2012_img_val/ILSVRC2012_val_00011998.JPEG,376,376,376,True,True,0.9177518486976624,995.9693603515625,995.35205078125,990.6377563476562,5.331632614135742,4.714285850524902,0.9904668927192688,0.9946128726005554,358.1923522949219,355.7638244628906,1.0221666097640991,0.4108377993106842,-0.3498331904411316,2.7964344024658203,2.207223892211914,45.23111879825592,54.76888418197632
ILSVRC2012_val_00011999.JPEG,/home/dr-yougart/Desktop/vit_mi/Dataset/ILSVRC2012_img_val/ILSVRC2012_val_00011999.JPEG,561,561,561,True,True,0.9427992105484009,995.25,996.2296142578125,991.596923828125,3.6530611515045166,4.63265323638916,0.9920989274978638,0.996274471282959,402.4375,394.0618591308594,1.0053584575653076,0.32481148838996887,-0.030183501541614532,2.685077428817749,2.0858678817749023,50.2837598323822,49.71623718738556
ILSVRC2012_val_00012000.JPEG,/home/dr-yougart/Desktop/vit_mi/Dataset/ILSVRC2012_img_val/ILSVRC2012_val_00012000.JPEG,359,359,358,True,False,0.9473273754119873,994.596923828125,995.4285888671875,991.948974609375,2.6479592323303223,3.4795918464660645,0.9941269755363464,0.9972935914993286,364.76239013671875,384.6033020019531,1.1062713861465454,0.36450377106666565,0.9488949775695801,2.615737199783325,2.049330711364746,62.14008927345276,37.85991370677948
