feature_index,valid_sample_count,mean_clean_activation,mean_blur_activation,mean_signed_change,mean_absolute_change,mean_change_correct_to_correct,mean_change_correct_to_wrong,group_change_difference,clean_activation_frequency,blur_activation_frequency,pearson_with_delta_margin,pearson_pvalue,pearson_qvalue,spearman_with_delta_margin,spearman_pvalue,spearman_qvalue
6730,1000,9.353328063964844,10.237076370239258,0.8837482929229736,1.4335883855819702,0.7574213743209839,1.2522125244140625,0.4947911500930786,0.9454948979591836,0.9494540816326531,-0.15757305216823478,5.500363989710466e-07,0.0001969130308316347,-0.1473825513825514,2.8631874444826484e-06,0.0030750633153743645
3122,1000,9.316377855300903,10.389797147750855,1.073419213294983,1.4442764520645142,0.9636415243148804,1.3870803117752075,0.42343878746032715,0.9983469387755102,0.9993367346938775,-0.11524022441492512,0.0002603775679181855,0.028570612820131187,-0.1412868692868693,7.297891452674496e-06,0.003918967710086204
22739,1000,16.02256206893921,22.722357244491576,6.699795246124268,6.838314533233643,5.965295791625977,8.550597190856934,2.585301399230957,0.9983775510204081,0.9995255102040816,-0.17118384146525206,5.128673013309726e-08,5.5081948162946455e-05,-0.125995121995122,6.462228805103807e-05,0.023134779122271628
6966,1000,16.406473894119262,21.02083200454712,4.614358425140381,4.903812408447266,3.9888997077941895,6.177375793457031,2.188476085662842,0.9984591836734694,0.9989030612244898,-0.15778991842102982,5.304391053866044e-07,0.0001969130308316347,-0.119785746504461,0.00014651751905337272,0.03933995386583058
17814,1000,21.373926906585694,25.362353328704835,3.9884262084960938,4.526103496551514,3.4781534671783447,5.110954761505127,1.6328012943267822,0.9986479591836734,0.9994081632653061,-0.15531140896887224,8.006406907708837e-07,0.00021497202547198229,-0.11605318405318406,0.00023528449327479294,0.05053910915542552
14190,1000,10.025284317016602,10.767879813194275,0.7425954341888428,1.3660938739776611,0.6077593564987183,1.1747616529464722,0.5670022964477539,0.9981989795918368,0.9988469387755102,-0.12892332229697426,4.3344332065198584e-05,0.0078566802525093,-0.11339972939972941,0.0003267354291527862,0.05848564181834873
5411,1000,10.663120107650757,11.487154340744018,0.8240341544151306,1.4934114217758179,0.70696622133255,1.2962243556976318,0.5892581343650818,0.9985306122448979,0.9989795918367347,-0.1077417341058174,0.0006430615651635633,0.03738826477043575,-0.11150072750072751,0.0004115362630448035,0.063141420930017
22662,1000,9.603737122535705,9.80161834335327,0.19788122177124023,1.0688813924789429,0.0912768766283989,0.4200231730937958,0.3287462890148163,0.9985051020408163,0.9984489795918368,-0.07075121536912557,0.025263093869142356,0.18332812713147897,-0.10760545160545161,0.0006533830692922157,0.07466826583296254
23896,1000,7.728931715965271,8.002256350517273,0.2733246088027954,0.936182975769043,0.2002645581960678,0.4601184129714966,0.2598538398742676,0.9970816326530613,0.9971683673469388,-0.10238975734816336,0.001185593674487969,0.04908081511273595,-0.10714970314970317,0.000689027659729703,0.07466826583296254
2046,1000,10.823322532653808,11.171173828125,0.34785130620002747,1.441695213317871,0.2566957473754883,0.7544636130332947,0.4977678656578064,0.9986734693877551,0.9990663265306122,-0.03861612083571995,0.22243578909091127,0.5238321448173239,-0.10707257907257908,0.0006952352498413645,0.07466826583296254
14773,1000,10.437415086746215,11.199045958518981,0.7616308331489563,1.3652304410934448,0.6695278286933899,1.0190932750701904,0.34956544637680054,0.9986071428571428,0.9991734693877551,-0.1093836984808622,0.0005300500173951028,0.03557960741764628,-0.10576914976914976,0.000808315617452256,0.07672254594709116
12604,1000,10.617201530456542,11.34635140991211,0.7291498184204102,1.4834197759628296,0.563459575176239,1.1000103950500488,0.5365508198738098,0.9984183673469388,0.999030612244898,-0.08732353757815513,0.005723086529803352,0.09512412413340936,-0.10474749274749275,0.000908615914677569,0.07672254594709116
3659,1000,9.61979431438446,10.109916011810302,0.4901216924190521,1.2199126482009888,0.42627033591270447,0.8078224062919617,0.3815520703792572,0.9982602040816326,0.998545918367347,-0.11220182716893225,0.00037808496693118306,0.03305799037694278,-0.1044809484809485,0.0009366152975349191,0.07672254594709116
19599,1000,11.642416860580445,12.681146290779115,1.0387294292449951,1.621375322341919,0.9257280230522156,1.4594444036483765,0.5337163805961609,0.9982040816326531,0.999265306122449,-0.10153415623884858,0.001304044832467441,0.049159072707063475,-0.10390283590283592,0.0010001076752879667,0.07672254594709116
10437,1000,10.188406493186951,10.567461748123169,0.3790552020072937,1.2082265615463257,0.23253671824932098,0.6941720843315125,0.4616353511810303,0.9986581632653061,0.998719387755102,-0.08794551957922635,0.0053859300950249624,0.09389125072960167,-0.10257880257880259,0.0011607980874908318,0.07677742634333937
12299,1000,10.194925120353698,10.994657477378846,0.7997323870658875,1.3318848609924316,0.6650466322898865,1.1659659147262573,0.5009192824363708,0.9978673469387755,0.9989183673469387,-0.1261951249614627,6.290047573598964e-05,0.00965073013435041,-0.10228246228246227,0.0011998831881797215,0.07677742634333937
2429,1000,11.935279759407043,12.681795587539673,0.7465158700942993,1.645824670791626,0.633094310760498,1.1075859069824219,0.47449159622192383,0.9986020408163265,0.9991632653061224,-0.10004853838636481,0.0015359361949400208,0.0534726972196,-0.10216812616812618,0.0012152851469616102,0.07677742634333937
4877,1000,10.30045273590088,11.899645731925965,1.5991928577423096,1.8729561567306519,1.4783018827438354,1.8270803689956665,0.34877848625183105,0.9982755102040817,0.9992142857142857,-0.04685049722263855,0.13873910978032597,0.4184601694424276,-0.10154682554682556,0.0013022140398366501,0.07769877104358679
14852,1000,11.74126622390747,12.27730758190155,0.5360413789749146,1.6817353963851929,0.4239589273929596,0.8778920769691467,0.45393314957618713,0.9984336734693877,0.9989897959183673,-0.1150675454080916,0.0002660206035393965,0.028570612820131187,-0.10048190848190848,0.0014646493341520428,0.08140306144383973
9094,1000,9.29832574558258,9.65719917011261,0.35887348651885986,1.1300221681594849,0.2629478871822357,0.6414868235588074,0.37853893637657166,0.9983877551020408,0.9985357142857143,-0.08871941491390763,0.004991478527971105,0.09389125072960167,-0.10016852816852817,0.0015158856879672203,0.08140306144383973
11676,1000,9.272484091758727,9.497942224502564,0.22545813024044037,1.10209059715271,0.1551889181137085,0.48279979825019836,0.32761088013648987,0.9988928571428571,0.9985612244897959,-0.09429173053484323,0.0028386678924957162,0.06836829974491826,-0.09748233748233749,0.0020276004744760783,0.09541346130382988
17132,998,0.2640562948435545,0.2447792610526085,-0.01927703246474266,0.06063965708017349,-0.02200397290289402,-0.010373437777161598,0.011630535125732422,0.05597448979591837,0.05316836734693878,-0.11052675357648081,0.0004687394119316532,0.03356174189430637,-0.09691863629427824,0.00217559939667502,0.09541346130382988
24428,1000,10.692047660827637,11.284521148681641,0.5924735069274902,1.340790867805481,0.49011632800102234,0.843085527420044,0.3529691994190216,0.9986683673469388,0.9992908163265306,-0.08415678981121608,0.007752396942050364,0.11251451778056878,-0.09688552888552888,0.002160918363421238,0.09541346130382988
18527,1000,8.312754897117614,8.877650279045104,0.5648953914642334,1.1239701509475708,0.4351148009300232,0.8131594061851501,0.37804460525512695,0.9983928571428572,0.9988316326530612,-0.08710565240701128,0.005845616566857559,0.09512412413340936,-0.09672740472740474,0.0021975610959080265,0.09541346130382988
6235,1000,10.201179842948914,10.573601818084716,0.3724219799041748,1.1744914054870605,0.28957515954971313,0.6531946063041687,0.36361944675445557,0.9983826530612245,0.9987857142857143,-0.09269184174647054,0.003348124770612026,0.07279885168895625,-0.09662758862758865,0.0022209837361226695,0.09541346130382988
15714,1000,9.7349884223938,9.792474239349366,0.05748579278588295,1.1886296272277832,-0.0368511900305748,0.38962095975875854,0.42647215723991394,0.9985102040816326,0.9988469387755102,-0.0974970479029244,0.0020244116781305502,0.06394759242094739,-0.09606322806322806,0.0023577668567924897,0.09739390785365899
9837,1000,10.502104845046997,10.765549742698669,0.2634448707103729,1.2951345443725586,0.1362830102443695,0.529594898223877,0.39331188797950745,0.9980051020408163,0.9978571428571429,-0.07973996073936389,0.011653631038474162,0.12503526653757693,-0.09440801840801842,0.002804546898550448,0.1115586432978956
12018,1000,10.53595139312744,11.50290212059021,0.9669507741928101,1.5023757219314575,0.8211631774902344,1.4158903360366821,0.5947271585464478,0.9981887755102041,0.9992908163265306,-0.08169584976313772,0.009750908860552538,0.12109167442410008,-0.09312810912810913,0.0032015373616203074,0.11158298744383037
9047,1000,9.568329049110412,10.130998205184936,0.5626692175865173,1.2518173456192017,0.3767065107822418,0.910260021686554,0.5335534811019897,0.9981581632653062,0.9985102040816326,-0.10693263856879645,0.0007066315349538731,0.03738826477043575,-0.09256071256071258,0.00339336263673667,0.11158298744383037
10609,1000,9.868550343513489,10.176154541015626,0.30760425329208374,1.1962569952011108,0.12458309531211853,0.6766164898872375,0.5520334243774414,0.9982704081632653,0.9991071428571429,-0.10663964491421928,0.0007310554564051683,0.03738826477043575,-0.0921921561921562,0.0035235011870557603,0.11158298744383037
4705,1000,10.857914679527283,11.58256128025055,0.7246466875076294,1.4422551393508911,0.6628289222717285,0.9654112458229065,0.302582323551178,0.9986224489795918,0.9986938775510205,-0.08300609651917554,0.008636099483403447,0.11653563013718642,-0.09214144414144415,0.003541758373200987,0.11158298744383037
21110,1000,10.044859332084656,10.731225509643554,0.6863661408424377,1.3321254253387451,0.598792314529419,0.8673558235168457,0.26856350898742676,0.9985612244897959,0.9991377551020408,-0.0844036951930577,0.007573670003982408,0.11142632307228914,-0.09213642813642814,0.003543568881403499,0.11158298744383037
14024,1000,13.468639937400818,14.928157085418702,1.4595171213150024,2.13887357711792,1.1705490350723267,2.078294515609741,0.9077454805374146,0.9985255102040816,0.999234693877551,-0.12883220192488692,4.389206844977262e-05,0.0078566802525093,-0.09211877639513275,0.0035499468985493144,0.11158298744383037
15812,1000,9.978873180389405,10.5857706823349,0.6068974733352661,1.2667784690856934,0.42664453387260437,1.0007506608963013,0.5741060972213745,0.9985969387755103,0.9989540816326531,-0.09660341950286169,0.002226689460517578,0.06514325680055957,-0.09188299988299989,0.0036361445570833907,0.11158298744383037
21178,1000,11.214832912445068,11.276674718856812,0.061841823160648346,1.3982322216033936,-0.15191076695919037,0.4827529191970825,0.6346637010574341,0.998454081632653,0.9985204081632653,-0.08071120242210987,0.010671165089467458,0.12319975528060806,-0.09188253188253188,0.003636317527343605,0.11158298744383037
23385,1000,9.913179671287537,10.163447930335998,0.25026825070381165,1.174792766571045,0.11456553637981415,0.5705525279045105,0.45598697662353516,0.9988316326530612,0.998719387755102,-0.10443243274263857,0.0009417967445939975,0.043977813204084934,-0.0914825714825715,0.0037869019411128093,0.11158298744383037
14915,1000,10.67555304813385,11.456560419082642,0.7810073494911194,1.3843395709991455,0.6521297097206116,1.1882871389389038,0.5361574292182922,0.998265306122449,0.998515306122449,-0.1075847355696087,0.0006549654232320882,0.03738826477043575,-0.09133440733440734,0.003844106643781866,0.11158298744383037
24572,1000,12.396805940628052,13.035330653190613,0.6385247707366943,1.6516516208648682,0.517702579498291,1.0761338472366333,0.5584312677383423,0.9986683673469388,0.9990255102040816,-0.08005909069186513,0.011322317372446987,0.12503526653757693,-0.08968570168570168,0.004535664865262708,0.12347299516868493
2860,1000,10.079245656013489,10.140990777015686,0.06174514442682266,1.1785212755203247,-0.06958512216806412,0.37601935863494873,0.44560447335243225,0.9983469387755102,0.9986275510204081,-0.0847360725246597,0.0073388996819139804,0.11142632307228914,-0.08955713355713356,0.004594058861501246,0.12347299516868493
21874,1000,9.609271621704101,9.701748045921326,0.09247642755508423,1.1758010387420654,0.01829986833035946,0.39024490118026733,0.37194502353668213,0.9985255102040816,0.9984744897959184,-0.08331296216605737,0.008392047307503286,0.11653563013718642,-0.08954714954714957,0.00459862179399199,0.12347299516868493
14984,1000,62.189342750549315,62.79268849182129,0.6033457517623901,5.860461711883545,0.17749962210655212,1.8655848503112793,1.6880851984024048,0.9990510204081633,0.9988571428571429,-0.11113989185330342,0.00042980957911215994,0.03305799037694278,-0.08860208860208861,0.0050495507655296526,0.12905854747071482
24184,1000,10.0579232006073,10.629221342086792,0.5712981224060059,1.2941416501998901,0.40281227231025696,0.9183790683746338,0.5155668258666992,0.9988622448979592,0.9990510204081633,-0.0929476183170868,0.0032614597354857443,0.07279885168895625,-0.08855055481620648,0.005075250334655808,0.12905854747071482
13276,1000,7.185766661643982,7.398279076576233,0.21251241862773895,0.8653431534767151,0.18190056085586548,0.4073579013347626,0.2254573404788971,0.9416989795918367,0.9449642857142857,-0.05847792244037267,0.06452954834272998,0.2830429579319124,-0.08801432801432803,0.005349753452619635,0.12905854747071482
7730,1000,10.360200144767761,10.756707466125489,0.3965073227882385,1.269802212715149,0.27791228890419006,0.77023845911026,0.49232617020606995,0.9986326530612245,0.9992142857142857,-0.07209565750416382,0.022608823465780283,0.1793062563520373,-0.08780563580563581,0.005460155970515974,0.12905854747071482
21942,1000,10.805382402420044,11.23067793083191,0.42529553174972534,1.3078055381774902,0.2577722370624542,0.8435918092727661,0.5858196020126343,0.9982551020408164,0.9988979591836735,-0.09191411142684404,0.003624662653670655,0.07633113117729969,-0.08774093174093175,0.005494800441207214,0.12905854747071482
17806,1000,9.651917513847351,10.276983788490295,0.6250662803649902,1.2106953859329224,0.5261194109916687,0.8199023008346558,0.29378288984298706,0.9982397959183673,0.9992295918367347,-0.08300926361759989,0.00863354865638844,0.11653563013718642,-0.08767992367992368,0.0055276472845929995,0.12905854747071482
23037,1000,11.0008235912323,11.483144968032837,0.4823213815689087,1.3315292596817017,0.3563954532146454,0.7471330165863037,0.3907375633716583,0.9982551020408164,0.9987397959183674,-0.08802986179653945,0.005341616806182631,0.09389125072960167,-0.08669372669372669,0.006083737365612957,0.1390198708652833
19738,1000,10.78914469718933,11.316459887504578,0.5273151993751526,1.3991118669509888,0.42870843410491943,0.7572373747825623,0.3285289406776428,0.9986734693877551,0.9991275510204082,-0.09701481517880359,0.0021313748754308013,0.06514325680055957,-0.08561239361239362,0.006750866052078619,0.14234611577203723
21890,1000,9.722329916000366,10.17622045993805,0.4538905620574951,1.2115920782089233,0.2698681652545929,0.8590004444122314,0.5891323089599609,0.997969387755102,0.9987857142857143,-0.09263938020724848,0.0033661571004384903,0.07279885168895625,-0.08554234954234954,0.006796262965523164,0.14234611577203723
987,1000,10.011627886772155,9.852771849632264,-0.15885603427886963,1.1054762601852417,-0.261160671710968,-0.025962309911847115,0.23519836366176605,0.9990153061224489,0.9986122448979592,-0.06934352286230377,0.028326694540943043,0.19755110348683655,-0.08553121353121354,0.006803505612312078,0.14234611577203723
2516,998,0.31340249456465247,0.30138548205792903,-0.01201701257377863,0.07590589672327042,-0.014649353921413422,-0.002799605717882514,0.011849747970700264,0.056346938775510204,0.053316326530612246,-0.09429838301366596,0.002864593564731212,0.06836829974491826,-0.08544850158870576,0.006913681951479077,0.14234611577203723
18261,1000,10.850398562431335,11.510111469268798,0.6597129106521606,1.510535717010498,0.4476698338985443,0.9504010677337646,0.502731204032898,0.9991632653061224,0.998969387755102,-0.10237027836356785,0.0011881761572915593,0.04908081511273595,-0.08536448536448538,0.0069127735501389115,0.14234611577203723
13749,1000,10.194963176727295,11.042170799255372,0.8472076654434204,1.4315297603607178,0.7333598732948303,1.092333436012268,0.35897356271743774,0.9982448979591837,0.9991275510204082,-0.08126195917457014,0.010147347018779337,0.12109167442410008,-0.08519638919638921,0.007024528990612638,0.14234611577203723
14170,1000,10.987504945755004,11.352032231330872,0.36452728509902954,1.27272629737854,0.21278215944766998,0.8354796767234802,0.6226975321769714,0.9985918367346939,0.9990408163265306,-0.10000400816266485,0.0015434391190014896,0.0534726972196,-0.08433578433578434,0.007622457058151197,0.15160220148989603
852,1000,9.191163540840149,9.67040682220459,0.47924327850341797,1.1349557638168335,0.3794472813606262,0.709585428237915,0.3301381468772888,0.9986530612244898,0.99875,-0.06675288743726152,0.03480447466368032,0.20882684798208193,-0.08391923991923993,0.007927904014146121,0.15481034383987155
4503,1000,10.004128138542175,10.39890393447876,0.39477574825286865,1.2747633457183838,0.25470930337905884,0.802812933921814,0.5481036305427551,0.9985306122448979,0.9988724489795918,-0.07845509447648541,0.013076062738763146,0.13042550928711097,-0.08323283923283924,0.008455168104756765,0.16138215954232404
19054,1000,11.243978651046753,11.542195552825929,0.29821687936782837,1.4214943647384644,0.24382099509239197,0.537411630153656,0.29359063506126404,0.998734693877551,0.998484693877551,-0.1185607160278012,0.00017141999196582761,0.023013133921412358,-0.0830947190947191,0.008564974947776974,0.16138215954232404
14980,1000,10.383593650817872,10.789059908866882,0.4054662585258484,1.2357003688812256,0.32364538311958313,0.6796647906303406,0.35601940751075745,0.9986581632653061,0.9987755102040816,-0.04969509994716573,0.11629838079231612,0.38118395459891485,-0.08202675402675402,0.009457893774824032,0.17513410196829327
469,1000,8.618572247505188,9.146655069351196,0.5280828475952148,1.2497442960739136,0.36200669407844543,0.8601706027984619,0.4981639087200165,0.9430816326530612,0.9459744897959184,-0.09460757074077523,0.0027468650130317387,0.06836829974491826,-0.08148732948732948,0.009939676632198408,0.18093580852510321
7731,1000,10.065570289611816,11.068514941215515,1.0029445886611938,1.4444855451583862,0.9457415342330933,1.1388130187988281,0.19307148456573486,0.9980255102040816,0.9991428571428571,-0.08925385578722718,0.004734506050669227,0.09245199088034091,-0.08022329622329621,0.011155118470854068,0.19053636811783675
23808,1000,9.107295075893402,9.601946477890015,0.4946513772010803,1.2437880039215088,0.46245214343070984,0.7146415114402771,0.25218936800956726,0.9877908163265307,0.9915918367346939,-0.08972419717411387,0.004518311776462097,0.08986420088741282,-0.08006394806394808,0.011317339740662588,0.19053636811783675
8697,1000,9.261172082901002,9.66754508304596,0.4063730239868164,1.13053560256958,0.32461175322532654,0.6859787106513977,0.36136695742607117,0.9986938775510205,0.9991530612244898,-0.07519668138471217,0.017391647515332086,0.15436883827658396,-0.07998341598341599,0.011400116693998217,0.19053636811783675
1317,1000,8.875914046287537,9.108748333930968,0.23283429443836212,1.0796130895614624,0.16010993719100952,0.42827141284942627,0.26816147565841675,0.9980408163265306,0.998234693877551,-0.07452772718963771,0.018418054979060506,0.1579439462822023,-0.07990620790620791,0.011479980407666282,0.19053636811783675
9463,1000,10.927411940574647,10.632793054580688,-0.2946188449859619,1.3495925664901733,-0.428449422121048,-0.01748027838766575,0.4109691381454468,0.9986377551020408,0.9983265306122449,-0.0564472030448561,0.07438996596318169,0.30741634919592936,-0.07982517182517183,0.011564336716663211,0.19053636811783675
9580,1000,9.703118896484375,10.071429608345031,0.3683107793331146,1.1723508834838867,0.31045371294021606,0.6034412980079651,0.292987585067749,0.9985306122448979,0.9988010204081633,-0.07791151353866392,0.013722609450133648,0.13042550928711097,-0.0796912636912637,0.011704935405936206,0.19053636811783675
16586,1000,9.07464638710022,9.68219289970398,0.6075465083122253,1.164913296699524,0.5338282585144043,0.8932315111160278,0.35940325260162354,0.942734693877551,0.9462244897959183,-0.049436161934320544,0.11821527164445049,0.3847369749883025,-0.0796874716874717,0.011708938822883822,0.19053636811783675
10992,1000,10.344094725608826,10.814659644126893,0.47056496143341064,1.2507004737854004,0.4469817876815796,0.5706545114517212,0.1236727237701416,0.9988979591836735,0.998938775510204,-0.08343403967005954,0.0082974608849849,0.11653563013718642,-0.07923271923271924,0.012197927761034209,0.19168489460635288
10955,1000,8.997490029335022,9.270727870941162,0.27323785424232483,1.0852453708648682,0.19060425460338593,0.5434539914131165,0.35284972190856934,0.9981020408163266,0.9987908163265307,-0.11287236086579665,0.00034848174608806176,0.03305799037694278,-0.07872937872937873,0.012760151743343497,0.19168489460635288
14544,1000,10.64175232887268,10.805448143959046,0.163695827126503,1.30506432056427,0.05510946363210678,0.38487935066223145,0.32976987957954407,0.9983673469387755,0.9988163265306123,-0.06050776988579468,0.05577579751026919,0.262733361956268,-0.07871339471339472,0.012778374800090506,0.19168489460635288
10265,1000,10.236348747253418,10.40993963432312,0.17359086871147156,1.2220335006713867,0.09306739270687103,0.45466580986976624,0.3615984320640564,0.9988775510204082,0.9987959183673469,-0.08165105814777308,0.009791186308110027,0.12109167442410008,-0.07865271065271066,0.012847769040581384,0.19168489460635288
17443,1000,9.823147574424743,9.777548397064209,-0.04559918865561485,1.176788568496704,-0.1515529751777649,0.30379176139831543,0.4553447365760803,0.9985408163265306,0.9978622448979592,-0.0821488439234417,0.009351779957892128,0.12015872772079719,-0.07848489048489049,0.013041413533471418,0.19168489460635288
12002,1000,10.467290545463563,11.119242067337035,0.6519515514373779,1.2706044912338257,0.559991717338562,0.955312967300415,0.395321249961853,0.9989948979591837,0.9992602040816326,-0.08247069762159968,0.009077108218543354,0.11888797837458001,-0.07843522867053436,0.013099209447599309,0.19168489460635288
14040,1000,9.67199651813507,10.386581895828247,0.7145853638648987,1.2506589889526367,0.61478191614151,1.100806474685669,0.48602455854415894,0.9981989795918368,0.9989234693877551,-0.08162603432446705,0.009813752588847027,0.12109167442410008,-0.07835245835245835,0.013196039421295979,0.19168489460635288
18410,1000,9.50151461982727,9.797918354988099,0.296403706073761,1.1558808088302612,0.1977468729019165,0.5090575814247131,0.31131070852279663,0.9986836734693878,0.9992755102040817,-0.07088915709942126,0.02497889726884953,0.18332812713147897,-0.07834283434283436,0.013207339106955414,0.19168489460635288
17592,997,0.25897838589549066,0.29341159814596174,0.03443320840597153,0.06077967956662178,0.034305717796087265,0.04079869017004967,0.006492972373962402,0.05543877551020408,0.05318367346938775,-0.09890757155245325,0.0017672683010512096,0.05931394235403122,-0.0775828947595618,0.014272748880644013,0.19652477304886753
3369,1000,10.4207244348526,11.079865602493285,0.6591411828994751,1.3579894304275513,0.6657177805900574,0.7780383229255676,0.11232054233551025,0.9983163265306122,0.9991530612244898,-0.07445691945901842,0.018529736714671778,0.1579439462822023,-0.07757141357141359,0.014141322844282258,0.19652477304886753
21305,1000,10.250095365524292,10.598633845329285,0.34853842854499817,1.270218014717102,0.24925392866134644,0.6079499125480652,0.35869598388671875,0.9983367346938775,0.998515306122449,-0.07296831704554933,0.02101852518275178,0.1718164193254285,-0.07749227349227349,0.014240355618319987,0.19652477304886753
21420,1000,9.599461102485657,9.653412962913514,0.05395185947418213,1.144402027130127,0.027217978611588478,0.16320925951004028,0.13599127531051636,0.9989234693877551,0.9988418367346938,-0.11111836057249926,0.0004309235244666656,0.03305799037694278,-0.07747535347535349,0.01426160776131154,0.19652477304886753
17551,1000,10.55435776233673,10.850492618560791,0.2961348295211792,1.2535068988800049,0.1967901736497879,0.5976942181587219,0.4009040594100952,0.9975969387755103,0.9984489795918368,-0.09044123360110976,0.004205872371145274,0.08663725825133561,-0.07627925227925228,0.015836558121818434,0.21405323911141236
11075,1000,9.733426561355591,9.833785811424255,0.1003592312335968,1.1071629524230957,0.08131200075149536,0.34109747409820557,0.2597854733467102,0.9984285714285714,0.9986173469387755,-0.05123890648831009,0.10537118080174462,0.35997175974298606,-0.07620125220125219,0.01594437535280539,0.21405323911141236
3756,1000,10.118037638664246,10.400795798301697,0.2827581763267517,1.222976803779602,0.19914312660694122,0.6169585585594177,0.4178154468536377,0.997780612244898,0.9984897959183674,-0.07795184636268826,0.013673686225500267,0.13042550928711097,-0.07580229980229981,0.01650597323859448,0.21569548392458504
11949,1000,10.22082959842682,11.133040258407593,0.9122106432914734,1.4209492206573486,0.8153280019760132,1.214943766593933,0.3996157646179199,0.9985918367346939,0.9990714285714286,-0.07152856660836239,0.02369736002014616,0.1794649453853319,-0.07574468774468775,0.01658848981828017,0.21569548392458504
24401,1000,10.245742458343505,10.636726578712464,0.39098411798477173,1.284436821937561,0.21097303926944733,0.8642939329147339,0.6533209085464478,0.9984744897959184,0.9985867346938776,-0.10601979124706672,0.0007853282111765148,0.038338295400162585,-0.07555851955851955,0.016857612870087215,0.21569548392458504
616,1000,7.640919642448425,8.203365839958192,0.5624461770057678,1.120511531829834,0.38136857748031616,0.9921572804450989,0.6107887029647827,0.9426989795918367,0.9455816326530613,-0.06864534648851106,0.02996125144510984,0.2011149003252998,-0.07554998754998755,0.016870037848850227,0.21569548392458504
2179,1000,10.522122645378113,10.519742980003358,-0.0023796826135367155,1.2724862098693848,-0.08032068610191345,0.2466377317905426,0.32695841789245605,0.9989948979591837,0.9988775510204082,-0.0500252755142282,0.11388959648162492,0.38118395459891485,-0.07538213138213139,0.01711612062892893,0.21597782520196288
5536,1000,10.639881827354431,11.46759412574768,0.82771235704422,1.4301003217697144,0.7033182382583618,1.1847562789916992,0.4814380407333374,0.998719387755102,0.9992091836734693,-0.053824861116850545,0.08890618763277755,0.3315459913805663,-0.0751974991974992,0.017390423998744586,0.21597782520196288
23097,1000,10.43039182472229,11.42957329940796,0.9991815090179443,1.4998767375946045,0.9268232583999634,1.2433711290359497,0.31654787063598633,0.9981071428571429,0.9989897959183673,-0.07282690464776435,0.021269426452695143,0.1718164193254285,-0.07497817497817498,0.017721263888057184,0.21597782520196288
22015,1000,9.414955850601196,9.747912161827088,0.3329562842845917,1.250476598739624,0.300974577665329,0.5171915292739868,0.21621695160865784,0.9978061224489796,0.9983775510204081,-0.08811255087884577,0.00529849150080851,0.09389125072960167,-0.07477850677850678,0.01802722961632652,0.21597782520196288
4299,1000,10.323057014465332,10.723256874084473,0.40019986033439636,1.2437423467636108,0.3319132328033447,0.7417032122612,0.4097899794578552,0.99875,0.9985510204081632,-0.09494898743597509,0.0026506804697016884,0.06836829974491826,-0.07466874266874268,0.01819738905013903,0.21597782520196288
24269,1000,9.612935559272767,10.076707245826722,0.46377167105674744,1.2278680801391602,0.3931087255477905,0.6304594278335571,0.2373507022857666,0.9981479591836735,0.9981428571428571,-0.04619147147694819,0.14438496932529235,0.42265611641310197,-0.07460501060501061,0.01829683130699543,0.21597782520196288
2052,998,0.2553210352212191,0.2566032728254795,0.0012822365388274193,0.053286802023649216,-0.0011536790989339352,0.006214759312570095,0.00736843841150403,0.0559234693877551,0.053224489795918366,-0.08278430974550471,0.008884541080197596,0.11780243358187922,-0.07456765211592821,0.018472647382954458,0.21597782520196288
13442,1000,11.053166889190674,12.01486381816864,0.9616969227790833,1.5055476427078247,0.883603036403656,1.1149753332138062,0.23137229681015015,0.9419795918367347,0.9449030612244897,-0.05373488190824269,0.08944210197214557,0.33177474161820736,-0.07447517047517047,0.01850089377893909,0.21597782520196288
21863,998,0.2564414416849613,0.26166166716814043,0.0052202255465090275,0.055949706584215164,0.005301949102431536,0.005468050017952919,0.00016610091552138329,0.0549030612244898,0.05251530612244898,-0.07938319843753702,0.01212029390014168,0.1250588981774311,-0.07428805762283147,0.018917791579962512,0.2167335619952728
21277,1000,10.362037378311157,10.665659413337707,0.3036220669746399,1.210970401763916,0.25434768199920654,0.5386112332344055,0.284263551235199,0.9977091836734694,0.9985612244897959,-0.06471684526867075,0.04074535956429242,0.2240158539841274,-0.07403873003873004,0.019201470974146102,0.2167335619952728
18955,1000,10.95480228805542,11.622161527633667,0.6673591732978821,1.366194248199463,0.5122448205947876,1.0455280542373657,0.5332832336425781,0.9983622448979592,0.9986122448979592,-0.0965294818825157,0.00224422765514032,0.06514325680055957,-0.07384588984588986,0.019518323113924,0.2167335619952728
19468,1000,10.931458269119263,10.813866199493408,-0.11759207397699356,1.3432438373565674,-0.12411899119615555,-0.08407381176948547,0.040045179426670074,0.9988622448979592,0.9990357142857142,-0.04435080017920231,0.16108525071845098,0.44877297405524846,-0.07375640575640575,0.019666895451790168,0.2167335619952728
13822,1000,8.925289983749389,9.769363085746765,0.8440731167793274,1.3041391372680664,0.7544881701469421,1.0084283351898193,0.2539401650428772,0.9977397959183674,0.9987091836734694,-0.07151286223050474,0.023728139892660267,0.1794649453853319,-0.07364010164010165,0.019861470897071416,0.2167335619952728
1297,1000,5.909072670936585,6.263932250022888,0.3548595607280731,0.770309567451477,0.31776514649391174,0.41327157616615295,0.09550642967224121,0.941015306122449,0.9444489795918367,-0.03747488366182969,0.23641559934937864,0.5324200332285121,-0.07363256563256564,0.019874136243096426,0.2167335619952728
7066,1000,9.293391695976258,9.524198828697205,0.2308071404695511,1.1063122749328613,0.1905268132686615,0.28986382484436035,0.09933701157569885,0.9982397959183673,0.9981836734693877,0.08616453650238592,0.006402433207414418,0.10263004872780725,0.07355985755985757,0.019996694722635926,0.2167335619952728
13217,1000,11.083729692459107,11.792765748977661,0.7090360522270203,1.4579206705093384,0.6396623849868774,0.956647515296936,0.3169851303100586,0.9987091836734694,0.9990102040816327,-0.06510230300884101,0.039558989310519176,0.22330838135624273,-0.0733919173919174,0.020282299379149906,0.2167335619952728
4727,1000,9.523068185806274,10.183379218101502,0.6603110432624817,1.2631096839904785,0.5711719393730164,0.7728089690208435,0.20163702964782715,0.9978418367346938,0.9987704081632653,-0.0523189290860589,0.09822242148642454,0.3481547217043563,-0.07333387333387334,0.02038183404238599,0.2167335619952728
20347,1000,10.228844265937806,10.772102355957031,0.5432580709457397,1.285444974899292,0.4294743239879608,0.7765639424324036,0.34708961844444275,0.9986428571428572,0.9989285714285714,-0.06805124093047321,0.03141527989321436,0.20238127841164522,-0.07321468921468921,0.020587546868688727,0.21677475820560482
5174,1000,6.767847425937653,7.084758619785309,0.3169111907482147,0.8919151425361633,0.2566502094268799,0.456777423620224,0.20012721419334412,0.9981428571428571,0.9986836734693878,-0.0675738244697506,0.03262713026275395,0.20372987152440547,-0.07295230895230896,0.0210467977249489,0.21945884229703996
16256,998,0.2486597363948822,0.23059108836948872,-0.018068647012114525,0.05759146064519882,-0.01912325993180275,-0.012467261403799057,0.006655998528003693,0.05595918367346939,0.0528469387755102,-0.06773859682666741,0.03237776088557367,0.2033550595971118,-0.07256637847609158,0.021870781847905613,0.22547133500870997
19206,1000,10.446608088493347,11.255756127357483,0.8091480731964111,1.4555141925811768,0.6947903037071228,0.9781145453453064,0.2833242416381836,0.9982551020408164,0.999030612244898,-0.05597926755274717,0.07682824860208327,0.3113718452778771,-0.0723996963996964,0.022043286942192316,0.22547133500870997
7100,1000,10.583290678977967,10.943039024353027,0.35974833369255066,1.2843501567840576,0.25600671768188477,0.4901457130908966,0.23413899540901184,0.9988010204081633,0.9989183673469387,-0.06500493903532752,0.03985586020626201,0.22330838135624273,-0.07227374427374428,0.02227605967639104,0.22570271785324508
16037,1000,9.458225309371949,9.683981603622437,0.22575628757476807,1.164103627204895,0.07219494134187698,0.6574940085411072,0.5852990746498108,0.9986785714285714,0.9986581632653061,-0.08849864631686859,0.005101256062361197,0.09389125072960167,-0.07174486774486774,0.023276925661848375,0.2336394220637865
5217,1000,8.613659232139588,9.152451356887818,0.5387921929359436,1.2062522172927856,0.40179377794265747,0.8772404789924622,0.4754467010498047,0.9987448979591836,0.9990102040816327,-0.08819575325805483,0.005255415670558709,0.09389125072960167,-0.07157065157065158,0.023615045879537076,0.23483851180206317
353,1000,9.579630745887757,9.988903134346009,0.4092724025249481,1.2257529497146606,0.3354274332523346,0.6512195467948914,0.31579211354255676,0.9981581632653062,0.9988214285714285,-0.08788078643690064,0.005420165312137154,0.09389125072960167,-0.07126957126957127,0.024209421852832178,0.23618943271001538
7546,1000,9.628576913833617,10.811337551116944,1.1827607154846191,1.591729998588562,1.0117782354354858,1.5310136079788208,0.519235372543335,0.9419438775510204,0.945734693877551,-0.0705405580111057,0.025702495195961995,0.18526496537223613,-0.0710915030915031,0.024567013531094067,0.23618943271001538
1860,1000,9.870982759475709,10.055671746253967,0.1846889704465866,1.1217315196990967,0.01424068957567215,0.5774065852165222,0.5631659030914307,0.9988010204081633,0.9989642857142857,-0.049781319897373784,0.11566554345680959,0.38118395459891485,-0.07107194307194308,0.024606570578710282,0.23618943271001538
24149,1000,9.920763066291808,10.141746351242066,0.22098331153392792,1.1748442649841309,0.06728440523147583,0.6811460256576538,0.613861620426178,0.9984030612244897,0.9986530612244898,-0.08768380517277047,0.005525552223643308,0.09419750933639545,-0.07103113103113104,0.024689283932802997,0.23618943271001538
10306,1000,10.389979066848754,10.705185258865356,0.3152061700820923,1.2189608812332153,0.23218953609466553,0.5439272522926331,0.31173771619796753,0.9984183673469388,0.9988061224489796,-0.07823750211888034,0.013331570632589943,0.13042550928711097,-0.07092809892809893,0.024899168768047642,0.23618943271001538
6366,1000,10.10880188369751,10.536272360801696,0.42747044563293457,1.2847379446029663,0.3175206482410431,0.7840559482574463,0.4665353000164032,0.9986479591836734,0.9983163265306122,-0.07174732208330502,0.023272192395402267,0.1794649453853319,-0.07084460305713687,0.02507038671223627,0.23618943271001538
13159,1000,9.310493584632873,9.524025250434876,0.21353162825107574,1.109178900718689,0.09811078011989594,0.4384254813194275,0.34031468629837036,0.9978010204081633,0.9983214285714286,-0.09350156162569952,0.003080721633175673,0.07192815291371028,-0.07071697071697072,0.02533407839706369,0.23659826259518613
4802,1000,11.268273454666138,12.945688829421997,1.6774152517318726,2.1592202186584473,1.5468345880508423,2.0481390953063965,0.5013045072555542,0.9977551020408163,0.9992755102040817,-0.08140498839307016,0.01001510849660213,0.12109167442410008,-0.07050878250878252,0.02576934398705329,0.23839671414656244
18384,1000,9.04310779285431,9.272153148651123,0.2290453463792801,1.091982126235962,0.16836804151535034,0.40612366795539856,0.23775562644004822,0.9984132653061224,0.9986173469387755,-0.06794891490517772,0.031671721932824644,0.20238127841164522,-0.07041355041355044,0.025970591764569652,0.23839671414656244
23925,1000,7.29467040348053,7.421738331794739,0.1270679235458374,0.8892556428909302,0.007468292489647865,0.3782443702220917,0.37077608704566956,0.9456581632653062,0.9468826530612245,-0.054053367898021065,0.08755681129139675,0.3287972563879724,-0.0701048981048981,0.026632198728137192,0.23973770449546214
20683,1000,9.48772382926941,9.984228286743164,0.49650445580482483,1.1336462497711182,0.384442538022995,0.7526828050613403,0.36824026703834534,0.9979336734693878,0.998454081632653,-0.06845461180226209,0.030421633436929964,0.20238127841164522,-0.06985152985152984,0.027186117053903107,0.23973770449546214
813,1000,8.86276473903656,9.658136783599854,0.7953720092773438,1.277321219444275,0.7050262093544006,1.1187195777893066,0.413693368434906,0.9433775510204082,0.9466734693877551,-0.07163819538471985,0.023483454500328425,0.1794649453853319,-0.06966641766641767,0.02759706312623533,0.23973770449546214
16368,998,0.3334499875754118,0.3386015913337469,0.00515160383656621,0.0724598690867424,0.006103381980210543,0.012366226874291897,0.006262844894081354,0.056591836734693875,0.053877551020408164,-0.09036787590668413,0.00427539542581079,0.08663725825133561,-0.06959444353992729,0.02791503371960277,0.23973770449546214
11427,1000,11.509565495491028,12.009972578048705,0.5004070997238159,1.5184826850891113,0.30740341544151306,0.9323151707649231,0.6249117851257324,0.9992704081632653,0.9992142857142857,-0.08452773761410835,0.007485279211069462,0.11142632307228914,-0.06948083748083748,0.028014406971277515,0.23973770449546214
13656,1000,11.127419753074646,11.185512764930724,0.05809306725859642,1.2820940017700195,-0.025137094780802727,0.22771112620830536,0.25284820795059204,0.9988214285714285,0.9987244897959183,-0.06920287939759212,0.02864965273722422,0.19819427744936224,-0.06937467337467337,0.02825558911284577,0.23973770449546214
13216,1000,10.737438487052918,11.511861975669861,0.7744234800338745,1.4885637760162354,0.6929945945739746,1.0187681913375854,0.32577359676361084,0.9984081632653061,0.9988673469387755,-0.059845078635696866,0.05851811895800176,0.2674402543016762,-0.06936954936954938,0.02826727481212963,0.23973770449546214
14811,1000,11.023437364578246,11.354829990386962,0.3313926160335541,1.3242987394332886,0.2235061228275299,0.5816136598587036,0.3581075370311737,0.9987959183673469,0.9989591836734694,-0.04690323671021707,0.1382947343281618,0.4184601694424276,-0.06934240555043278,0.028329247819724863,0.23973770449546214
8485,1000,9.238325284957886,9.497954585075378,0.2596293091773987,1.0969359874725342,0.17654307186603546,0.5429258942604065,0.3663828372955322,0.9984387755102041,0.9983724489795919,-0.10713201320387072,0.000690446931136411,0.03738826477043575,-0.06932762132762134,0.0283630513421504,0.23973770449546214
3020,1000,9.882903374671937,10.419978160858154,0.5370748043060303,1.2837412357330322,0.4275693893432617,0.8103684186935425,0.38279902935028076,0.9983010204081633,0.9988214285714285,-0.042894017791102725,0.17530440096437072,0.4718719965807874,-0.06928196148980738,0.02846766985183349,0.23973770449546214
14655,1000,11.103373772621154,11.780569519042968,0.6771957278251648,1.5193626880645752,0.46409568190574646,1.1163182258605957,0.6522225141525269,0.9982755102040817,0.998704081632653,-0.05861351629328564,0.0639114650743914,0.28247289502014966,-0.06921111321111323,0.028630658632238116,0.23973770449546214
10453,1000,10.031461012840271,10.144479170799256,0.11301814764738083,1.2443006038665771,0.07568574696779251,0.2717544138431549,0.196068674325943,0.9987959183673469,0.9982704081632653,-0.0703306020329034,0.026146985293532425,0.18597259738578692,-0.06913989313989315,0.028795310875153274,0.23973770449546214
8994,1000,10.710483139038086,11.01293009185791,0.3024469017982483,1.352020502090454,0.17830128967761993,0.6810171008110046,0.5027158260345459,0.9985867346938776,0.9985204081632653,-0.06467311037992081,0.040881850447755094,0.2240158539841274,-0.06898888498888499,0.029147118234211466,0.240800038334947
8227,1000,9.825624123573304,10.20198641204834,0.37636223435401917,1.1795940399169922,0.2651503384113312,0.6452292799949646,0.3800789415836334,0.9986785714285714,0.9991989795918368,-0.08014659455839963,0.011232943884684286,0.12503526653757693,-0.0686978726978727,0.029835522397037958,0.2446057332398379
10621,997,0.28730782674252986,0.2762732640504837,-0.011034563183784485,0.05628471449017525,-0.010580438189208508,-0.005327931605279446,0.005252506583929062,0.05610204081632653,0.05333673469387755,-0.07415082621534354,0.019200143177881476,0.16110120135191175,-0.06859919885692281,0.03032071909079705,0.24552250442118448
13552,997,0.2594092394411564,0.2633213780075312,0.003912138286978006,0.05934347212314606,0.003385871648788452,0.006194510031491518,0.002808638382703066,0.055872448979591836,0.05323979591836735,-0.08481849280913313,0.007370132860316839,0.11142632307228914,-0.06847060485122947,0.03063316163169341,0.24552250442118448
22727,1000,9.47704873752594,9.755201658248902,0.2781529426574707,1.1581027507781982,0.2578902542591095,0.42348015308380127,0.16558989882469177,0.9986734693877551,0.9989132653061225,-0.07034465744697278,0.02611702325136119,0.18597259738578692,-0.0683937323937324,0.03056985160178826,0.24552250442118448
4846,1000,9.93409773159027,10.712786979675293,0.7786892056465149,1.413208246231079,0.6929944753646851,0.9583176374435425,0.2653231620788574,0.9979336734693878,0.9982857142857143,-0.048224133173585454,0.1275186135931816,0.4016275395867362,-0.06815054015054015,0.0311681259078896,0.24747036487852833
9814,1000,8.525875952720643,8.6154461145401,0.08957017213106155,1.06211519241333,-0.03972566872835159,0.4280807375907898,0.4678063988685608,0.9423520408163265,0.9451326530612245,-0.08442678194203075,0.007557148298316135,0.11142632307228914,-0.06802463602463603,0.03148178348299668,0.24747036487852833
3157,1000,10.790453649520874,11.027585271835328,0.23713162541389465,1.394129991531372,0.0508408360183239,0.5879121422767639,0.5370712876319885,0.9989081632653061,0.9988622448979592,-0.04237149883527557,0.1806260618777261,0.4778137695977286,-0.06796563196563196,0.0316297047570005,0.24747036487852833
15256,1000,7.793744191169739,7.918544804573059,0.12480061501264572,0.9082105755805969,0.0206611230969429,0.39767134189605713,0.3770102262496948,0.9985306122448979,0.9983724489795919,-0.06696020792198705,0.03424322953238745,0.20820107477415295,-0.0678988398988399,0.03179786811288353,0.24747036487852833
12698,1000,9.591659949302674,9.92569831085205,0.33403831720352173,1.1370835304260254,0.18478675186634064,0.702846348285675,0.5180596113204956,0.9986428571428572,0.99875,-0.035602712240675724,0.2606716396320977,0.5447260023574894,-0.06772459972459974,0.03224016207662058,0.24854859532837392
22127,1000,9.921105801582337,10.273205090522767,0.35209929943084717,1.2094395160675049,0.27249088883399963,0.5976316928863525,0.3251408040523529,0.9988469387755102,0.9990918367346939,-0.042925598930147614,0.17498654244598866,0.4718719965807874,-0.06755731955731956,0.03266973071122101,0.24854859532837392
22563,1000,8.260265420913695,8.500113023757935,0.2398475706577301,0.9723790287971497,0.1723756343126297,0.36010119318962097,0.18772555887699127,0.998219387755102,0.9985612244897959,-0.04802455410242546,0.12910365454623798,0.4042487608823895,-0.06748747948747949,0.03285052014476977,0.24854859532837392
12214,1000,6.892749717712403,7.324332912921905,0.4315831959247589,0.9396085143089294,0.38014212250709534,0.49595826864242554,0.1158161461353302,0.9430663265306123,0.946234693877551,0.0010675468797624666,0.973103154919573,0.991198731618686,-0.06748301548301548,0.03286210478270866,0.24854859532837392
8961,997,0.3005092406719923,0.28329028002917767,-0.01721896417438984,0.05977119505405426,-0.017881562933325768,-0.014489375986158848,0.0033921869471669197,0.05524489795918367,0.05255612244897959,-0.062177028211319665,0.049681612581184954,0.25168892411411625,-0.06693147264184326,0.034592170804121386,0.2562303260866112
17560,1000,9.316650721549987,10.213238369941712,0.8965876698493958,1.3773425817489624,0.8315354585647583,1.172296404838562,0.3407609462738037,0.9978571428571429,0.9990561224489796,-0.05553011739917766,0.07922944600569923,0.31750904854522755,-0.06683805083805085,0.0345729834102575,0.2562303260866112
15100,1000,7.7092413940429685,8.268680968284606,0.5594395399093628,1.0890088081359863,0.5118343234062195,0.7314800024032593,0.2196456789970398,0.9428469387755102,0.9456734693877551,-0.06555264269140408,0.03821013278959814,0.22062196699197575,-0.06683049083049084,0.03459347977891865,0.2562303260866112
16938,1000,9.672790102958679,10.351630164146423,0.6788401007652283,1.2958332300186157,0.5757570862770081,0.9499188661575317,0.3741617798805237,0.9979795918367347,0.9990969387755102,-0.039539680511464774,0.21156297978628177,0.5096335603612633,-0.06667199467199468,0.035025580082536575,0.25765392471674164
7234,1000,10.737877977371216,11.527738819122314,0.7898608446121216,1.583148717880249,0.5687872171401978,1.1648147106170654,0.5960274934768677,0.9985612244897959,0.9988928571428571,-0.03700603293108829,0.24233500415623518,0.5380333539019557,-0.06623783423783425,0.03623284141800304,0.26447329898066885
15122,1000,10.16273558807373,10.423013493537903,0.2602779269218445,1.1435223817825317,0.19985675811767578,0.36055561900138855,0.16069886088371277,0.9986428571428572,0.9991071428571429,-0.05112041539100002,0.10617995683646206,0.36087744823531726,-0.06616277416277416,0.03644511010161917,0.26447329898066885
22613,1000,8.981888927459718,9.4536387758255,0.471749871969223,1.1584264039993286,0.35563042759895325,0.7353318929672241,0.3797014653682709,0.9981887755102041,0.9983877551020408,-0.07556900319940357,0.01684235675420824,0.15338636280716994,-0.06602856602856604,0.03682728622815356,0.2654530564364894
18760,1000,8.628514682769776,9.291977918624879,0.6634632349014282,1.239031195640564,0.5699578523635864,0.8319260478019714,0.261968195438385,0.9968418367346938,0.9986479591836734,-0.03656959029247117,0.247938092227332,0.5383189654387791,-0.06565706965706965,0.03790299152624478,0.2703591504718828
7211,1000,9.908713600158691,10.565409555435181,0.6566959023475647,1.3074721097946167,0.5080533027648926,1.0306828022003174,0.5226294994354248,0.9985663265306123,0.9989897959183673,-0.07352252357242546,0.02005988135969101,0.1670101750411484,-0.06542466542466542,0.038589419410142684,0.2703591504718828
13267,1000,7.918050166130066,8.106882907867432,0.18883275985717773,0.9525055885314941,0.05283672735095024,0.49258869886398315,0.4397519826889038,0.9551224489795919,0.9528571428571428,-0.054746755398587046,0.08356295240215379,0.32325871994930633,-0.06537637737637739,0.038733358631214916,0.2703591504718828
5703,1000,8.301765410423279,8.427234006881713,0.12546858191490173,0.9744234681129456,0.09048110991716385,0.3500937223434448,0.2596126198768616,0.9415561224489796,0.9447602040816326,-0.07562590912533987,0.016759756441021335,0.15338636280716994,-0.0653035973035973,0.03895116530666433,0.2703591504718828
5358,1000,9.877016086578369,10.17160437488556,0.2945883274078369,1.1628345251083374,0.19515572488307953,0.4392625093460083,0.24410678446292877,0.9983367346938775,0.9986173469387755,-0.051309223768813,0.10489353387170364,0.35992222165562204,-0.06528709728709728,0.03900068858996541,0.2703591504718828
17692,1000,10.239014669418335,10.706036467552185,0.4670218527317047,1.2914526462554932,0.31191861629486084,0.7967134714126587,0.48479485511779785,0.9983928571428572,0.998765306122449,-0.07298103629515244,0.020996084764018257,0.1718164193254285,-0.06528122947707317,0.03901831315003895,0.2703591504718828
3681,1000,10.418073411941528,10.437755877494812,0.01968248561024666,1.171388030052185,-0.10194345563650131,0.36623021960258484,0.46817368268966675,0.9984693877551021,0.9985510204081632,-0.04878776221132382,0.12312388768994886,0.3935567124375151,-0.06516295716295717,0.03937499878470046,0.27108172240236084
18362,1000,8.35065882396698,9.368788153648376,1.0181292295455933,1.3527278900146484,0.9615558981895447,1.3167363405227661,0.35518044233322144,0.9438622448979592,0.9478112244897959,-0.08130615955495213,0.010106316515175042,0.12109167442410008,-0.06500760500760501,0.03984770637059661,0.27243386312555723
22731,1000,8.595564393997192,8.622181002616882,0.026616603136062622,1.1099841594696045,-0.07717376947402954,0.2515891492366791,0.3287629187107086,0.9434234693877551,0.9459234693877551,-0.07920671454748,0.01222642859276561,0.1250588981774311,-0.06484993684993685,0.04033236833954518,0.27243386312555723
24344,1000,10.513099732398986,11.145807981491089,0.6327082514762878,1.4216281175613403,0.4319532811641693,1.1087557077407837,0.676802396774292,0.9985663265306123,0.9990102040816327,-0.061535119526610144,0.051736324332225914,0.2548844602422506,-0.06481351681351681,0.040445028134893334,0.27243386312555723
6866,1000,11.505698712348938,12.393944465637206,0.8882457613945007,1.6863281726837158,0.8788808584213257,0.9932997822761536,0.11441892385482788,0.9976887755102041,0.9992755102040817,-0.07204437287682114,0.02270544773172912,0.1793062563520373,-0.06476804876804879,0.04058605037252249,0.27243386312555723
1381,1000,9.966316455841065,10.174362387657165,0.20804589986801147,1.178791880607605,0.05296417325735092,0.48214974999427795,0.42918556928634644,0.9990357142857142,0.9988061224489796,-0.02832924495206265,0.3708359830606481,0.6434213987191212,-0.06457142857142857,0.04120068211389426,0.2748418173311952
17116,1000,7.474496992111206,8.091288445472717,0.6167914867401123,0.9969074726104736,0.541424572467804,0.7173084616661072,0.17588388919830322,0.9980204081632653,0.9986785714285714,-0.05015761138119414,0.11293522720953453,0.38022706590294697,-0.06425498825498825,0.042206394690207386,0.2781758630708435
24085,1000,10.084250449180603,10.546103981018067,0.4618535041809082,1.2272475957870483,0.38329777121543884,0.6211264133453369,0.23782864212989807,0.9978163265306123,0.9990408163265306,-0.04682151232342622,0.1389837996152956,0.4184601694424276,-0.06411541611541612,0.04265653105199587,0.2781758630708435
17582,1000,9.80064269733429,10.128811136245728,0.3281683921813965,1.192352056503296,0.2582724094390869,0.565193772315979,0.3069213628768921,0.9976632653061225,0.9984438775510204,-0.05327033933636902,0.09225036321768437,0.33585386473150175,-0.06403946803946804,0.042903170775144675,0.2781758630708435
21676,1000,8.352628014564514,8.78595348739624,0.43332549929618835,1.058390736579895,0.3677022457122803,0.49469465017318726,0.12699240446090698,0.9415102040816327,0.9453061224489796,-0.03690521786043724,0.2436213107032135,0.5383189654387791,-0.06401837201837202,0.042971892875394525,0.2781758630708435
3599,998,0.27740227049589156,0.288544864282012,0.011142594739794731,0.06050879508256912,0.009230776689946651,0.019797654822468758,0.010566878132522106,0.05566326530612245,0.053066326530612246,-0.10175471181243032,0.0012869382519310856,0.049159072707063475,-0.06391644195436333,0.04351559719021293,0.2781758630708435
3413,998,0.27325287920236585,0.2796046804189682,0.006351801101118326,0.058424826711416245,0.005575172603130341,0.014160268940031528,0.008585096336901188,0.05551020408163265,0.052903061224489796,-0.05800556392810626,0.06699498250245706,0.2901314968049955,-0.06390735151164736,0.04354552494366823,0.2781758630708435
11066,1000,9.796041035652161,9.73816819190979,-0.057872842997312546,1.1410717964172363,-0.10539644956588745,0.1622452586889267,0.26764172315597534,0.9986020408163265,0.9978673469387755,-0.05974217867435014,0.058953801667677254,0.2682897584368024,-0.06386796386796387,0.04346455780892432,0.2781758630708435
6154,1000,9.556374100685119,10.007698127746583,0.4513240456581116,1.2419979572296143,0.3559412956237793,0.6765127182006836,0.3205714225769043,0.9981887755102041,0.9988673469387755,-0.0654146907025214,0.038619115264889606,0.22062196699197575,-0.06377466377466377,0.043772552010216535,0.2781758630708435
20636,997,0.3267227410376072,0.35952349424362184,0.03280075639486313,0.07561930269002914,0.03254276141524315,0.036732450127601624,0.004189688712358475,0.05563265306122449,0.053061224489795916,-0.08456895732938617,0.007546171491273944,0.11142632307228914,-0.06355545618917259,0.044824877543293416,0.2831877557735125
5338,998,0.2986402971446514,0.2787509349286556,-0.019889362156391144,0.06395207345485687,-0.022592104971408844,-0.004800837486982346,0.0177912674844265,0.05564795918367347,0.05266326530612245,-0.09558713989014303,0.002504095724886169,0.06723497021319363,-0.06344499445244565,0.045090766804224185,0.2832016581738993
17225,997,0.3026745945066214,0.33499435088038443,0.03231975808739662,0.07263268530368805,0.036691732704639435,0.03040037676692009,-0.006291355937719345,0.05543877551020408,0.05308673469387755,-0.06508137388398436,0.03992105141564116,0.22330838135624273,-0.06317264079463443,0.04613181055639405,0.28805560777655353
7067,1000,8.941595624923705,8.911983269691467,-0.029612354934215546,1.0735019445419312,-0.04245062917470932,0.015458342619240284,0.05790897086262703,0.9584183673469387,0.9551530612244898,0.03772779357530931,0.23326525076704038,0.5324200332285121,0.06266010266010266,0.04759632155115176,0.29528837309345346
5613,1000,10.108636096000671,10.260330296516418,0.15169420838356018,1.2395994663238525,-0.003982075024396181,0.45815083384513855,0.46213290095329285,0.9987551020408163,0.9988316326530612,-0.07156973369365105,0.02361683851277417,0.1794649453853319,-0.0625916545916546,0.04784001575257067,0.29528837309345346
725,1000,10.806426802635192,10.911949778556824,0.10552297532558441,1.2796409130096436,0.0614984855055809,0.33302462100982666,0.27152612805366516,0.9987091836734694,0.9987295918367347,-0.06693447573437089,0.03431246763037716,0.20820107477415295,-0.062441306441306445,0.04837897458413813,0.296070101072736
3296,1000,10.539756230354309,11.188721897125244,0.6489656567573547,1.3960474729537964,0.526580810546875,0.900418221950531,0.373837411403656,0.9987244897959183,0.9989948979591837,-0.06778990300829921,0.032073782329015706,0.20263083659625217,-0.0624027504027504,0.04851800538994557,0.296070101072736
9423,998,0.2946802134513855,0.2671695199757814,-0.027510693296790123,0.06368125230073929,-0.027455486357212067,-0.02177140675485134,0.005684079602360725,0.056127551020408166,0.05304081632653061,-0.06216611297696967,0.04960711782323651,0.25168892411411625,-0.061892967352833915,0.05061930400683693,0.3054220927154093
16733,1000,9.480174547195434,10.42042199897766,0.9402474164962769,1.4151769876480103,0.863833487033844,1.088356614112854,0.22452312707901,0.997780612244898,0.9989234693877551,-0.04090861202233383,0.1961608573949927,0.500419859482713,-0.06184582984582985,0.050563880493476106,0.3054220927154093
13847,1000,10.698715460777283,11.21903680896759,0.5203213691711426,1.3465275764465332,0.4213767945766449,0.8035668730735779,0.382190078496933,0.9987755102040816,0.9987602040816327,-0.07799809530656876,0.013617776205424733,0.13042550928711097,-0.061713985713985724,0.05105864189931655,0.30635185139589927
7075,1000,10.191238761901856,10.42114943408966,0.22991067171096802,1.2187809944152832,0.16525687277317047,0.3331732451915741,0.16791637241840363,0.9984795918367347,0.9987244897959183,-0.03576509607375995,0.2585021004764005,0.5425429181846765,-0.06151033351033352,0.051830822958611134,0.307312106654413
10804,1000,10.235489304542542,10.659639328956604,0.4241500198841095,1.2396743297576904,0.33107611536979675,0.7467257976531982,0.4156496822834015,0.9985408163265306,0.9990561224489796,-0.041798436104499695,0.1865992041958345,0.4876095992854653,-0.06132334932334933,0.0525483717573981,0.307312106654413
4065,1000,9.743160780906678,10.278005945205688,0.5348451733589172,1.2013274431228638,0.44547373056411743,0.7318669557571411,0.2863932251930237,0.9985969387755103,0.9989336734693878,-0.07556202835706709,0.016852505410843623,0.15338636280716994,-0.061302817302817315,0.05262766589414208,0.307312106654413
9220,1000,8.786973236083984,9.191801838874817,0.40482860803604126,1.14449143409729,0.2922937572002411,0.7083691358566284,0.41607537865638733,0.9428316326530612,0.9455153061224489,-0.06294651895933791,0.04658787354161155,0.24407500577410146,-0.06128972528972529,0.052678279036688695,0.307312106654413
21171,1000,9.408699542045593,9.449057696342468,0.040358178317546844,1.0967501401901245,-0.10350730270147324,0.3759329915046692,0.479440301656723,0.9984744897959184,0.9984336734693877,-0.03303057732308816,0.2967182152937497,0.5706304308253812,-0.06126452526452527,0.0527758155766448,0.307312106654413
5060,1000,9.85659110736847,10.527037556648255,0.6704463958740234,1.3603894710540771,0.5717412233352661,0.9897595643997192,0.4180183410644531,0.9979795918367347,0.998545918367347,-0.04910254802257527,0.12072135489578242,0.3894502894674201,-0.06108120108120109,0.05348991610669939,0.307312106654413
5442,1000,9.666035294532776,9.863137223243713,0.19710193574428558,1.1689611673355103,0.11986914277076721,0.43368175625801086,0.31381261348724365,0.997938775510204,0.998545918367347,-0.046392706573045506,0.14264264973271823,0.42265611641310197,-0.06101744501744503,0.053740145047699264,0.307312106654413
4885,1000,8.67086400127411,9.239003865242005,0.568139910697937,1.1979399919509888,0.5206531882286072,0.7133723497390747,0.19271916151046753,0.998295918367347,0.999030612244898,-0.06390051209005107,0.04335754340682595,0.2332511930183036,-0.060997008997009,0.05382055829597868,0.307312106654413
12458,1000,9.228601823806763,9.509664663314819,0.28106287121772766,1.1641476154327393,0.1550312340259552,0.6055921912193298,0.45056095719337463,0.998280612244898,0.9988112244897959,-0.05846962558121158,0.06456752764741018,0.2830429579319124,-0.06093817293817294,0.0540526312467546,0.307312106654413
15824,1000,9.493202723503114,9.936019116401672,0.4428163468837738,1.135037899017334,0.3452059030532837,0.7728095054626465,0.4276036024093628,0.9983826530612245,0.9987397959183674,-0.06541502645678304,0.038618115371924534,0.22062196699197575,-0.060923605106375935,0.05411022122695777,0.307312106654413
6284,1000,9.677324792861938,9.686082653045654,0.00875787902623415,1.1108955144882202,-0.08113665133714676,0.19878795742988586,0.279924601316452,0.9986071428571428,0.9984591836734694,-0.06011071390144978,0.05740573887408883,0.2646084272565296,-0.06085900885900886,0.05436620136344364,0.307312106654413
11212,1000,9.745668959617614,10.011985691070556,0.266316682100296,1.1246531009674072,0.17402581870555878,0.4344899356365204,0.2604641318321228,0.998780612244898,0.9987959183673469,-0.03631748753074407,0.2512155499423009,0.5385339334092438,-0.06076438876438876,0.054742979594244845,0.3075600137663198
17670,1000,11.01338077068329,11.190932890892029,0.17755208909511566,1.3116199970245361,0.041356440633535385,0.4601981043815613,0.4188416600227356,0.998938775510204,0.998765306122449,-0.09558213446771588,0.002480403365680183,0.06723497021319363,-0.06052161652161653,0.0557196580059953,0.3075600137663198
23945,1000,10.23183017539978,10.874601720809936,0.6427715420722961,1.3317831754684448,0.5630189776420593,0.926122784614563,0.36310380697250366,0.9989132653061225,0.999280612244898,-0.061932353129493835,0.05024137585853384,0.25316188405050244,-0.0605006165006165,0.05580481846810705,0.3075600137663198
21607,1000,9.08342938232422,10.006455625534057,0.9230262041091919,1.2962429523468018,0.8269985318183899,1.0600812435150146,0.23308271169662476,0.997719387755102,0.9988571428571429,-0.05187994191240162,0.10108001146614491,0.35019333004722464,-0.06047473247473248,0.05590993374421445,0.3075600137663198
14476,1000,9.98023553943634,9.797197974205018,-0.18303756415843964,1.1710612773895264,-0.28246477246284485,-0.07253504544496536,0.20992973446846008,0.9981122448979591,0.9982602040816326,-0.06612482784174556,0.036552823757857116,0.21388540262054542,-0.06044077244077244,0.056048095460523355,0.3075600137663198
4110,1000,10.47653791618347,11.708348211288452,1.2318103313446045,1.6902332305908203,1.095285415649414,1.4542533159255981,0.3589679002761841,0.9982551020408164,0.9988979591836735,-0.02842759793825242,0.3691766362764083,0.6415788144997775,-0.06039201639201639,0.056246949002479944,0.3075600137663198
10585,1000,10.278814220428467,10.669104356765747,0.39029017090797424,1.2694228887557983,0.2642541229724884,0.6611379384994507,0.3968838155269623,0.9983214285714286,0.9987448979591836,-0.0638969592938877,0.043369213729928816,0.2332511930183036,-0.06035101235101235,0.05641463939661546,0.3075600137663198
16848,1000,9.19438145160675,9.375749362945557,0.181367889046669,1.0363272428512573,0.14174307882785797,0.293483704328537,0.15174062550067902,0.9982397959183673,0.9982755102040817,-0.035423452958561204,0.26308121265249684,0.5447260023574894,-0.05991674391674392,0.05821626532208416,0.3155798912130582
8779,1000,9.580050557136536,9.701218101501464,0.12116755545139313,1.1050950288772583,0.06511344760656357,0.1891835629940033,0.12407011538743973,0.998704081632653,0.9981122448979591,0.03529045167611919,0.26487888409986604,0.5447260023574894,0.059828879828879834,0.058586527762303005,0.3155798912130582
23657,1000,9.796775610923767,10.347890147209167,0.5511144995689392,1.234769582748413,0.4810612201690674,0.7053006887435913,0.22423946857452393,0.9986326530612245,0.9990255102040816,-0.026156207902148683,0.40866866138561997,0.6708698708199012,-0.0597861717861718,0.058767205067608595,0.3155798912130582
13096,1000,9.602557126998901,10.430570073127747,0.8280129432678223,1.4059667587280273,0.72126704454422,1.0093086957931519,0.2880416512489319,0.9980561224489796,0.9988724489795918,-0.06093635453292132,0.05405981702863029,0.2574939574503736,-0.05961673161673161,0.05948858341635097,0.3169278744280481
17539,998,0.2938333290666342,0.2860828139781952,-0.007750513963401318,0.06132301315665245,-0.009588310495018959,-0.0005148936179466546,0.009073416702449322,0.05586734693877551,0.05313265306122449,-0.08724685968322499,0.00581501326430787,0.09512412413340936,-0.059579697163792134,0.05990349954273162,0.3169278744280481
17398,1000,9.6849499502182,9.992905637741089,0.30795562267303467,1.206378698348999,0.24857540428638458,0.4614943563938141,0.2129189521074295,0.9423724489795918,0.9450561224489796,-0.05627500526815274,0.07527979500794173,0.30741634919592936,-0.05953312753312755,0.05984721517384991,0.3169278744280481
7371,1000,11.454544655799866,12.054327397346496,0.5997827053070068,1.3816132545471191,0.43221816420555115,0.9585108757019043,0.5262926816940308,0.998719387755102,0.9991887755102041,-0.046660990022596674,0.1403449369362984,0.419862011892993,-0.0593946593946594,0.06044513163774801,0.3170075859006342
24093,1000,12.100200354576112,12.242063540458679,0.14186319708824158,1.4350674152374268,0.026309534907341003,0.37255531549453735,0.34624576568603516,0.9990561224489796,0.9988418367346938,-0.05518554759273991,0.08111256108747764,0.3214571609149483,-0.059379959379959386,0.060508896750121055,0.3170075859006342
6757,998,0.275328186288476,0.2734202399253845,-0.0019079465419054031,0.05577227100729942,-0.0002439632808091119,-0.0014327993849292397,-0.0011888360604643822,0.0559234693877551,0.053066326530612246,-0.06516745655103233,0.039559205721237126,0.22330838135624273,-0.05925170481565117,0.06132747302719224,0.318191816575867
13755,1000,10.535924515724183,11.054247636795044,0.5183231234550476,1.3603949546813965,0.4083276391029358,0.7962542176246643,0.3879265785217285,0.9984744897959184,0.9991785714285715,-0.061440981694681304,0.05209599863690027,0.2554844864658945,-0.059238143238143234,0.06112692457961279,0.318191816575867
4434,997,0.23654648812115192,0.24803414049744607,0.011487651616334915,0.05580371990799904,0.008394960314035416,0.02159694954752922,0.013201989233493805,0.05564285714285714,0.05334183673469388,-0.05933715208912788,0.06108374349816698,0.27334975215429724,-0.059091633739376384,0.06216377713354273,0.31944448153791816
23575,998,0.25380507934093477,0.23750043753534555,-0.01630464196205139,0.05533243715763092,-0.014734497293829918,-0.014018545858561993,0.0007159514352679253,0.056020408163265305,0.05294387755102041,-0.04174182690191089,0.18763976419479342,0.4877225774132871,-0.05908156987647965,0.06207706593996155,0.31944448153791816
24172,1000,10.154343598365784,10.149302161216736,-0.0050414446741342545,1.2356626987457275,-0.13181422650814056,0.24747644364833832,0.3792906701564789,0.9986989795918367,0.9984744897959184,-0.0808953652801021,0.010493397900225606,0.12271935982397207,-0.058756630756630755,0.06326440415393063,0.3230233235290932
4509,1000,10.590065867424011,10.893085295677185,0.3030194044113159,1.2706809043884277,0.1719145029783249,0.6857191324234009,0.5138046145439148,0.9986326530612245,0.9983265306122449,-0.07082991530242895,0.025100610684638293,0.18332812713147897,-0.05871285471285472,0.06346175164305276,0.3230233235290932
12958,1000,7.971308847427368,7.999598824501038,0.028289971873164177,0.9960816502571106,-0.055388838052749634,0.24301031231880188,0.2983991503715515,0.9460867346938775,0.9479387755102041,-0.04204085454694712,0.18405488514459492,0.4821340162080364,-0.05864408264408265,0.06377280956868886,0.32307545979609353
12843,1000,10.784223023414611,11.426806135177612,0.6425831317901611,1.3646574020385742,0.555584192276001,1.0313915014266968,0.4758073091506958,0.9984897959183674,0.9993163265306122,-0.0803055158962879,0.0110722255976306,0.12503526653757693,-0.05854293454293455,0.06423258892760111,0.32387699769128453
4944,1000,8.813018349647521,9.532392429351807,0.7193740010261536,1.2138280868530273,0.6091692447662354,0.9102731943130493,0.30110394954681396,0.9985510204081632,0.9991632653061224,-0.03366723227200481,0.28750028536956496,0.5637524327709843,-0.058364638364638365,0.06504970528565342,0.326464408770055
7904,1000,10.79259621334076,11.002274600982666,0.20967844128608704,1.341902494430542,0.13327066600322723,0.5176375508308411,0.38436686992645264,0.9983418367346939,0.9989081632653061,-0.0364771699102527,0.2491361155350977,0.5383189654387791,-0.05814347814347814,0.06607514057482064,0.3272247624260752
3265,1000,10.189915536880493,10.544855283737183,0.354939728975296,1.283859133720398,0.2171209752559662,0.6507202386856079,0.4335992634296417,0.998780612244898,0.9991275510204082,-0.049728845346885285,0.11605037348860281,0.38118395459891485,-0.05814031014031014,0.06608992545988683,0.3272247624260752
22857,1000,9.825358390808105,10.254561631202698,0.42920324206352234,1.1984254121780396,0.31951627135276794,0.6865847110748291,0.36706843972206116,0.9979132653061225,0.998734693877551,-0.08059689158553733,0.01078284636534186,0.12319975528060806,-0.05813488613488615,0.06611524529465393,0.3272247624260752
16881,1000,10.969475397109985,10.862268226623534,-0.10720715671777725,1.184054970741272,-0.16055887937545776,0.04695513844490051,0.20751401782035828,0.9986326530612245,0.9983061224489795,-0.03752483962006717,0.23579095876854214,0.5324200332285121,-0.05806689406689407,0.06643331709236468,0.3272907456752278
9949,998,0.2732221988737583,0.31078638082742693,0.03756418079137802,0.07001622021198273,0.031608033925294876,0.04733257740736008,0.0157245434820652,0.055780612244897956,0.053566326530612246,-0.08217778819726618,0.009397889318945031,0.12015872772079719,-0.05797010933261367,0.06716232813603437,0.3278742746277314
14446,1000,10.459981754302978,11.591162606239319,1.1311808824539185,1.6186318397521973,1.024304747581482,1.4081621170043945,0.3838573694229126,0.998515306122449,0.9993367346938775,-0.0616876822403602,0.051157831721577264,0.2543681077267314,-0.05794391794391795,0.06701180461422507,0.3278742746277314
23667,1000,7.595955167770386,7.911657174110412,0.315701961517334,0.927971363067627,0.29273155331611633,0.3944583237171173,0.10172677040100098,0.9925051020408163,0.9926581632653061,-0.05950541739151783,0.059966476162208425,0.2717468160262103,-0.05757114957114957,0.06879067502637475,0.3343040044268166
10095,1000,9.494397802352905,10.081777416229247,0.5873796343803406,1.229594111442566,0.4601377546787262,0.8529766798019409,0.3928389251232147,0.9981071428571429,0.9986836734693878,-0.07942289523084274,0.011991277889544155,0.12503526653757693,-0.05733389733389734,0.0699429004307063,0.33837241019179537
21523,1000,9.404906100273132,10.033831033706665,0.6289249062538147,1.2715188264846802,0.49026209115982056,0.8542709350585938,0.3640088438987732,0.9982142857142857,0.998719387755102,-0.05786193590616981,0.06739974875963765,0.2907121693487985,-0.057165693165693164,0.07076933508683958,0.34074464373236396
8100,1000,9.318063032150269,9.855825994491576,0.5377629399299622,1.1539605855941772,0.47888490557670593,0.7997536063194275,0.32086870074272156,0.9983775510204081,0.9988418367346938,-0.07973150793145242,0.011662522110100293,0.12503526653757693,-0.057087105087105086,0.071158192166886,0.34074464373236396
17129,1000,10.120925018310547,10.819090037345886,0.6981650590896606,1.3598320484161377,0.6094085574150085,0.9279211759567261,0.31851261854171753,0.9981020408163266,0.9984795918367347,-0.01297589320622399,0.6819249256437176,0.8503726082164799,-0.0569797831507225,0.07169204880595535,0.34074464373236396
4488,1000,7.754396374702454,8.110981206893921,0.3565848767757416,0.9893945455551147,0.2741839289665222,0.5285135507583618,0.2543296217918396,0.9974591836734694,0.9980765306122449,-0.05267644417323111,0.09594309489582936,0.342895770081056,-0.05697772514865833,0.07170231795485499,0.34074464373236396
23934,1000,8.152667671203613,9.145161019325256,0.9924933314323425,1.300737738609314,0.8982643485069275,1.0951851606369019,0.19692081212997437,0.9970102040816327,0.998265306122449,-0.06579880972279607,0.03748946113991973,0.2176415203474259,-0.056763644763644754,0.07277714114136163,0.3434281118987177
20820,1000,10.297859981536865,10.947001678466798,0.6491416692733765,1.3511520624160767,0.6150041818618774,0.8451164364814758,0.2301122546195984,0.9981479591836735,0.9986071428571428,-0.05751411717743118,0.0690662234780576,0.29435366672791213,-0.05673804873804873,0.07290652654833113,0.3434281118987177
15441,1000,9.95617865562439,10.440668776512146,0.48449012637138367,1.2055166959762573,0.40201643109321594,0.5733982920646667,0.1713818609714508,0.998734693877551,0.9991938775510204,-0.061245412881567554,0.05284989039088618,0.25593139150528016,-0.05664458064458065,0.07338059582125948,0.34415179000887636
3002,1000,7.371926413536071,7.657458989143372,0.2855325937271118,0.9175360202789307,0.25701940059661865,0.4482412338256836,0.19122183322906494,0.9476683673469388,0.9508928571428571,-0.03514800536525199,0.26681357041554793,0.5457486631590072,-0.05655908055908055,0.07381645338893493,0.344690743216157
20028,1000,8.509731489181519,8.574068403244018,0.06433694064617157,0.996489405632019,-0.0056084394454956055,0.2791409492492676,0.2847493886947632,0.9416224489795918,0.9448877551020408,-0.07484105395236901,0.017930890939745127,0.15656729162021354,-0.05617317217317217,0.07581008584504598,0.3505928704003
15948,1000,7.571811031341553,7.972714157104492,0.4009031355381012,1.0044515132904053,0.2972930073738098,0.7286176085472107,0.4313246011734009,0.992780612244898,0.9947551020408163,-0.07459122042854711,0.01831841076662004,0.1579439462822023,-0.05609996009996011,0.07619321158279241,0.3505928704003
18659,1000,9.315618319511414,9.504439872741699,0.18882155418395996,1.1188994646072388,0.13341453671455383,0.3576721251010895,0.22425758838653564,0.9984081632653061,0.998295918367347,-0.054259858613321166,0.08635167973151947,0.3265552958860983,-0.05604668004668006,0.07647302137925996,0.3505928704003
8993,1000,10.894387664794921,11.511685136795045,0.6172974705696106,1.4870846271514893,0.46652868390083313,0.9707749485969543,0.5042462348937988,0.9989897959183673,0.9988571428571429,-0.06726418552923559,0.03343429307334936,0.20725626120124424,-0.05604134004134004,0.07650111144885813,0.3505928704003
9969,1000,8.519882022857667,9.033292969703675,0.5134109854698181,1.1254520416259766,0.4274255931377411,0.7276855707168579,0.3002599775791168,0.9420969387755102,0.9461224489795919,-0.03224604956779005,0.3083458084827874,0.579970925237327,-0.056001188001188,0.07671259268535428,0.3505928704003
15875,1000,10.687228845596314,11.281335722923279,0.5941067934036255,1.4349011182785034,0.5628962516784668,0.7569108009338379,0.1940145492553711,0.9984285714285714,0.9984897959183674,-0.060514360115202295,0.05574907236052565,0.262733361956268,-0.05580234780234781,0.0777669104901446,0.3534779289745484
9690,1000,10.966780821800231,11.067920968055725,0.10114013403654099,1.2312461137771606,0.0427161380648613,0.33439117670059204,0.29167503118515015,0.9986071428571428,0.9983520408163266,-0.05237578525851418,0.09785707570709037,0.34800827585899025,-0.055646587646587656,0.07860100824881691,0.3534779289745484
19974,1000,11.367236773490905,11.639129607200623,0.27189287543296814,1.3589552640914917,0.22205106914043427,0.4225664734840393,0.20051540434360504,0.9990765306122449,0.9988163265306123,-0.05878934566152985,0.06311725242577473,0.2801154095259589,-0.055628095628095627,0.07870051417989316,0.3534779289745484
2165,1000,10.525976324081421,10.868135847091676,0.3421595096588135,1.3346071243286133,0.25567731261253357,0.4476046860218048,0.19192737340927124,0.9985102040816326,0.9985408163265306,-0.06906362569669033,0.028972534040549232,0.19819427744936224,-0.05559552759552759,0.07887601226380482,0.3534779289745484
11242,1000,10.774703568458557,11.357261985778809,0.5825583934783936,1.3542366027832031,0.41073665022850037,0.9707731008529663,0.5600364208221436,0.998969387755102,0.9989795918367347,-0.0327232616634409,0.30123761859191944,0.5762004792398712,-0.05550149550149551,0.0793845038907908,0.3534779289745484
4998,1000,10.925322772026062,11.084854186058044,0.1595313996076584,1.2624365091323853,-0.013797844760119915,0.5299400687217712,0.5437378883361816,0.9987602040816327,0.9987959183673469,-0.047339247060848896,0.13466281688764223,0.41322247239236504,-0.05543597543597544,0.0797403836160014,0.3534779289745484
1397,1000,10.533064123153686,11.146277075767516,0.6132129430770874,1.2641170024871826,0.5144643187522888,0.95110684633255,0.43664252758026123,0.9416224489795918,0.9450357142857143,-0.10137404964714627,0.0013273865069877474,0.049159072707063475,-0.05541829941829943,0.07983661439095835,0.3534779289745484
8349,1000,8.749964741706847,9.707780796051026,0.9578160643577576,1.3014702796936035,0.8413148522377014,1.1803828477859497,0.3390679955482483,0.9963979591836735,0.9977142857142857,-0.026638087144839444,0.40008690964215793,0.6641319025590071,-0.0553925713925714,0.0799768498517833,0.3534779289745484
7779,1000,10.328301374435425,10.453807355880738,0.1255059838294983,1.221235990524292,0.03882184252142906,0.2812889516353607,0.24246710538864136,0.998295918367347,0.9984489795918368,-0.06090495673700686,0.05418401711711773,0.2574939574503736,-0.05521063921063922,0.08097421874355426,0.35641930709252984
18857,1000,10.067561935424804,10.26251932811737,0.1949574053287506,1.1057740449905396,0.08458995819091797,0.37611204385757446,0.2915220856666565,0.9986275510204081,0.9986734693877551,-0.03930793980205083,0.21425445053442294,0.5113539552754894,-0.05506566706566707,0.08177616732055124,0.35797142216391636
18904,1000,9.549929175376892,10.156592377662658,0.6066632270812988,1.2244782447814941,0.5163873434066772,0.8136372566223145,0.2972499132156372,0.9984744897959184,0.9986224489795918,-0.05223853599402214,0.09874086618015601,0.3485505527036193,-0.05499160299160299,0.08218834681490969,0.35797142216391636
6036,1000,9.576619544029235,9.977923917770386,0.4013043940067291,1.2122070789337158,0.262743204832077,0.783903956413269,0.5211607217788696,0.9983826530612245,0.9986071428571428,-0.04909858838989227,0.12075134673431183,0.3894502894674201,-0.054966798966798965,0.08232676096320982,0.35797142216391636
4535,1000,9.877455348014832,10.509148139953613,0.6316928267478943,1.3247463703155518,0.5703871846199036,0.7934142351150513,0.2230270504951477,0.9980204081632653,0.998780612244898,-0.021591256207653634,0.4952383105257741,0.7479941397537594,-0.0548977508977509,0.0827130646903668,0.3582009333768304
408,1000,10.18624160003662,10.476332703590392,0.2900911271572113,1.190769076347351,0.20704244077205658,0.4151848256587982,0.20814238488674164,0.9987448979591836,0.9985765306122449,-0.06837600392064452,0.030613129936430183,0.20238127841164522,-0.05478719478719479,0.0833346473613837,0.35944341873946223
7681,1000,12.654640842437745,13.279541198730469,0.6249004006385803,1.5556203126907349,0.4874646067619324,0.982883632183075,0.4954190254211426,0.9984948979591837,0.998780612244898,-0.06990994803513624,0.02705752910653405,0.18993324353214097,-0.0544999744999745,0.08496716354061841,0.3650189345704967
2932,1000,10.358131484031677,10.44582580280304,0.08769428730010986,1.210958480834961,-0.0027151750400662422,0.31132644414901733,0.3140416145324707,0.9985969387755103,0.998545918367347,-0.04131245095688076,0.19177787031854016,0.49424291541175247,-0.05432991032991033,0.08594589230758012,0.3660320128765066
6287,1000,10.621303380966186,11.155362011909485,0.5340585708618164,1.3230382204055786,0.4457855820655823,0.8468251824378967,0.40103960037231445,0.9984693877551021,0.9990765306122449,-0.048334854153917396,0.1266458184131558,0.40005179110508626,-0.0542967302967303,0.08613790155790829,0.3660320128765066
7917,1000,9.27639929008484,10.033052388191223,0.7566531300544739,1.2988471984863281,0.6540176272392273,1.0353542566299438,0.38133662939071655,0.9957602040816327,0.9980969387755102,-0.07086775097920811,0.025022817550188543,0.18332812713147897,-0.05423754623754624,0.08648125222581353,0.3660320128765066
4381,1000,9.147375316619874,9.743730422973632,0.5963550806045532,1.1988555192947388,0.517167866230011,0.8741214871406555,0.35695362091064453,0.9979897959183673,0.9987551020408163,-0.04880969052213149,0.12295532564728419,0.3935567124375151,-0.054210762210762216,0.08663699951292957,0.3660320128765066
489,1000,10.394846815109252,11.650903289794922,1.256056547164917,1.7463239431381226,1.0544991493225098,1.7472987174987793,0.6927995681762695,0.9983571428571428,0.9993673469387755,-0.08376053780618584,0.008047128022573935,0.11523487328325875,-0.05410697410697411,0.0872426574611249,0.3660320128765066
16778,1000,10.330238159179688,10.816663838386535,0.4864256978034973,1.343322992324829,0.3584839105606079,0.878543496131897,0.5200595855712891,0.9989081632653061,0.999061224489796,-0.04496116365747123,0.15539321546517545,0.44034911189867665,-0.05410608610608612,0.08724785409346898,0.3660320128765066
4294,1000,11.539389743804932,11.764654901504517,0.22526516020298004,1.4451662302017212,0.0192464180290699,0.5682504177093506,0.5490040183067322,0.9989489795918367,0.9983316326530612,-0.040350231754871034,0.20234121003471112,0.5049409728450023,-0.053978009978009986,0.08799997908888353,0.3677508853753343
22232,1000,10.016950002670288,10.675242196083069,0.6582921743392944,1.2801189422607422,0.479349285364151,0.9139325618743896,0.43458327651023865,0.9980204081632653,0.998938775510204,0.027718398063699044,0.3812449972845993,0.6558508670460009,0.053908577908577913,0.0884098949078235,0.36803188810466064
14294,1000,10.006883345603942,9.99217730808258,-0.014706041663885117,1.2657006978988647,-0.12569835782051086,0.30376073718070984,0.4294590950012207,0.9988061224489796,0.9984183673469388,-0.05060379086033648,0.10976381982281075,0.37071176883553064,-0.05354527754527755,0.09057988539525397,0.3756092544961497
19117,998,0.3177250706851482,0.28254005309939384,-0.03518502041697502,0.0705428197979927,-0.037320636212825775,-0.02828107587993145,0.009039560332894325,0.05585204081632653,0.05298979591836735,-0.07818988140162295,0.013481300072125276,0.13042550928711097,-0.05343444923708761,0.09157548377173591,0.377099745074448
7357,1000,8.890264300346374,9.604975668907166,0.7147113680839539,1.1845706701278687,0.6112749576568604,0.9680281281471252,0.3567531704902649,0.9978010204081633,0.9987448979591836,-0.06300131960632213,0.046396985908072556,0.24407500577410146,-0.05332817332817333,0.09189693701576962,0.377099745074448
13321,1000,10.520969840049744,11.104969844818115,0.5839999914169312,1.3744794130325317,0.4640792906284332,0.8167186379432678,0.3526393473148346,0.998219387755102,0.9990255102040816,-0.054139183531393915,0.0870543345815643,0.32805738716000016,-0.05331248931248931,0.09199267524162512,0.377099745074448
2664,1000,9.142379028320313,9.556484866142274,0.4141058623790741,1.0944035053253174,0.32903745770454407,0.6083168983459473,0.2792794406414032,0.9984387755102041,0.9990714285714286,-0.03526216573408584,0.2652622897886098,0.5447260023574894,-0.053103569103569115,0.09327561058322094,0.380904964891176
15052,1000,9.23246196269989,9.265786867141724,0.03332488238811493,1.0327658653259277,-0.039394818246364594,0.27571648359298706,0.31511130928993225,0.9983826530612245,0.9988469387755102,-0.03349403205087354,0.2899886779449648,0.5640047163913102,-0.053031305031305036,0.09372269152704389,0.3812809496213831
10100,1000,10.031192686080933,10.012340973854064,-0.018851714208722115,1.1962487697601318,-0.14686335623264313,0.4264828860759735,0.5733462572097778,0.9984948979591837,0.9981887755102041,-0.09615807030055175,0.002334254627818479,0.06597340711255385,-0.052898248898248894,0.09455036668125107,0.3831965804364666
8153,1000,9.693202948570251,10.23143187046051,0.5382289290428162,1.2905203104019165,0.44498223066329956,0.7882627844810486,0.343280553817749,0.9984081632653061,0.998515306122449,0.016671356551393388,0.5984909755776675,0.8064985041034064,-0.05276464076464077,0.09538735098503624,0.38402783276342994
17148,1000,10.067216422080994,11.046658982276917,0.9794426560401917,1.5088773965835571,0.8809183239936829,1.212828516960144,0.3319101929664612,0.9981581632653062,0.9991377551020408,-0.039902588044660445,0.20739729163846576,0.506237934590255,-0.05273563673563673,0.09556982625527356,0.38402783276342994
18727,1000,10.056740426063538,10.457080889701844,0.4003404676914215,1.2426364421844482,0.3112812638282776,0.6416858434677124,0.3304045796394348,0.9988775510204082,0.9988520408163265,-0.03663926884291099,0.24703753150805555,0.5383189654387791,-0.05264428064428065,0.09614640633278221,0.38402783276342994
13554,1000,10.813790037155151,11.507314157485961,0.693524181842804,1.4565552473068237,0.6236192584037781,0.8944563269615173,0.27083706855773926,0.9980663265306122,0.9985918367346939,-0.0533633624661493,0.09168242665029772,0.33492151776333245,-0.05258208458208459,0.09654053524067113,0.38402783276342994
21095,1000,9.502872783660889,9.739729991912842,0.23685722053050995,1.080015778541565,0.19204087555408478,0.34903034567832947,0.1569894701242447,0.9988979591836735,0.9990408163265306,-0.05354101195902225,0.09060561554746638,0.3321175122797914,-0.052564756564756565,0.09665057034030929,0.38402783276342994
10763,1000,9.34781547832489,9.789179319381715,0.4413638412952423,1.1650044918060303,0.39736679196357727,0.7104786038398743,0.313111811876297,0.9981122448979591,0.9986071428571428,-0.06787984016700317,0.031845843623433935,0.20238127841164522,-0.052509748509748516,0.09700054228867233,0.38402783276342994
5761,1000,10.42133605670929,10.552892309188843,0.13155628740787506,1.228476643562317,-0.018062883988022804,0.2783377468585968,0.29640063643455505,0.9986479591836734,0.9986173469387755,-0.03681571067834843,0.24476734653353707,0.5383189654387791,-0.05236739252449471,0.09791093733997654,0.38402783276342994
24300,1000,9.636616397857667,10.608884197235108,0.9722678065299988,1.4354668855667114,0.8213593363761902,1.2838897705078125,0.4625304341316223,0.9975051020408163,0.998938775510204,-0.019532058636607848,0.5372714901205307,0.7776678980989892,-0.05234902034902035,0.09802892609152918,0.38402783276342994
455,1000,9.62299302482605,10.183856530189514,0.5608635544776917,1.2401530742645264,0.5243604779243469,0.6508452892303467,0.12648481130599976,0.9982397959183673,0.9989132653061225,-0.028914314324986715,0.36103311125791215,0.6371267765103438,-0.05232286032286033,0.09819712522922042,0.38402783276342994
15657,996,0.3097898572534323,0.30125904628634453,-0.008530811406672001,0.06285704672336578,-0.007912871427834034,-0.010504977777600288,-0.0025921063497662544,0.05541326530612245,0.05258673469387755,-0.052256135902277435,0.09930525996858806,0.3485505527036193,-0.05225607196354456,0.0993056742191572,0.38402783276342994
21023,1000,9.978645635604858,10.011509492874145,0.032863885164260864,1.1439508199691772,-0.06972815841436386,0.189191535115242,0.25891968607902527,0.9990357142857142,0.9985306122448979,-0.052151023632755325,0.0993076993736569,0.3485505527036193,-0.05219715435374583,0.09900858018970636,0.38402783276342994
3425,1000,9.00044459247589,9.514988451957702,0.514543890953064,1.1273694038391113,0.490760862827301,0.6369497776031494,0.1461889147758484,0.997295918367347,0.9989132653061225,-0.07015615336233563,0.026521335014363583,0.1873941697725427,-0.05214926814926815,0.09931909642257811,0.38402783276342994
18372,1000,9.716551692008972,9.628738052368163,-0.08781364560127258,1.138430118560791,-0.1839960813522339,0.1525835245847702,0.3365796208381653,0.9988520408163265,0.9987091836734694,-0.0536544164457421,0.08992354992767412,0.33177474161820736,-0.052109728109728116,0.09957607667960322,0.38402783276342994
10320,998,5.692358262062073,5.522705395698547,-0.16965286433696747,0.6342248916625977,-0.1755087822675705,-0.1346999704837799,0.04080881178379059,0.057346938775510205,0.054479591836734696,-0.06883902120754366,0.02966328374960297,0.2004099808229913,-0.052105337176984984,0.09994473859277518,0.38402783276342994
24409,1000,10.641108572959899,10.607976296424866,-0.03313227742910385,1.2147680521011353,-0.19367945194244385,0.306092768907547,0.49977222084999084,0.9989795918367347,0.9986224489795918,-0.05701610158138091,0.07151102269235787,0.3034401277250402,-0.05202646002646003,0.10011898805750502,0.38402783276342994
15650,1000,8.663876409530639,9.069295537948609,0.40541914105415344,1.1391699314117432,0.3041028380393982,0.6369563937187195,0.3328535556793213,0.9976734693877551,0.9989540816326531,-0.052078695838943014,0.09977813361486439,0.34906096254841806,-0.0517973317973318,0.10162508375106975,0.38514637122446876
1506,1000,10.080859852790832,10.899713972091675,0.8188541531562805,1.3653156757354736,0.7385764122009277,1.117104411125183,0.37852799892425537,0.9981020408163266,0.9989183673469387,-0.05191402312249852,0.10085581789995374,0.35019333004722464,-0.05179061179061179,0.1016695258100309,0.38514637122446876
3214,998,0.3446766052693129,0.29681650164723394,-0.04786010459065437,0.07492237538099289,-0.04799920693039894,-0.04523804411292076,0.00276116281747818,0.05638265306122449,0.05333673469387755,-0.056495749471418784,0.07443126363759563,0.30741634919592936,-0.05172177602695609,0.10247002266499503,0.38514637122446876
18090,1000,8.809588786125182,8.954274856567382,0.14468613266944885,1.07484769821167,0.14848856627941132,0.30245083570480347,0.15396226942539215,0.9440867346938776,0.9469183673469388,-0.03998734759073151,0.2064329846489693,0.5050319487767495,-0.05169929785439575,0.10227495363576555,0.38514637122446876
13502,1000,9.127263758659362,9.83175304698944,0.7044892311096191,1.275675892829895,0.6167730093002319,1.0125046968460083,0.39573168754577637,0.9979540816326531,0.9990510204081633,-0.045297339535855394,0.15232396558770114,0.4339414828678807,-0.051695223695223703,0.10230203265585103,0.38514637122446876
4889,1000,8.552507636070251,9.005388948440551,0.4528813064098358,1.1201622486114502,0.3589489161968231,0.7030485272407532,0.34409961104393005,0.9604234693877551,0.9637091836734694,-0.04040643244080438,0.20171282243360508,0.5049409728450023,-0.051656115656115664,0.10256225527951403,0.38514637122446876
6285,1000,11.417830751419068,12.403679767608642,0.9858490228652954,1.6543521881103516,0.8027498126029968,1.4044668674468994,0.6017170548439026,0.9986224489795918,0.9991326530612245,-0.037042227739597464,0.24187435778971025,0.5380333539019557,-0.051511731511731516,0.10352753574667165,0.3863279506409976
12986,1000,9.905096817970277,10.554893102645874,0.6497963070869446,1.3434706926345825,0.48160111904144287,0.9812193512916565,0.4996182322502136,0.9986020408163265,0.9988163265306123,-0.044165401961188774,0.16284497667962927,0.4519263693899789,-0.0515014835014835,0.10359632195959713,0.3863279506409976
249,1000,10.272530198097229,10.47382620716095,0.20129604637622833,1.1565945148468018,0.12531276047229767,0.4025857150554657,0.27727293968200684,0.9988877551020409,0.9989285714285714,-0.004783610905596635,0.8799104589411649,0.9497726963847348,-0.05121086721086721,0.10556212421964163,0.39229661388199005
24117,1000,9.978602800369263,10.038897790908813,0.0602949894964695,1.1900372505187988,-0.05902734398841858,0.4022439122200012,0.4612712562084198,0.9987704081632653,0.9986224489795918,-0.0728226139022527,0.021277079860597754,0.1718164193254285,-0.051092439092439094,0.1063716279946184,0.3939418222973109
1838,1000,10.108652877807618,10.424608430862428,0.31595557928085327,1.2617688179016113,0.24507233500480652,0.6295582056045532,0.3844858705997467,0.9986071428571428,0.9986275510204081,-0.03250597322647461,0.304460559102307,0.5780910561810616,-0.05096310296310297,0.10726129779166953,0.3947123803625724
22907,1000,7.969228573799134,8.439632266044617,0.4704037010669708,1.0734961032867432,0.3475886881351471,0.6461048722267151,0.298516184091568,0.9971428571428571,0.9985051020408163,-0.058379898054346374,0.06497943803343574,0.2836907172679267,-0.05095536295536296,0.10731472538721708,0.3947123803625724
10418,1000,10.812241951942443,11.27324444961548,0.46100249886512756,1.2275886535644531,0.39541950821876526,0.7159653306007385,0.32054582238197327,0.9980357142857142,0.9986377551020408,-0.03651167791470593,0.24868832469959518,0.5383189654387791,-0.05054961854961856,0.11014508200114341,0.40065811854464256
7166,1000,6.4399024376869205,6.8299181804656985,0.39001575112342834,0.8424000144004822,0.34683889150619507,0.5686558485031128,0.22181695699691772,0.996780612244898,0.9978775510204082,-0.07954040482490578,0.011865143636655516,0.12503526653757693,-0.050530178530178535,0.11028215438871376,0.40065811854464256
16081,1000,10.261385821342468,10.886066959381104,0.6246811747550964,1.3251862525939941,0.5449407696723938,0.7507525086402893,0.2058117389678955,0.9986275510204081,0.999,0.05290370127184839,0.09451633565878381,0.34063941106554974,0.050519126519126524,0.11036014255125476,0.40065811854464256
9116,998,0.25318244864046574,0.24409138786792756,-0.009091060608625412,0.05666467174887657,-0.009754929691553116,-0.007641817908734083,0.0021131117828190327,0.05604591836734694,0.05317857142857143,-0.07176719727022632,0.023372504617501115,0.1794649453853319,-0.05047735115895508,0.11101343886606065,0.40065811854464256
2497,1000,7.108278927326203,7.469521221160889,0.3612423241138458,0.976524829864502,0.24992406368255615,0.5070001482963562,0.25707608461380005,0.9420510204081632,0.9447755102040817,-0.026818176926182026,0.3969076773405909,0.6641319025590071,-0.0504104125616438,0.11112959946657594,0.40065811854464256
66,1000,7.396609726428985,7.748458473205567,0.3518487215042114,0.9127883315086365,0.3298030197620392,0.4932193160057068,0.1634162962436676,0.9413316326530612,0.9444795918367347,-0.07522584582380445,0.017348061618870564,0.15436883827658396,-0.050381834381834384,0.1113325707171583,0.40065811854464256
20014,1000,10.14894285583496,10.627438374519349,0.4784954786300659,1.333191156387329,0.4454178512096405,0.6376651525497437,0.19224730134010315,0.9980816326530613,0.9987551020408163,-0.040349556663440755,0.2023487669730828,0.5049409728450023,-0.050352302352302356,0.11154262331922543,0.40065811854464256
5185,1000,9.416234552383424,9.756757570266723,0.34052300453186035,1.0963386297225952,0.2969634532928467,0.4845886528491974,0.1876251995563507,0.9985663265306123,0.998704081632653,-0.031750830699319006,0.3158384095738425,0.5899312206648815,-0.05015001830046836,0.11298981565796722,0.4040619511391933
8970,1000,10.924887859344482,11.401933040618896,0.4770452380180359,1.4358134269714355,0.3981167674064636,0.7313185930252075,0.3332018256187439,0.9983265306122449,0.9986887755102041,-0.02349146967518857,0.45806384012941187,0.7098998041832444,-0.050114882114882124,0.11324268835465287,0.4040619511391933
4774,1000,8.518198176383972,8.340453419685364,-0.17774474620819092,1.0061497688293457,-0.21073083579540253,-0.17364338040351868,0.03708745539188385,0.9982091836734693,0.9983418367346939,0.04032403560925817,0.20263459897224953,0.5049409728450023,0.04981782181782182,0.11539844238760545,0.40680212246864983
4474,998,0.26865920385718345,0.2989314143359661,0.030272211879491806,0.06658727675676346,0.027524232864379883,0.0374569408595562,0.009932707995176315,0.055448979591836735,0.05326020408163265,-0.05397886312216134,0.08831398091512069,0.33048507143846556,-0.049800614177110396,0.1158897892490695,0.40680212246864983
4430,1000,9.849656873703003,10.183889385223388,0.33423247933387756,1.164345145225525,0.27152788639068604,0.3630888760089874,0.09156098961830139,0.998734693877551,0.9990153061224489,-0.04971941515815609,0.11611963758015918,0.38118395459891485,-0.04964198564198564,0.1166895793362208,0.40680212246864983
17000,1000,10.67276226234436,10.90741334438324,0.23465105891227722,1.3049250841140747,0.11759824305772781,0.5015730857849121,0.3839748501777649,0.9985,0.9987397959183674,-0.05473762078594855,0.08361459283002079,0.32325871994930633,-0.049625797625797635,0.11680901260800602,0.40680212246864983
7064,1000,10.356169735908509,10.240800168037415,-0.11536961793899536,1.1573771238327026,-0.21271437406539917,0.15279322862625122,0.3655076026916504,0.9989030612244898,0.9988520408163265,-0.04458680376581841,0.15886599572433285,0.4466546581359515,-0.049518517518517526,0.11760293679968893,0.40680212246864983
8068,1000,9.713174702644348,10.864474659919738,1.151300072669983,1.5103052854537964,1.1229805946350098,1.2645134925842285,0.14153289794921875,0.9979795918367347,0.9993061224489795,-0.075026545740258,0.01764782928368976,0.15535875943182623,-0.04947836547836548,0.11790116628776036,0.40680212246864983
20279,1000,8.534524054527283,9.097565570831298,0.5630415081977844,1.1426811218261719,0.5127062201499939,0.7827048301696777,0.26999861001968384,0.9983979591836735,0.9991071428571429,-0.055645870281528446,0.07860486649814027,0.3161858674869013,-0.04947013347013347,0.11796238269533832,0.40680212246864983
6397,998,0.35045499630272386,0.2986361305564642,-0.051818862557411194,0.07952257245779037,-0.048541489988565445,-0.050524450838565826,-0.0019829608500003815,0.0564234693877551,0.053285714285714283,-0.06312621566170384,0.046182832005188905,0.24407500577410146,-0.04944949763472836,0.11848523148613369,0.40680212246864983
19674,1000,8.77942334651947,9.098565752983093,0.3191424012184143,1.1138827800750732,0.20396308600902557,0.5059264898300171,0.3019633889198303,0.9979489795918367,0.9985204081632653,-0.002676602135780145,0.9326303768719341,0.9711962543327307,-0.049434301434301435,0.11822913372558204,0.40680212246864983
13782,1000,10.62042770576477,10.89543316078186,0.2750054895877838,1.3436601161956787,0.13931939005851746,0.6079833507537842,0.4686639606952667,0.9986377551020408,0.9981581632653062,-0.06800429631021195,0.03153270743302513,0.20238127841164522,-0.04943121743121743,0.11825211460029561,0.40680212246864983
1475,1000,9.431569962501525,9.535530655860901,0.10396072268486023,1.1151988506317139,-0.00033611999242566526,0.1942836344242096,0.19461975991725922,0.9985,0.9984387755102041,-0.0222939237774853,0.48130727235767645,0.735311537001628,-0.04942810942810943,0.11827527785358502,0.40680212246864983
10127,996,0.3016531463414431,0.23149862809479235,-0.07015451788902283,0.08338393270969391,-0.06877283751964569,-0.0738367959856987,-0.005063958466053009,0.05574489795918367,0.052551020408163264,-0.05309812183134182,0.09396843040078132,0.3398050311462597,-0.049393199881778885,0.11927675026745728,0.40680212246864983
7331,1000,11.36843063545227,11.41493600654602,0.0465054027736187,1.31704580783844,-0.00021034479141235352,0.29644811153411865,0.296658456325531,0.9990816326530613,0.9990102040816327,-0.06156058090083692,0.05163940077738138,0.2548844602422506,-0.04932085332085333,0.11907681291070726,0.40680212246864983
16426,1000,13.23605662059784,13.752430374145508,0.5163737535476685,1.4812707901000977,0.4034792184829712,0.7205237150192261,0.3170444965362549,0.9987908163265307,0.9990867346938775,-0.0768576201819098,0.0150568782043629,0.14061814949118048,-0.049289293289293296,0.11931347167376602,0.40680212246864983
4329,1000,10.577897481918335,10.83867233467102,0.2607748508453369,1.2556358575820923,0.19669196009635925,0.45451807975769043,0.2578261196613312,0.9985969387755103,0.9989183673469387,-0.017357296102031693,0.5835266428065902,0.8040150815360316,-0.04918551718551718,0.12009425129053625,0.4073603597299585
24140,1000,10.311148093223572,11.559035449028014,1.247887372970581,1.6527490615844727,1.144342064857483,1.5836347341537476,0.43929266929626465,0.9983112244897959,0.999219387755102,-0.09484618551065228,0.002679313518744906,0.06836829974491826,-0.04909592509592509,0.1207715228608595,0.4073603597299585
23756,1000,11.383352450370788,12.001609189987182,0.6182567477226257,1.4391354322433472,0.4685647785663605,0.8195742964744568,0.3510095179080963,0.9985306122448979,0.9988877551020409,-0.0740642781850028,0.01915983188638065,0.16110120135191175,-0.04892683292683293,0.1220579035765669,0.4073603597299585
6553,1000,10.126769454956055,10.6589350938797,0.5321656465530396,1.3149996995925903,0.4169502258300781,0.8307486176490784,0.41379839181900024,0.9984642857142857,0.9989438775510204,-0.0288640403160103,0.3618690257647204,0.6371267765103438,-0.04889155289155289,0.12232764252386888,0.4073603597299585
21781,1000,11.791264843940734,13.106404680252075,1.3151397705078125,1.7741498947143555,1.149112343788147,1.6590187549591064,0.5099064111709595,0.9981632653061224,0.9993673469387755,-0.022059320266643583,0.4859346823608095,0.7392264148095035,-0.048867048867048866,0.12251526539081684,0.4073603597299585
20357,1000,9.49859039592743,9.426210325241088,-0.07238008081912994,1.1241282224655151,-0.14128895103931427,0.1484251767396927,0.28971412777900696,0.9991734693877551,0.9986887755102041,-0.04635258952914825,0.14298869605062284,0.42265611641310197,-0.048859188859188864,0.12257549557856905,0.4073603597299585
3158,1000,10.001153307914734,10.363383110046387,0.3622297942638397,1.1647685766220093,0.2911783456802368,0.45092862844467163,0.15975028276443481,0.9986326530612245,0.9989030612244898,0.010592760097157842,0.7379548232622724,0.8786734813566304,-0.04885638085638086,0.12259701852757611,0.4073603597299585
21207,1000,8.419953827857972,8.887115934371948,0.4671620726585388,1.0451669692993164,0.3871176838874817,0.6584001183509827,0.271282434463501,0.9977551020408163,0.998454081632653,-0.03717412269483553,0.24020095575035563,0.5371696538205487,-0.048842652842652844,0.12270228427679508,0.4073603597299585
24064,1000,8.34526378250122,8.868245209693908,0.5229814052581787,1.0499708652496338,0.42133039236068726,0.7096467018127441,0.2883163094520569,0.9985969387755103,0.9991581632653062,-0.06906694368157583,0.02896480455668499,0.19819427744936224,-0.048770532770532775,0.12325645607428455,0.4073603597299585
17327,1000,10.014579994201661,10.890219409942627,0.8756394386291504,1.4058688879013062,0.778761625289917,1.07435142993927,0.295589804649353,0.9982040816326531,0.9993469387755102,-0.09813718368129827,0.0018900194462077875,0.06151154197658072,-0.04876875676875678,0.12327012747880493,0.4073603597299585
8106,1000,10.522902921676636,10.787014991760254,0.26411208510398865,1.258915662765503,0.06779148429632187,0.5964284539222717,0.5286369919776917,0.9987908163265307,0.9989744897959184,-0.04668150856969249,0.14017038286539954,0.419862011892993,-0.04870656070656071,0.12374964985221672,0.4076905642370575
8155,1000,8.50084952545166,9.332463890075683,0.8316143751144409,1.1931225061416626,0.7354777455329895,1.0351450443267822,0.2996672987937927,0.9975102040816326,0.9986326530612245,-0.07822331345721487,0.013348383681056683,0.13042550928711097,-0.04826962826962827,0.12715941949171655,0.4173085194340687
18473,1000,8.04577850151062,8.186384528160096,0.14060603082180023,0.9607944488525391,0.12052607536315918,0.187971293926239,0.06744521856307983,0.9490816326530612,0.9538571428571428,0.06262175097415648,0.04773273556566758,0.24765680192042022,0.04821855036320601,0.12756274538150877,0.4173085194340687
23307,1000,10.195679110527038,10.855058853149414,0.6593797206878662,1.3695318698883057,0.5489108562469482,0.9528313875198364,0.4039205312728882,0.997515306122449,0.9987602040816327,-0.04753026645228116,0.13309502865505732,0.4107587953319873,-0.04818417618417619,0.12783473267579945,0.4173085194340687
5248,1000,10.417774343490601,11.01763822364807,0.5998638868331909,1.3268715143203735,0.4602152109146118,0.8327106833457947,0.37249547243118286,0.9984285714285714,0.9989234693877551,-0.051411047028985024,0.10420491885963495,0.3587053937668203,-0.048066312066312074,0.12877075821685055,0.41909028583302277
20232,1000,8.919425589561463,9.395774092674255,0.47634854912757874,1.2338091135025024,0.3386862277984619,0.8247883319854736,0.4861021041870117,0.9655408163265307,0.9762295918367347,-0.039024115426357905,0.21758430799711806,0.5170034220993469,-0.04782901182901183,0.13067141489126544,0.42116180202973713
21980,1000,9.89298361492157,10.795466850280762,0.9024831652641296,1.4717204570770264,0.8141992688179016,1.1023001670837402,0.2881008982658386,0.9975102040816326,0.9986836734693878,-0.06632926543856521,0.03597569780716544,0.21388540262054542,-0.04782651582651583,0.13069152148510357,0.42116180202973713
5529,1000,10.090903253555298,10.25436327457428,0.16346003115177155,1.1574084758758545,0.08206392824649811,0.34376320242881775,0.26169925928115845,0.998280612244898,0.9983520408163266,-0.05426947622148349,0.08629587663765663,0.3265552958860983,-0.04781624381624382,0.13077429307645252,0.42116180202973713
18655,1000,10.51394948577881,10.703052812576294,0.18910333514213562,1.2746630907058716,0.0010897109750658274,0.5940078496932983,0.5929181575775146,0.9983163265306122,0.9984234693877551,-0.06383403773382856,0.043576339666697106,0.2332511930183036,-0.0477912539346277,0.13097583042638009,0.42116180202973713
20961,1000,9.869310295104981,10.01780886554718,0.1484985649585724,1.1968737840652466,-0.0006592964055016637,0.5072054862976074,0.507864773273468,0.9987602040816327,0.9985765306122449,-0.0671685032178868,0.03368714120967847,0.20725626120124424,-0.04774035574035575,0.13138705574912957,0.4212229787300452
16923,998,3.959876130104065,3.8912243394851687,-0.06865179538726807,0.46074482798576355,-0.07085082679986954,-0.04254165291786194,0.0283091738820076,0.05725,0.05416326530612245,-0.0682699392951786,0.03104163057763754,0.20238127841164522,-0.047664553295675115,0.13238946904943744,0.4231734814258804
6810,1000,11.324966579437255,12.537268431663513,1.2123017311096191,1.7870171070098877,1.1175020933151245,1.401528239250183,0.2840261459350586,0.9983469387755102,0.9991632653061224,-0.028867528848166638,0.36181098227324676,0.6371267765103438,-0.047413811413811416,0.1340491436479457,0.4267826932573613
5739,1000,9.5204664478302,10.030262647628785,0.509796142578125,1.1807761192321777,0.4489864110946655,0.7115059494972229,0.2625195384025574,0.998280612244898,0.9987602040816327,-0.04042559862302564,0.20149884793747458,0.5049409728450023,-0.047381675381675384,0.13431336156516585,0.4267826932573613
540,1000,8.628294607162475,9.181923393249512,0.5536288022994995,1.0888861417770386,0.48589667677879333,0.7641432285308838,0.27824655175209045,0.998219387755102,0.9986377551020408,-0.0382293926146291,0.2271053258533171,0.5286340557346833,-0.047278103278103285,0.1351676535161043,0.42713517483072455
6190,1000,10.304644349098206,10.742620427131653,0.43797606229782104,1.2755930423736572,0.31539037823677063,0.7183445692062378,0.40295419096946716,0.9985561224489796,0.9986530612244898,-0.04122450796623677,0.19272616301698203,0.49424291541175247,-0.047256167256167256,0.1353491248139677,0.42713517483072455
11406,1000,10.747855305671692,11.478530653953552,0.7306752800941467,1.4977871179580688,0.5879152417182922,1.0709537267684937,0.4830384850502014,0.9986989795918367,0.9990204081632653,-0.057757408583321096,0.06789705297675172,0.2916857395881254,-0.047223779223779225,0.13561740653377755,0.42713517483072455
751,1000,10.324831378936768,10.358800229072571,0.033968839794397354,1.1895676851272583,-0.055677276104688644,0.26423180103302,0.31990906596183777,0.9981683673469388,0.9983214285714286,-0.023338364620175626,0.4609999803051347,0.7121168895464768,-0.047143847143847145,0.13628126760513654,0.4276677669147252
11125,1000,9.197265192985535,9.464779260635376,0.26751407980918884,1.048089623451233,0.2092379480600357,0.48301801085472107,0.27378004789352417,0.99825,0.9989132653061225,-0.06037393327379255,0.05632085069414287,0.26305795570930074,-0.047084891084891084,0.1367725191326211,0.4276677669147252
682,1000,18.20097869682312,17.059412691116332,-1.1415660381317139,2.141571283340454,-0.9881301522254944,-1.5553547143936157,-0.5672245621681213,0.9986938775510205,0.9987959183673469,0.10282771461145937,0.001128879913604533,0.04908081511273595,0.04705990705990707,0.13698110970080585,0.4276677669147252
10957,1000,10.173709762573242,10.436923597335815,0.2632138431072235,1.1820237636566162,0.18305937945842743,0.41804561018943787,0.23498623073101044,0.9990357142857142,0.999,-0.033722404017015296,0.28671065507821825,0.5637524327709843,-0.046941766941766945,0.13797077691739787,0.42950902727329077
11450,998,6.7338435802459715,6.501858374595642,-0.2319851964712143,0.7501014471054077,-0.2398717999458313,-0.2008129358291626,0.0390588641166687,0.05746938775510204,0.054392857142857146,-0.06408243840633901,0.04297214354259186,0.2332511930183036,-0.04667536101718408,0.1406208555827057,0.4364822645531867
6795,1000,9.325393926620483,9.462713261604309,0.13731931149959564,1.079984426498413,0.08111704140901566,0.2654111683368683,0.18429413437843323,0.9983265306122449,0.9986122448979592,-0.024574531281691014,0.4375953748540008,0.6928965332657129,-0.04654954654954655,0.1412959188350483,0.4364822645531867
8823,1000,11.945340240478515,12.685070770263671,0.7397305369377136,1.6856027841567993,0.575329601764679,0.9974427819252014,0.42211318016052246,0.9426020408163265,0.9458877551020408,-0.014320413552618191,0.6510470837943838,0.8343968591827783,-0.04645849045849046,0.14207659312713378,0.4364822645531867
20076,1000,10.953667892456055,10.91377454662323,-0.039893362671136856,1.3319963216781616,-0.1408635973930359,-0.03072531335055828,0.11013828217983246,0.9992040816326531,0.9982142857142857,0.06609302428225078,0.03664330920128525,0.21388540262054542,0.046438438438438444,0.1422489537669333,0.4364822645531867
8519,1000,10.459226411819458,10.583613472938538,0.12438704073429108,1.2315198183059692,0.07139499485492706,0.27388250827789307,0.202487513422966,0.9988010204081633,0.9989438775510204,-0.04914324986887577,0.12041340021652157,0.3894502894674201,-0.04636408636408637,0.1428894596068729,0.4364822645531867
7341,1000,10.02980759048462,10.5327849817276,0.5029773712158203,1.2358697652816772,0.35403499007225037,0.6526265740394592,0.29859158396720886,0.9983826530612245,0.998734693877551,-0.01186438390965432,0.7078622457278549,0.86293308957062,-0.04633637833637834,0.14312871481316125,0.4364822645531867
16622,1000,8.997522747039795,9.320755025863647,0.3232322633266449,1.1014355421066284,0.23186162114143372,0.4875611662864685,0.2556995451450348,0.998484693877551,0.9986581632653061,-0.05652468550906682,0.07399238561786031,0.30741634919592936,-0.046317202317202315,0.14329447686552016,0.4364822645531867
8027,1000,7.224894114494324,7.704788055419922,0.4798939526081085,0.969047486782074,0.32336652278900146,0.8124697804450989,0.4891032576560974,0.9471938775510204,0.9513112244897959,-0.066795960766706,0.03468722803188185,0.20882684798208193,-0.0462978342978343,0.1434620478466247,0.4364822645531867
22537,998,15.316019475936889,14.81676385307312,-0.49925562739372253,1.7169569730758667,-0.507208526134491,-0.43185052275657654,0.07535800337791443,0.05830102040816326,0.0550765306122449,-0.06292813921155892,0.04687253571877638,0.24437428816488266,-0.046176436958000076,0.14491894090649823,0.43966932919090146
12090,1000,9.753293093681336,10.624695531845093,0.8714024424552917,1.3269336223602295,0.6922923922538757,1.1703264713287354,0.4780340790748596,0.9984438775510204,0.9993316326530612,-0.03936947284558346,0.21353740423158665,0.5107776662466015,-0.046002478002478,0.14603608637938853,0.4418105824548262
886,1000,8.09557318496704,8.424973361968995,0.3294001817703247,1.0390387773513794,0.23508965969085693,0.5857351422309875,0.3506454825401306,0.9980969387755102,0.998734693877551,-0.02561269868068461,0.4184781270908534,0.6799478192066212,-0.04587897387897388,0.14712283463456965,0.4421975864542664
6617,1000,10.922078179359437,10.797232886314392,-0.12484526634216309,1.170487642288208,-0.15973429381847382,-0.007439447566866875,0.1522948443889618,0.9988724489795918,0.9984897959183674,-0.034549006151362194,0.27505517482742264,0.5525496311367267,-0.045873105873105884,0.14717462213851984,0.4421975864542664
15058,1000,10.706129598617554,10.866963792800904,0.16083422303199768,1.2463611364364624,0.12130702286958694,0.37830954790115356,0.2570025324821472,0.9986479591836734,0.9986683673469388,-0.027694043809182764,0.3816636796124307,0.6558508670460009,-0.045847677847677855,0.14739919548475547,0.4421975864542664
21348,1000,9.505838971138001,10.305314962387085,0.7994760274887085,1.3156838417053223,0.7068817615509033,1.0787441730499268,0.37186241149902344,0.9979540816326531,0.9989846938775511,-0.05616934570974424,0.07583007114340648,0.30849051669704003,-0.04575938175938176,0.14818103359849039,0.44330481917765646
22143,1000,9.799023970603942,9.87469471168518,0.07567073404788971,1.198947548866272,-0.06798553466796875,0.4308202266693115,0.4988057613372803,0.9424489795918367,0.9444030612244898,-0.044726893314657366,0.15755963919549826,0.4441444947400659,-0.04556667356667357,0.1498983938123679,0.44646961217804954
21813,1000,10.436059881210328,10.497125789642334,0.0610659085214138,1.1911647319793701,-0.12255644798278809,0.28247880935668945,0.40503525733947754,0.998484693877551,0.9981581632653062,-0.03146994033194703,0.32014086267698466,0.5938364188516088,-0.04554747354747355,0.15007032588107624,0.44646961217804954
14897,1000,8.663922348976135,9.104648226737977,0.4407258629798889,1.0170530080795288,0.3695177733898163,0.5892192125320435,0.21970143914222717,0.9986275510204081,0.9988112244897959,-0.04871557278859939,0.12368007811985245,0.3941614359071855,-0.0455002775002775,0.15049359463614315,0.44649204596468994
2840,1000,9.913626505851745,10.5364878616333,0.6228613257408142,1.2497249841690063,0.5225570797920227,0.7719342708587646,0.24937719106674194,0.9986938775510205,0.9992142857142857,-0.03374824196394453,0.28634135985225584,0.5637524327709843,-0.04536333336333337,0.15172689618752283,0.44807574819874024
3213,1000,8.252760107040405,8.683462008476257,0.43070194125175476,1.0362411737442017,0.40551963448524475,0.4954387843608856,0.08991914987564087,0.9984897959183674,0.999030612244898,0.004248858425219947,0.8932497562868522,0.9580046070306898,-0.045348405348405355,0.15186179920329745,0.44807574819874024
5062,1000,11.516017010688781,12.156546675682067,0.6405296921730042,1.5383286476135254,0.4940204620361328,0.9299346804618835,0.43591421842575073,0.9979132653061225,0.9987551020408163,-0.0235191572988192,0.4575339872590433,0.7098998041832444,-0.04525085725085726,0.15274557783768425,0.4483625494601043
18189,1000,8.414370265007019,8.629296277046203,0.21492600440979004,1.0636112689971924,0.1342690885066986,0.35660532116889954,0.22233623266220093,0.9511224489795919,0.9570765306122448,-0.04624728064544223,0.14390014225640294,0.42265611641310197,-0.04524196524196525,0.15282633271522533,0.4483625494601043
4124,1000,7.496600506782531,7.401251816749573,-0.09534867852926254,0.8833463191986084,-0.11385302990674973,-0.04767359793186188,0.06617943197488785,0.9423418367346938,0.9448979591836735,0.04067760556115059,0.1987007597842384,0.5033127736044152,0.04517230517230517,0.1534600897703303,0.4483625494601043
2271,1000,10.005979992866516,10.354626749038696,0.34864673018455505,1.2164174318313599,0.22198130190372467,0.6587682366371155,0.436786949634552,0.998484693877551,0.9988622448979592,-0.04359603377046738,0.16833969395092754,0.4612164063859597,-0.045153789153789155,0.15362888100681413,0.4483625494601043
3053,1000,10.523347493171691,10.759258996963501,0.23591148853302002,1.291223168373108,0.20200881361961365,0.3666097819805145,0.16460096836090088,0.9984591836734694,0.9982448979591837,-0.03617870377988079,0.25303263228092193,0.5402724593831216,-0.04506159306159306,0.1544714353284179,0.449548208189289
16242,1000,10.21163723564148,10.546524733543396,0.3348875045776367,1.2116450071334839,0.19515962898731232,0.7242469191551208,0.5290873050689697,0.9983214285714286,0.9989642857142857,-0.04307829441280047,0.17345574609735775,0.4716239779963601,-0.04500786900786901,0.15496401828782802,0.449548208189289
6838,1000,10.682803176879883,11.390928860664367,0.7081257104873657,1.4269733428955078,0.6021302938461304,0.954246461391449,0.3521161675453186,0.9985867346938776,0.9988265306122449,-0.030935038347198053,0.32843937284007513,0.6039938124995071,-0.04494861294861295,0.15550870321832896,0.449548208189289
22340,1000,9.835807874679565,10.201495776176452,0.36568793654441833,1.1761125326156616,0.2516203820705414,0.6120250821113586,0.36040470004081726,0.9987295918367347,0.9989030612244898,-0.054727110041171874,0.08367404482859139,0.32325871994930633,-0.044926815061595515,0.15570943523874814,0.449548208189289
5086,997,0.2945516929477453,0.2876221444308758,-0.006929549388587475,0.061424620449543,-0.007967006415128708,-0.002980903023853898,0.0049861036241054535,0.05555612244897959,0.05285204081632653,-0.05468482065799424,0.08438063724968625,0.32482008747728686,-0.04476882854178588,0.15779560981985255,0.45434982559389175
17740,998,1.1496345995664596,1.011075236916542,-0.13855935633182526,0.22039712965488434,-0.13162986934185028,-0.139493927359581,-0.007864058017730713,0.056607142857142856,0.053642857142857145,-0.06804834112966854,0.0315930122831906,0.20238127841164522,-0.04467535496896124,0.15845680716712426,0.45503371897724987
1400,1000,10.177322854042053,10.614078822135925,0.4367559254169464,1.353374719619751,0.2367616444826126,0.8342172503471375,0.597455620765686,0.9989183673469387,0.9987295918367347,-0.06713697795725654,0.03377080606165526,0.20725626120124424,-0.0443983043983044,0.16063667637412518,0.4570389346402098
22109,1000,10.36270588684082,11.425826224327087,1.0631203651428223,1.5427786111831665,0.9524459838867188,1.1954715251922607,0.243025541305542,0.9983622448979592,0.9993061224489795,0.0030701582591154118,0.9227536106474443,0.9683702507463338,-0.0443977763977764,0.16064165700908256,0.4570389346402098
3050,1000,10.045185590744019,11.075981201171874,1.030795693397522,1.458690881729126,0.9807106852531433,1.2587409019470215,0.2780302166938782,0.9977857142857143,0.9991734693877551,-0.027017201440989985,0.3934119397464982,0.6641319025590071,-0.044393828393828404,0.16067890226803444,0.4570389346402098
8672,1000,9.546008855819702,10.219064061164856,0.6730551719665527,1.2584919929504395,0.5416507720947266,0.9566209316253662,0.41497015953063965,0.9980051020408163,0.9988265306122449,-0.0332499802538811,0.29351950867388354,0.5669783315031491,-0.04436252036252036,0.16097449130366046,0.4570389346402098
19461,1000,9.721758858680726,9.99124930381775,0.26949045062065125,1.0898884534835815,0.09332560002803802,0.5520139336585999,0.45868831872940063,0.9985357142857143,0.999030612244898,-0.017266547281717788,0.5854963806474847,0.8040150815360316,-0.0443006243006243,0.16156007840098294,0.4570389346402098
22359,1000,10.205350103378295,10.84754257106781,0.6421924233436584,1.2876989841461182,0.5412732362747192,0.8223539590835571,0.2810807228088379,0.9984183673469388,0.9991224489795918,-0.04649895130576039,0.1417292925129175,0.4225612259408178,-0.04428497628497629,0.1617083753848042,0.4570389346402098
2573,1000,9.062105191230774,9.280313411712646,0.21820825338363647,1.0833412408828735,0.13047944009304047,0.42977961897850037,0.2993001937866211,0.9978571428571429,0.9986581632653061,-0.05448418209286168,0.08505766895612699,0.32509585928427187,-0.04409981023210966,0.1634710019054159,0.45782549591145877
9789,1000,9.09865585231781,9.599288603782654,0.5006327629089355,1.1061034202575684,0.39551711082458496,0.6045185327529907,0.20900142192840576,0.9985612244897959,0.9989795918367347,-0.03743129195170961,0.2369616162786115,0.5324200332285121,-0.044099780099780106,0.16347128991221083,0.45782549591145877
6250,1000,10.67945866394043,11.356993785858155,0.6775351166725159,1.4265965223312378,0.5198041796684265,0.8579087853431702,0.33810460567474365,0.9979948979591837,0.9987908163265307,-0.045447490202339916,0.15096808341616078,0.43343282896828,-0.044068256068256074,0.16377280794206034,0.45782549591145877
7102,1000,10.12972403049469,10.358655449867248,0.22893139719963074,1.2124056816101074,0.21062113344669342,0.27434980869293213,0.06372867524623871,0.998704081632653,0.9986734693877551,-0.0637141266925532,0.043973374569939626,0.23379903112928296,-0.04404351204351205,0.16400977022474936,0.45782549591145877
19131,998,16.952251094818116,16.44647890281677,-0.5057722330093384,1.8611857891082764,-0.5166696310043335,-0.42871251702308655,0.08795711398124695,0.05862755102040816,0.05483163265306122,-0.06134317468700241,0.05270908198200958,0.25593139150528016,-0.04403349486494714,0.16452914757788392,0.45782549591145877
19848,1000,8.550986010551453,9.011458291053772,0.4604722857475281,1.0563347339630127,0.40300214290618896,0.5229584574699402,0.11995631456375122,0.9981887755102041,0.9987091836734694,0.06037057807501798,0.05633457152061375,0.26305795570930074,0.04388145188145188,0.16556812766725676,0.45782549591145877
1663,1000,9.254457044601441,9.617134634017944,0.36267760396003723,1.1185877323150635,0.27638107538223267,0.5011898875236511,0.22480881214141846,0.9983622448979592,0.9989030612244898,-0.03645333815447306,0.24944569510652348,0.5383189654387791,-0.04388051588051589,0.1655771603759136,0.45782549591145877
15611,1000,9.49822982120514,9.679351411819457,0.1811215877532959,1.1127654314041138,0.07128974050283432,0.38431549072265625,0.31302574276924133,0.9989234693877551,0.9984642857142857,-0.04843141746251757,0.12588842301202738,0.3988323490115558,-0.043802059802059805,0.1663356034691118,0.45782549591145877
8904,1000,12.429830307006837,14.140244249343873,1.7104140520095825,2.12839937210083,1.6541181802749634,1.8488205671310425,0.1947023868560791,0.9985867346938776,0.9994591836734694,-0.04646343913072035,0.14203408060021902,0.4225612259408178,-0.043774711774711775,0.1666005918741646,0.45782549591145877
3414,1000,8.645077962875366,9.366194785118102,0.721116840839386,1.2063792943954468,0.6116516590118408,0.9346848130226135,0.3230331540107727,0.9987091836734694,0.999,-0.03640656887038216,0.25005401814347306,0.5383189654387791,-0.04376950376950377,0.16665109068136244,0.45782549591145877
2544,1000,9.801338084220886,10.186154976844788,0.38481682538986206,1.2167577743530273,0.32643288373947144,0.5739547610282898,0.24752187728881836,0.9986122448979592,0.9983214285714286,-0.07693295451596689,0.014957848975786935,0.14061814949118048,-0.043766959766959775,0.1666757624780078,0.45782549591145877
13807,1000,10.38046033668518,10.782470502853393,0.4020102024078369,1.2666797637939453,0.276345819234848,0.7007448673248291,0.4243990480899811,0.9979897959183673,0.9975357142857143,-0.05427439793526527,0.08626733122028925,0.3265552958860983,-0.04356279156279157,0.16866474157160183,0.46210697053035804
6408,1000,9.579113994598389,10.363583023071289,0.7844690680503845,1.3338823318481445,0.667788028717041,1.0984084606170654,0.4306204319000244,0.9981683673469388,0.9989438775510204,-0.037633929950746534,0.2344309675416474,0.5324200332285121,-0.043383991383991384,0.1704211499233077,0.4627174129007141
17554,1000,10.402681266784668,10.867737705230713,0.465056449174881,1.2543569803237915,0.34603461623191833,0.6642012596130371,0.3181666433811188,0.9985663265306123,0.9990255102040816,-0.05565303883568208,0.07856631832887946,0.3161858674869013,-0.043383859383859386,0.17042245163627626,0.4627174129007141
22007,1000,11.07630636024475,11.013131587982178,-0.0631747767329216,1.3391941785812378,-0.17569828033447266,0.21059300005435944,0.3862912654876709,0.9987755102040816,0.9986173469387755,-0.040158893444919574,0.20449126838495338,0.504983813058542,-0.04333141933141933,0.1709401753896739,0.4627174129007141
22103,1000,12.484708500862121,13.009474492073059,0.5247659683227539,1.511924386024475,0.40235865116119385,0.7772383093833923,0.3748796582221985,0.9986989795918367,0.9987448979591836,-0.045138597843232486,0.1537674695679846,0.43689487385189274,-0.04332123132123133,0.17104089463885072,0.4627174129007141
3554,1000,9.157907665252685,9.613749623298645,0.45584195852279663,1.1378173828125,0.38722431659698486,0.6767222285270691,0.28949791193008423,0.9981632653061224,0.9983163265306122,-0.03343909288324872,0.29078101221724134,0.5640047163913102,-0.04332114732114733,0.17104172525287106,0.4627174129007141
2614,1000,10.944141302108765,10.953489465713501,0.009348150342702866,1.2568820714950562,-0.09515761584043503,0.11763216555118561,0.21278977394104004,0.9985765306122449,0.998484693877551,0.03679517883652553,0.24503076484068353,0.5383189654387791,0.04317253917253918,0.1725159275566377,0.4655329301402735
8622,1000,8.856330830574036,9.237841207504273,0.3815103769302368,1.0876069068908691,0.2657138407230377,0.5976981520652771,0.3319843113422394,0.9984744897959184,0.9984336734693877,-0.05265158386691306,0.09610021116796821,0.342895770081056,-0.04301934701934702,0.17404551456007505,0.46845436302426363
19124,1000,9.967911127090455,10.706129695892335,0.7382186055183411,1.3190240859985352,0.658130943775177,0.8909357190132141,0.2328047752380371,0.9412908163265307,0.944954081632653,-0.0454820080810743,0.1506576841985335,0.43343282896828,-0.04296861096861097,0.17455432502885831,0.46845436302426363
24356,996,0.3401851672679186,0.3703947805836797,0.0302096139639616,0.08065764605998993,0.029819244518876076,0.033907316625118256,0.00408807210624218,0.05636734693877551,0.053709183673469385,-0.03845212682487072,0.2253389565987422,0.5261174769283677,-0.04293298858857859,0.17577943044578978,0.46845436302426363
10480,1000,9.937995965957642,10.240178770065308,0.30218279361724854,1.198673129081726,0.2112346887588501,0.5499455332756042,0.33871084451675415,0.9983622448979592,0.9985357142857143,-0.041292341916050745,0.1919944041226844,0.49424291541175247,-0.04292679092679093,0.17497455362949715,0.46845436302426363
6095,1000,10.241284358024597,11.786853571891784,1.5455693006515503,1.81766676902771,1.4467387199401855,1.8863075971603394,0.4395688772201538,0.998454081632653,0.9991887755102041,-0.034088540281121356,0.2815074999124225,0.5619685035426427,-0.04289011889011889,0.17534367251655006,0.46845436302426363
10102,1000,11.210540066719055,11.104263578414917,-0.1062765046954155,1.2419230937957764,-0.2591230869293213,0.1627030074596405,0.4218260943889618,0.9985816326530612,0.9989489795918367,-0.05930298145156825,0.060843718049887065,0.27334975215429724,-0.0427078747078747,0.17718664185115404,0.47103577561420656
12141,1000,9.986713760375977,9.849195813179016,-0.1375179886817932,1.1090744733810425,-0.2289215624332428,0.13943850994110107,0.36836007237434387,0.998704081632653,0.9981326530612245,-0.06812826108743364,0.03122343264855956,0.20238127841164522,-0.04248234648234648,0.1794872254592022,0.4759735312177362
7253,1000,10.919148780822754,10.666236592292785,-0.2529121935367584,1.2484016418457031,-0.3622279465198517,-0.08438733965158463,0.27784061431884766,0.999061224489796,0.9985918367346939,-0.07540748414556611,0.017078752187478192,0.1541393264651393,-0.04237050637050637,0.1806362824970016,0.47784080640832444
2919,1000,9.700421796798706,9.85091205883026,0.15049026906490326,1.116341471672058,0.05885466933250427,0.41113004088401794,0.35227537155151367,0.998454081632653,0.9990918367346939,-0.049682697533550216,0.11638963509621267,0.38118395459891485,-0.0423010023010023,0.1813531177114346,0.4783907699707859
4240,1000,9.546233717918396,10.031316047668456,0.4850822985172272,1.2199482917785645,0.5100027322769165,0.5138722658157349,0.0038695335388183594,0.9966989795918367,0.9982091836734693,-0.023817380483788727,0.4518487733742794,0.7074133857200817,-0.04226405426405427,0.18173504110622032,0.4783907699707859
15282,1000,8.26780476617813,8.734638783454894,0.46683403849601746,1.074763298034668,0.42644891142845154,0.5511336326599121,0.12468472123146057,0.9980459183673469,0.9985867346938776,-0.03728625688661594,0.23878468692381233,0.5353961456287567,-0.04206299406299406,0.18382380285988456,0.48123312201916146
20956,1000,10.271815254211425,10.700689345359802,0.42887404561042786,1.2414761781692505,0.29614391922950745,0.6159005165100098,0.3197565972805023,0.9984183673469388,0.998234693877551,-0.03576477287535939,0.2585064061393445,0.5425429181846765,-0.04206193806193806,0.183834820047829,0.48123312201916146
476,1000,9.90438862991333,9.935627895355225,0.03123924694955349,1.1170690059661865,-0.08202184736728668,0.2552541494369507,0.33727598190307617,0.998515306122449,0.9989591836734694,-0.034807271608914,0.2714806719461459,0.5492587658424037,-0.04203088203088203,0.1841590439011875,0.48123312201916146
4022,998,0.41773937597870825,0.4144280708134174,-0.003311304608359933,0.12576718628406525,-0.0036592381075024605,0.007687571924179792,0.011346809566020966,0.056775510204081635,0.054056122448979595,-0.042957384908779185,0.17509983249191416,0.4718719965807874,-0.042011625879461854,0.18480085142420025,0.4817381418193958
21592,1000,10.161443795204162,10.69861152935028,0.5371677279472351,1.3316553831100464,0.5098304748535156,0.5736616253852844,0.0638311505317688,0.998234693877551,0.998719387755102,-0.06381076619741308,0.04365315623526911,0.2332511930183036,-0.04177459777459778,0.1868507953210155,0.4827589986080745
24203,1000,9.927948207855225,11.026973154067994,1.0990248918533325,1.6632475852966309,0.8917148113250732,1.4304741621017456,0.5387593507766724,0.9979030612244898,0.9990051020408163,-0.06876746791624584,0.02966963403245402,0.2004099808229913,-0.04174343374343374,0.18718007954003024,0.4827589986080745
2273,1000,9.7953220911026,10.95736355495453,1.1620415449142456,1.515478253364563,1.0392158031463623,1.4894415140151978,0.45022571086883545,0.9985408163265306,0.9993367346938775,-0.03769424107464654,0.23368147576120746,0.5324200332285121,-0.04172358572358573,0.18739001985695344,0.4827589986080745
13388,1000,9.348348725318909,9.255177070617675,-0.0931716337800026,1.1180768013000488,-0.20000417530536652,0.11397339403629303,0.31397756934165955,0.9982755102040817,0.9981428571428571,-0.04611219049993332,0.14507584938706802,0.4234007126133453,-0.0416961536961537,0.18768046488736928,0.4827589986080745
7141,1000,8.308474371910096,8.64098531627655,0.33251091837882996,1.0614272356033325,0.27366533875465393,0.5923351645469666,0.3186698257923126,0.9416326530612245,0.9448877551020408,-0.054851438408715834,0.08297299047959482,0.32325871994930633,-0.041640917640917645,0.18826630000568723,0.4827589986080745
18042,1000,10.149531655311584,11.000734771728515,0.8512031435966492,1.460802435874939,0.6898636817932129,1.1662755012512207,0.4764118194580078,0.9982704081632653,0.9991683673469388,-0.03952727375668939,0.21170645250220274,0.5096335603612633,-0.041637569637569635,0.18830185227136803,0.4827589986080745
15141,1000,9.766848077774048,10.203134790420533,0.4362867474555969,1.1660624742507935,0.3022118806838989,0.6743853092193604,0.3721734285354614,0.99875,0.9988112244897959,-0.034801449685338146,0.2715608981958253,0.5492587658424037,-0.041634077634077636,0.18833893893555234,0.4827589986080745
20288,1000,10.483924860000611,10.783748804092408,0.29982393980026245,1.2629611492156982,0.22493819892406464,0.363705039024353,0.1387668401002884,0.9984948979591837,0.998765306122449,-0.036367946826790884,0.25055715031158454,0.5383189654387791,-0.04152996552996553,0.1894471296046478,0.4844433742747422
23518,1000,9.531643780708313,9.755072340011596,0.22342856228351593,1.0723567008972168,0.14400343596935272,0.41438621282577515,0.27038276195526123,0.9981377551020408,0.998545918367347,-0.025892977805739167,0.413402363952805,0.6750565164305927,-0.041405189405189405,0.19078158480087254,0.48669696455139455
15567,1000,9.371271340370178,10.046978010177613,0.6757067441940308,1.3061103820800781,0.5565026998519897,0.7145658731460571,0.15806317329406738,0.9981836734693877,0.9989744897959184,0.029605699916891173,0.34966025007717394,0.6258918476381413,0.041242865242865245,0.1925279321781258,0.4899881496666045
15564,1000,8.051567462921142,8.095315653800965,0.04374818503856659,1.005529761314392,-0.03233109042048454,0.2015860676765442,0.23391716182231903,0.9517142857142857,0.9525510204081633,-0.026332239155533215,0.40552112400652185,0.6691640520916502,-0.04118561318561319,0.19314666260114124,0.49040074617878415
6107,998,3.9939120254516602,3.886670721054077,-0.10724131762981415,0.42805153131484985,-0.11355048418045044,-0.08155938982963562,0.03199109435081482,0.057505102040816325,0.05416326530612245,-0.06105787088815661,0.05382160389717957,0.2574939574503736,-0.04112611052267697,0.1942386691801849,0.4920102139139589
5532,1000,9.385801109313965,9.680727249145507,0.29492613673210144,1.1679668426513672,0.15871353447437286,0.578592836856842,0.41987931728363037,0.9981836734693877,0.9983520408163266,-0.007681660409031574,0.8083035117483034,0.919229522138659,-0.04096607296607297,0.195532782778614,0.4941228440099563
175,1000,9.216719818115234,9.006086772918701,-0.2106330543756485,1.0317187309265137,-0.25909098982810974,0.008688625879585743,0.2677796185016632,0.9987908163265307,0.998295918367347,-0.06621293628929159,0.03630313548724058,0.21388540262054542,-0.040806988806988805,0.1972752571366474,0.49735592996422373
5491,1000,11.01892437839508,11.526057551383973,0.5071331858634949,1.3752400875091553,0.4429083466529846,0.4998036026954651,0.05689525604248047,0.998265306122449,0.9988622448979592,-0.016559535526409624,0.6009468315665498,0.8082399127780096,-0.040724476724476724,0.19818348244051506,0.49757654512287947
13386,1000,9.448680355072021,10.268204189300537,0.819523811340332,1.3072463274002075,0.7239882946014404,0.9426255226135254,0.21863722801208496,0.9979081632653061,0.999030612244898,0.0565460859902341,0.07388288101424001,0.30741634919592936,0.04071487671487672,0.19828934945306556,0.49757654512287947
22481,1000,7.949873517990112,7.976944715499878,0.027071187272667885,0.9241399168968201,0.01113448292016983,0.06669386476278305,0.05555938184261322,0.9433214285714285,0.9460102040816326,0.00345292178818403,0.9131590791920712,0.9647002184821132,-0.04062386862386863,0.199295020732719,0.4982644933057591
17552,1000,8.243125111579895,8.701355739593506,0.4582306146621704,1.073644757270813,0.3666686415672302,0.6085919737815857,0.24192333221435547,0.9987602040816327,0.9987704081632653,-0.02864427362463259,0.3655373251081573,0.6396371705986973,-0.0405916365916366,0.19965208683876823,0.4982644933057591
13349,1000,8.875718894004821,9.631501950263978,0.7557830810546875,1.2658933401107788,0.715475857257843,0.927466869354248,0.21199101209640503,0.9421530612244898,0.9460408163265306,-0.028236029318044968,0.37241291557240547,0.6451152763302637,-0.04055713655713656,0.20003479460575624,0.4982644933057591
7577,1000,9.955959203720093,10.284145689964294,0.3281864821910858,1.1880888938903809,0.24422264099121094,0.4764522314071655,0.2322295904159546,0.9989285714285714,0.9988928571428571,-0.03804344304071485,0.22937524465901876,0.5303655584112028,-0.04052252852252853,0.20041923753080812,0.4982644933057591
23984,1000,9.765089747428894,10.235279314994813,0.47018954157829285,1.2442959547042847,0.3710109293460846,0.7354824542999268,0.36447152495384216,0.9983775510204081,0.9987295918367347,-0.035074390306551954,0.2678171948790073,0.5457486631590072,-0.04026529626529627,0.2032935865971421,0.5032731801166445
22444,1000,8.089248776435852,8.040948049545289,-0.04830073565244675,0.9986529350280762,-0.049637626856565475,0.055270615965127945,0.10490824282169342,0.9431632653061225,0.9454030612244898,-0.03820507672766028,0.22740124185234978,0.5286340557346833,-0.040258396258396265,0.2033710988553293,0.5032731801166445
24569,1000,10.594951996803283,10.612720330238343,0.01776829920709133,1.165799856185913,-0.08149102330207825,0.09096735715866089,0.17245838046073914,0.9988265306122449,0.9985816326530612,-0.026849351365116497,0.396358885747248,0.6641319025590071,-0.04014384414384415,0.20466107777226428,0.5049584130127506
16901,998,0.3225685087293386,0.31208903340995314,-0.010479475371539593,0.06380083411931992,-0.010690606199204922,-0.00578830623999238,0.004902299959212542,0.05525510204081633,0.05291836734693878,-0.08002868453209,0.011435994279383108,0.12503526653757693,-0.04014168680311397,0.2051399080267768,0.5049584130127506
13657,1000,9.700621514320373,10.350008027076722,0.649386465549469,1.2966421842575073,0.5313222408294678,0.8123072385787964,0.2809849977493286,0.9983265306122449,0.9985867346938776,0.03536767882893307,0.2638340403937552,0.5447260023574894,0.040062388062388064,0.20558196794096784,0.5049584130127506
22656,1000,10.164430148124694,10.410806275367737,0.24637609720230103,1.2266069650650024,0.24787455797195435,0.27233144640922546,0.024456888437271118,0.9989642857142857,0.9989591836734694,0.019041751624391614,0.5475373325848221,0.7806071546051563,0.03998548610544257,0.20645412774245595,0.5049584130127506
17506,1000,9.25749931716919,9.114896806716919,-0.14260248839855194,1.156559705734253,-0.25284603238105774,0.06996899843215942,0.32281503081321716,0.9428316326530612,0.9453520408163265,-0.029203350449595725,0.3562507522326528,0.6346317083500111,-0.03994967194967195,0.20686121726510887,0.5049584130127506
15151,1000,12.442906072616577,12.441861154556275,-0.0010449219262227416,1.401565432548523,-0.22329699993133545,0.4153965711593628,0.6386935710906982,0.9987448979591836,0.9988673469387755,-0.041715504168621076,0.18747555135552463,0.4877225774132871,-0.03994862794862795,0.2068730928543857,0.5049584130127506
8463,1000,10.44751800441742,10.974088360786437,0.5265704393386841,1.3859765529632568,0.40269461274147034,0.8153252601623535,0.4126306474208832,0.9983826530612245,0.9985357142857143,-0.05182331052495575,0.10145342141157343,0.35035683149848834,-0.03976734376734377,0.2089427125330353,0.5088536808627663
14921,1000,10.241093932151795,10.784187064170837,0.5430930852890015,1.245546817779541,0.4192045032978058,0.7702797055244446,0.3510752022266388,0.9979948979591837,0.9981326530612245,-0.03618073956424925,0.2530059120558686,0.5402724593831216,-0.03962939162939163,0.2105276411922995,0.5115535896844562
23283,997,0.3459313333183527,0.34658610296249387,0.0006547686643898487,0.07045663148164749,-0.0003371544589754194,0.001238830154761672,0.0015759846428409219,0.056377551020408166,0.053709183673469385,-0.04743500943435531,0.13446128586470796,0.41322247239236504,-0.03958214310217032,0.21176025386268027,0.5124322715611285
24497,1000,8.69395175266266,8.835043579101562,0.14109182357788086,1.0428725481033325,0.02284027449786663,0.3814789354801178,0.3586386740207672,0.9983571428571428,0.9983877551020408,-0.006240846436442041,0.843743039589992,0.9322779731963556,-0.03951542751542752,0.21184350891353915,0.5124322715611285
2015,1000,11.761222165107727,12.590140205383301,0.8289180397987366,1.395944356918335,0.7946648001670837,0.9731740951538086,0.17850929498672485,0.998515306122449,0.9988367346938776,-0.022064732488928894,0.48582765949415707,0.7392264148095035,-0.039378639378639384,0.21343073451220565,0.5127235546875242
1561,1000,8.763254607200622,9.556578016281128,0.7933233976364136,1.2848658561706543,0.6570349335670471,1.085602879524231,0.42856794595718384,0.9458112244897959,0.9483826530612245,-0.0385340096931241,0.22342145256470364,0.5238321448173239,-0.03937621537621538,0.21345893856917583,0.5127235546875242
23596,1000,10.00734089565277,10.761509223937988,0.7541683316230774,1.3190112113952637,0.7491227984428406,0.7379069924354553,-0.011215806007385254,0.9976989795918367,0.9987295918367347,-0.02277834492569416,0.4718286196857944,0.7239199107750618,-0.039366159366159365,0.21357597219926264,0.5127235546875242
6906,997,0.2516994305700064,0.2541961028575897,0.002496671862900257,0.05285630747675896,0.00383869674988091,0.004980453290045261,0.0011417565401643515,0.055877551020408166,0.05309183673469388,-0.037648724297423726,0.23495170064281104,0.5324200332285121,-0.03935198162757341,0.21443105939200996,0.5129152734677477
8012,1000,8.311596437454224,8.837404397964477,0.5258079171180725,1.16689133644104,0.4468269944190979,0.6578057408332825,0.21097874641418457,0.9433520408163265,0.947045918367347,-0.0197313467728667,0.5331266586718092,0.7744625117722432,-0.03934061134061134,0.2138735125698425,0.5127235546875242
15396,1000,10.350054887771606,10.569694718360902,0.2196398377418518,1.251255750656128,0.1711769551038742,0.28921496868133545,0.11803801357746124,0.9985255102040816,0.9988163265306123,0.00034124919704358274,0.9914007656660514,0.9960378132136007,-0.03901967713673617,0.21763667188340058,0.5186640762269571
5878,1000,10.22252339553833,10.474209040641785,0.25168561935424805,1.2397569417953491,0.11443477123975754,0.49521732330322266,0.3807825446128845,0.9988775510204082,0.998704081632653,-0.021705405316151588,0.4929606649617128,0.7467415432565296,-0.03898673098673099,0.21802566044301241,0.5186640762269571
21417,1000,10.571725222587585,10.901361298561095,0.3296360969543457,1.1749602556228638,0.2412240356206894,0.6190757155418396,0.377851665019989,0.9984795918367347,0.9991887755102041,-0.02535121901573015,0.4232463016195203,0.6830353324983194,-0.03895815895815896,0.21836340841952748,0.5186640762269571
21245,1000,9.99644899749756,10.596469615936279,0.6000206470489502,1.2556085586547852,0.4437023103237152,0.9086364507675171,0.4649341404438019,0.9983520408163266,0.9992295918367347,-0.03161014131074156,0.31798861582004334,0.5912943137521761,-0.03888747888747889,0.21920052514232932,0.5186640762269571
16162,1000,9.952801992416381,10.411158548355102,0.45835649967193604,1.310819149017334,0.3245986998081207,0.7362920045852661,0.4116933047771454,0.9987397959183674,0.9988367346938776,-0.035102591299989765,0.2674324134140599,0.5457486631590072,-0.03888338688338689,0.21924906015552936,0.5186640762269571
19228,1000,7.110323945999146,7.063680736541748,-0.046643227338790894,0.8503085970878601,-0.1187751442193985,0.15720424056053162,0.2759793996810913,0.9985918367346939,0.997704081632653,-0.02508822610916328,0.4280739506383714,0.6860565347526064,-0.03877985077985078,0.22047966015299073,0.5204289120973892
7003,997,0.3340641236305237,0.33586522237956523,0.0018011003267019987,0.07287678867578506,0.0008400241495110095,0.011926759034395218,0.01108673494309187,0.056091836734693874,0.05361224489795918,-0.05699465121537882,0.07204584038164362,0.3034401277250402,-0.03872781635342322,0.22179575148467368,0.5208334473320568
16721,1000,10.829443162918091,12.232849334716796,1.4034061431884766,1.6862342357635498,1.3613349199295044,1.5939526557922363,0.23261773586273193,0.9978214285714285,0.9990255102040816,-0.03778781132531126,0.23252202927168028,0.5324200332285121,-0.0386990906990907,0.22144297908122845,0.5208334473320568
4832,1000,9.49679663181305,9.978003554344177,0.4812069833278656,1.184095859527588,0.38857796788215637,0.6936919093132019,0.30511394143104553,0.9983112244897959,0.99875,-0.04404114015652335,0.16403249824974409,0.45404871938202357,-0.03861347061347061,0.22246755377454513,0.5208334473320568
9458,998,0.30264801210165027,0.30080615895986557,-0.0018418531399220228,0.06019072234630585,-0.006711890920996666,0.004135914612561464,0.010847805067896843,0.0561530612244898,0.05352551020408163,-0.024383540996391857,0.4416245288531488,0.6964827371340409,-0.038607816444332,0.22299959124650254,0.5208334473320568
16323,1000,8.379566489219666,9.087312600135803,0.7077460885047913,1.1953864097595215,0.6073979735374451,0.8595461249351501,0.2521481513977051,0.943045918367347,0.9481275510204081,-0.006282241386346908,0.8427200667956114,0.9322779731963556,-0.03852444252444253,0.22353649961628275,0.5208334473320568
23237,1000,10.615664861679077,10.8134572763443,0.1977924257516861,1.2784955501556396,0.06066019833087921,0.42861834168434143,0.367958128452301,0.9983877551020408,0.9983877551020408,-0.04685984191236002,0.13866029279760955,0.4184601694424276,-0.0384919824919825,0.22392715306206304,0.5208334473320568
19394,1000,14.382429691314698,14.733763557434083,0.3513337969779968,1.4330506324768066,0.33639755845069885,0.4883931279182434,0.15199556946754456,0.9985510204081632,0.9991326530612245,-0.03714450774749707,0.2405759809010092,0.5371696538205487,-0.03848214248214249,0.2240456728746837,0.5208334473320568
3763,1000,9.768996908187866,9.956201098442078,0.18720416724681854,1.1174887418746948,0.08855372667312622,0.23706480860710144,0.14851108193397522,0.9983979591836735,0.9983316326530612,0.044846028933868305,0.15645508971024605,0.4421914903915901,0.03837213837213837,0.2253736870503293,0.5219507400534702
21826,1000,8.742852046966552,9.416154616355897,0.6733024716377258,1.2184785604476929,0.5767230987548828,0.7973059415817261,0.22058284282684326,0.9983316326530612,0.99875,0.03745729193657071,0.236635841116697,0.5324200332285121,0.03836184236184236,0.2254982713080169,0.5219507400534702
279,1000,9.10937372493744,9.498810813903809,0.38943713903427124,1.1911488771438599,0.22887982428073883,0.6794220805168152,0.45054227113723755,0.993484693877551,0.9898775510204082,-0.03802285564506122,0.22962754623948722,0.5303655584112028,-0.03816315816315817,0.22791202054239434,0.5249203077143614
18818,1000,9.05512173652649,9.741151267051697,0.6860295534133911,1.2170190811157227,0.6204123497009277,0.8317509889602661,0.21133863925933838,0.9982857142857143,0.9992755102040817,-0.030801114293986628,0.3305386912734499,0.6039938124995071,-0.03812274212274212,0.22840526328936914,0.5249203077143614
3275,1000,9.2936776638031,9.709446192741394,0.4157685339450836,1.1174297332763672,0.3071085512638092,0.7603210210800171,0.4532124698162079,0.9978214285714285,0.9988163265306123,-0.026420048178424218,0.40395647108911364,0.668488828890151,-0.038102990102990106,0.22864659552111607,0.5249203077143614
15360,1000,7.935275089263916,8.183514636039734,0.24823951721191406,1.0067607164382935,0.17539115250110626,0.41141021251678467,0.2360190600156784,0.9473316326530612,0.9516020408163265,0.00340341828810601,0.9143992759914258,0.9647002184821132,-0.038095658209945184,0.22873622347329714,0.5249203077143614
9549,1000,10.176257586479187,10.400767886161804,0.2245103120803833,1.0793832540512085,0.1509212702512741,0.389133483171463,0.2382122129201889,0.9983163265306122,0.9981326530612245,-0.05692998942531264,0.07194085054854649,0.3034401277250402,-0.03790254190254191,0.2311059515915972,0.5279029184525047
6955,1000,9.677284979820252,10.76557669353485,1.0882917642593384,1.4541618824005127,1.0067323446273804,1.2008041143417358,0.19407176971435547,0.9978214285714285,0.9990408163265306,-0.01790957678295573,0.5716061868524,0.7993555269264031,-0.0378994338994339,0.23114423174001597,0.5279029184525047
24426,1000,9.727305624961852,9.90454454421997,0.17723892629146576,1.134004831314087,0.03527865186333656,0.4801537096500397,0.4448750615119934,0.9984336734693877,0.9990714285714286,-0.058021334263504316,0.06664715252248146,0.2897936915350004,-0.03779037779037779,0.232490285256097,0.5279029184525047
3893,1000,10.132871397018432,10.76541752719879,0.6325461268424988,1.2639614343643188,0.47042062878608704,0.9991337656974792,0.5287131071090698,0.99825,0.9989030612244898,-0.02182367837824681,0.4906066576978122,0.7442253536263422,-0.03773310173310173,0.23319945020637609,0.5279029184525047
6405,998,0.2726155406981707,0.28035127101838586,0.0077357301488518715,0.059078149497509,0.004841887857764959,0.012870211154222488,0.008028322830796242,0.05568877551020408,0.053066326530612246,-0.07119302368085323,0.024505856542605075,0.18277284671359617,-0.037732309025145454,0.23367838466482008,0.5279029184525047
15215,1000,10.612863702774048,10.791225722312927,0.17836199700832367,1.1847575902938843,0.0798192024230957,0.3999892473220825,0.3201700448989868,0.9986377551020408,0.9989948979591837,-0.03954862043274753,0.21145964132621756,0.5096335603612633,-0.03769192969192969,0.23371016823351548,0.5279029184525047
22566,1000,10.250969796180724,11.25065398311615,0.99968421459198,1.4630080461502075,0.9137157797813416,1.2100399732589722,0.2963241934776306,0.9986887755102041,0.9989234693877551,-0.024931005042929517,0.43097521047169934,0.6867468487338355,-0.03766788166788167,0.23400883759042035,0.5279029184525047
16983,1000,8.327321419715881,8.794512026786805,0.46719062328338623,1.014723300933838,0.4132453501224518,0.6127026081085205,0.19945725798606873,0.9983112244897959,0.9988775510204082,-0.019282441620407126,0.5424857803001388,0.7806071546051563,-0.03766224166224166,0.23407892387504883,0.5279029184525047
742,1000,8.503901434898376,8.600719265937805,0.09681782871484756,1.0768579244613647,0.08916106075048447,0.1383199840784073,0.04915892332792282,0.9416377551020408,0.94425,0.0206499065242427,0.5142333303589374,0.7607253399524777,0.03762241362241363,0.23457427510700207,0.5279029184525047
4720,1000,9.187238638877869,9.771659888267518,0.5844212770462036,1.1815245151519775,0.5291758179664612,0.7270945310592651,0.19791871309280396,0.9983010204081633,0.9986989795918367,-0.005196124935007242,0.8696433745658939,0.9466322979482378,-0.03758158958158959,0.235082782756699,0.5279029184525047
12064,1000,7.956956116676331,8.372976430892944,0.41602033376693726,1.0150214433670044,0.3771515488624573,0.46043822169303894,0.08328667283058167,0.9750204081632653,0.9806683673469387,-0.027527542662581138,0.38453359743025756,0.6597269706710809,-0.03755272955272956,0.2354427355109402,0.5279029184525047
10783,1000,10.890041893005371,11.351394196510315,0.46135222911834717,1.3635377883911133,0.29700732231140137,0.6092977523803711,0.3122904300689697,0.9989897959183673,0.9989489795918367,0.03342878690465752,0.2909298071515697,0.5640047163913102,0.037488325488325494,0.23624741032172536,0.5286035805948605
4211,1000,10.678259731292725,11.788880523681641,1.1106208562850952,1.6106159687042236,1.0496665239334106,1.311545729637146,0.26187920570373535,0.9977448979591836,0.9988826530612245,-0.01208852297331714,0.7026034164781361,0.8623955077685922,-0.037243057243057244,0.2393296055248645,0.5288910037626485
9632,998,0.3246562123000622,0.33161792741715906,0.0069617158733308315,0.0686383992433548,0.009226365014910698,0.010562893934547901,0.0013365289196372032,0.05621938775510204,0.05354081632653061,-0.061293338513179633,0.052902019473158465,0.25593139150528016,-0.037235497731030624,0.2398966618972868,0.5288910037626485
10300,1000,13.638735982894897,14.065638757705688,0.42690277099609375,1.7233037948608398,0.27471762895584106,0.7844409942626953,0.5097233653068542,0.9988826530612245,0.9994081632653061,-0.054516189701677646,0.08487431604649033,0.32509585928427187,-0.03718772518772519,0.24002884023474202,0.5288910037626485
23771,1000,9.396010476112366,9.39989844417572,0.0038879956118762493,1.1619467735290527,-0.10969503223896027,0.4117044508457184,0.5213994979858398,0.9426887755102041,0.9454285714285714,-0.03498456481683024,0.26904532786807656,0.5462281325714824,-0.03716239316239317,0.24034944197605088,0.5288910037626485
12564,998,1.6529684888124465,1.55515056681633,-0.09781792014837265,0.21043185889720917,-0.10191530734300613,-0.08849085122346878,0.013424456119537354,0.05680102040816327,0.053964285714285715,-0.06002929495180374,0.05799616763953225,0.26618753865323774,-0.03714815452031107,0.2410018098822464,0.5288910037626485
11018,1000,9.509936169624329,10.09964359474182,0.5897073745727539,1.2397770881652832,0.5756078958511353,0.66888827085495,0.0932803750038147,0.9981428571428571,0.9987602040816327,-0.052671408348125975,0.0959749045434429,0.342895770081056,-0.03713592113592114,0.24068479335477663,0.5288910037626485
19068,1000,9.845196446418763,10.173380819320679,0.3281843960285187,1.205135464668274,0.2562429904937744,0.4956176280975342,0.23937463760375977,0.9981326530612245,0.9986326530612245,-0.02627870511659736,0.4064768088335642,0.6691640520916502,-0.03712725712725713,0.24079462169172938,0.5288910037626485
14782,1000,9.970684717178345,10.681112169265747,0.710427463054657,1.3259680271148682,0.538529098033905,1.023740530014038,0.48521143198013306,0.9987091836734694,0.9992704081632653,-0.044407329164295004,0.1605515636694658,0.44877297405524846,-0.037100437100437096,0.24113482617371326,0.5288910037626485
7818,1000,8.779348754882813,9.128081244468689,0.34873244166374207,0.998569130897522,0.23666422069072723,0.6636419892311096,0.4269777536392212,0.9986632653061225,0.9989030612244898,-0.028675415030988905,0.3650161143670482,0.6396371705986973,-0.03707614907614908,0.2414432043783201,0.5288910037626485
20005,1000,11.313775701522827,11.4339391746521,0.12016350030899048,1.3525974750518799,0.018048003315925598,0.3092224597930908,0.2911744713783264,0.9989285714285714,0.9987704081632653,-0.023980213509523285,0.4487614974589098,0.7036056179136776,-0.03706851706851707,0.2415401630418231,0.5288910037626485
22376,1000,10.207611598968505,10.229762274742127,0.022150643169879913,1.1540075540542603,-0.08380697667598724,0.10982499271631241,0.19363197684288025,0.99875,0.9989030612244898,-0.015673755021180662,0.6205590761167162,0.8190627954807441,-0.037047121047121045,0.2418121285764009,0.5288910037626485
7399,1000,9.263203570365906,9.835981810569763,0.5727782249450684,1.1605405807495117,0.46935805678367615,0.7867722511291504,0.31741419434547424,0.9986734693877551,0.9989540816326531,-0.02493735859038143,0.43085774569395013,0.6867468487338355,-0.037008169008169015,0.2423078014998385,0.5288910037626485
17876,1000,9.866143080711364,10.187790848731995,0.3216477632522583,1.3020917177200317,0.23059649765491486,0.3919162154197693,0.16131971776485443,0.9984030612244897,0.9988061224489796,-0.009330103205854774,0.7682374519032333,0.8978096010272825,-0.03697129297129297,0.2427777140176776,0.5288910037626485
16227,1000,9.413713985443115,9.420169845581055,0.006455894559621811,1.1353363990783691,-0.06993445754051208,0.12722083926200867,0.19715529680252075,0.9429030612244897,0.9456632653061224,0.012005161210082799,0.7045576358087868,0.8626511892451943,0.0367976527976528,0.24499901402874658,0.532649678273024
4718,1000,9.882289701461792,10.36303160762787,0.4807419180870056,1.271612286567688,0.3391234874725342,0.8698970079421997,0.5307735204696655,0.9983112244897959,0.9988520408163265,-0.0435022976211286,0.16925746726222385,0.46255094106775674,-0.03674672474672475,0.2456532057479261,0.5329930161076215
18537,1000,9.72328660583496,10.20190678215027,0.47862011194229126,1.2739089727401733,0.3782390058040619,0.546065092086792,0.1678260862827301,0.9985408163265306,0.9990816326530613,0.07123959761006539,0.024269296902493492,0.18227429981313295,0.036550380550380554,0.24818677151917387,0.5368459103862533
227,1000,8.682059580802918,9.207965119361877,0.5259055495262146,1.1021302938461304,0.4232051372528076,0.7730041742324829,0.3497990369796753,0.9983316326530612,0.9989183673469387,-0.05891541156143501,0.06255284684329111,0.2787624792933388,-0.03650593250593251,0.2487628405929096,0.5368459103862533
18203,1000,9.873634826660156,10.445218524932862,0.5715837478637695,1.2701029777526855,0.4615514576435089,0.7800912857055664,0.3185398280620575,0.9983316326530612,0.9987704081632653,-0.006927181464943299,0.8268172529211824,0.9299049273688164,-0.03647830847830848,0.24912133200948242,0.5368459103862533
21351,1000,8.933644503593445,9.385274230003358,0.45162972807884216,1.0966613292694092,0.3799069821834564,0.515816867351532,0.13590988516807556,0.9981173469387755,0.9989744897959184,0.01861208944254082,0.5566123469726013,0.7873678272942233,-0.036454668454668465,0.24942840715338954,0.5368459103862533
6078,1000,10.237762931823731,10.642288857460022,0.40452590584754944,1.2795522212982178,0.36667993664741516,0.4617226719856262,0.09504273533821106,0.9981581632653062,0.999061224489796,0.06489877995038196,0.04018169691726167,0.22360177455512456,0.03637923637923638,0.25041000755138443,0.5376227528755423
626,1000,8.437778871536254,8.941978693962097,0.5041998028755188,1.0711688995361328,0.46047312021255493,0.618743896484375,0.15827077627182007,0.9440714285714286,0.9491785714285714,-0.041565660660632366,0.1890666440065764,0.48929536304352544,-0.03635005235005235,0.25079050203970826,0.5376227528755423
10777,1000,10.240875421524049,10.834637004852295,0.5937616229057312,1.3293484449386597,0.5245202779769897,0.8503477573394775,0.3258274793624878,0.998061224489796,0.9985102040816326,-0.06187799109046701,0.05044380184991389,0.25316188405050244,-0.03624303624303624,0.25218919998983064,0.5387540402784013
6447,1000,9.600170230865478,10.356352129936218,0.7561818957328796,1.314021348953247,0.7184988260269165,0.8794589638710022,0.1609601378440857,0.9981479591836735,0.9990459183673469,-0.02361129269105294,0.45577328558551383,0.7098998041832444,-0.03622844422844423,0.252380337129629,0.5387540402784013
7422,1000,10.458314901351928,10.860144972801208,0.4018300771713257,1.3646811246871948,0.30868324637413025,0.6732409000396729,0.3645576536655426,0.9981326530612245,0.9987142857142857,-0.035802304720601065,0.2580067370421398,0.5425429181846765,-0.03616800016800017,0.25317315239582844,0.5387540402784013
6061,1000,6.383991535186768,6.506398978710174,0.1224074587225914,0.8332144618034363,0.06318855285644531,0.2437930852174759,0.18060453236103058,0.9417755102040817,0.9457448979591837,-0.021197364982819985,0.5031406256930172,0.7536583430882853,-0.036142296142296144,0.25351082391397195,0.5387540402784013
16639,1000,9.916443848609925,11.664953581809998,1.7485097646713257,1.960543155670166,1.6583017110824585,1.9145455360412598,0.25624382495880127,0.998,0.9994489795918368,-0.013033903327698581,0.6805811754797021,0.8503726082164799,-0.03610956010956011,0.25394132744896486,0.5387540402784013
7392,1000,9.172350770950317,9.221417330741883,0.04906652122735977,1.054857611656189,-0.026047781109809875,0.14176450669765472,0.1678122878074646,0.9985357142857143,0.9981683673469388,-0.03254858809719561,0.30382667687098663,0.5780910561810616,-0.03607954807954808,0.2543364544798338,0.5387540402784013
10704,1000,8.53796868801117,8.38267059993744,-0.15529809892177582,0.9453591108322144,-0.17092476785182953,-0.14060178399085999,0.030322983860969543,0.9983775510204081,0.997734693877551,0.035369162506852535,0.2638139948240564,0.5447260023574894,0.03604213204213204,0.2548296577853146,0.5387540402784013
10792,1000,9.843118773460388,10.40356795978546,0.5604491829872131,1.2565478086471558,0.4998199939727783,0.7377308011054993,0.23791080713272095,0.9975306122448979,0.9986887755102041,-0.06099054346863567,0.0538460202377988,0.2574939574503736,-0.035921087921087926,0.25642976124610306,0.541071834142072
4912,1000,8.516784872055053,8.698436614990234,0.1816517412662506,1.088739275932312,0.07320407778024673,0.43948355317115784,0.3662794828414917,0.9677857142857142,0.9644948979591836,-0.06614618489643465,0.03649216678447036,0.21388540262054542,-0.03583627183627184,0.25755510275010507,0.5423807457913977
13456,1000,9.799919689178466,10.36302495098114,0.5631052851676941,1.1993662118911743,0.5223997831344604,0.723217785358429,0.2008180022239685,0.9985,0.9990051020408163,-0.04704807965965907,0.1370799415841825,0.41838941540127955,-0.03567256767256767,0.25973679523135157,0.5459047320518035
16103,1000,8.605000009536743,9.044533275604248,0.4395332634449005,1.041439175605774,0.3468851149082184,0.6374576091766357,0.29057249426841736,0.9976479591836734,0.9984489795918368,-0.026899362803889486,0.3954794456143158,0.6641319025590071,-0.03553514353514354,0.2615780905365236,0.5487009164770046
11449,1000,10.264698741912841,10.72788389968872,0.4631851613521576,1.252177119255066,0.3263257145881653,0.7028942108154297,0.3765684962272644,0.998704081632653,0.9989489795918367,0.015100868903144098,0.6333896503178725,0.8238560996196632,0.03540329940329941,0.26335307018685816,0.5513473633151768
5184,1000,8.882403862953186,9.302342007637025,0.4199381172657013,1.01492440700531,0.34875327348709106,0.6219383478164673,0.2731850743293762,0.9984438775510204,0.9984234693877551,-0.051990042021485786,0.10035717450547343,0.3499467708405145,-0.03526679926679927,0.2651994578027219,0.5541327192220299
11472,995,0.27098217502981425,0.2644409936964512,-0.006541179958730936,0.0588553361594677,-0.006193957291543484,-0.006279075983911753,-8.511869236826897e-05,0.05561734693877551,0.05287755102040816,-0.02091359122036866,0.5099386547082828,0.7580238639726005,-0.03521649360959607,0.26708366477235784,0.5569861280883734
17378,1000,10.205781076431274,10.284320351600647,0.07853925973176956,1.17008638381958,0.042780596762895584,0.24514533579349518,0.2023647427558899,0.9983163265306122,0.9981224489795918,-0.017728097072898002,0.5755104804361787,0.8009477271461598,-0.03503847514359057,0.26830778017453866,0.5584545657121212
7047,1000,10.441973815917969,10.535870923995972,0.09389714151620865,1.2296184301376343,0.07665583491325378,0.2917136251926422,0.21505779027938843,0.9984897959183674,0.9986224489795918,-0.03959321769902833,0.2109446762282356,0.5096335603612633,-0.03498631098631099,0.2690214167511164,0.5588568696145049
19095,1000,9.76937459373474,10.71289054298401,0.9435160160064697,1.4275037050247192,0.8685091733932495,1.047680139541626,0.17917096614837646,0.9977142857142857,0.9991224489795918,-0.053165536846806534,0.09289359295524167,0.33705310416868095,-0.034902478902478905,0.27017101281029665,0.5601615207688391
9699,1000,8.47764764881134,9.2381695728302,0.7605218887329102,1.195340633392334,0.6503170132637024,0.9714017510414124,0.32108473777770996,0.9974387755102041,0.9988673469387755,-0.0218254366523569,0.49057170806539596,0.7442253536263422,-0.034720138720138724,0.272683059792994,0.5626294307778501
4252,1000,9.942566742897034,9.970761796951294,0.02819507010281086,1.2710180282592773,0.007930927909910679,0.018265333026647568,0.010334405116736889,0.9980714285714286,0.99775,-0.03359679131618599,0.2885105796804327,0.5637524327709843,-0.03471950271950272,0.2726918496188549,0.5626294307778501
21588,1000,11.823169829368592,13.285071998596191,1.4619022607803345,2.0377936363220215,1.3387480974197388,1.6229594945907593,0.2842113971710205,0.9975255102040816,0.998780612244898,0.032492908833262335,0.3046550631270772,0.5780910561810616,0.0347020667020667,0.272932898915512,0.5626294307778501
3454,1000,6.200645775794983,6.359976945400238,0.15933117270469666,0.7162948250770569,0.08017220348119736,0.34862634539604187,0.2684541344642639,0.9415459183673469,0.9448775510204082,-0.06237056344267664,0.04863432611576064,0.24991993420252118,-0.03465470265470266,0.2735884313939133,0.5629003358564423
8484,1000,9.304196022987366,9.593163771629333,0.28896769881248474,1.144043207168579,0.13744141161441803,0.5987955331802368,0.46135413646698,0.9431734693877551,0.9452295918367347,-0.04755015859555686,0.13293257868203662,0.4107587953319873,-0.034542670542670545,0.2751432636027337,0.5650169504958623
6074,998,0.2362220918610692,0.22322568047046662,-0.012996410951018333,0.05695170909166336,-0.01486138440668583,-0.011694446206092834,0.0031669382005929947,0.05554591836734694,0.05300510204081633,-0.01632692698605591,0.6064313352707457,0.8121038080807741,-0.0344920792696987,0.2763292657641022,0.5654757584219743
3542,1000,11.165841486930848,11.046318244934081,-0.11952318251132965,1.2958883047103882,-0.29163581132888794,0.17810426652431488,0.469740092754364,0.9989489795918367,0.9987857142857143,-0.017148413573361675,0.5880651267187074,0.8040150815360316,-0.034421626421626425,0.27682992518701044,0.5654757584219743
7015,1000,8.748529960632323,9.270351865768433,0.521821916103363,1.1301335096359253,0.4038248658180237,0.794562578201294,0.39073771238327026,0.9981377551020408,0.9987448979591836,-0.02685582382222882,0.39624500265011825,0.6641319025590071,-0.03441329841329842,0.27694622805396507,0.5654757584219743
2835,1000,10.19729819393158,10.479993412971497,0.2826952040195465,1.1989467144012451,0.2265716791152954,0.29775863885879517,0.07118695974349976,0.9983214285714286,0.998454081632653,0.0601614439446994,0.057195309983823904,0.2646084272565296,0.03434261834261834,0.277934632605598,0.566097195873848
7911,1000,9.624773649215697,10.01462780380249,0.3898541331291199,1.1208361387252808,0.36785516142845154,0.283773809671402,-0.08408135175704956,0.998280612244898,0.9990969387755102,0.06474203908959453,0.040666908144236555,0.2240158539841274,0.03431619431619432,0.2783047666865845,0.566097195873848
12292,1000,8.624658504486083,9.002568221092224,0.37790974974632263,1.08078134059906,0.27417001128196716,0.6295313239097595,0.35536131262779236,0.9979285714285714,0.9982755102040817,-0.025161283250153453,0.42672967150964697,0.6850637775805095,-0.034197634197634205,0.2799696175737738,0.5678535299458543
18724,1000,8.445336015701294,8.394133845329284,-0.05120218172669411,1.0276501178741455,-0.0693359300494194,0.025260211899876595,0.09459614008665085,0.9983775510204081,0.9982295918367347,-0.028621853642611814,0.36591285327341194,0.6396371705986973,-0.03417944217944218,0.28022567120233033,0.5678535299458543
16518,1000,10.092649222373963,11.258990510940551,1.1663413047790527,1.5848501920700073,1.0571101903915405,1.37887442111969,0.3217642307281494,0.9979336734693878,0.999219387755102,0.00816288404811575,0.7965500719367263,0.9151348257044061,-0.03410833010833011,0.28122810123822267,0.5688116397925634
8903,1000,10.60814225101471,11.452031381607055,0.8438891172409058,1.4734134674072266,0.7688108682632446,1.0992814302444458,0.33047056198120117,0.9981632653061224,0.9988673469387755,-0.016544001626307026,0.601288352243603,0.8082399127780096,-0.033985461985461984,0.28296583039966194,0.5712274127621524
23000,1000,10.026121753692626,10.192898812294006,0.16677701473236084,1.1460163593292236,0.1480131596326828,0.15977011620998383,0.011756956577301025,0.9985816326530612,0.9990255102040816,0.045306263049723565,0.1522431271688328,0.4339414828678807,0.033948765948765953,0.2834862299834518,0.5712274127621524
620,998,0.2761796294748783,0.24289850015938283,-0.03328113257884979,0.06316263228654861,-0.03794192150235176,-0.024706412106752396,0.013235509395599365,0.05591836734693877,0.052744897959183676,-0.04784592720139563,0.13092146425445467,0.40644196156408197,-0.03390140572227916,0.28464210632404746,0.5724824385618482
10363,1000,10.036364753723145,10.880935347557068,0.8445705771446228,1.4184194803237915,0.7129597067832947,1.1970701217651367,0.48411041498184204,0.998061224489796,0.9986377551020408,-0.04261863308878415,0.1780943476600679,0.47580430195749485,-0.03379168579168579,0.2857211517358446,0.5735785363818638
507,1000,11.159952340126038,11.15999909877777,4.677963079302572e-05,1.3447623252868652,-0.14659662544727325,0.2320595532655716,0.37865617871284485,0.9991020408163265,0.9989591836734694,-0.03167115405933112,0.3170549628117584,0.5911753994094244,-0.0335997215997216,0.28846850472403973,0.5780133844657065
4118,1000,9.776698724746705,10.485161455154419,0.7084627747535706,1.3005070686340332,0.5656779408454895,0.9073010683059692,0.34162312746047974,0.9984642857142857,0.9989183673469387,-0.026660854109360258,0.39968414880239095,0.6641319025590071,-0.03331401331401332,0.29259033255452327,0.5851806651090465
23673,1000,10.477888324737549,10.689485467910767,0.21159714460372925,1.3365129232406616,0.1454867571592331,0.41233375668525696,0.26684701442718506,0.9986632653061225,0.9985102040816326,-0.018992209367754524,0.5485799907274126,0.7806071546051563,-0.03324756924756925,0.29355453307271473,0.5860177853533376
3256,1000,10.080702774047852,10.62878186416626,0.5480790734291077,1.308232307434082,0.45247429609298706,0.7391315698623657,0.28665727376937866,0.9981377551020408,0.9990969387755102,0.005481811519400765,0.8625456369934734,0.9466322979482378,-0.033189753189753195,0.29439525853289555,0.5866057656110015
23356,1000,11.126246868133546,11.206265213012696,0.08001834154129028,1.2793930768966675,0.02649584971368313,0.23696587979793549,0.2104700356721878,0.9992091836734693,0.9988928571428571,-0.015754504175590232,0.6187597026337266,0.8190627954807441,-0.03313696513696514,0.2951642760150444,0.587048948963255
19148,1000,10.380397840499878,10.532512667655945,0.1521148681640625,1.1767984628677368,-0.029542382806539536,0.40001532435417175,0.4295577108860016,0.998484693877551,0.9991173469387755,-0.029199416862666736,0.35631556809595594,0.6346317083500111,-0.03301865701865702,0.2968926673884402,0.5893950550373102
14765,1000,9.88404139137268,10.668824222564698,0.7847828269004822,1.4564521312713623,0.799992024898529,0.8971463441848755,0.09715431928634644,0.9982397959183673,0.9991989795918368,-0.04861358443871762,0.12446919235691052,0.3955026999743252,-0.032857952857952864,0.29925123702208284,0.5929812335087029
12032,1000,9.797063770294189,9.79319023990631,-0.003873520763590932,1.2345353364944458,-0.12323680520057678,0.1466623842716217,0.2698991894721985,0.9982295918367347,0.9979489795918367,-0.01923794440169832,0.543417928242796,0.7806071546051563,-0.032715020715020714,0.30135943738439336,0.595612640606221
12159,1000,10.449021611213684,10.897883954048156,0.44886237382888794,1.3497575521469116,0.33869025111198425,0.5854769349098206,0.2467866837978363,0.9984948979591837,0.9988877551020409,-0.021335521818193693,0.5003613471770768,0.7526443793671995,-0.03268563268563269,0.30179412177885223,0.595612640606221
15289,1000,8.111942254066467,8.457573115348817,0.34563085436820984,1.0009803771972656,0.2559424936771393,0.5817381739616394,0.3257956802845001,0.9985306122448979,0.9987397959183674,-0.027702679784075056,0.38151518338855966,0.6558508670460009,-0.03263926463926464,0.3024808081392361,0.595612640606221
22170,1000,10.69251030445099,10.929217185974121,0.2367069125175476,1.2544625997543335,0.1543407440185547,0.45058369636535645,0.29624295234680176,0.9986173469387755,0.9985561224489796,-0.04369253888237455,0.1673987116919553,0.4602248321984566,-0.03261790461790462,0.30279748768249226,0.595612640606221
7842,1000,10.244698907852174,10.150268456459045,-0.09443046897649765,1.1917959451675415,-0.21437682211399078,0.16330841183662415,0.3776852488517761,0.9985714285714286,0.9986683673469388,-0.05120849232639768,0.10557830942182551,0.35997175974298606,-0.032562800562800566,0.3036154659105364,0.5961298178938137
15284,1000,9.506403017997743,10.115436674118042,0.6090336441993713,1.215305209159851,0.5470885634422302,0.7501676678657532,0.20307910442352295,0.9979897959183673,0.9989846938775511,-0.04397212867206467,0.16469482173554817,0.4547101247917191,-0.03238817638817639,0.3062173065684999,0.6001412176178265
13731,1000,10.24174608516693,11.239488572120667,0.9977424144744873,1.4871102571487427,0.8861120343208313,1.1665199995040894,0.28040796518325806,0.9973367346938775,0.9989285714285714,-0.013245201933594243,0.6756952229926625,0.847776483053878,-0.03234008034008034,0.3069365054289254,0.6001424177271593
11716,1000,9.169179087638854,9.396830764770508,0.2276516705751419,1.074630618095398,0.13961556553840637,0.40145307779312134,0.26183751225471497,0.9983418367346939,0.9985561224489796,-0.013972335776023633,0.6589864364016955,0.8385680482173233,-0.03230470430470431,0.30746620944761816,0.6001424177271593
8119,1000,11.05239054107666,11.356221057891846,0.30383050441741943,1.2630085945129395,0.15669254958629608,0.5545439720153809,0.3978514075279236,0.9987602040816327,0.9985561224489796,-0.07946784775944082,0.0119428865537693,0.12503526653757693,-0.032276144276144274,0.3078942943833005,0.6001424177271593
2637,1000,8.303481743812561,8.910002093315125,0.6065202951431274,1.103992223739624,0.5197656750679016,0.7733780741691589,0.2536123991012573,0.997704081632653,0.9992397959183673,-0.003648252881757901,0.9082675947952994,0.9633429608222384,-0.03221063621063622,0.30887767860658705,0.6007509395618632
17350,1000,10.14956024837494,9.903008335113526,-0.24655191600322723,1.2900727987289429,-0.3393281400203705,-0.07762934267520905,0.26169878244400024,0.999030612244898,0.9986020408163265,-0.01295043011407987,0.6825150728888321,0.8503726082164799,-0.03210382410382411,0.31048554615935553,0.6007509395618632
18867,1000,9.794613891601562,10.070381371498108,0.27576744556427,1.2229357957839966,0.1300215721130371,0.5841757655143738,0.45415419340133667,0.9986530612244898,0.9986632653061225,-0.0724478007279853,0.02195494424775253,0.17596723971706132,-0.032073572073572074,0.31094193766053013,0.6007509395618632
12848,1000,11.126931295394897,11.585839606285095,0.4589082598686218,1.3554331064224243,0.3313485085964203,0.6773103475570679,0.3459618389606476,0.9985102040816326,0.9988061224489796,-0.02540490221764878,0.4222647872402584,0.6830005745422252,-0.032056856056856056,0.3111943101421573,0.6007509395618632
17784,1000,9.167842047691344,9.340063563346863,0.17222152650356293,1.113991141319275,0.14845307171344757,0.19305256009101868,0.044599488377571106,0.9437397959183673,0.9466479591836735,0.03071311247060573,0.33192286868244575,0.6052379642868365,0.03204026623250783,0.3114449107635374,0.6007509395618632
1999,1000,10.355015195846558,11.249744290351869,0.8947290778160095,1.4950095415115356,0.7343822121620178,1.1240829229354858,0.389700710773468,0.9985765306122449,0.9989489795918367,-0.006918849679220833,0.8270222598544616,0.9299049273688164,-0.03198693198693199,0.3122514609931079,0.6007509395618632
4564,1000,10.145000717163086,11.080110445976258,0.9351097345352173,1.4835525751113892,0.7503790855407715,1.2442151308059692,0.49383604526519775,0.998219387755102,0.9992704081632653,-0.042687701722361616,0.1773915263073442,0.47580430195749485,-0.031937299937299934,0.31300325793262246,0.6007509395618632
14927,1000,13.396272508621216,13.36447354888916,-0.03179892152547836,1.5744887590408325,-0.17742455005645752,0.19995053112506866,0.377375066280365,0.9989540816326531,0.9982551020408164,-0.01898409585571777,0.5487508395967347,0.7806071546051563,-0.03193174393174393,0.31308749102373096,0.6007509395618632
15982,1000,13.358634539604187,15.162494071960449,1.8038595914840698,2.147815465927124,1.656121850013733,1.980833649635315,0.32471179962158203,0.9979081632653061,0.9992040816326531,-0.036089978432082566,0.2541990840065044,0.5416861432995749,-0.031921639921639926,0.3132407133655898,0.6007509395618632
6664,1000,10.613847625732422,10.63243608379364,0.01858844794332981,1.2332502603530884,-0.1672113984823227,0.2779938578605652,0.4452052712440491,0.9991530612244898,0.9987142857142857,0.03381836602444091,0.28534071192652943,0.5637524327709843,0.03187413187413188,0.31396181013069524,0.6010605776833631
5481,1000,9.104605399131774,9.671277144432068,0.5666717290878296,1.1988093852996826,0.48443734645843506,0.7511011958122253,0.2666638493537903,0.998280612244898,0.9988214285714285,-0.03358360035520436,0.28870003540413536,0.5637524327709843,-0.03172273972273973,0.3162669705761972,0.6022799479661544
23330,1000,8.140693599700928,8.450898694038392,0.3102051019668579,1.0247514247894287,0.19423240423202515,0.6213192343711853,0.42708683013916016,0.9984948979591837,0.998719387755102,-0.05511743221713012,0.08148908053675376,0.32176203123703506,-0.0316981756981757,0.3166420359500837,0.6022799479661544
1353,1000,10.225184999465942,10.722932542800903,0.4977475702762604,1.310039758682251,0.4465455412864685,0.5826682448387146,0.1361227035522461,0.9980867346938775,0.9983979591836735,-0.0025679186468315304,0.9353598115814763,0.9711962543327307,-0.0316906876906877,0.31675642743739474,0.6022799479661544
15808,1000,9.90714119720459,10.04028139781952,0.1331402212381363,1.199951410293579,0.06564110517501831,0.2194799929857254,0.1538388878107071,0.9988673469387755,0.998719387755102,-0.015683537629413095,0.6203409643688877,0.8190627954807441,-0.03168509568509569,0.31684187206785586,0.6022799479661544
19138,1000,9.61974232006073,10.463855909347535,0.8441135287284851,1.4064838886260986,0.746160626411438,1.1075387001037598,0.3613780736923218,0.9981938775510204,0.9987959183673469,-0.08087568026467251,0.010512272908571164,0.12271935982397207,-0.03161737961737962,0.31787775704146937,0.6031814683083712
20309,998,0.23981588171422483,0.2950029281526804,0.05518704652786255,0.07811959087848663,0.05645841732621193,0.05624863877892494,-0.0002097785472869873,0.05558163265306122,0.0533265306122449,-0.042549084546976826,0.17924033621452115,0.47662101923925826,-0.031449702456711456,0.32093793862301956,0.6079141906192645
4553,1000,9.98963255405426,9.6202786693573,-0.36935389041900635,1.1499582529067993,-0.43596047163009644,-0.042009372264146805,0.39395108819007874,0.998704081632653,0.9984693877551021,-0.03592995858124609,0.2563122623957236,0.5425429181846765,-0.03133651933651934,0.32219784000218205,0.6080137179529908
8486,1000,11.127257851600646,11.678422799110413,0.5511649250984192,1.3513413667678833,0.47020068764686584,0.7006056308746338,0.23040494322776794,0.9985204081632653,0.9992397959183673,0.019974710884761413,0.528087117947223,0.7706053867871161,0.03128873528873529,0.32293662559954883,0.6080137179529908
20304,1000,10.227554314613343,10.88650937461853,0.6589550971984863,1.3347610235214233,0.5766534209251404,0.9213467240333557,0.34469330310821533,0.9982142857142857,0.9991275510204082,-0.04618848444148768,0.1444109535901899,0.42265611641310197,-0.031283971283971285,0.32301034193549316,0.6080137179529908
14329,1000,10.066762907981872,10.597809882164002,0.5310469269752502,1.2970077991485596,0.39489373564720154,0.7689651250839233,0.3740713894367218,0.9979336734693878,0.998454081632653,-0.024324325879871135,0.442276693806917,0.6964885178132388,-0.03126816726816727,0.3232549655038712,0.6080137179529908
9709,1000,10.046301997184754,10.733881209373473,0.6875792145729065,1.3099745512008667,0.5465461611747742,0.8553007245063782,0.308754563331604,0.9983061224489795,0.999,-0.009075263670187064,0.7743941093860236,0.9020599495451077,-0.031214059214059217,0.3240933936774236,0.6085250084083095
14194,1000,9.795632237434388,10.713277442932128,0.9176452159881592,1.4509763717651367,0.8903230428695679,1.015097737312317,0.12477469444274902,0.9983214285714286,0.9989744897959184,-0.0029274338679872334,0.926334157998382,0.969671428548014,-0.031122811122811126,0.32551052366096717,0.6101192014168914
16653,1000,10.46986964225769,10.491786903381348,0.02191723883152008,1.2338924407958984,-0.05322602018713951,0.28502073884010315,0.33824676275253296,0.9986173469387755,0.9986428571428572,-0.014801449359002718,0.6401399601799694,0.8273289016044371,-0.030966522966522966,0.3279470937666887,0.6131198347004958
6761,1000,9.855331750869752,10.198654558181763,0.3433227837085724,1.1869816780090332,0.3248521685600281,0.3888624608516693,0.06401029229164124,0.9986275510204081,0.9991275510204082,-0.010889525642348857,0.7308940113896422,0.8780538794546707,-0.03091987891987892,0.328676569265522,0.6131198347004958
20869,1000,9.997613647460938,10.636070915222168,0.6384572982788086,1.3522672653198242,0.5517770648002625,0.8141513466835022,0.26237428188323975,0.9980816326530613,0.9988520408163265,-0.03849928324206533,0.22383924676243053,0.5238321448173239,-0.03089314289314289,0.3290951725396156,0.6131198347004958
10375,1000,8.994316926956177,9.49491426563263,0.500597357749939,1.0774978399276733,0.48313677310943604,0.5849305987358093,0.10179382562637329,0.9976734693877551,0.9984642857142857,-0.04779576860810691,0.13093940288749753,0.40644196156408197,-0.030867570867570873,0.3294958738096478,0.6131198347004958
9489,1000,10.770059343338012,11.5663950881958,0.7963356971740723,1.4523231983184814,0.7537965178489685,0.9687783718109131,0.21498185396194458,0.9978418367346938,0.9988877551020409,-0.0625368078870599,0.04803604017152844,0.2480322458856805,-0.030837606930119756,0.32996579558369327,0.6131198347004958
18939,1000,10.151892332077026,10.592094799041748,0.4402024745941162,1.2407478094100952,0.3722212016582489,0.5207781791687012,0.14855697751045227,0.9989132653061225,0.9987551020408163,0.04262044474761811,0.17807588638224825,0.47580430195749485,0.030738510738510735,0.33152299684259684,0.6149493931069931
13714,1000,10.565143701553344,10.575757393836975,0.010613703168928623,1.3202757835388184,-0.02211303822696209,0.0792597308754921,0.10137277096509933,0.9983214285714286,0.9984030612244897,-0.011559508796390488,0.7150376794721882,0.8667612502857,-0.030449514540863084,0.33609133592488794,0.6211454749118436
76,1000,10.397490737915039,11.063394742012024,0.6659040451049805,1.345101237297058,0.5287051200866699,0.9066109657287598,0.37790584564208984,0.9981428571428571,0.999030612244898,-0.034311679615182,0.27836803977062624,0.5577656745784052,-0.03044919044919045,0.3360964816409372,0.6211454749118436
13024,1000,10.84362118434906,11.645731916427613,0.8021107316017151,1.4178518056869507,0.7612419128417969,1.1424071788787842,0.3811652660369873,0.9981734693877551,0.9989642857142857,-0.053631540140145775,0.09006080503666775,0.33177474161820736,-0.03041759441759442,0.3365983858460828,0.6211454749118436
22465,1000,10.184688606262206,10.6297073097229,0.4450186789035797,1.3060417175292969,0.35494717955589294,0.6430983543395996,0.28815117478370667,0.9984591836734694,0.9985969387755103,-0.028961886485616165,0.36024323540384495,0.6371267765103438,-0.03032638232638233,0.33804999254259527,0.6218946487733926
19861,1000,10.458723832130433,11.258949645042419,0.8002258539199829,1.4004428386688232,0.8150957226753235,0.73647141456604,-0.07862430810928345,0.9979183673469387,0.999219387755102,0.02478378296060751,0.43370225116700384,0.6883851897753208,0.030319326319326323,0.33816245333674233,0.6218946487733926
22403,1000,9.929201585769654,10.534943814277648,0.6057422161102295,1.3109954595565796,0.4857707917690277,0.8118029236793518,0.3260321319103241,0.9978877551020409,0.9988214285714285,-0.020142612278725054,0.524624430185926,0.7697358442891865,-0.030115326115326118,0.34142424093550333,0.6268198884867189
8319,1000,8.168645971298218,8.721524640083313,0.5528786778450012,1.0645583868026733,0.4807436168193817,0.7361128926277161,0.25536927580833435,0.9976377551020408,0.9984642857142857,0.007060861217720485,0.8235296296146792,0.928643189240437,-0.030078366078366083,0.3420173445796341,0.6268372492807629
6926,1000,8.905468084335327,9.584835235595703,0.6793671250343323,1.2301349639892578,0.6002768278121948,0.9620416164398193,0.3617647886276245,0.9977295918367347,0.9985714285714286,-0.010670928640195792,0.7360928228183314,0.8785555647891108,-0.029873489873489874,0.345316950549717,0.6313636832674285
22215,1000,10.613632138252258,10.647575693130493,0.03394356742501259,1.2957394123077393,-0.09463495016098022,0.2711111307144165,0.36574608087539673,0.9986326530612245,0.9982397959183673,-0.02891366171690608,0.36104395453026217,0.6371267765103438,-0.029797265797265802,0.3465497220039115,0.6313636832674285
7481,1000,6.353398116111755,6.892449882507324,0.5390518307685852,0.8880817294120789,0.5423154830932617,0.49917495250701904,-0.043140530586242676,0.9970153061224489,0.997938775510204,0.056610113506088175,0.0735560469411457,0.30741634919592936,0.029787569787569787,0.34670673585567574,0.6313636832674285
21130,1000,10.462206312179566,11.211252378463746,0.7490460276603699,1.3824416399002075,0.5813767910003662,1.1463191509246826,0.5649423599243164,0.9984234693877551,0.99875,-0.034618763114034674,0.2740865618487392,0.5522869932937071,-0.02977943377943378,0.34683852246534713,0.6313636832674285
5580,1000,12.239979329109191,12.408009239196778,0.16802990436553955,1.3087607622146606,0.03444492071866989,0.24447591602802277,0.21003100275993347,0.9991275510204082,0.9988877551020409,0.03011413994968736,0.3414432653103091,0.615285347220255,0.02972515772515772,0.347718497494555,0.6316122456009682
21519,1000,8.811674403190613,9.416645053863526,0.6049706339836121,1.1553242206573486,0.541414201259613,0.739830732345581,0.19841653108596802,0.9980561224489796,0.9986224489795918,-0.02246512625016965,0.47794558365777257,0.7312158929465068,-0.029662889662889665,0.34872979117594555,0.6316122456009682
4698,1000,8.036489909172058,8.414638550758362,0.37814861536026,0.9948056936264038,0.24417836964130402,0.6457669138908386,0.4015885591506958,0.9988010204081633,0.9988112244897959,-0.04902150595657474,0.12133636051322735,0.39016542272816224,-0.029662301662301667,0.3487393497591938,0.6316122456009682
6579,1000,8.990663536071777,9.437743163108825,0.4470796287059784,1.1066372394561768,0.37552377581596375,0.6815775632858276,0.3060537874698639,0.9983367346938775,0.9988061224489796,-0.014147717463293073,0.6549812640602902,0.8374403304770854,-0.029567717567717568,0.350279079396182,0.6328302538753252
2589,1000,10.986039205551148,11.51405069065094,0.5280115008354187,1.441064476966858,0.3821840286254883,0.8866331577301025,0.5044491291046143,0.9989591836734694,0.9989081632653061,-0.029078508759173064,0.35831145628723376,0.6360768662024612,-0.029502269502269505,0.35134702151514347,0.6328302538753252
10577,1000,9.64859396648407,9.894990446090699,0.24639645218849182,1.1485981941223145,0.20296891033649445,0.39956456422805786,0.19659565389156342,0.9982704081632653,0.9983928571428572,-0.004802844548918272,0.8794312895958932,0.9497726963847348,-0.029494649494649496,0.35147149394809046,0.6328302538753252
17384,1000,9.944407125473022,10.579373025894165,0.6349659562110901,1.2373584508895874,0.5126025676727295,0.8583603501319885,0.34575778245925903,0.9985714285714286,0.9986377551020408,-0.0019519315802938814,0.9508428694203598,0.9791037792497281,-0.02947645747645748,0.3517687724055579,0.6328302538753252
4431,1000,8.333666175842286,8.606745176315307,0.2730790078639984,1.0584173202514648,0.16309575736522675,0.38676780462265015,0.2236720472574234,0.9419081632653061,0.9445051020408163,-0.06217484876044425,0.04934666509940557,0.25168892411411625,-0.029401085401085405,0.353002132036454,0.6337291168766048
19098,1000,11.397498698234559,12.31522107887268,0.9177224040031433,1.6024402379989624,0.8179175853729248,1.2009779214859009,0.3830603361129761,0.9983979591836735,0.9988775510204082,-0.040727491133137284,0.19815024865346648,0.5033127736044152,-0.029373845373845377,0.3534485484255924,0.6337291168766048
19714,1000,8.987068047523499,9.304964489936829,0.31789645552635193,1.1124086380004883,0.26770201325416565,0.3596579432487488,0.09195592999458313,0.9980561224489796,0.9981428571428571,0.029149902406230783,0.35713207950679354,0.6350328698514839,0.02914152514152514,0.3572703399375789,0.6387471993608652
22135,1000,8.909487888336182,9.373615362167358,0.46412748098373413,1.1561769247055054,0.35880160331726074,0.5923188924789429,0.23351728916168213,0.9981326530612245,0.9981326530612245,-0.021590060186874958,0.4952622047016178,0.7479941397537594,-0.02913144513144513,0.3574367475008194,0.6387471993608652
14722,1000,13.009802038192749,13.181041934967041,0.1712399125099182,1.5076018571853638,-0.0598113089799881,0.5739656090736389,0.6337769031524658,0.9987959183673469,0.9984897959183674,-0.033274404354985236,0.2931648605158171,0.5669783315031491,-0.028995808995808996,0.35968065693239176,0.6396869983147841
2642,1000,10.17021505355835,10.159497833251953,-0.010717224329710007,1.117781639099121,0.047252804040908813,-0.24991145730018616,-0.29716426134109497,0.9986479591836734,0.9987448979591836,0.04444738002829758,0.1601742539403783,0.44877297405524846,0.028993096993096993,0.3597256131143899,0.6396869983147841
9913,1000,10.484918020248413,10.577649208068848,0.09273118525743484,1.2228692770004272,0.058938998728990555,0.18503610789775848,0.12609711289405823,0.9984489795918368,0.9983775510204081,-0.016823775831455362,0.5951508285113084,0.8040150815360316,-0.02899165699165699,0.35974948508578175,0.6396869983147841
12364,997,0.24927380960434675,0.238900178745389,-0.010373631492257118,0.054648131132125854,-0.011426201090216637,-0.006821619346737862,0.004604581743478775,0.055627551020408166,0.05309183673469388,0.005294916689537389,0.8673857433042295,0.9466322979482378,0.028990816281086063,0.3604868615781314,0.6399386600577076
21958,1000,8.950498710632324,9.63424774646759,0.6837490200996399,1.2414486408233643,0.6090147495269775,0.808911919593811,0.1998971700668335,0.9980510204081633,0.9990510204081633,-0.026795413151839937,0.39730869747690706,0.6641319025590071,-0.0287991287991288,0.36295011033904606,0.6432482153533589
8356,1000,10.158435299873352,10.876430428504944,0.7179951071739197,1.3349956274032593,0.6263303160667419,1.0234898328781128,0.39715951681137085,0.9982602040816326,0.9988622448979592,-0.029500189770087316,0.35138099106612863,0.627925431622333,-0.02865928065928066,0.3652860959168331,0.6458335731714404
10312,1000,10.62742901611328,11.210062608718872,0.5826335549354553,1.3321489095687866,0.39220428466796875,1.0837401151657104,0.6915358304977417,0.9983061224489795,0.9985816326530612,-0.05360783866443885,0.09020318859638413,0.33177474161820736,-0.02863984063984064,0.3656115572516162,0.6458335731714404
7212,1000,10.023996947288513,11.1988824634552,1.1748855113983154,1.6199047565460205,1.0674470663070679,1.3087538480758667,0.24130678176879883,0.9981989795918368,0.9991275510204082,0.01569595006573371,0.6200642663042358,0.8190627954807441,0.02852663252663253,0.36751045624429896,0.6475298226277145
7877,1000,10.040245210647583,10.550657264709473,0.5104120373725891,1.2747832536697388,0.4298863708972931,0.6790720224380493,0.24918565154075623,0.998734693877551,0.9988214285714285,-0.030357949744344543,0.33754715512769434,0.6123743996742292,-0.028510732510732516,0.3677776459989813,0.6475298226277145
11655,1000,9.221356129646301,9.331247997283935,0.1098918542265892,1.042792558670044,-0.016989175230264664,0.2762136161327362,0.29320278763771057,0.9987959183673469,0.998780612244898,0.03234107230421688,0.30692166093128714,0.579670241728373,0.028243630328361226,0.3722841738178019,0.6535574627203025
19210,1000,10.924378565788269,11.84018960571289,0.9158110618591309,1.4675544500350952,0.8183924555778503,1.144267201423645,0.3258747458457947,0.9987244897959183,0.9990510204081633,-0.004063167119088534,0.8978890493575666,0.9592288542527326,-0.028235716235716232,0.3724182189802841,0.6535574627203025
20234,1000,9.566324435234069,10.023344967842101,0.45702052116394043,1.137887954711914,0.42649760842323303,0.6278976798057556,0.20140007138252258,0.9985969387755103,0.9990255102040816,-0.01683587526981959,0.5948860433441149,0.8040150815360316,-0.028119064119064122,0.37439748039938475,0.6550009418697545
24531,1000,9.165321227073669,9.226157665252686,0.06083643436431885,1.0745400190353394,-0.0030562784522771835,0.24614711105823517,0.2492033839225769,0.9987448979591836,0.9983469387755102,-0.03537178771262415,0.263778528951472,0.5447260023574894,-0.028115356115356115,0.37446050121790436,0.6550009418697545
10070,1000,9.914591020584107,10.05177511405945,0.13718409836292267,1.283691644668579,0.03724949061870575,0.15757036209106445,0.1203208714723587,0.9439285714285715,0.9466683673469388,0.015603248097285916,0.6221320737669492,0.8193215366546707,-0.028055020055020058,0.37548688637416733,0.6557283186436678
15292,1000,9.38848641204834,9.941691327095032,0.5532049536705017,1.1772156953811646,0.4398918151855469,0.7613921165466309,0.321500301361084,0.9982142857142857,0.9984132653061224,-0.015722694264210205,0.6194682671012963,0.8190627954807441,-0.02785872385872386,0.3788380965070708,0.6605066812477176
11394,1000,10.631704064369202,11.085787489891052,0.45408347249031067,1.3341108560562134,0.4214538335800171,0.5217477083206177,0.10029387474060059,0.9982397959183673,0.9989285714285714,-0.025723374539267593,0.4164694615784395,0.6787377871551502,-0.027494535494535496,0.38510409099904336,0.67034326374874
15606,1000,11.206136036872865,11.298919464111329,0.09278341382741928,1.4000637531280518,-0.04956326261162758,0.41760462522506714,0.4671678841114044,0.9989591836734694,0.9987602040816327,-0.09257286836243046,0.0033891457955752442,0.07279885168895625,-0.027359367359367358,0.38744571202718764,0.6733279849792873
17167,1000,8.885364006996154,9.599409898757935,0.7140458822250366,1.2534096240997314,0.6745911836624146,0.7646721005439758,0.09008091688156128,0.9981938775510204,0.9988520408163265,0.050911692587050285,0.10761656698254013,0.36460628687459967,0.02731581931581932,0.3882019704024887,0.6735523686789546
13358,1000,9.068126651763915,9.542105788230897,0.473979115486145,1.2324719429016113,0.3524759113788605,0.6188410520553589,0.2663651406764984,0.9981275510204082,0.9990102040816327,0.026129740242925723,0.4091431707514295,0.6708698708199012,0.02704659904659905,0.39289717262060264,0.6788530170495239
19186,1000,9.26825091457367,9.634327080726624,0.36607614159584045,1.2207545042037964,0.27186259627342224,0.5043599009513855,0.23249730467796326,0.9949897959183673,0.9926173469387755,0.0009353718244092702,0.9764322700675696,0.991198731618686,-0.02702534702534703,0.393269265558597,0.6788530170495239
15995,1000,10.088723634719848,10.838537440299987,0.7498138546943665,1.337127447128296,0.6769888401031494,0.9776726961135864,0.300683856010437,0.998719387755102,0.9990153061224489,0.026733719260430916,0.39839675958229404,0.6641319025590071,0.026839418839418837,0.39653368723057947,0.6788530170495239
23637,996,0.24344825917482377,0.23397697044909,-0.00947128888219595,0.05556110292673111,-0.010398229584097862,-0.008530176244676113,0.0018680533394217491,0.05584183673469388,0.053056122448979594,-0.06037480246220731,0.05681365818529151,0.2641466185757709,-0.026792382961076725,0.398310100048729,0.6788530170495239
4999,1000,9.822684227943421,10.353372813224793,0.5306885838508606,1.263900876045227,0.4546133279800415,0.653923749923706,0.19931042194366455,0.9985306122448979,0.9990357142857142,-0.0010382779784555026,0.9738403173169975,0.991198731618686,-0.026760134760134766,0.39793066435186386,0.6788530170495239
24063,1000,9.68146542453766,10.135713989257813,0.4542486071586609,1.2544476985931396,0.346599280834198,0.6892704963684082,0.3426712155342102,0.9414132653061225,0.9447857142857143,-0.04600750953951793,0.14599194284174188,0.42377120705954263,-0.02671995871995872,0.39863969107102376,0.6788530170495239
10401,1000,9.991844208717346,10.003556888580322,0.011712700128555298,1.187561273574829,-0.0990820974111557,0.227663055062294,0.3267451524734497,0.9989183673469387,0.9988724489795918,0.016074967460931004,0.6116412156180773,0.8157813658876193,0.02667776667776668,0.3993851133185758,0.6788530170495239
2339,1000,10.358007117271423,10.867397633552551,0.5093904733657837,1.3764193058013916,0.32147955894470215,0.8327025771141052,0.5112230181694031,0.9989795918367347,0.9986020408163265,0.0018203310512330294,0.9541532997657309,0.9809732269478676,-0.026663102663102668,0.3996443837954036,0.6788530170495239
14287,1000,11.677853339195252,12.79665864276886,1.1188054084777832,1.5900139808654785,1.0141936540603638,1.3409234285354614,0.32672977447509766,0.998061224489796,0.9993673469387755,0.02355054898569151,0.45693366621988124,0.7098998041832444,0.026662274662274662,0.3996590264684339,0.6788530170495239
7739,1000,9.543132813453674,9.813737003326416,0.2706041932106018,1.2093204259872437,0.12905143201351166,0.6475611925125122,0.5185097455978394,0.998515306122449,0.9987959183673469,-0.03270465390231513,0.30151272749795865,0.5762004792398712,-0.02665934665934666,0.39971080893985766,0.6788530170495239
17759,1000,11.915366340637208,12.486496762275696,0.5711303949356079,1.4209226369857788,0.43153080344200134,0.8480525016784668,0.41652169823646545,0.9985051020408163,0.9990255102040816,-0.078190985941016,0.013386760520839093,0.13042550928711097,-0.026640194640194643,0.4000496165948143,0.6788530170495239
11543,1000,10.53197631072998,10.730677897453308,0.19870160520076752,1.203863501548767,0.16493117809295654,0.31833747029304504,0.1534062922000885,0.9988571428571429,0.9989489795918367,0.040062108336934285,0.20558513550897398,0.504983813058542,0.026622362622362623,0.4003652277769517,0.6788530170495239
20311,1000,7.820278609275818,8.280396134376526,0.46011751890182495,1.0422431230545044,0.3585700988769531,0.7344390153884888,0.37586891651153564,0.997704081632653,0.998234693877551,-0.01398387736220036,0.6587225604749493,0.8385680482173233,-0.026584034584034587,0.4010441062009438,0.6788530170495239
5386,1000,10.461032739639283,10.917397755622863,0.4563649892807007,1.283406376838684,0.31557345390319824,0.6682618260383606,0.35268837213516235,0.9985,0.9988622448979592,-0.04248137395996824,0.17949719381665594,0.47662101923925826,-0.026557802557802563,0.40150913382589815,0.6788530170495239
590,1000,10.436298946380616,10.553713750839233,0.11741480976343155,1.2237746715545654,0.03686322644352913,0.26428529620170593,0.2274220734834671,0.998484693877551,0.9987959183673469,0.05477466827486239,0.08340531317658988,0.32325871994930633,0.02654834654834655,0.40167684422063077,0.6788530170495239
12930,1000,9.085685516357422,9.477401587486266,0.3917160630226135,1.1403673887252808,0.41487181186676025,0.4434579014778137,0.028586089611053467,0.9486224489795918,0.9525561224489796,-0.03661312716448752,0.2473751312448982,0.5383189654387791,-0.026525150604726055,0.4020884218066212,0.6788530170495239
12135,1000,10.751842240333557,11.35873584651947,0.6068935394287109,1.3317099809646606,0.540317952632904,0.7152853608131409,0.17496740818023682,0.9976836734693878,0.9983520408163266,0.027180837359280983,0.3905517753731709,0.6626423487374178,0.026493602493602494,0.4026486013998123,0.6788530170495239
11478,1000,10.19569154548645,10.150058362960815,-0.045633163303136826,1.2012406587600708,-0.09727368503808975,0.03014896810054779,0.12742266058921814,0.9986020408163265,0.9978826530612245,-0.011493956638408227,0.7165838079237701,0.8676561552538096,-0.026474714474714476,0.4029842072868567,0.6788530170495239
20281,998,0.2789482735693455,0.2788215540796518,-0.00012671924196183681,0.056093741208314896,-8.407450513914227e-05,-0.0006335524958558381,-0.0005494779907166958,0.05601020408163265,0.053214285714285714,-0.035084179218421885,0.2681637997077028,0.5457486631590072,-0.026414285313226624,0.4045306619289528,0.6788530170495239
11962,1000,9.605912585258483,10.100241841316222,0.4943292438983917,1.2265461683273315,0.40425440669059753,0.7798694968223572,0.37561509013175964,0.998280612244898,0.9989030612244898,-0.08295110988177955,0.008680493864967331,0.11653563013718642,-0.02641037041037041,0.40412874034305446,0.6788530170495239
1590,1000,8.165602681159973,8.634090253829957,0.46848756074905396,1.0715384483337402,0.36944031715393066,0.6040623784065247,0.234622061252594,0.9916938775510205,0.9918673469387755,0.03229269171203179,0.3076462176770695,0.579670241728373,0.026392478392478394,0.4044473430508053,0.6788530170495239
11232,1000,9.73673515033722,10.558254344940185,0.8215193152427673,1.3687275648117065,0.7847579121589661,0.92463219165802,0.13987427949905396,0.9982908163265306,0.9988010204081633,0.027801785911430437,0.3798135815609073,0.6558508670460009,0.026262086262086263,0.4067737599157514,0.6815522904048626
6989,1000,10.504366843223572,10.99251552772522,0.4881487488746643,1.3148289918899536,0.4015616476535797,0.7422004342079163,0.34063878655433655,0.9983979591836735,0.9992091836734693,-0.03254423635396783,0.3038913674620499,0.5780910561810616,-0.026157158157158158,0.40865163140106414,0.6832883326447405
23142,1000,10.045192659378051,10.934953420639038,0.8897607326507568,1.3933855295181274,0.8447098135948181,1.1029373407363892,0.25822752714157104,0.9979132653061225,0.9989438775510204,-0.03015539946952079,0.3407819205877997,0.6152437134499836,-0.026133134133134134,0.409082307160678,0.6832883326447405
12108,1000,10.551335187911988,11.385555144309997,0.8342199921607971,1.4776674509048462,0.7508890628814697,0.9270173907279968,0.1761283278465271,0.9981224489795918,0.9988928571428571,0.027758153908739938,0.38056214606053035,0.6558508670460009,0.02601059001059001,0.41128333365172376,0.6858979818974399
11546,1000,8.961463782310485,9.126802451133727,0.1653386503458023,1.0918760299682617,0.06104021146893501,0.2998044788837433,0.23876427114009857,0.9433469387755102,0.9457602040816326,-0.010120119659975507,0.7492456417294956,0.887199359666459,-0.025906537906537908,0.4131577216214238,0.6871294138966911
15082,1000,10.693701029777527,10.855413641929626,0.16171258687973022,1.2045106887817383,0.017979776486754417,0.45146748423576355,0.4334877133369446,0.9989183673469387,0.9986020408163265,-0.061712886709014855,0.05106278300167939,0.2543681077267314,-0.02588818988818989,0.4134887648358747,0.6871294138966911
22267,1000,10.372208827972413,11.189150197982787,0.8169413805007935,1.3475642204284668,0.7717243432998657,0.996492862701416,0.2247685194015503,0.998454081632653,0.9991377551020408,-0.03354526542459562,0.28925109755787604,0.563803409758909,-0.025863133863133863,0.4139410901221221,0.6871294138966911
385,1000,10.189308379173278,10.280911229133606,0.09160283207893372,1.2061574459075928,-0.007715052459388971,0.3066847622394562,0.3143998086452484,0.9984183673469388,0.9984795918367347,-0.03593307950362027,0.25627093221155395,0.5425429181846765,-0.025786333786333788,0.41532934803281474,0.6883699379432763
17456,1000,9.897170391082764,10.185822189331054,0.28865179419517517,1.1599270105361938,0.2613203525543213,0.31937193870544434,0.05805158615112305,0.9984438775510204,0.9986479591836734,-0.04003051519439109,0.2059431192920311,0.504983813058542,-0.025639249639249646,0.41799573304409837,0.6917217523718977
20744,1000,9.365450045585632,9.82152173423767,0.4560717046260834,1.1582576036453247,0.33134886622428894,0.6875513792037964,0.35620251297950745,0.9985867346938776,0.9985969387755103,-0.0096544297147317,0.7604231713019426,0.895258150574309,-0.025338037338037342,0.42348751198065027,0.6995343361142988
1603,1000,9.521994787216187,9.71119274520874,0.18919792771339417,1.121065616607666,0.07616827636957169,0.42039987444877625,0.34423160552978516,0.9987142857142857,0.9984387755102041,-0.04010928283291909,0.20505143925289485,0.504983813058542,-0.025308985308985312,0.4240194160245889,0.6995343361142988
7030,1000,8.951679153442383,9.68166397857666,0.7299848794937134,1.3039896488189697,0.625697910785675,0.7406662702560425,0.11496835947036743,0.9552755102040816,0.9548316326530613,0.04067760575374322,0.19870075765673398,0.5033127736044152,0.02526057726057726,0.42490656913126384,0.699922784121131
8379,1000,7.4119163446426395,7.629198257923126,0.21728192269802094,0.9200839996337891,0.12282489240169525,0.41057008504867554,0.2877451777458191,0.945076530612245,0.949045918367347,-0.010845624111596357,0.731937124134167,0.8783245489610004,-0.025224409224409224,0.4255701110376579,0.6999422653207421
17723,1000,7.726873151779174,8.061625668525696,0.33475252985954285,0.9759413003921509,0.2890729308128357,0.41878968477249146,0.12971675395965576,0.9433265306122449,0.9468418367346939,0.028553140087202066,0.36706528190384446,0.6396371705986973,-0.02514672114672115,0.42699742348526576,0.7012159523290145
24552,1000,9.76963524723053,10.156441504478455,0.38680627942085266,1.2206476926803589,0.30258604884147644,0.580842912197113,0.2782568633556366,0.9984183673469388,0.9988622448979592,-0.057528389010353675,0.06899718521842901,0.29435366672791213,-0.02500740100740101,0.4295640268050929,0.7036376679792407
10066,1000,10.02522212600708,10.479360343933106,0.45413824915885925,1.2845088243484497,0.4347461760044098,0.4721359610557556,0.037389785051345825,0.9980561224489796,0.9988418367346938,0.0021002963899947615,0.9471117496163693,0.9761977150556437,-0.024995568995568995,0.4297824117266126,0.7036376679792407
24207,1000,9.76357432937622,9.832425305366517,0.06885097920894623,1.097690463066101,0.001887585036456585,0.1470855325460434,0.14519794285297394,0.9985561224489796,0.9983214285714286,0.004607815133665928,0.8842920867606867,0.9510533936969275,0.02473257673257673,0.4346530899394384,0.7097248375501795
23032,1000,10.52366801738739,11.366256259918213,0.8425882458686829,1.4489388465881348,0.752873957157135,0.9646204113960266,0.2117464542388916,0.997969387755102,0.998484693877551,-0.02090672740090022,0.509013814609475,0.7580238639726005,-0.024718908718908722,0.4349070917915154,0.7097248375501795
16756,1000,10.261081888198852,11.372209508895875,1.1111277341842651,1.501133680343628,1.0579044818878174,1.23652982711792,0.17862534523010254,0.9987551020408163,0.9995051020408163,-0.019893178515420898,0.5297727722047052,0.7720162243525827,-0.024653808727770156,0.43611806218368265,0.7097248375501795
22874,1000,9.550754657745362,10.119593059539795,0.568838357925415,1.2018228769302368,0.4973900318145752,0.65010666847229,0.15271663665771484,0.9980816326530613,0.9987755102040816,0.0076277420150501615,0.8096231665407748,0.919229522138659,0.024652428652428657,0.43614375491910473,0.7097248375501795
18067,1000,8.312504632949828,8.870510737419128,0.5580061078071594,1.0777555704116821,0.5169891715049744,0.763806939125061,0.24681776762008667,0.9982908163265306,0.998969387755102,-0.05498410883850275,0.08223014663374424,0.32325871994930633,-0.024543780617411963,0.4381691777659924,0.7117594335241035
5860,1000,10.041028239250183,10.46335300540924,0.4223247766494751,1.2208442687988281,0.3313608765602112,0.6247653365135193,0.2934044599533081,0.9986326530612245,0.9988877551020409,-0.019132978460070615,0.5456199515052722,0.7806071546051563,-0.02447905247905248,0.43937840605446443,0.7117594335241035
17469,1000,9.878504598617553,10.807109066963196,0.9286044836044312,1.4407099485397339,0.789546549320221,1.2548491954803467,0.46530264616012573,0.9982908163265306,0.9990408163265306,-0.0303052218877581,0.33838732596969323,0.6128633863262235,-0.02447884847884848,0.43938222013638795,0.7117594335241035
7851,1000,7.596337238788605,7.809955995559692,0.21361875534057617,0.9408870935440063,0.15281379222869873,0.39809450507164,0.24528071284294128,0.9411683673469388,0.944045918367347,-0.012557114164729143,0.6916552222879423,0.8542046576625789,-0.02438593238593239,0.441121394483676,0.7135005687883554
7262,1000,9.657238741874695,9.716941041946411,0.0597023107111454,1.1831557750701904,0.01506485603749752,0.14141835272312164,0.12635350227355957,0.9983724489795919,0.9982091836734693,0.03272700736627101,0.3011822599417848,0.5762004792398712,0.02433721233721234,0.4420348927674323,0.7138345584514504
23047,1000,12.76669033241272,13.113856126785278,0.3471657931804657,1.820489764213562,0.13715706765651703,0.8346168994903564,0.6974598169326782,0.9991326530612245,0.9987959183673469,-0.04972051414677126,0.11611156391445034,0.38118395459891485,-0.024304056304056305,0.44265718429112283,0.7138345584514504
20124,1000,10.095581212997436,11.09171238231659,0.996131181716919,1.598138451576233,0.9192390441894531,1.0713001489639282,0.1520611047744751,0.9978061224489796,0.9990714285714286,0.01689985860925918,0.5934867203657671,0.8040150815360316,0.02413719613719614,0.4457964952815544,0.7171913890853443
10679,1000,10.44639905834198,10.385451983451842,-0.060947075486183167,1.2875632047653198,-0.12784521281719208,0.09351194649934769,0.22135716676712036,0.9986836734693878,0.9986632653061225,0.008208830602073516,0.795430230565257,0.9151348257044061,-0.024122460122460124,0.4460743462839944,0.7171913890853443
2163,1000,9.941984065055847,10.086481495857239,0.14449740946292877,1.1988917589187622,0.05322425439953804,0.25992122292518616,0.20669697225093842,0.9985918367346939,0.9983163265306122,-0.030009834912258046,0.3431188154209167,0.6166598423921364,-0.02407758007758008,0.4469211764121208,0.7174788392625079
10815,1000,7.164654541015625,7.504538638114929,0.33988410234451294,0.909690260887146,0.3265165388584137,0.3963523507118225,0.06983581185340881,0.9415102040816327,0.9444948979591836,0.023313200089961867,0.46148357087928105,0.7121168895464768,0.023957303957303958,0.44919513317468207,0.7197428051726035
10874,1000,9.333493083000183,9.666965762138366,0.33347266912460327,1.1410285234451294,0.18789462745189667,0.632568895816803,0.4446742534637451,0.9983163265306122,0.9984693877551021,-0.04551000150884041,0.15040631247133474,0.43343282896828,-0.023932139932139936,0.4496717153359562,0.7197428051726035
2425,995,0.304844141677022,0.27797854616492984,-0.02686559595167637,0.06799804419279099,-0.02686428464949131,-0.025087658315896988,0.0017766263335943222,0.05572448979591837,0.05269387755102041,-0.03918993948212037,0.2167883893692034,0.5162543906486129,-0.023861714818791055,0.4521437977297844,0.7207530519153649
5403,1000,8.913066130638123,9.183620111465455,0.27055394649505615,1.0809857845306396,0.2389497458934784,0.20474721491336823,-0.03420253098011017,0.9985306122448979,0.9984387755102041,0.017602521403538924,0.5782194162566117,0.8009477271461598,-0.023809331809331813,0.45200168471505825,0.7207530519153649
24025,1000,9.830811346054077,10.169593590736389,0.33878225088119507,1.1855217218399048,0.2296852022409439,0.40372973680496216,0.17404453456401825,0.9981326530612245,0.9983826530612245,-0.0346463897335858,0.2737035954576764,0.5522869932937071,-0.023792783792783795,0.45231616107165357,0.7207530519153649
5066,1000,10.457074825286865,10.973060145378113,0.5159853100776672,1.280599594116211,0.4423058032989502,0.6292532682418823,0.18694746494293213,0.998704081632653,0.9990765306122449,0.024891331511266525,0.43170911655319305,0.6868971721157472,0.02367791967791968,0.4545024232100189,0.7226163524028364
18791,1000,10.904650704383851,11.256838916778564,0.35218819975852966,1.2221444845199585,0.2792518138885498,0.44842529296875,0.1691734790802002,0.9416224489795918,0.9448418367346939,-0.04579157712933437,0.14789558664642957,0.42813978452362633,-0.023660675660675663,0.45483114918465306,0.7226163524028364
5826,1000,10.61738959980011,10.92372910118103,0.3063395023345947,1.3316138982772827,0.25352567434310913,0.3625381588935852,0.10901248455047607,0.9981530612244898,0.998704081632653,0.0036847727326264424,0.9073534436856326,0.9633429608222384,0.023429795500084886,0.4592453219410607,0.7285516628725247
10055,1000,10.164688420295715,10.740104831695557,0.5754163861274719,1.30690336227417,0.4585866928100586,0.7472012042999268,0.28861451148986816,0.9424438775510204,0.9464489795918367,-0.0023340902365179715,0.9412346179541736,0.9738785931433357,-0.023349515349515352,0.4607857855157133,0.7299173062594043
4178,997,0.2914547941684723,0.24868947433680297,-0.04276531934738159,0.06769055128097534,-0.0418497696518898,-0.045204393565654755,-0.0033546239137649536,0.05527551020408163,0.05217857142857143,0.013693192856035926,0.665854351688027,0.8433108180577134,0.023245630849135283,0.4634570577790267,0.7330675700363397
15468,1000,10.350186526298524,10.930597320556641,0.5804107785224915,1.3499548435211182,0.4157330393791199,0.961530327796936,0.5457972884178162,0.9978979591836735,0.9987755102040816,-0.008067265158504592,0.7988819009703825,0.9161461286040326,-0.023165411165411164,0.46432935593449687,0.7333672474612495
9515,996,0.2821793549358845,0.2563368643820286,-0.025842491537332535,0.06198946759104729,-0.02782243862748146,-0.02550562098622322,0.0023168176412582397,0.05601020408163265,0.052959183673469384,-0.01851437035792011,0.5594760288707294,0.7875193381483138,-0.023078644421488714,0.46690011408616977,0.7359216363096015
810,1000,7.0911155438423155,7.480476770401001,0.3893612325191498,0.9113637804985046,0.3892442286014557,0.4178621768951416,0.028617948293685913,0.9973520408163266,0.9980561224489796,-0.01912149395257316,0.5458611466941096,0.7806071546051563,0.023010791010791013,0.4673170912133596,0.7359216363096015
19860,1000,10.57717435836792,10.680640592575074,0.10346625000238419,1.3095309734344482,0.05940305441617966,0.17409276962280273,0.11468971520662308,0.9986326530612245,0.9988367346938776,0.010611655060356447,0.7375045978268475,0.8786734813566304,0.02295920295920296,0.46831629312613904,0.7364153716214836
18769,1000,10.115698831558227,10.631934254646302,0.5162354111671448,1.314748764038086,0.4606454372406006,0.7679186463356018,0.3072732090950012,0.9982857142857143,0.9985816326530612,-0.055294626652121884,0.08051254601624797,0.32026101637574195,-0.022885714885714885,0.46974171108223667,0.7375768972256173
8272,1000,10.578202233314514,11.21539903640747,0.6371967792510986,1.3931715488433838,0.5802465081214905,0.8021089434623718,0.22186243534088135,0.9983265306122449,0.9988418367346938,-0.027290386595372796,0.3886440518307668,0.6622747571424628,-0.022776574776574778,0.4718630680949082,0.7398261826772721
20300,1000,10.119374703407287,10.20228261089325,0.08290789276361465,1.174270749092102,-0.060570746660232544,0.33437445759773254,0.3949452042579651,0.9984642857142857,0.998515306122449,-0.04367707128668442,0.16754926386368393,0.4602248321984566,-0.0226995226995227,0.47336389905655885,0.739996695413282
3908,1000,9.544945559501649,9.765722771644592,0.220777228474617,1.1198796033859253,0.15593254566192627,0.25535979866981506,0.0994272530078888,0.9983571428571428,0.9981275510204082,-0.015224608006755553,0.6306088279600602,0.8238560996196632,-0.02269049869049869,0.4735398412983347,0.739996695413282
22169,1000,9.917907614707946,10.572509943962098,0.6546023488044739,1.2304491996765137,0.5612719058990479,0.7455089092254639,0.18423700332641602,0.9981938775510204,0.9990204081632653,-0.009005580604262,0.7760800671883474,0.902562787909965,-0.022664914664914666,0.47403885143793106,0.739996695413282
19969,1000,9.453737752914428,10.068208508491516,0.6144707202911377,1.286190152168274,0.5236347913742065,0.8575364947319031,0.33390170335769653,0.9984285714285714,0.9991326530612245,-0.03453529331058582,0.2752458590857996,0.5525496311367267,-0.022589170589170593,0.4755179114621753,0.7407436818732407
17120,998,0.29053889295458796,0.26380524020642043,-0.026733651757240295,0.06561677902936935,-0.028601372614502907,-0.01953665167093277,0.009064720943570137,0.05614795918367347,0.05325510204081633,-0.02522805276373727,0.425967636360582,0.6850637775805095,-0.022482747308527253,0.47804208379981067,0.7407436818732407
18458,1000,9.896307312965392,10.13537167263031,0.23906433582305908,1.1415501832962036,0.20536501705646515,0.3319448232650757,0.12657980620861053,0.9988724489795918,0.9983826530612245,-0.03079223546201129,0.3306781766757078,0.6039938124995071,-0.022482742482742485,0.47760040459299463,0.7407436818732407
6098,1000,10.294641474723816,10.700061058998108,0.40541958808898926,1.2726517915725708,0.3225616216659546,0.49806976318359375,0.17550814151763916,0.9985051020408163,0.9985612244897959,-0.041665558476935725,0.18800479241070844,0.4877225774132871,-0.022471324538738516,0.47782411654019524,0.7407436818732407
2431,1000,8.009048902511596,8.301775524139405,0.29272666573524475,0.9781101942062378,0.26469185948371887,0.3472623825073242,0.08257052302360535,0.9977704081632653,0.9982704081632653,-0.021546442349651515,0.49613402442765764,0.7479941397537594,-0.022405318405318404,0.4791184964735862,0.7407436818732407
1775,1000,10.44771289730072,10.363718930244445,-0.08399400115013123,1.2687466144561768,-0.18043987452983856,0.27570563554763794,0.4561455249786377,0.9980357142857142,0.9982704081632653,-0.033677953752980966,0.28734672256215865,0.5637524327709843,-0.0224011784011784,0.4791997455835795,0.7407436818732407
16124,1000,9.44913415145874,10.199429755210877,0.7502956390380859,1.2752337455749512,0.6607746481895447,0.9051381945610046,0.24436354637145996,0.9986122448979592,0.9991275510204082,-0.04704259782161956,0.13712576743133184,0.41838941540127955,-0.022393762393762395,0.4793453062401325,0.7407436818732407
11470,1000,9.563823814392089,9.528067938804627,-0.03575585037469864,1.1355360746383667,-0.081615149974823,0.019252439960837364,0.10086759179830551,0.9981785714285715,0.997938775510204,-0.04232106978460959,0.18114593415223657,0.4780116296793663,-0.022314070314070313,0.48091101403806524,0.7410660152030912
23058,1000,10.128152732849122,10.80412160396576,0.6759688854217529,1.262021541595459,0.5543083548545837,0.8874752521514893,0.3331668972969055,0.9985612244897959,0.9988979591836735,0.002251600845556454,0.9433078957940323,0.9750843889151017,-0.022312906312906312,0.48093390372118683,0.7410660152030912
9679,1000,8.769923342704773,9.025669244766235,0.25574585795402527,1.1311225891113281,0.049163926392793655,0.5521451234817505,0.5029811859130859,0.9985306122448979,0.9985306122448979,-0.048040170459604216,0.12897908220561663,0.4042487608823895,-0.022252510252510255,0.48212238397565765,0.7418330091545219
23129,1000,10.391696053504944,10.62190072631836,0.23020468652248383,1.2601405382156372,0.14066483080387115,0.3705834746360779,0.22991864383220673,0.9981428571428571,0.9990969387755102,-0.012777465534324527,0.6865289148049435,0.8542046576625789,-0.022154086154086153,0.48406259586589323,0.7437528296995269
20477,1000,9.948123292922974,11.137578738212586,1.189455270767212,1.5764644145965576,1.0255320072174072,1.408420443534851,0.38288843631744385,0.9975102040816326,0.9992602040816326,-0.017020578115778694,0.590850677210159,0.8040150815360316,-0.022042726042726047,0.48626290076361045,0.7453776726856464
9046,1000,9.590523447990417,9.618243163108826,0.02771970070898533,1.174331784248352,0.012015782296657562,0.13548563420772552,0.12346985191106796,0.9980969387755102,0.9984234693877551,-0.009519315041471655,0.7636756920754634,0.8963799926656258,-0.02200533400533401,0.48700291919626804,0.7453776726856464
16519,1000,9.927876204490662,10.297931318283082,0.37005510926246643,1.1294138431549072,0.30852022767066956,0.5167931914329529,0.20827296376228333,0.9989846938775511,0.9988061224489796,0.026257444241330127,0.4068567281339363,0.6691640520916502,0.02194839394839395,0.48813097441421743,0.7453776726856464
4789,1000,9.668123821258545,10.068698624610901,0.40057480335235596,1.156906247138977,0.2917202413082123,0.5479962229728699,0.2562759816646576,0.9982602040816326,0.998704081632653,-0.015553048217979714,0.6232530762838406,0.8193215366546707,-0.021931293931293932,0.48847002213484464,0.7453776726856464
17528,1000,13.095386274337768,13.952596983909608,0.8572107553482056,1.7708467245101929,0.826855480670929,1.1064947843551636,0.2796393036842346,0.9983418367346939,0.9990816326530613,-0.011010243091404661,0.7280282963625677,0.876572186427576,-0.021925233925233927,0.4885902063041853,0.7453776726856464
5756,1000,10.523994866371154,11.316372883796692,0.7923780679702759,1.4521880149841309,0.6788748502731323,0.9438186883926392,0.26494383811950684,0.9978010204081633,0.9986428571428572,-0.017224037137669474,0.5864201386945583,0.8040150815360316,-0.0217999057999058,0.49107932204560345,0.7459450148281782
12489,1000,10.172825430870056,10.465821487426759,0.2929961085319519,1.1692631244659424,0.24590851366519928,0.4198128879070282,0.17390437424182892,0.9981428571428571,0.9982602040816326,-0.014536122629461159,0.6461466354259081,0.8310916005358386,-0.021759153759153764,0.4918901528117549,0.7459450148281782
8109,1000,9.542859290122985,10.248484754562378,0.7056254744529724,1.344299077987671,0.620215117931366,0.7753434181213379,0.15512830018997192,0.9984234693877551,0.9990102040816327,0.017191716408574354,0.5871229288997994,0.8040150815360316,-0.02174543774543775,0.4921632173552074,0.7459450148281782
5289,1000,10.440974615097046,10.67421408367157,0.23323950171470642,1.2370059490203857,0.14435754716396332,0.46833929419517517,0.32398176193237305,0.9986530612244898,0.9985918367346939,-0.007852777373511154,0.8041190394721235,0.9177724212466106,-0.021725061725061726,0.49256902214269616,0.7459450148281782
2215,1000,8.986484642028808,9.379507431030273,0.3930227756500244,1.1472878456115723,0.3285561501979828,0.6270805597305298,0.298524409532547,0.9983571428571428,0.9982704081632653,-0.037871314292958855,0.23149077519951783,0.5324200332285121,-0.021686541686541688,0.49333666870316883,0.7459450148281782
3389,1000,9.831337354660034,10.018665713310241,0.18732833862304688,1.1041806936264038,0.12227245420217514,0.319751501083374,0.1974790394306183,0.9988112244897959,0.9988469387755102,0.04121590038323972,0.19281916346138203,0.49424291541175247,0.02165570165570166,0.49395172505554996,0.7459450148281782
7654,1000,10.2144901638031,11.042402713775635,0.8279125094413757,1.4851619005203247,0.7049949169158936,1.1645123958587646,0.4595174789428711,0.9986224489795918,0.9988724489795918,-0.030553350656152264,0.3344453004679171,0.6077736932361133,-0.02161827361827362,0.49469871890483835,0.7459450148281782
12723,1000,9.791353030204773,9.858252603530884,0.06689959019422531,1.1268552541732788,-0.01794872246682644,0.24382971227169037,0.26177844405174255,0.9987142857142857,0.9987704081632653,-0.012473199587908136,0.6936111628248771,0.8547450546416286,-0.021594993594993596,0.4951636487368468,0.7459450148281782
7632,1000,9.963971581459045,10.530628141403199,0.5666565895080566,1.2704530954360962,0.4274064004421234,0.8648728132247925,0.43746641278266907,0.9980051020408163,0.9989489795918367,-0.02477171491107355,0.4339262322885402,0.6883851897753208,-0.021592521592521594,0.4952130312593027,0.7459450148281782
3809,1000,8.079312965393067,8.286093990325927,0.2067810297012329,0.974229633808136,0.11382387578487396,0.3927035629749298,0.27887970209121704,0.9440204081632653,0.946780612244898,-0.01900096854437056,0.5483955753314578,0.7806071546051563,-0.021430521430521432,0.4984549832970111,0.7495880929763693
16808,1000,10.87807622241974,10.747106946945191,-0.13096924126148224,1.302990198135376,-0.19505402445793152,0.010989661328494549,0.20604369044303894,0.9991122448979591,0.9986020408163265,-0.009276259327244227,0.7695370626058927,0.8983508752594879,-0.021361089361089363,0.4998479020563821,0.7495880929763693
14091,1000,11.506392436027527,12.595167701721191,1.088775396347046,1.6789965629577637,0.9265853762626648,1.5676852464675903,0.6410998702049255,0.9985612244897959,0.9991530612244898,-0.020444811691263855,0.5184214588489043,0.7631964508665142,-0.021353517353517353,0.4999999333319071,0.7495880929763693
13206,1000,7.395464087963104,7.813472569465637,0.4180084764957428,0.934097170829773,0.37848588824272156,0.5017713904380798,0.12328550219535828,0.9980051020408163,0.9985663265306123,-0.018346527130069703,0.5622577330778668,0.7903989598502996,-0.02128650928650929,0.5013463928379182,0.7495880929763693
3405,1000,10.365908996582032,10.211081232070923,-0.1548277735710144,1.2430251836776733,-0.22646717727184296,-0.11848366260528564,0.10798351466655731,0.9986326530612245,0.9983724489795919,-0.022619268899081998,0.47492987715911267,0.7276386420383552,-0.0212850153488704,0.5013764338442652,0.7495880929763693
9768,1000,7.60842671585083,7.8963898134231565,0.2879630923271179,0.9489513635635376,0.20404522120952606,0.48851945996284485,0.28447425365448,0.9433775510204082,0.945719387755102,-0.005250405697756178,0.8682939713897292,0.9466322979482378,-0.021263001263001263,0.5018192168063403,0.7495880929763693
22273,1000,9.921244400978088,10.087953241348266,0.16670885682106018,1.2218891382217407,0.059994887560606,0.3577831983566284,0.2977883219718933,0.9981275510204082,0.997734693877551,-0.005360961895049647,0.8655467666404136,0.9466322979482378,-0.021106485106485107,0.5049732718200381,0.7532517971315569
22941,1000,7.780025065898895,8.11531644821167,0.33529138565063477,0.9839692711830139,0.2934107184410095,0.30139753222465515,0.00798681378364563,0.9443418367346939,0.9468724489795919,0.006271486010862834,0.8429858336287215,0.9322779731963556,0.021044529044529046,0.5062246626371598,0.7535037423265569
94,1000,9.063408126831055,9.588584193229675,0.5251760482788086,1.230657696723938,0.413059800863266,0.6945337653160095,0.28147396445274353,0.9433673469387756,0.9456326530612245,0.006014830667221123,0.8493330535465847,0.9348782594226367,-0.02102866502866503,0.5065453463312608,0.7535037423265569
20650,1000,9.497652963638306,10.395782943725585,0.8981299996376038,1.3887697458267212,0.815787136554718,1.0864392518997192,0.2706521153450012,0.9986683673469388,0.9993214285714286,0.04680810508040761,0.13909709542918683,0.4184601694424276,0.020981420981420983,0.5075009941125664,0.7538811447813227
2603,1000,9.689232625961303,10.014794281005859,0.32556164264678955,1.197078824043274,0.1846076250076294,0.5175095200538635,0.33290189504623413,0.9986122448979592,0.9988571428571429,0.05941152171370869,0.06037205546676126,0.2724352418962252,0.02091048891048891,0.5089375737953653,0.7549709312931248
15780,1000,9.887489532470703,11.076655230522157,1.1891655921936035,1.5732885599136353,1.1481786966323853,1.1821038722991943,0.03392517566680908,0.9970051020408163,0.9991683673469388,0.04959950034542193,0.1170032351548397,0.38194977068783537,0.02081854481854482,0.5108028691821869,0.7566100951038486
15630,1000,9.539502858161926,9.795138906478881,0.2556360363960266,1.2080998420715332,0.20946286618709564,0.3609797954559326,0.15151692926883698,0.9984081632653061,0.9982908163265306,0.0562799689592524,0.07525402431320856,0.30741634919592936,0.020786612786612788,0.5114515168020429,0.7566100951038486
23543,997,0.2776905464529991,0.26902648355066777,-0.00866406224668026,0.05557943135499954,-0.011414173059165478,0.0006909144576638937,0.012105087749660015,0.055627551020408166,0.053137755102040815,-0.04991314211741916,0.11525010858883711,0.38118395459891485,-0.02071230471964945,0.5135970406526329,0.7587389568926103
2686,1000,10.066904923439026,10.32219700050354,0.2552920877933502,1.152161717414856,0.13208000361919403,0.5243812799453735,0.3923012614250183,0.9987908163265307,0.9986122448979592,0.0006556798582190957,0.983478198854234,0.992721415008879,0.02061800061800062,0.5148837073962549,0.7595949199774419
8412,1000,7.521697706222534,7.9506145143508915,0.4289168119430542,1.0050088167190552,0.3715118169784546,0.5761970281600952,0.20468521118164062,0.942469387755102,0.9454642857142858,-0.008226887014693596,0.7949902621272864,0.9151348257044061,-0.020547488547488547,0.5163225531076484,0.7606727325618853
6537,1000,10.232150908470153,10.455464183807374,0.22331325709819794,1.179528832435608,0.1795438975095749,0.19410356879234314,0.01455967128276825,0.999030612244898,0.9990867346938775,0.00538511535321693,0.8649467933815023,0.9466322979482378,-0.02040710040710041,0.5191934517522304,0.7618655618719157
24158,1000,8.657789940834045,9.12159648323059,0.46380650997161865,1.0876250267028809,0.38309258222579956,0.6287943720817566,0.24570178985595703,0.9982602040816326,0.9989846938775511,-0.030151317803917024,0.3408473086617693,0.6152437134499836,-0.020380352380352382,0.5197413733233691,0.7618655618719157
15162,1000,9.584138158798218,10.08858125782013,0.5044431090354919,1.1779415607452393,0.3967723548412323,0.6351412534713745,0.2383688986301422,0.9983418367346939,0.99875,-0.01422612851608784,0.6531937921948306,0.8361503370884961,-0.02037501843614349,0.5198506724354273,0.7618655618719157
24128,1000,10.71508189201355,11.065641119003296,0.3505592346191406,1.3032019138336182,0.22491580247879028,0.575678288936615,0.3507624864578247,0.9986479591836734,0.9990051020408163,-0.017930586170130335,0.5711550115173643,0.7993555269264031,-0.020369210430318065,0.5199696991174247,0.7618655618719157
920,1000,10.16112809753418,10.489228054046631,0.32809990644454956,1.2483973503112793,0.18310223519802094,0.6402357220649719,0.4571334719657898,0.9981428571428571,0.9985408163265306,0.012682380911446255,0.6887392375485301,0.8542046576625789,-0.020232356232356235,0.5227783835383722,0.7645332463180899
1560,996,0.30668971060216427,0.29695545363426207,-0.009734257124364376,0.0635688304901123,-0.00970686599612236,-0.015904849395155907,-0.0061979833990335464,0.05558673469387755,0.05291326530612245,0.01762593157046456,0.5784777322511482,0.8009477271461598,0.020217885599645696,0.5239101733268383,0.7645332463180899
16386,1000,10.175290058135987,10.731612384796142,0.5563223958015442,1.3544104099273682,0.49361178278923035,0.6561275720596313,0.162515789270401,0.9980408163265306,0.9990204081632653,-0.03578544849648501,0.2582310645975457,0.5425429181846765,-0.0201005241005241,0.5254913372793095,0.7645332463180899
23895,1000,10.66396286869049,11.639349359512329,0.9753865003585815,1.5141226053237915,0.833297610282898,1.1780041456222534,0.34470653533935547,0.9984183673469388,0.9992908163265306,-0.037638989495489855,0.2343680268637287,0.5324200332285121,-0.020056184056184055,0.5264054177320858,0.7645332463180899
19803,1000,10.490356971740722,10.653562673568725,0.16320568323135376,1.3164958953857422,0.08771182596683502,0.2662639915943146,0.17855216562747955,0.9985408163265306,0.9984897959183674,0.002558005624530242,0.9356088015968091,0.9711962543327307,-0.020043428043428044,0.5266685360762149,0.7645332463180899
22908,1000,10.841139401435852,11.157716749191284,0.31657734513282776,1.26002836227417,0.13248787820339203,0.5737069249153137,0.4412190318107605,0.9985306122448979,0.9991326530612245,-0.019252417548622624,0.5431146508520159,0.7806071546051563,-0.020027924027924027,0.5269884277430896,0.7645332463180899
17296,1000,8.450823550224305,8.80007067489624,0.3492470979690552,1.0923700332641602,0.2993845045566559,0.4268141984939575,0.12742969393730164,0.943015306122449,0.945765306122449,-0.035754564057414145,0.2586424339949296,0.5425429181846765,-0.01996918396918397,0.5282012987829421,0.7645332463180899
14432,998,0.316236821398139,0.3025649958848953,-0.013671827502548695,0.06513988971710205,-0.013791310600936413,-0.011306669563055038,0.0024846410378813744,0.056183673469387754,0.05345408163265306,-0.026293431556961358,0.4066847290098971,0.6691640520916502,-0.01995305697795934,0.5289481458760112,0.7645332463180899
676,1000,9.981121140480042,10.238391973495483,0.257270872592926,1.2041621208190918,0.14041249454021454,0.5988593697547913,0.4584468603134155,0.9985,0.9989081632653061,-0.03396898603463565,0.28319940172526603,0.5637524327709843,-0.019948927948927952,0.5286198762860571,0.7645332463180899
2446,1000,11.161233731269837,11.671890731811523,0.510657012462616,1.4992318153381348,0.4379316568374634,0.7355515956878662,0.29761993885040283,0.9987397959183674,0.9990357142857142,-0.03136990141992696,0.3216823759916481,0.5956670203707416,-0.019913527913527917,0.529351799677681,0.7645332463180899
11287,1000,9.606682306289672,10.115061630249023,0.5083792805671692,1.196568489074707,0.4548504948616028,0.6640915870666504,0.2092410922050476,0.9983826530612245,0.9987857142857143,-0.009123486394947986,0.7732279982793379,0.9016795549967522,0.0198971598971599,0.5296903951077331,0.7645332463180899
9319,1000,10.39227071094513,11.136787942886352,0.7445172667503357,1.3691197633743286,0.6275385618209839,1.0569192171096802,0.4293806552886963,0.9980153061224489,0.9989948979591837,-0.03392822095921416,0.2837778682596829,0.5637524327709843,-0.019816975816975817,0.5313507023117784,0.7645332463180899
12582,1000,10.027462750434875,10.29019478225708,0.26273199915885925,1.1884101629257202,0.23528118431568146,0.3244309425354004,0.08914975821971893,0.9978775510204082,0.9983061224489795,0.01256633772673735,0.6914403579176316,0.8542046576625789,-0.019803751803751806,0.5316247741962735,0.7645332463180899
12739,1000,8.726794290542603,8.714041240692138,-0.012753049843013287,0.9444797039031982,-0.05398767068982124,0.07367948442697525,0.1276671588420868,0.9989591836734694,0.9986020408163265,0.007867961444339166,0.8037479988320128,0.9177724212466106,-0.019797403797403797,0.5317563640592301,0.7645332463180899
12530,1000,8.75705787563324,9.332717440605164,0.5756595730781555,1.1286509037017822,0.5045726895332336,0.7895669341087341,0.2849942445755005,0.9987857142857143,0.9988367346938776,-0.025530408159205327,0.4199753087665326,0.6813496701136799,-0.019696711696711697,0.5338458445706817,0.7665112795038934
21194,1000,10.117893386840821,10.615708479881286,0.4978151321411133,1.2172495126724243,0.42769673466682434,0.6131865382194519,0.18548980355262756,0.9980765306122449,0.9990255102040816,-0.0394514701907526,0.2125845763890558,0.5096335603612633,-0.019661587661587664,0.5345756829623798,0.7665344239006621
7424,1000,7.416589653968811,7.308130496025085,-0.10845916718244553,0.9259704351425171,-0.19723044335842133,0.08200136572122574,0.27923181653022766,0.9984693877551021,0.9974285714285714,-0.004941763796385047,0.8759717026616111,0.9477572869865559,-0.019614931614931615,0.5355459204968904,0.7669017581515472
22123,487,0.12040389840459102,0.10973727452378079,-0.010666623711585999,0.052716437727212906,-0.012674692086875439,-0.010581215843558311,0.0020934762433171272,0.013301020408163266,0.01213265306122449,0.011949665281485684,0.7925214021330841,0.914251327487575,0.019462927430746464,0.6683262831513102,0.8431020518003378
19514,1000,7.7443431997299195,8.114205896377564,0.3698626756668091,1.0034427642822266,0.32579171657562256,0.48896631598472595,0.1631745994091034,0.9981020408163266,0.9985663265306123,0.020843817111630053,0.5102898078698231,0.7580238639726005,-0.019334263334263337,0.5414011996078151,0.7727182803211816
3521,1000,9.799720656394959,10.075352535247802,0.2756318747997284,1.1494890451431274,0.24152766168117523,0.3882504999637604,0.14672283828258514,0.9981071428571429,0.9984642857142857,0.0021538081983747304,0.9457662995188453,0.9761977150556437,-0.019309135309135313,0.5419269709677815,0.7727182803211816
16168,1000,9.202859454154968,9.628591242790222,0.4257318079471588,1.1768056154251099,0.35077103972435,0.710797905921936,0.36002686619758606,0.9423979591836734,0.945984693877551,-0.009593625085430768,0.7618863590548589,0.895258150574309,-0.01923939123939124,0.5433876067128042,0.7727182803211816
12434,1000,9.142985272407532,9.151461786270142,0.008476505056023598,1.167606234550476,-0.12250933796167374,0.289019912481308,0.4115292429924011,0.9989234693877551,0.9984081632653061,-0.035481322881204126,0.2623016627107073,0.5447260023574894,-0.01923934323934324,0.5433886126413815,0.7727182803211816
23497,1000,9.201755337715149,9.717896795272827,0.5161414742469788,1.1843669414520264,0.3816356062889099,0.765659749507904,0.38402414321899414,0.9981275510204082,0.9987142857142857,-0.037745459585522216,0.2330463117049421,0.5324200332285121,-0.01919265119265119,0.5443675678080147,0.7727182803211816
16283,1000,10.507953820228577,10.950511749267578,0.4425579607486725,1.3732866048812866,0.3648912012577057,0.725189745426178,0.3602985441684723,0.998234693877551,0.998780612244898,0.003015742378554869,0.9241185693062213,0.9683702507463338,-0.01918200718200718,0.5445908547956656,0.7727182803211816
19872,1000,9.89462966632843,11.05476508808136,1.1601353883743286,1.695871114730835,1.0493977069854736,1.2487576007843018,0.19935989379882812,0.9979285714285714,0.9993418367346939,-0.004102459415888412,0.8969070783358409,0.9592288542527326,-0.019153363153363155,0.5451919665497067,0.7727182803211816
12999,1000,9.900967703819274,10.512815299987793,0.6118475794792175,1.2436466217041016,0.6046621203422546,0.7350152134895325,0.13035309314727783,0.9983418367346939,0.9990102040816327,-0.013304470309368273,0.6743271689420924,0.847591942445578,-0.019136767136767138,0.5455403941028171,0.7727182803211816
16783,1000,10.532199996948242,11.109089562416077,0.5768895745277405,1.343215823173523,0.5708144307136536,0.6144925355911255,0.043678104877471924,0.9987704081632653,0.9987704081632653,-0.021079225414922593,0.5055236634734278,0.7561732793460466,-0.019105567105567108,0.5461957263023439,0.7727182803211816
17227,1000,9.705279982566834,9.993306640625,0.2880266606807709,1.1772541999816895,0.23567400872707367,0.3139501214027405,0.07827611267566681,0.9987959183673469,0.9985051020408163,-0.016675236255795933,0.5984058496983644,0.8064985041034064,-0.01907669507669508,0.5468025074898492,0.7727182803211816
21708,1000,10.179260835647582,10.964257779121398,0.7849969267845154,1.3594037294387817,0.7157902121543884,0.8796271085739136,0.16383689641952515,0.9983265306122449,0.9989285714285714,-0.016921053675595793,0.5930235138451383,0.8040150815360316,-0.01892952692952693,0.549900596162694,0.7752193389867224
18934,1000,7.674499079704285,8.048009243011474,0.37351012229919434,0.9591037631034851,0.27657774090766907,0.5781289935112,0.3015512526035309,0.9414132653061225,0.9446632653061224,-0.04026528643634139,0.20329369699689742,0.504983813058542,-0.018924054924054926,0.5500159555939316,0.7752193389867224
15621,1000,9.106820972442627,9.38662082195282,0.27979984879493713,1.0423420667648315,0.24082450568675995,0.44828104972839355,0.2074565440416336,0.9984438775510204,0.998545918367347,-0.006250294859670112,0.8435095221617525,0.9322779731963556,-0.018742134742134743,0.5538579129104411,0.7796112692867807
2448,1000,9.466993304252625,10.043563453674317,0.5765701532363892,1.2223589420318604,0.49450382590293884,0.7658222317695618,0.2713184058666229,0.9970561224489796,0.9986632653061225,0.003989146793945056,0.8997393467632043,0.9596028385538048,-0.018643866643866646,0.555938672455869,0.7815158824837739
24537,1000,10.964542592048645,11.35634514427185,0.3918025493621826,1.4013551473617554,0.3342657685279846,0.4060583710670471,0.0717926025390625,0.9986173469387755,0.9990714285714286,0.0008083468536642085,0.9796320562014458,0.9917456382090604,-0.01846030246030246,0.559835691455493,0.7849461357923287
12288,1000,10.5136318025589,10.954470623016357,0.4408388137817383,1.3193093538284302,0.4092615842819214,0.5034559965133667,0.09419441223144531,0.9986326530612245,0.9989489795918367,-0.02089877736630254,0.5091749709312019,0.7580238639726005,-0.01846007446007446,0.5598405400530018,0.7849461357923287
17986,1000,9.87052480316162,10.112505992889405,0.24198120832443237,1.2017772197723389,0.17847086489200592,0.4134145975112915,0.23494373261928558,0.9984489795918368,0.9986632653061225,-0.04061616830144746,0.19938028243452552,0.5034658329956664,-0.018375852430979986,0.5616329748555455,0.7864326140741276
16928,1000,9.724318286895752,9.871023468017578,0.14670516550540924,1.0964000225067139,0.07298900932073593,0.21777702867984772,0.14478802680969238,0.9988877551020409,0.9986785714285714,0.02981054229391781,0.34633480032033154,0.6209742496561537,0.018337638337638337,0.5624471697269341,0.7865472139150094
13704,1000,10.330816884040832,10.815599864006042,0.48478299379348755,1.2920178174972534,0.41092774271965027,0.5940212607383728,0.18309351801872253,0.9981122448979591,0.9986122448979592,-0.027410816627833217,0.3865533970855304,0.6610801727227064,-0.018285006285006285,0.5635694864753649,0.7870918445702755
11770,1000,8.26561370754242,9.032543081283569,0.7669293880462646,1.175897479057312,0.6857002377510071,0.8391169309616089,0.1534166932106018,0.9979489795918367,0.9988673469387755,0.01939171841338114,0.5401999829052181,0.7806071546051563,0.018223986223986223,0.5648720152196004,0.7878864212283777
308,1000,9.191497179031373,10.172635151863098,0.9811379313468933,1.4314253330230713,0.8488448262214661,1.2774521112442017,0.4286072850227356,0.9431938775510204,0.9463061224489796,-0.030929335487130075,0.3285285913037233,0.6039938124995071,-0.018174726174726177,0.5659245692898005,0.7883307229795664
23430,1000,9.529190783500672,9.786625848770141,0.25743502378463745,1.1342716217041016,0.15325400233268738,0.429258793592453,0.2760047912597656,0.9987908163265307,0.9990051020408163,-0.040032009198035116,0.2059261804688214,0.504983813058542,-0.017979282033219877,0.5701099219788245,0.7929798849748353
1564,1000,8.987086533546448,9.762286951065063,0.7752003073692322,1.2888211011886597,0.7757363319396973,0.80168217420578,0.025945842266082764,0.9432551020408163,0.946688775510204,0.03377902921642199,0.28590174452044276,0.5637524327709843,0.01794818994818995,0.5707771017923646,0.7929798849748353
12005,1000,8.819251339912414,8.819594325065612,0.00034300805418752134,1.1394222974777222,-0.058477502316236496,0.042086049914360046,0.10056355595588684,0.9416989795918367,0.9442244897959183,-0.010724418247574525,0.7348195733218263,0.8785555647891108,-0.017915585915585917,0.5714771238086802,0.7929798849748353
15296,1000,9.514858619689942,10.65715587234497,1.1422972679138184,1.508864164352417,1.0461512804031372,1.1004317998886108,0.05428051948547363,0.99825,0.9994132653061224,0.04312233640776338,0.17301608032755275,0.47162251338018185,0.01773703773703774,0.5753178397071081,0.7972791739941086
17489,1000,9.997443270683288,10.304775310516357,0.30733203887939453,1.227934718132019,0.18698865175247192,0.45390552282333374,0.2669168710708618,0.9988469387755102,0.99875,0.02044251878351036,0.5184683803592913,0.7631964508665142,-0.01763836163836164,0.5774456553962206,0.7975243362489828
11843,1000,6.765464829921722,7.348390260696411,0.5829254388809204,0.9254166483879089,0.5153037309646606,0.7603723406791687,0.24506860971450806,0.9977091836734694,0.9988520408163265,-0.0010062520913575205,0.9746469423091078,0.991198731618686,-0.017635709635709637,0.5775028932452052,0.7975243362489828
12049,997,0.3399730844497681,0.30317787279188635,-0.03679521009325981,0.07474101334810257,-0.03446380794048309,-0.04459933191537857,-0.010135523974895477,0.05583163265306122,0.05267857142857143,0.015575989922177935,0.623264148460769,0.8193215366546707,0.01761765727924775,0.5784650446349698,0.7975243362489828
16319,1000,9.923785424232483,11.187697292327881,1.2639118432998657,1.6469757556915283,1.171177864074707,1.4371453523635864,0.2659674882888794,0.9984081632653061,0.9990102040816327,-0.04618661896999503,0.14442718316909536,0.42265611641310197,-0.0175946695946696,0.5783889952689045,0.7975243362489828
21529,998,0.28312804570794103,0.2961961449384689,0.013068098574876785,0.05734625831246376,0.013763065449893475,0.01732967421412468,0.003566608764231205,0.056127551020408166,0.0535,-0.03558368076274006,0.26140528155560044,0.5447260023574894,-0.017525739760580555,0.5802588391599786,0.7987007799614726
11467,1000,9.596575300216674,10.283132938385009,0.6865575909614563,1.3269623517990112,0.5233666300773621,0.9229766726493835,0.3996100425720215,0.9973214285714286,0.9984948979591837,-0.018551301324795186,0.5579021569561489,0.7873678272942233,-0.017482889482889483,0.5808056882215178,0.7987007799614726
15340,1000,10.42794924736023,10.515598442077637,0.08764916658401489,1.2046008110046387,-0.0008314369479194283,0.29823535680770874,0.29906678199768066,0.9984693877551021,0.9987244897959183,-0.018838239719111652,0.5518266456029306,0.7829086094815686,-0.01738765738765739,0.5828683284897253,0.7989376767071076
8935,1000,6.657822893142701,6.589168487548828,-0.06865440309047699,0.7792330980300903,-0.060987263917922974,-0.08799348026514053,-0.02700621634721756,0.9978265306122449,0.9978418367346938,0.044329060951499515,0.16129084542395336,0.44877297405524846,0.017385761385761388,0.582909428780356,0.7989376767071076
11647,1000,10.3980851354599,11.232093801498413,0.8340086936950684,1.5055789947509766,0.7891548275947571,0.8263260722160339,0.037171244621276855,0.9984948979591837,0.9988571428571429,0.03674164653728451,0.245718504432436,0.5383189654387791,0.017368997368997368,0.5832728869034746,0.7989376767071076
4706,1000,8.200186912536621,8.563357299804688,0.36317041516304016,1.0447198152542114,0.358921080827713,0.4649328887462616,0.10601180791854858,0.9412448979591836,0.9443928571428571,-0.0026126077005212407,0.934237414457924,0.9711962543327307,-0.01733761733761734,0.5839535160289381,0.7989376767071076
20355,1000,8.378759556770325,8.640187110900879,0.26142755150794983,1.0207977294921875,0.17431733012199402,0.5151299834251404,0.34081265330314636,0.941234693877551,0.9445816326530613,-0.03807099652190406,0.2290378809639606,0.5303655584112028,-0.017190809190809193,0.5871426612925749,0.8012411537028422
9540,1000,8.85918966293335,9.689881034851075,0.830691397190094,1.2507883310317993,0.7411713600158691,1.0314345359802246,0.29026317596435547,0.9981785714285715,0.9989846938775511,-0.03086506898250988,0.3295350940796016,0.6039938124995071,-0.01715959715959716,0.5878217236046533,0.8012411537028422
10338,1000,9.194196648597718,9.52973658847809,0.33553990721702576,1.1465708017349243,0.2743775546550751,0.5146325826644897,0.24025502800941467,0.9987755102040816,0.9987857142857143,0.015663873045806746,0.6207794371706943,0.8190627954807441,0.017157137157137157,0.5878752598862567,0.8012411537028422
8849,1000,9.486282264709473,9.846280500411988,0.35999828577041626,1.1436489820480347,0.2622147500514984,0.523126482963562,0.2609117329120636,0.9981020408163266,0.9988724489795918,-0.0035496373242252565,0.9107367048914211,0.9637285559682638,-0.016903048903048907,0.5934169876756131,0.8066803384601001
15479,1000,8.259277414321899,8.176910120010376,-0.08236728608608246,0.9770094156265259,-0.1733722686767578,0.08380403369665146,0.25717630982398987,0.9975714285714286,0.9978265306122449,0.03208255388824211,0.3108063891165874,0.5835770313133127,0.016872880872880875,0.5940765430859791,0.8066803384601001
13197,1000,8.741762192726135,8.980581293106079,0.23881912231445312,1.0095912218093872,0.17135290801525116,0.42598146200180054,0.2546285390853882,0.9974693877551021,0.9978775510204082,-0.02412898383849913,0.4459513279473416,0.7002218219524048,-0.016870924870924873,0.5941193181768522,0.8066803384601001
23181,1000,10.317290395736695,11.314601718902589,0.9973113536834717,1.5396473407745361,0.9063727855682373,1.0148036479949951,0.10843086242675781,0.9981836734693877,0.9991989795918368,-0.007438494096623011,0.8142592723853846,0.9224836060568598,-0.016754620754620756,0.5966652540922261,0.8085568909888158
9944,1000,8.909428804397583,9.051454648971557,0.1420258730649948,1.1180121898651123,-0.03988479822874069,0.5170382261276245,0.5569230318069458,0.9431071428571428,0.9455,-0.02746690082925256,0.385582123687019,0.6604708147366163,-0.016709548709548713,0.5976532277254492,0.8085568909888158
17761,1000,8.760439518928528,8.715419438362122,-0.045020051300525665,1.0148942470550537,-0.04093072563409805,-0.02445177733898163,0.016478948295116425,0.9984744897959184,0.9983367346938775,0.023381806835135438,0.4601658106358852,0.7121168895464768,-0.0167000207000207,0.5978621755138701,0.8085568909888158
4125,1000,10.153991333007813,10.567531823158264,0.41354048252105713,1.210836410522461,0.3656570315361023,0.5172619223594666,0.15160489082336426,0.9989438775510204,0.9989081632653061,-0.018899287477248488,0.5505382454537661,0.7821138566366993,-0.016670362720373807,0.5985127824358553,0.8085568909888158
17760,1000,9.806409077644348,10.004712983131409,0.19830386340618134,1.2105764150619507,0.16650637984275818,0.31821396946907043,0.15170758962631226,0.9986887755102041,0.9989234693877551,-0.008813388307300959,0.7807355342591545,0.9064972581560345,-0.01655053655053655,0.6011446679580614,0.8093739643213168
20195,1000,8.585064455986023,8.880648897171021,0.29558444023132324,1.0247242450714111,0.24164974689483643,0.4379177391529083,0.1962679922580719,0.99875,0.9987551020408163,0.0008702901957650655,0.9780716461228675,0.9917456382090604,-0.016534708534708537,0.6014927073909292,0.8093739643213168
18973,1000,10.4253456325531,10.652976936340332,0.22763130068778992,1.2332504987716675,0.15555396676063538,0.38418370485305786,0.22862973809242249,0.9984234693877551,0.9985561224489796,-0.025334173952788627,0.4235582229458852,0.6830353324983194,-0.016522036522036525,0.6017714154506894,0.8093739643213168
4952,1000,9.871089746475219,10.437086375236511,0.5659967064857483,1.3266246318817139,0.4486633539199829,0.791591227054596,0.34292787313461304,0.9987397959183674,0.9986887755102041,-0.030637840954934385,0.33310977500586025,0.6063727090784642,-0.016505644505644505,0.6021320274606444,0.8093739643213168
10558,1000,9.543760888099671,10.335345664024352,0.791584849357605,1.3583241701126099,0.6977935433387756,1.0413320064544678,0.34353846311569214,0.9982040816326531,0.9988724489795918,-0.001259196007977116,0.9682769027594434,0.9902581263464147,0.016347400396442596,0.6056182674532469,0.8126767753228511
3069,1000,10.383513854026795,10.603718765258789,0.2202049344778061,1.226016879081726,0.16113054752349854,0.25622403621673584,0.0950934886932373,0.999,0.9985510204081632,0.033015059802279735,0.2969453256291594,0.5706304308253812,0.016325452374428732,0.6061025112044728,0.8126767753228511
16020,1000,10.274569635391236,10.140947132110595,-0.13362249732017517,1.2837746143341064,-0.22369062900543213,-0.002289656549692154,0.22140097618103027,0.9988826530612245,0.9986683673469388,-0.03194488283317776,0.3128883197540855,0.5854391209336025,-0.01623110823110823,0.6081860123101515,0.8144535875574846
5982,1000,9.569479603767395,9.235538414001464,-0.33394116163253784,1.096506118774414,-0.3851812779903412,-0.18097618222236633,0.20420509576797485,0.9984132653061224,0.997734693877551,0.015456693863468712,0.6254071863958999,0.8211336408180886,0.016127008127008128,0.6104886554312187,0.816519073391194
2481,1000,10.165346545219421,10.305387982368469,0.14004141092300415,1.2396990060806274,0.08065076917409897,0.2904546856880188,0.20980390906333923,0.9980255102040816,0.9988469387755102,-0.014399119046466888,0.6492573039246895,0.8330971856811428,-0.01596895596895597,0.6139920540124197,0.8186283934981903
24152,1000,8.968168132781983,9.345699158668518,0.3775309920310974,1.143229603767395,0.3154470920562744,0.6333110332489014,0.31786394119262695,0.9412602040816327,0.9447959183673469,-0.03229674077609411,0.30758553483103185,0.579670241728373,-0.015953403953403954,0.6143372591172077,0.8186283934981903
18960,1000,12.211039021492004,12.275048930168152,0.0640098825097084,1.5993856191635132,0.02418023906648159,0.23990534245967865,0.2157251089811325,0.9991122448979591,0.9987142857142857,0.03584675999241821,0.25741576062275573,0.5425429181846765,0.015918039918039917,0.615122545379321,0.8186283934981903
20097,998,0.31164493805170057,0.31042969866096976,-0.001215240452438593,0.06186756491661072,-0.002214816864579916,0.0038756891153752804,0.006090505979955196,0.05525510204081633,0.05270408163265306,-0.03082664412716573,0.33062312566710184,0.6039938124995071,-0.01590003540745546,0.6158768546988247,0.8186283934981903
17460,1000,10.597765370368958,11.159528195381165,0.561762809753418,1.3792645931243896,0.4621856212615967,0.8516198992729187,0.389434278011322,0.9986530612244898,0.9989591836734694,-0.017329013670152514,0.5841401930265291,0.8040150815360316,-0.015897903897903902,0.6155698784415751,0.8186283934981903
13431,1000,10.017274057388306,10.531061568260192,0.5137874484062195,1.3037141561508179,0.38217729330062866,0.8446269631385803,0.46244966983795166,0.9980510204081633,0.9980969387755102,-0.04301465442178893,0.17409252816997836,0.4718719965807874,-0.015800655800655802,0.617732306034888,0.8200797239573174
12371,1000,8.517777126312255,8.689861381530761,0.172084242105484,1.045770287513733,0.10834460705518723,0.33495575189590454,0.22661113739013672,0.9430918367346939,0.945780612244898,-0.016972013276726292,0.5919104972928306,0.8040150815360316,-0.015747387747387747,0.6189181900872155,0.8206396742637895
5111,1000,7.604591214179993,7.925706362724304,0.3211151659488678,0.9873403310775757,0.2603609263896942,0.4226583242416382,0.16229739785194397,0.9440561224489796,0.9469744897959184,0.00665796956495295,0.8334472054524998,0.932240483621062,0.015609987609987611,0.6219816417143675,0.8236846895206297
711,1000,10.569471212387086,11.233347889900207,0.6638767123222351,1.3827309608459473,0.5939261317253113,0.8070930242538452,0.21316689252853394,0.9980867346938775,0.9989846938775511,0.042050451367050753,0.183954691506509,0.4821340162080364,0.015537483537483538,0.6236008250126208,0.823709319842882
14619,1000,9.45802190876007,9.858905957221985,0.40088406205177307,1.1351726055145264,0.3567074239253998,0.4741213321685791,0.11741390824317932,0.9980051020408163,0.9981173469387755,0.022884855092960406,0.46975840228660615,0.7217747125262017,0.015513087513087514,0.6241460536938418,0.823709319842882
19418,1000,10.18052310371399,11.064975605010986,0.8844525218009949,1.4768835306167603,0.7923428416252136,1.1539528369903564,0.3616099953651428,0.9984234693877551,0.9990714285714286,-0.00440750081727465,0.8892891312411477,0.9550965269529927,-0.015506151506151507,0.6243011046108994,0.823709319842882
8715,1000,8.443376452445984,8.549362257957458,0.10598578304052353,1.0202126502990723,0.02230512537062168,0.1776800900697708,0.15537495911121368,0.9983571428571428,0.9981887755102041,0.014087002660538842,0.6563666873248207,0.8382138194849673,0.01535701535701536,0.6276389773636438,0.8270972536055872
12545,1000,8.915920936584472,8.85331275177002,-0.06260818988084793,1.0234928131103516,-0.0654611811041832,0.03787543997168541,0.10333661735057831,0.9986377551020408,0.9980051020408163,0.000719010183519795,0.9818826650566901,0.9920432570751507,0.015307251307251307,0.6287544648181852,0.8275518323709937
5007,1000,10.229990675926208,10.930666260719299,0.7006755471229553,1.3327146768569946,0.5630117058753967,0.8335378766059875,0.2705261707305908,0.9984183673469388,0.9991428571428571,-0.013423154343633536,0.6715908944724446,0.845590411094262,-0.015107991107991107,0.6332294502349356,0.832245049614456
15929,1000,9.697520369529725,9.539839361190795,-0.15768101811408997,1.134509801864624,-0.21191148459911346,-0.0638226792216301,0.14808881282806396,0.9987244897959183,0.9982295918367347,0.016355863625096178,0.60543158771226,0.811777185022431,0.015079515079515078,0.6338700657212523,0.832245049614456
11128,1000,10.8657624874115,11.12009624004364,0.2543337345123291,1.291654348373413,0.2893345057964325,0.12711688876152039,-0.1622176170349121,0.9984744897959184,0.9985561224489796,0.031181338480831773,0.3246011014633836,0.6000371479719002,0.015037995037995038,0.6348046190033882,0.8323301328838518
3006,1000,10.1722305021286,10.59592183971405,0.4236913025379181,1.30170738697052,0.3281935751438141,0.6634026169776917,0.33520904183387756,0.9986530612244898,0.998484693877551,-0.009953458162218504,0.753239962901714,0.8891424862193429,-0.015007791007791012,0.6354848314383226,0.8323301328838518
11271,1000,9.949896370887757,9.855833210945129,-0.0940631628036499,1.264150619506836,-0.21476900577545166,0.1236451119184494,0.33841413259506226,0.9986224489795918,0.9987091836734694,0.011976867298092624,0.7052213632749353,0.8626511892451943,0.014890706890706892,0.6381245338531595,0.8347694876471294
15273,1000,10.649868697166443,10.792327332496644,0.14245861768722534,1.2820618152618408,0.02051323466002941,0.27480465173721313,0.2542914152145386,0.9985816326530612,0.9988877551020409,-0.016936086220736758,0.5926950861314395,0.8040150815360316,-0.0147988107988108,0.6401995790648667,0.8364651434497163
10169,996,0.3063764161616564,0.2933809522017837,-0.012995464727282524,0.06739253550767899,-0.01212832611054182,-0.004381382372230291,0.007746943738311529,0.0561530612244898,0.05343877551020408,-0.02873832304425395,0.36492823767542154,0.6396371705986973,-0.014787086937387811,0.6411352957190979,0.836669875579965
4611,1000,10.085783787727356,10.424655472755433,0.33887165784835815,1.1834579706192017,0.2768237590789795,0.47620370984077454,0.19937995076179504,0.9986530612244898,0.9984081632653061,0.013534046529506209,0.6690381825081879,0.8450757143020152,-0.014667782667782668,0.6431631009196366,0.8382975368782642
20361,1000,10.235781830787658,10.380963526725768,0.14518167078495026,1.174884557723999,0.12350155413150787,0.177628293633461,0.054126739501953125,0.9982602040816326,0.9983520408163266,0.017601395110293645,0.5782437398790401,0.8009477271461598,0.014525234525234526,0.6463936250894606,0.8397945912075193
3469,1000,12.493937293052673,12.23398210144043,-0.25995519757270813,1.3792028427124023,-0.3404635787010193,-0.11127925664186478,0.2291843295097351,0.998780612244898,0.9984489795918368,-0.01693457244855791,0.592728154919772,0.8040150815360316,-0.01448945048945049,0.647205637001775,0.8397945912075193
16968,1000,10.150108534812928,10.64280159187317,0.49269306659698486,1.2767988443374634,0.4081135094165802,0.693901777267456,0.28578826785087585,0.9988826530612245,0.9990357142857142,0.006161051322629935,0.8457157179154072,0.932544847064833,0.014405042405042406,0.649122687079499,0.8397945912075193
22068,1000,9.124047709465026,9.24177135181427,0.11772361397743225,1.11310613155365,0.022728070616722107,0.3024360239505768,0.27970796823501587,0.9985306122448979,0.9984489795918368,-0.025034471385113683,0.42906462765918807,0.6860565347526064,-0.014378744421880656,0.649720433897711,0.8397945912075193
10020,1000,10.179832882881165,9.949021230697632,-0.23081162571907043,1.1535173654556274,-0.24462094902992249,-0.31421196460723877,-0.06959101557731628,0.9985255102040816,0.9984693877551021,0.01606555911072798,0.6118496877999531,0.8157813658876193,0.01436685836685837,0.6499906749815013,0.8397945912075193
11087,1000,10.444644818305969,10.65925384235382,0.21460898220539093,1.286221981048584,0.10960676521062851,0.42384061217308044,0.31423383951187134,0.998265306122449,0.9983010204081633,-0.026887405112979598,0.3956896118022791,0.6641319025590071,-0.014350502350502352,0.650362620164233,0.8397945912075193
21688,1000,9.117434200286866,9.54558575630188,0.42815157771110535,1.1445727348327637,0.2874230444431305,0.6216865181922913,0.33426347374916077,0.9981632653061224,0.9985561224489796,-0.007140381901332029,0.8215754172950065,0.928643189240437,-0.014299730299730301,0.6515177594078749,0.8397945912075193
11447,1000,8.3297388048172,9.210237713813783,0.8804988861083984,1.214901328086853,0.784548819065094,0.9438689947128296,0.1593201756477356,0.9983367346938775,0.9994438775510204,0.03954655115989542,0.21148355725182125,0.5096335603612633,0.014292626292626296,0.6516794527821855,0.8397945912075193
16709,1000,9.830146109580994,10.458681280136108,0.6285350918769836,1.296975016593933,0.5151143074035645,0.9093244075775146,0.3942101001739502,0.9984132653061224,0.9988979591836735,-0.001170718703668919,0.9705048711682991,0.9902581263464147,-0.01425924225924226,0.6524395213135875,0.8397945912075193
20129,1000,9.692927019119264,10.240517043113709,0.5475900173187256,1.2985514402389526,0.3947926461696625,0.7751330137252808,0.3803403675556183,0.9984438775510204,0.9988418367346938,0.015167341295713078,0.6318951520776351,0.8238560996196632,0.01425735825735826,0.6524824259417638,0.8397945912075193
8777,1000,10.291043328285218,11.140130018234252,0.8490866422653198,1.4450817108154297,0.7036709189414978,1.1746692657470703,0.4709983468055725,0.9983622448979592,0.999295918367347,0.00023413306524811965,0.9940999547852047,0.9968845484960878,-0.0142008142008142,0.6537706451081511,0.8397945912075193
11320,1000,10.251473608970642,10.956509230613708,0.7050355672836304,1.3155776262283325,0.5812154412269592,0.9124404191970825,0.3312249779701233,0.9981479591836735,0.9991887755102041,-0.011676047697825532,0.7122918500798066,0.8649123940975565,-0.014193902193902194,0.6539281891951726,0.8397945912075193
21685,1000,10.164730456352235,10.006575445175171,-0.15815497934818268,1.2615123987197876,-0.22756953537464142,-0.010338121093809605,0.2172314077615738,0.9987704081632653,0.9983061224489795,-0.021524475978141503,0.4965733907303822,0.7479941397537594,-0.01413685413685414,0.655229062400999,0.8397945912075193
8984,1000,9.483841269493103,10.404733472824097,0.9208922386169434,1.4103642702102661,0.7558174133300781,1.1616313457489014,0.40581393241882324,0.9983520408163266,0.9988163265306123,0.0066177395883599815,0.8344389883267582,0.932240483621062,-0.014132054132054131,0.6553385651803073,0.8397945912075193
20103,1000,10.265243644714355,10.838235883712768,0.5729922652244568,1.2958024740219116,0.5180562734603882,0.7124121189117432,0.19435584545135498,0.9986479591836734,0.9987091836734694,-0.007816941495384392,0.804994905925594,0.9177967398769511,0.014101286101286102,0.6560406536528014,0.8397945912075193
3830,1000,10.747286057472229,11.52074179172516,0.7734556794166565,1.4001457691192627,0.6102668046951294,1.077246904373169,0.46698009967803955,0.9986173469387755,0.9993112244897959,-0.024529399516204038,0.438437675207197,0.6928965332657129,-0.014032730032730034,0.6576061093008396,0.8407963826060735
7364,1000,9.558890419006348,9.384769739151,-0.1741206794977188,1.1570883989334106,-0.22848279774188995,-0.11970136314630508,0.10878143459558487,0.9988826530612245,0.9985969387755103,-0.02667724763279093,0.3993942886870083,0.6641319025590071,-0.01395794595794596,0.6593154909886713,0.8408542303044366
13320,1000,9.671060138702392,9.763584209442138,0.09252408146858215,1.149560809135437,0.04115796089172363,0.18995489180088043,0.1487969309091568,0.9981326530612245,0.9983163265306122,0.01859657890937123,0.5569413134689687,0.7873678272942233,0.013894861894861898,0.6607588220842187,0.8408542303044366
18178,1000,10.182322251319885,10.72041138267517,0.5380890965461731,1.2778326272964478,0.41570356488227844,0.7936991453170776,0.3779955804347992,0.9986275510204081,0.99875,-0.0004302845465025747,0.9891572625350327,0.9947143258077014,-0.013869565869565871,0.6613379366319749,0.8408542303044366
16222,1000,8.988755083084106,9.176970204353333,0.18821509182453156,1.1198513507843018,0.10423783212900162,0.3142135739326477,0.20997574925422668,0.9986020408163265,0.9981020408163266,0.01969731502348965,0.5338333125031361,0.7744625117722432,-0.013851133851133852,0.6617600375536616,0.8408542303044366
2036,1000,8.809989999771117,9.084738949775696,0.27474889159202576,1.0892452001571655,0.26722851395606995,0.1618906855583191,-0.10533782839775085,0.942984693877551,0.9456632653061224,0.04786643838817175,0.13037021179894887,0.40644196156408197,0.01384900984900985,0.6618086849908212,0.8408542303044366
12873,1000,9.947435658454895,10.434600794792175,0.48716509342193604,1.1939045190811157,0.39447420835494995,0.7138056755065918,0.31933146715164185,0.9983826530612245,0.99925,-0.02350673352383807,0.45777169621147434,0.7098998041832444,-0.013824253824253825,0.6623757938258927,0.8408542303044366
11711,1000,9.360430724143981,9.286785626411438,-0.07364514470100403,1.1168837547302246,-0.14921580255031586,0.12215821444988251,0.27137401700019836,0.9989336734693878,0.9985918367346939,-0.011889145383723487,0.7072805938423097,0.86293308957062,-0.013791265791265791,0.6631317812549887,0.8408542303044366
9428,998,0.31873004491627216,0.3037091748267412,-0.015020870603621006,0.07038690149784088,-0.015553775243461132,-0.011638153344392776,0.0039156218990683556,0.0559234693877551,0.052994897959183676,-0.026786211596411806,0.39794442869959573,0.6641319025590071,-0.013722083641260008,0.6650341285137042,0.8422719976694792
23174,1000,7.553634101867676,7.478116661071778,-0.075517438352108,0.9072439074516296,-0.10742577910423279,6.968974776100367e-05,0.10749547183513641,0.9418622448979592,0.9446785714285715,0.006594030859783835,0.8350235989231487,0.932240483621062,0.01360984960984961,0.6672954064120804,0.8431020518003378
8668,1000,10.721777362823486,10.701450902938843,-0.020326463505625725,1.3093295097351074,-0.1647917777299881,0.11733295768499374,0.28212472796440125,0.9982448979591837,0.9978826530612245,-0.008580451731108869,0.7863884714882748,0.9110908504621437,-0.013592953592953594,0.6676837051913659,0.8431020518003378
14119,1000,10.354874381065368,10.744469907760621,0.38959550857543945,1.3007993698120117,0.2988644540309906,0.5192350745201111,0.22037062048912048,0.998234693877551,0.9989642857142857,0.02517478381070101,0.4264815253457865,0.6850637775805095,0.013525585525585528,0.6692328187561611,0.8431020518003378
13598,1000,8.084332560539245,8.795685148239135,0.711352527141571,1.1393911838531494,0.658950686454773,0.8604627251625061,0.20151203870773315,0.9981938775510204,0.998780612244898,-0.002134546432899222,0.9462505814688015,0.9761977150556437,-0.013498057498057499,0.6698662247551125,0.8431020518003378
18119,1000,9.337602027893066,9.65506492805481,0.31746289134025574,1.1405155658721924,0.2560586929321289,0.42844313383102417,0.17238444089889526,0.9984591836734694,0.9988112244897959,0.016920593925801294,0.5930335596688352,0.8040150815360316,0.013474885474885477,0.6703995830889092,0.8431020518003378
16619,1000,10.272241464614869,10.49097996711731,0.21873855590820312,1.2331523895263672,0.16967809200286865,0.3339150547981262,0.16423696279525757,0.9981479591836735,0.9976632653061225,-0.016250315569965177,0.6077615780857215,0.8128716498929824,-0.013388449388449387,0.6723905738322431,0.8446169313401509
16438,1000,9.595247552871704,9.726502026557922,0.13125444948673248,1.1367323398590088,0.06587610393762589,0.36958542466163635,0.30370932817459106,0.9982551020408164,0.9982908163265306,-0.031595048976968444,0.3182198448312456,0.5912943137521761,-0.01323004923004923,0.6760451551156946,0.8472283415102003
20816,1000,9.527474433898925,10.195303900718688,0.6678294539451599,1.283998966217041,0.5888992547988892,0.9037100672721863,0.3148108124732971,0.9979438775510204,0.9986887755102041,-0.028571665116715907,0.36675436740991474,0.6396371705986973,-0.013221709221709222,0.67623778666354,0.8472283415102003
22815,1000,8.322542032718658,8.600226528167724,0.2776845097541809,0.9946115016937256,0.21713055670261383,0.3581502139568329,0.14101965725421906,0.946469387755102,0.9500306122448979,-0.006498752408770941,0.8373738929638277,0.9322779731963556,-0.013195813195813196,0.6768360493628974,0.8472283415102003
16642,1000,9.291638722419739,9.573262221336364,0.2816234827041626,1.1468091011047363,0.2763519883155823,0.3728369474411011,0.0964849591255188,0.9983673469387755,0.9988775510204082,0.011017067849612256,0.7278663961247538,0.876572186427576,0.013146481146481148,0.6779763059169384,0.8476676979683258
22876,1000,10.429240134239198,10.798269415855408,0.36902928352355957,1.2740602493286133,0.2318902462720871,0.6594790816307068,0.4275888204574585,0.9986020408163265,0.9988418367346938,-0.011822930705104095,0.7088363705488135,0.8631408865866504,-0.013051981051981052,0.6801626285128612,0.8494123988637361
11249,1000,8.207069264411926,8.272151803970337,0.06508253514766693,0.9874720573425293,-0.017778543755412102,0.3340175449848175,0.35179609060287476,0.9440510204081632,0.9469030612244898,0.0004910250545329676,0.9876267778098686,0.9947143258077014,-0.01290951690951691,0.6834637067302939,0.8506979608062872
18526,1000,10.440270190238953,10.96141243648529,0.5211421847343445,1.373449683189392,0.3405708372592926,0.7839973568916321,0.4434265196323395,0.9986581632653061,0.9990408163265306,0.00507358268709557,0.8726911255874404,0.9466322979482378,-0.012900348900348902,0.683676349253898,0.8506979608062872
11194,1000,10.726035185813904,11.241222564697265,0.5151873826980591,1.323854923248291,0.4552893340587616,0.5993849635124207,0.14409562945365906,0.9990918367346939,0.9990255102040816,-0.040099561431949406,0.2051613374114738,0.504983813058542,-0.012885564885564887,0.6840193020094402,0.8506979608062872
19269,1000,9.041726393699646,9.314172764778137,0.2724463641643524,1.1408828496932983,0.1987750381231308,0.3881419897079468,0.18936695158481598,0.997061224489796,0.9966173469387755,0.02322839962475276,0.4631152756615184,0.7136094778485951,0.01287086487086487,0.6843603707044993,0.8506979608062872
20490,1000,10.647886458396911,10.64947156047821,0.001585105899721384,1.2159091234207153,-0.12787918746471405,0.23457248508930206,0.3624516725540161,0.9989183673469387,0.998515306122449,0.0046128613564726815,0.8841662620722553,0.9510533936969275,0.012730764768957063,0.6876141806788779,0.853754485605913
1324,1000,10.787985822677612,11.07922302722931,0.2912372052669525,1.2722764015197754,0.1343948394060135,0.5784562230110168,0.44406139850616455,0.9988775510204082,0.9989183673469387,-0.020428945237931685,0.5187461909986549,0.7631964508665142,-0.012641232641232642,0.6896965886316179,0.8553511965246624
16613,1000,7.987477243423462,8.495697545051575,0.5082202553749084,1.0811848640441895,0.4438258111476898,0.6698299050331116,0.22600409388542175,0.9415255102040816,0.944954081632653,-0.009602542388456406,0.7616717219197824,0.895258150574309,-0.012586536586536587,0.6909699088764059,0.855361488035637
9555,1000,10.871628133773804,11.289055700302123,0.41742753982543945,1.3132063150405884,0.22576332092285156,0.6796820163726807,0.4539186954498291,0.9989846938775511,0.9987602040816327,0.00014927731504960027,0.9962382602215819,0.9971667208555256,-0.012572460572460574,0.6912977389338296,0.855361488035637
1156,1000,9.761098165512085,9.984166140556335,0.223067969083786,1.210220456123352,0.17332147061824799,0.41011443734169006,0.23679296672344208,0.9982040816326531,0.9982244897959184,-0.005074414985109582,0.8726704190666231,0.9466322979482378,-0.012335592335592336,0.6968230214880751,0.858313756692968
22281,1000,9.73186132144928,10.300964302062988,0.569102942943573,1.2648358345031738,0.442097008228302,0.7216435670852661,0.2795465588569641,0.9979234693877551,0.9986887755102041,-0.011014085042629039,0.7279371542333503,0.876572186427576,-0.012329028329028331,0.696976366663516,0.858313756692968
14996,1000,10.1614146900177,10.520146698951722,0.3587319850921631,1.2458754777908325,0.2122947722673416,0.5782429575920105,0.3659482002258301,0.9988571428571429,0.9983877551020408,-0.014653632240357657,0.6434834879723643,0.8296533806510435,-0.012303456303456304,0.6975738859139822,0.858313756692968
24197,1000,10.468897136688232,10.600599387168884,0.1317022442817688,1.2368955612182617,0.03608929365873337,0.3202321231365204,0.2841428220272064,0.998454081632653,0.9985408163265306,-0.024169017706901132,0.4451968280999575,0.700060605240636,-0.012302496302496304,0.6975963210701008,0.858313756692968
13947,1000,9.345454308509826,9.657435955047607,0.3119816184043884,1.1412912607192993,0.19288451969623566,0.4809941351413727,0.28810960054397583,0.9981428571428571,0.9988622448979592,-0.00805086403960264,0.7992820507467211,0.9161461286040326,0.012283932320784119,0.6980302119217388,0.858313756692968
20022,1000,10.171575598716736,10.268947468757629,0.09737182408571243,1.1730507612228394,0.021112501621246338,0.2936131954193115,0.2725006937980652,0.9984387755102041,0.9986683673469388,0.006795437389405086,0.8300602400475156,0.9305685780908473,-0.012264744264744266,0.6984787926905531,0.858313756692968
6490,1000,9.097985692977906,9.32810752105713,0.23012180626392365,1.0674104690551758,0.2140522301197052,0.20066948235034943,-0.013382747769355774,0.9981836734693877,0.9985663265306123,0.0017881902177019626,0.9549619292873052,0.9809732269478676,-0.012201480201480201,0.6999585321256303,0.8591179486154664
9717,1000,10.421491560935975,10.834578692436219,0.4130871593952179,1.1962355375289917,0.26817023754119873,0.6442709565162659,0.37610071897506714,0.9981989795918368,0.9985204081632653,-0.016049039401793464,0.6122158108989024,0.8157813658876193,-0.012139266175683975,0.7014148214165703,0.8591179486154664
11153,1000,7.962533706665039,7.863503810882569,-0.09902990609407425,0.9064383506774902,-0.12201199680566788,-0.036351364105939865,0.08566063642501831,0.941469387755102,0.9441632653061225,0.011928769750034216,0.7063501646553573,0.86293308957062,-0.01213006813006813,0.7016302199244131,0.8591179486154664
21125,1000,9.743020282745361,9.952097073554993,0.20907674729824066,1.154969573020935,0.155940979719162,0.298823744058609,0.14288276433944702,0.9988265306122449,0.9985102040816326,0.0030630299342721268,0.9229324034898669,0.9683702507463338,0.012100068100068102,0.7023329226111541,0.8591179486154664
20942,1000,10.10581155204773,10.67459881401062,0.5687872171401978,1.2984250783920288,0.4289591908454895,0.7666094303131104,0.33765023946762085,0.9982142857142857,0.998545918367347,0.01484902207779152,0.6390654417033884,0.8269352823969146,0.011964059964059965,0.7055218754376198,0.8620369672582521
10050,1000,11.040179412841796,11.088689102172852,0.048509713262319565,1.3128492832183838,-0.04513213038444519,0.1638779491186142,0.2090100795030594,0.9990969387755102,0.9988316326530612,0.025883017730690825,0.4135821115561732,0.6750565164305927,-0.011875391875391874,0.7076036454153777,0.8635980854274041
6200,1000,9.576577248573303,10.112499322891235,0.535922110080719,1.2562915086746216,0.4487141966819763,0.5735209584236145,0.12480676174163818,0.9984795918367347,0.9986275510204081,0.03534354214691537,0.26416029190542956,0.5447260023574894,0.011762231762231762,0.7102636162217137,0.8650572161688848
16278,1000,9.523770965576173,9.393832921981812,-0.1299380362033844,1.1229020357131958,-0.20067362487316132,-0.023832716047763824,0.1768409013748169,0.9984948979591837,0.9978163265306123,-0.00786501866367262,0.8038199056941651,0.9177724212466106,-0.011756003756003757,0.7104101160716539,0.8650572161688848
19218,1000,10.033243386268616,10.438250984191894,0.40500757098197937,1.2947375774383545,0.38584285974502563,0.4237270951271057,0.03788423538208008,0.998280612244898,0.9987857142857143,0.033595488430407015,0.28852928870597433,0.5637524327709843,0.0116994956994957,0.711739828799443,0.8656948767050983
3513,1000,9.56183260536194,10.15128814125061,0.5894555449485779,1.2591009140014648,0.45326176285743713,0.8232319951057434,0.3699702322483063,0.9978520408163265,0.9981173469387755,0.020463051620339064,0.5180482794205481,0.7631964508665142,-0.011431247431247432,0.718063968391377,0.8723989842221028
16353,1000,10.3539272108078,10.855670132637023,0.5017428994178772,1.299076795578003,0.3881819248199463,0.6602423787117004,0.27206045389175415,0.9981836734693877,0.9987602040816327,-0.017168986655991415,0.5876174035637545,0.8040150815360316,-0.011393015393015394,0.7189668996915765,0.8725089833545233
1952,1000,9.8497863073349,10.200152619361877,0.3503662645816803,1.1597614288330078,0.26363804936408997,0.43837231397628784,0.17473426461219788,0.9985765306122449,0.9990051020408163,-0.03946473137624643,0.21243076686536094,0.5096335603612633,-0.011282159282159282,0.7215872149715924,0.8747005292093569
14791,1000,10.202019891738892,10.600865719795227,0.3988458216190338,1.2902922630310059,0.282785564661026,0.6053934097290039,0.3226078450679779,0.9987602040816327,0.9991479591836735,-0.00790045807972353,0.8029540537613337,0.9177724212466106,-0.011217503217503219,0.7231170058410951,0.8755667015482932
14740,1000,9.078413022041321,9.2610547580719,0.18264172971248627,1.059496283531189,0.10940196365118027,0.2646442949771881,0.15524232387542725,0.998265306122449,0.9985765306122449,0.034274973345824175,0.2788828372892026,0.5577656745784052,0.011136851136851138,0.7250268185882246,0.8760381116266152
19525,1000,8.801560844421386,9.233551876068116,0.4319910407066345,1.1925016641616821,0.30495238304138184,0.6173707842826843,0.3124184012413025,0.9858979591836735,0.992454081632653,0.0002428041626749165,0.993881451331293,0.9968845484960878,-0.011132171132171133,0.7251376920261274,0.8760381116266152
21720,1000,9.409601895332337,10.044269180297851,0.6346672177314758,1.279639482498169,0.6128435730934143,0.7544499635696411,0.1416063904762268,0.997765306122449,0.9985102040816326,-0.004071874701282893,0.8976714208311007,0.9592288542527326,-0.010903762903762904,0.7305558366027166,0.8815920994509187
23022,1000,10.137681849479675,10.347189973831176,0.20950812101364136,1.2135932445526123,0.08180999010801315,0.27927085757255554,0.1974608600139618,0.998219387755102,0.9982091836734693,0.018484759445541635,0.5593157132456075,0.7875193381483138,0.01084979884979885,0.7318379098587247,0.8821480529610217
12126,1000,9.194410385131835,9.356440128326415,0.16202972829341888,1.0807840824127197,0.15867531299591064,0.07993807643651962,-0.07873723655939102,0.9980714285714286,0.9983979591836735,0.0008040115979095228,0.9797412682866045,0.9917456382090604,0.010716358716358718,0.7350113733625849,0.8849800616495698
16567,1000,10.765044896125794,10.847907074928283,0.08286221325397491,1.3096065521240234,0.05236189812421799,0.10229787975549698,0.04993598163127899,0.998545918367347,0.998704081632653,0.027055385120310936,0.39274340311743483,0.6641319025590071,0.0104998664998665,0.7401695763329693,0.8882934874466126
23055,1000,9.770380069732665,10.312991951942443,0.5426118969917297,1.2953253984451294,0.49509164690971375,0.6434344053268433,0.14834275841712952,0.998515306122449,0.9989438775510204,-0.0025169323489494517,0.9366405249985714,0.9711962543327307,-0.0104994824994825,0.7401787360834273,0.8882934874466126
11259,1000,10.0663168258667,10.672476172447205,0.6061593890190125,1.315372109413147,0.5004206895828247,0.7789933085441589,0.27857261896133423,0.9986887755102041,0.9987142857142857,-0.010320952291111407,0.7444412693804923,0.8834584788007168,-0.010496722496722496,0.7402445728721772,0.8882934874466126
18000,1000,9.64040362548828,10.01646099472046,0.37605738639831543,1.178154706954956,0.310004323720932,0.4720456600189209,0.1620413362979889,0.9983010204081633,0.9982397959183673,-0.01822202897748215,0.5649138183452631,0.7922888335236642,-0.010460734460734462,0.7411032010864823,0.8883312923737522
22313,1000,9.092876412391663,9.815554182052612,0.7226777672767639,1.2215033769607544,0.6598047018051147,0.7698729038238525,0.11006820201873779,0.9979744897959184,0.9988010204081633,0.04967942518454314,0.11641372170246189,0.38118395459891485,0.010382878382878383,0.7429618475474054,0.8895663592708064
3303,1000,10.370570756912231,10.366725275993348,-0.0038454742170870304,1.1860955953598022,-0.07327602058649063,0.13482429087162018,0.2081003189086914,0.998454081632653,0.9985714285714286,-0.01970332134760064,0.5337085595835249,0.7744625117722432,-0.010333030333030334,0.7441526493781245,0.8899999392339708
4767,1000,8.10650048160553,8.35045317363739,0.24395272135734558,1.0048348903656006,0.06348337978124619,0.5059511065483093,0.44246771931648254,0.9982908163265306,0.998484693877551,-0.016410120195783133,0.6042354220357289,0.8111860540829661,0.010242682242682242,0.7463124976614635,0.8914527430504153
4028,1000,10.83348099899292,11.221406976699829,0.38792598247528076,1.331403374671936,0.31859090924263,0.4389154613018036,0.12032455205917358,0.9985765306122449,0.9988367346938776,0.011745029929438301,0.710668276677195,0.8643915392427037,-0.0102000342000342,0.7473327285568775,0.8914527430504153
3933,1000,8.697496275901795,9.023050101280212,0.325553834438324,1.0575544834136963,0.25027093291282654,0.42929816246032715,0.1790272295475006,0.9977602040816327,0.9979030612244898,0.015328621726907646,0.6282753317060948,0.8228477732453464,-0.010166458166458166,0.7481362490875717,0.8914527430504153
9133,1000,9.80158568572998,10.20630936050415,0.4047236740589142,1.2293020486831665,0.2915947735309601,0.5520191788673401,0.26042440533638,0.9984744897959184,0.9991632653061224,0.008519381225869314,0.7878724144639846,0.9113827348310435,0.010143430143430143,0.748687499284427,0.8914527430504153
18821,1000,6.813206842422486,6.758787415981293,-0.054419420659542084,0.8044875860214233,-0.12384801357984543,0.1430233269929886,0.2668713331222534,0.9521989795918367,0.955,-0.027357960660296048,0.387470126835195,0.661594461400635,-0.00995846195846196,0.7531199418831682,0.895737339515529
11577,1000,10.55815236568451,11.190280663490295,0.6321282982826233,1.4238320589065552,0.5813261270523071,0.7370094656944275,0.15568333864212036,0.9981683673469388,0.9991122448979591,-0.013285759246957237,0.6747589485949435,0.847591942445578,-0.00982010182010182,0.7564408326104718,0.8959861823348976
8858,1000,10.189172282218934,10.575012196540833,0.38583990931510925,1.2865197658538818,0.30281051993370056,0.5877879858016968,0.2849774658679962,0.9983061224489795,0.9989234693877551,-0.03868980077316808,0.22155398361631148,0.5229647877009199,-0.009774225774225775,0.7575429354161551,0.8959861823348976
21155,1000,10.534790658950806,10.697399503707885,0.16260884702205658,1.2213340997695923,0.061189815402030945,0.3301238715648651,0.26893407106399536,0.9983571428571428,0.9984744897959184,0.007632431570591646,0.809508367965351,0.919229522138659,0.00973971373971374,0.7583723596286526,0.8959861823348976
3677,1000,10.684011289596558,10.81501442337036,0.13100311160087585,1.280429482460022,0.08505629003047943,0.2359738051891327,0.15091751515865326,0.9988571428571429,0.9987704081632653,-0.03884275077041819,0.21973146081743378,0.519805261933753,-0.009737313766525708,0.758430048279542,0.8959861823348976
12569,1000,10.951029159545898,11.032798758506775,0.08176957815885544,1.2993371486663818,-0.04269248992204666,0.407070517539978,0.4497630000114441,0.9989795918367347,0.9989591836734694,0.0049294451915366235,0.8762783854540503,0.9477572869865559,0.00972989772989773,0.758608317567412,0.8959861823348976
8131,1000,10.320305850028992,10.796491446495056,0.4761856198310852,1.306301236152649,0.3536749482154846,0.6010909676551819,0.24741601943969727,0.9983571428571428,0.9987142857142857,0.021226724799390174,0.5025493184383568,0.7536583430882853,0.009708261708261707,0.7591284850308332,0.8959861823348976
10073,1000,9.091009385108947,10.090148383140564,0.9991389513015747,1.3844445943832397,0.8957953453063965,1.107305645942688,0.2115103006362915,0.9430714285714286,0.9466989795918367,-0.004038901658491806,0.898495556218109,0.9592288542527326,-0.009691353691353691,0.7595350588420811,0.8959861823348976
397,1000,9.2370620470047,9.921650521278382,0.6845884323120117,1.2558057308197021,0.5460931062698364,0.9801393747329712,0.43404626846313477,0.9979336734693878,0.998719387755102,-0.003301902954072723,0.9169431579044081,0.9664346924331053,-0.009671889671889672,0.7600031770084652,0.8959861823348976
2608,1000,10.60077389717102,10.598237782478332,-0.002536127110943198,1.2157676219940186,-0.11851955950260162,0.17620572447776794,0.29472529888153076,0.9986173469387755,0.9988928571428571,-0.006221290791354063,0.8442264001781115,0.9322779731963556,-0.009610977610977612,0.7614687051839693,0.896729593604806
3642,1000,10.003492848396302,10.33508435535431,0.33159148693084717,1.2250804901123047,0.19664892554283142,0.4740529954433441,0.2774040699005127,0.9983571428571428,0.9984642857142857,0.006427098452026118,0.8391423829708927,0.9322779731963556,-0.009528369528369529,0.7634575988134613,0.898087032996339
3443,1000,9.429249650001525,9.198971793174744,-0.23027785122394562,1.113388180732727,-0.35548561811447144,-0.009283743798732758,0.3462018668651581,0.9982602040816326,0.9981224489795918,-0.01724837948156534,0.5858910897754276,0.8040150815360316,-0.009411435439669748,0.7662755983504942,0.899012953584789
5206,997,0.3363548588007689,0.28973681522905825,-0.04661804065108299,0.07596484571695328,-0.045943718403577805,-0.051194917410612106,-0.005251199007034302,0.05622448979591837,0.053122448979591834,0.002729834598692475,0.9313969440905158,0.9711962543327307,-0.009405670714730086,0.7667559268935444,0.899012953584789
21016,1000,9.907217838287353,10.836860291481019,0.9296424388885498,1.3886818885803223,0.7835421562194824,1.093711018562317,0.3101688623428345,0.9981326530612245,0.99875,0.009368587583523859,0.7673089662763007,0.8978096010272825,-0.009401457401457402,0.7665162031317816,0.899012953584789
17158,998,0.26683573439717295,0.2431031016856432,-0.023732632398605347,0.062151167541742325,-0.023167571052908897,-0.02016628347337246,0.003001287579536438,0.05599489795918367,0.05318367346938775,-0.03532725327391539,0.2648600511687814,0.5447260023574894,-0.009337544610698743,0.7682838755036998,0.8994604293849826
21042,1000,7.18628594493866,7.388204926967621,0.20191898941993713,0.8713957667350769,0.16966453194618225,0.34735172986984253,0.17768719792366028,0.9499642857142857,0.9507602040816326,-0.03197867122534554,0.31237650764179214,0.5854391209336025,-0.009306273306273306,0.768812545787164,0.8994604293849826
6545,1000,8.78399783039093,9.046158109664917,0.2621603310108185,1.062353253364563,0.20486152172088623,0.4122281074523926,0.20736658573150635,0.9986122448979592,0.9986428571428572,-0.008987961087067621,0.7765065326152772,0.902562787909965,-0.00921966921966922,0.7709036550614189,0.9009254902458801
10274,1000,10.58813891506195,10.928793405532836,0.34065449237823486,1.2719978094100952,0.21493574976921082,0.5694196224212646,0.35448387265205383,0.9986173469387755,0.9987704081632653,0.009345073272373558,0.7678762400530051,0.8978096010272825,0.009140889140889142,0.7728072943146455,0.9021685153194883
3885,1000,9.944848068237304,10.33616962337494,0.3913215398788452,1.2400224208831787,0.21697312593460083,0.6910898089408875,0.4741166830062866,0.99875,0.9986020408163265,-0.016947825271899968,0.592438671861077,0.8040150815360316,-0.009041997041997043,0.7751988520298825,0.9039778144192114
2693,997,0.3059979086071253,0.28370233774185183,-0.022295570001006126,0.0628855749964714,-0.022843360900878906,-0.020133648067712784,0.0027097128331661224,0.05610204081632653,0.05319387755102041,-0.015753465247788548,0.6193108268871823,0.8190627954807441,0.008974178493178065,0.7771671291755861,0.9052901266101729
22849,1000,9.712784183502198,10.147195291519164,0.43441110849380493,1.1875370740890503,0.3684334456920624,0.5410688519477844,0.17263540625572205,0.9983571428571428,0.998938775510204,0.0009355598722901034,0.9764275333693113,0.991198731618686,0.008792276792276793,0.781247399786619,0.909057104410432
8346,1000,9.087083172798156,9.156950269699097,0.0698670968413353,1.0987045764923096,0.024780750274658203,0.19776788353919983,0.17298713326454163,0.9988163265306123,0.9983775510204081,0.007625617889811205,0.8096751656826551,0.919229522138659,0.008607272607272608,0.785736999487089,0.9121973738232102
17300,1000,11.250858140945434,11.40381519126892,0.1529570370912552,1.2725359201431274,0.0996118113398552,0.14213113486766815,0.04251932352781296,0.9989591836734694,0.998969387755102,-0.013509260957559626,0.6696084104944273,0.8450757143020152,-0.008577236577236578,0.7864665767606266,0.9121973738232102
22414,1000,9.401135450363158,10.517111092567443,1.1159756183624268,1.48227858543396,0.9933443665504456,1.3657184839248657,0.37237411737442017,0.9975255102040816,0.9987857142857143,4.649034818588844e-05,0.9988284544359985,0.9988284544359987,0.008548088548088549,0.7871747634584,0.9121973738232102
21082,1000,9.947408546447754,10.283781463623047,0.33637288212776184,1.1504254341125488,0.23943720757961273,0.5717201828956604,0.3322829604148865,0.9984591836734694,0.9979489795918367,0.012544311924176162,0.6919534936372846,0.8542046576625789,0.008518268518268519,0.7878994591287635,0.9121973738232102
2984,1000,10.606570563316346,10.493391302108765,-0.11317923665046692,1.2171201705932617,-0.1060914397239685,-0.06501152366399765,0.041079916059970856,0.9992551020408164,0.9985765306122449,0.024515062687037625,0.4387054400565035,0.6928965332657129,0.008506196506196505,0.7881928891135374,0.9121973738232102
5658,1000,10.336305093765258,11.047950986862183,0.7116459608078003,1.3883299827575684,0.6080314517021179,0.9171193242073059,0.309087872505188,0.9979030612244898,0.9985663265306123,-0.013069993393712176,0.6797456931576571,0.8503726082164799,-0.008402756402756404,0.7907083962440148,0.9126122781328044
3312,1000,9.615432216644287,9.872492091178895,0.25705990195274353,1.1494958400726318,0.1659223437309265,0.5622260570526123,0.3963037133216858,0.9985561224489796,0.9989030612244898,-0.019213411797052608,0.5439321886057434,0.7806071546051563,-0.008400476400476403,0.7907638670898152,0.9126122781328044
4135,1000,10.00134882259369,9.981409106254578,-0.019939720630645752,1.1150661706924438,-0.07567618042230606,0.14785414934158325,0.22353032231330872,0.998765306122449,0.9980102040816327,0.003547656935395661,0.9107862982381637,0.9637285559682638,0.008382764382764384,0.791194823998725,0.9126122781328044
22390,1000,9.87026974105835,10.00022233390808,0.1299525946378708,1.185547113418579,0.002970050787553191,0.2416103184223175,0.23864026367664337,0.9981071428571429,0.9986683673469388,-0.006433044214836898,0.8389956047166044,0.9322779731963556,-0.008351720376775538,0.791950319571484,0.9126122781328044
2489,1000,10.454162063598632,11.019620973587037,0.5654588341712952,1.3176323175430298,0.5205480456352234,0.6289433240890503,0.1083952784538269,0.9986887755102041,0.9986785714285714,0.03746695373691634,0.2365148610969893,0.5324200332285121,0.008238812238812239,0.7946997239116688,0.9137110931119193
2003,1000,9.700932562828063,10.179194977760314,0.47826239466667175,1.1998910903930664,0.409203439950943,0.5186780095100403,0.10947456955909729,0.9983826530612245,0.9987704081632653,0.036826769467493733,0.24462554734149378,0.5383189654387791,0.008211188211188212,0.7953727806026863,0.9137110931119193
19476,1000,8.40731481552124,8.102412603378296,-0.30490219593048096,1.0259860754013062,-0.31848108768463135,-0.3639288544654846,-0.04544776678085327,0.9435816326530613,0.9456224489795918,0.018214365476620958,0.5650775106882,0.7922888335236642,-0.00820776820776821,0.7954561192361681,0.9137110931119193
4638,1000,8.468967032432555,8.634541557312012,0.1655745506286621,1.016451120376587,0.0894780233502388,0.31445667147636414,0.22497865557670593,0.9424183673469387,0.9447755102040817,-0.01529580349274176,0.6290111935143663,0.8228477732453464,-0.00813948813948814,0.7971204542108965,0.9146446237419902
4677,1000,10.19482993888855,10.50858759689331,0.31375765800476074,1.2185240983963013,0.2024119347333908,0.5188524127006531,0.3164404630661011,0.9981428571428571,0.9981989795918368,0.004227594330413537,0.8937808344923195,0.9580046070306898,0.008012516012516013,0.8002178600936306,0.9154802888950588
7183,1000,10.0011564245224,10.405398279190063,0.4042418897151947,1.258798360824585,0.3887554109096527,0.45485013723373413,0.06609472632408142,0.9988316326530612,0.9991887755102041,0.012569410619895314,0.6913687798822711,0.8542046576625789,0.007999135999135999,0.8005444408869534,0.9154802888950588
23585,1000,10.161225651741027,10.40004613685608,0.23882047832012177,1.1679006814956665,0.15739810466766357,0.43634113669395447,0.2789430320262909,0.9976377551020408,0.9983316326530612,-0.006702471951593272,0.8323504038314393,0.9321630174295786,0.007986559986559987,0.8008514292862318,0.9154802888950588
3694,1000,10.213719841003417,10.286048661231995,0.07232882082462311,1.2906335592269897,-0.09776381403207779,0.4871729910373688,0.584936797618866,0.9987602040816327,0.9984438775510204,-0.01389717449867218,0.6607058885996752,0.838929991160483,-0.00796989196989197,0.8012583534090832,0.9154802888950588
11331,1000,9.893976311683655,10.205657405853271,0.3116811215877533,1.204555630683899,0.24230146408081055,0.44670569896698,0.20440423488616943,0.9985,0.9986683673469388,-0.03673200253448187,0.24584254629979652,0.5383189654387791,-0.007892935892935894,0.8031378148550036,0.9166525113222889
13314,1000,8.851286483764648,8.852553130149841,0.0012666701804846525,0.9826107025146484,-0.04887904226779938,0.034653522074222565,0.08353256434202194,0.9986581632653061,0.9988061224489796,0.05631087120002071,0.07509374650883928,0.30741634919592936,0.007781455781455782,0.805862454852701,0.9181323987900621
8444,1000,10.19209274482727,10.250092698097228,0.05799996852874756,1.176482081413269,-0.033066362142562866,0.14111201465129852,0.1741783767938614,0.9988928571428571,0.9985867346938776,-0.007509067018424489,0.8125296414089409,0.9214961297499499,-0.00773939573939574,0.8068910408573939,0.9181323987900621
16235,1000,8.891545486450195,9.161177661895753,0.26963213086128235,1.0414609909057617,0.23505514860153198,0.33020883798599243,0.09515368938446045,0.9984642857142857,0.9986377551020408,0.03887295398415368,0.21937283900328686,0.519805261933753,0.007734979734979735,0.8069990544299988,0.9181323987900621
10103,1000,10.499574137687683,11.167344836235046,0.6677706837654114,1.3189021348953247,0.5605161786079407,0.7493299841880798,0.18881380558013916,0.9985561224489796,0.99875,-0.012601121943792648,0.6906302772590597,0.8542046576625789,0.007573507573507574,0.810951102078876,0.9216523636325002
7152,1000,8.812189469337463,8.935526383399964,0.12333694100379944,1.0362972021102905,0.05242591351270676,0.2295934557914734,0.17716753482818604,0.9977244897959183,0.9983775510204081,-0.01071899716597678,0.7349485819448236,0.8785555647891108,-0.007391263391263393,0.8154173282625535,0.9233647059646597
10717,998,0.6965086385607719,0.6628972911238671,-0.033611346036195755,0.11711157858371735,-0.03500868007540703,-0.034399256110191345,0.000609423965215683,0.05611734693877551,0.05345408163265306,-0.01911663628688956,0.5463659551899838,0.7806071546051563,-0.0073847291874117845,0.8157592253953252,0.9233647059646597
8265,1000,9.903457221984864,10.728104891777038,0.8246477246284485,1.3224167823791504,0.6978405117988586,0.9038729071617126,0.206032395362854,0.9980459183673469,0.998938775510204,0.021266492664919347,0.5017489782881277,0.7536583430882853,0.007384207384207386,0.8155903700653091,0.9233647059646597
18873,1000,9.553247011184693,9.693395403861999,0.1401483714580536,1.0718481540679932,0.07781334966421127,0.202162966132164,0.12434961646795273,0.9982755102040817,0.9989030612244898,0.006205948891768451,0.8446056498324526,0.9322779731963556,0.007371715371715372,0.8158967467043409,0.9233647059646597
22459,1000,10.772011135101318,10.945634261131287,0.17362314462661743,1.3250983953475952,-0.018389811739325523,0.4682358503341675,0.48662567138671875,0.9982397959183673,0.9984336734693877,-0.01762998813794331,0.5776263887159228,0.8009477271461598,-0.007285159285159286,0.8180203737798662,0.9234303271360977
3867,1000,10.113889947891236,10.821069437980652,0.7071795463562012,1.3095239400863647,0.6264656782150269,0.8259598016738892,0.1994941234588623,0.9981581632653062,0.9990153061224489,-0.020707709303245093,0.513056153105677,0.760030770255858,-0.00728307130492052,0.8180716182769363,0.9234303271360977
18368,1000,9.284366062164306,9.260235534667968,-0.024130534380674362,1.0351345539093018,-0.050495099276304245,0.12700428068637848,0.17749938368797302,0.9983928571428572,0.9984285714285714,-0.0032301794040536405,0.9187409984241044,0.967219776745176,0.007257079257079258,0.818709596029433,0.9234303271360977
18864,1000,10.306542098999023,10.317593097686768,0.011051025241613388,1.2013624906539917,-0.09538811445236206,0.23289766907691956,0.3282857835292816,0.9990408163265306,0.9987959183673469,0.004593900690178918,0.8846390505616671,0.9510533936969275,-0.00722920322920323,0.8193939494978595,0.9234303271360977
14582,1000,10.233104831695556,10.643457110404968,0.41035225987434387,1.2926218509674072,0.2537001073360443,0.7806960344314575,0.5269958972930908,0.9986785714285714,0.9989897959183673,-0.03301104480812889,0.2970041069193558,0.5706304308253812,-0.0071410991410991425,0.821557796214545,0.9245088375671467
11788,1000,10.359006469726562,10.900400557518005,0.541394054889679,1.343899130821228,0.43388140201568604,0.7700863480567932,0.3362049460411072,0.9980969387755102,0.9988826530612245,-0.005930951987300587,0.8514095540170822,0.935940492338123,0.0071002871002871,0.8225606053817209,0.9245088375671467
12247,1000,13.72077982711792,13.995077491760254,0.2742976248264313,1.374677300453186,0.16734638810157776,0.3513176739215851,0.18397128582000732,0.9989285714285714,0.9991224489795918,-0.04602253410216635,0.14586018747871574,0.42377120705954263,-0.0070851190851190845,0.8229333786910542,0.9245088375671467
5543,1000,11.951174485206604,12.094229598045349,0.14305511116981506,1.3728241920471191,0.0072380960918962955,0.4264935255050659,0.41925543546676636,0.998765306122449,0.9989948979591837,-0.019673126318760694,0.5343358670607377,0.7744625117722432,-0.007035859035859036,0.8241442820175079,0.924901733424037
15580,1000,9.751321274757386,9.442282382965088,-0.3090388774871826,1.1531742811203003,-0.4087962210178375,-0.17115125060081482,0.2376449704170227,0.9417959183673469,0.9443724489795918,-0.01855215526875256,0.5578840278160381,0.7873678272942233,-0.0069844629844629845,0.8254081378774788,0.9253531733615995
6639,1000,10.62789935874939,11.187816772460938,0.5599173903465271,1.2900006771087646,0.44796431064605713,0.7584168910980225,0.31045258045196533,0.9981887755102041,0.9987142857142857,0.03981973406845575,0.20834306893701465,0.5073933243500085,-0.006803250803250804,0.8298678253063658,0.9271060246055115
23241,1000,9.84605719280243,10.701524616241455,0.8554673790931702,1.4170336723327637,0.7518247365951538,1.0785077810287476,0.32668304443359375,0.9985816326530612,0.9991581632653062,-0.006846610579322446,0.8288002239559078,0.9301268971041222,-0.0067674187877210445,0.8307503155078152,0.9271060246055115
8283,997,0.26565897566080093,0.24105238059163095,-0.024606596678495407,0.05579116567969322,-0.026480188593268394,-0.02305169776082039,0.0034284908324480057,0.05572448979591837,0.052714285714285714,0.004672753713208546,0.8828483929014384,0.9510533936969275,0.006753328532329007,0.8313477537415878,0.9271060246055115
12317,1000,10.351860071182251,11.065657015800475,0.7137969136238098,1.3460395336151123,0.64688640832901,0.8915377855300903,0.24465137720108032,0.9984693877551021,0.9992397959183673,-0.014708179794916898,0.6422488135875287,0.8290567617704396,0.006747234747234747,0.8312475128712739,0.9271060246055115
15785,1000,10.608739166259765,10.947840361595153,0.3391011953353882,1.3413476943969727,0.21818850934505463,0.4717497229576111,0.25356119871139526,0.9985612244897959,0.9987551020408163,-0.002509245209872572,0.9368336308088538,0.9711962543327307,0.006704910704910706,0.8322903079449416,0.9271060246055115
18851,1000,10.584601576805115,10.759799222946167,0.17519760131835938,1.2668291330337524,0.14612235128879547,0.30165719985961914,0.15553484857082367,0.9986581632653061,0.9990357142857142,0.03699577379559723,0.24246568276400984,0.5380333539019557,0.00668923868923869,0.8326765156232258,0.9271060246055115
15984,1000,10.611593934059144,11.835278525352479,1.223684549331665,1.7053288221359253,1.1022729873657227,1.3421988487243652,0.23992586135864258,0.9981275510204082,0.9991785714285715,0.0015384049162674989,0.9612477783713793,0.9846904488983034,0.006675534675534675,0.833014258607373,0.9271060246055115
17626,997,0.301308123677969,0.2787144127041101,-0.02259371243417263,0.0725715160369873,-0.02360830269753933,-0.014678054489195347,0.008930248208343983,0.05658163265306122,0.05360204081632653,-0.04230521308273876,0.18196738256229822,0.4790023746860497,-0.006615955745644351,0.8347284602545308,0.9280521390407517
3768,1000,10.293786422729493,10.368256459236145,0.07447001338005066,1.1441333293914795,0.021671729162335396,0.2108031064271927,0.18913137912750244,0.9990663265306122,0.9988061224489796,-0.002890402383532192,0.9272634185959973,0.9696990375580341,-0.006524586524586525,0.8367364823005038,0.9292617652238896
669,1000,10.980274291038514,10.813283312797546,-0.1669909954071045,1.3404368162155151,-0.20139753818511963,0.028548019006848335,0.22994555532932281,0.9989897959183673,0.9983622448979592,-0.003012915470499459,0.92418948511638,0.9683702507463338,0.006477858477858478,0.8378894913794498,0.9292617652238896
7532,1000,8.209315099716186,8.45003382396698,0.24071872234344482,0.9598957300186157,0.23516960442066193,0.2987186312675476,0.06354902684688568,0.9978214285714285,0.9979540816326531,-0.008156914835963145,0.7966955884856795,0.9151348257044061,0.006451686451686453,0.8385354351157198,0.9292617652238896
4094,1000,10.1059410943985,10.320617300987244,0.21467618644237518,1.2253895998001099,0.16995440423488617,0.1818533092737198,0.011898905038833618,0.9985816326530612,0.9982755102040817,0.0199952878675568,0.52766212743087,0.7706053867871161,-0.006412722412722414,0.8394972957413681,0.9292617652238896
8048,1000,9.420674942970276,9.576443433761597,0.155768483877182,1.0604709386825562,0.10810092836618423,0.31444042921066284,0.2063395082950592,0.9415918367346939,0.9445153061224489,-0.042458537090730636,0.1797313899365918,0.47662101923925826,-0.0063865863865863876,0.8401426201418964,0.9292617652238896
1483,1000,9.62006263256073,10.17959273338318,0.5595301389694214,1.1917961835861206,0.48209887742996216,0.7193872332572937,0.23728835582733154,0.9985,0.9989744897959184,-0.013813417842737463,0.6626240843991051,0.8402104682935525,-0.006329034329034329,0.8415640151947901,0.9298762883942433
10528,1000,8.838498440742493,9.169408824920655,0.3309103846549988,1.0621731281280518,0.275714635848999,0.4199935495853424,0.14427891373634338,0.99825,0.9988010204081633,-0.010742013135199431,0.7344009090674063,0.8785555647891108,-0.006241038241038241,0.8437382990100852,0.9311049136688713
17953,1000,10.894301607131958,11.380738989830018,0.4864373803138733,1.3649842739105225,0.43290790915489197,0.6171637177467346,0.18425580859184265,0.9984030612244897,0.9986326530612245,-0.028529408975251073,0.3674638121595868,0.6396371705986973,-0.006209862209862211,0.8445089097251985,0.9311049136688713
7800,1000,9.95001208782196,10.428343101501465,0.47833096981048584,1.287678599357605,0.39984849095344543,0.647615909576416,0.24776741862297058,0.9984948979591837,0.9988469387755102,-0.020152882584683944,0.5244129996401806,0.7697358442891865,-0.006106650106650107,0.8470611681810023,0.9311049136688713
7145,998,0.6173835558891296,0.6017557079792023,-0.015627849847078323,0.09243818372488022,-0.015586799941956997,-0.016926433891057968,-0.0013396339491009712,0.05576020408163265,0.0528265306122449,-0.03853515224959411,0.2238723970867334,0.5238321448173239,0.0060575004062782024,0.8484274555173518,0.9311049136688713
17581,1000,9.81812824344635,10.373378823280335,0.5552505850791931,1.2419607639312744,0.43987298011779785,0.8609403967857361,0.42106741666793823,0.9985102040816326,0.9988877551020409,0.0017345370643737847,0.9563118888402395,0.9809732269478676,-0.006030594030594031,0.8489429317712879,0.9311049136688713
12217,1000,10.003437299728393,10.240017757415771,0.23658046126365662,1.2354228496551514,0.16596154868602753,0.44511309266090393,0.2791515588760376,0.9989540816326531,0.998734693877551,0.025023639053605728,0.42926442397928444,0.6860565347526064,0.00596999396999397,0.8504429018673136,0.9311049136688713
19801,1000,9.863769737243652,10.37012444972992,0.5063546895980835,1.2535885572433472,0.4240969717502594,0.6892876625061035,0.2651906907558441,0.9983826530612245,0.9986071428571428,0.005042060335915646,0.8734754257604317,0.9466322979482378,0.00592945792945793,0.8514465502815903,0.9311049136688713
1486,1000,9.83789680671692,10.71419728088379,0.8763003945350647,1.4065426588058472,0.7202432751655579,1.1080232858657837,0.38778001070022583,0.9981887755102041,0.9989285714285714,-0.0012083892394485183,0.9695562511838052,0.9902581263464147,-0.005916725916725918,0.851761837061817,0.9311049136688713
5410,1000,10.053889911651611,10.139381248474121,0.0854913517832756,1.1840065717697144,-0.03524015471339226,0.24969226121902466,0.284932404756546,0.9989438775510204,0.9985969387755103,0.027251125929178006,0.3893270966336697,0.6622747571424628,0.005905625905625906,0.8520367293846313,0.9311049136688713
18649,1000,8.00075768852234,8.467816758155823,0.46705901622772217,1.0216729640960693,0.3581055700778961,0.6596444845199585,0.3015389144420624,0.9980867346938775,0.998719387755102,-0.01504784698014029,0.634582814033988,0.8238560996196632,-0.005882069882069883,0.8526201548931182,0.9311049136688713
15039,1000,8.794191838264465,9.372439386367798,0.5782474875450134,1.1332229375839233,0.5084271430969238,0.6722660064697266,0.16383886337280273,0.9978469387755102,0.9987091836734694,0.01498827281636074,0.6359245559835197,0.8238636587772017,0.005848805848805849,0.8534441612978743,0.9311049136688713
7852,1000,10.299911176681519,10.77108789730072,0.47117671370506287,1.2556713819503784,0.42933809757232666,0.6161136627197266,0.1867755651473999,0.9981224489795918,0.9988928571428571,-0.025907550806746726,0.4131394509859526,0.6750565164305927,-0.005830769830769831,0.853891010815222,0.9311049136688713
7989,1000,9.741616327285767,10.031085130691528,0.28946882486343384,1.1457030773162842,0.22799275815486908,0.2912655472755432,0.06327278912067413,0.9983112244897959,0.9988367346938776,0.02566943273575794,0.41744774547778624,0.6793013312774885,0.005828537828537829,0.8539463128154918,0.9311049136688713
2320,1000,8.688904302597045,9.06773247718811,0.3788281977176666,1.0624241828918457,0.2687133252620697,0.5521068572998047,0.283393532037735,0.9978673469387755,0.9987091836734694,-0.00048619355013652254,0.9877485161246147,0.9947143258077014,0.005759471776750193,0.8556579053566457,0.9320249395061231
15458,1000,10.235265511512756,10.433512318611145,0.1982467770576477,1.1886111497879028,0.14637508988380432,0.40238040685653687,0.25600531697273254,0.9987295918367347,0.9983520408163266,-0.0060051443733432144,0.8495727944101429,0.9348782594226367,-0.005696249696249696,0.8572252676126113,0.9327697882763578
21606,1000,9.887492075920106,10.174142926216126,0.28665080666542053,1.2140551805496216,0.17131207883358002,0.5845370888710022,0.413224995136261,0.9984081632653061,0.9988826530612245,-0.015022713800679082,0.6351487229802103,0.8238560996196632,0.0056618336618336615,0.8580787251555321,0.9327697882763578
7947,1000,10.31304473876953,10.519431982040405,0.2063872367143631,1.2217963933944702,0.09981786459684372,0.442230224609375,0.3424123525619507,0.9982040816326531,0.9987857142857143,-0.019980545349690387,0.5279665970605821,0.7706053867871161,-0.0055010815010815015,0.8620672761288841,0.9361579924796982
12737,1000,10.264337504386901,10.873774797439575,0.6094373464584351,1.312138557434082,0.5547233819961548,0.706790030002594,0.1520666480064392,0.9987295918367347,0.9991785714285715,0.011231095032410375,0.7227953255665078,0.8732083010780983,0.0054299334299334305,0.8638337160050402,0.9368993211344673
23795,1000,5.337243860721588,5.435369214534759,0.09812536835670471,0.6727690100669861,0.09622345864772797,0.1462855041027069,0.05006204545497894,0.9975255102040816,0.9982755102040817,0.015022584723949852,0.6351516298743772,0.8238560996196632,0.005382665382665383,0.8650076472513921,0.9368993211344673
23246,1000,8.226276221275329,8.518601132392883,0.2923249304294586,1.024520993232727,0.2521277368068695,0.3676728904247284,0.11554515361785889,0.942561224489796,0.94575,-0.01303249583453748,0.6806137667804312,0.8503726082164799,0.005361353361353361,0.8655370419775651,0.9368993211344673
3654,1000,9.615859748840332,10.141148451805115,0.5252887010574341,1.2400683164596558,0.4404250681400299,0.6679149270057678,0.22748985886573792,0.9978163265306123,0.9986887755102041,0.001735754827238888,0.9562812474751516,0.9809732269478676,-0.0052831852831852835,0.8674792661435842,0.9368993211344673
7919,1000,10.454257871627808,10.69926799583435,0.2450101226568222,1.2419297695159912,0.11418164521455765,0.4930298626422882,0.37884822487831116,0.9989795918367347,0.9990204081632653,-0.012664477529077185,0.6891557145871815,0.8542046576625789,-0.0052366312523411465,0.8686363637831735,0.9368993211344673
22300,1000,8.10515366268158,8.394359724998473,0.28920605778694153,0.9700628519058228,0.2492433786392212,0.36792802810668945,0.11868464946746826,0.998,0.9985663265306123,-0.015772083551228826,0.6183682744653349,0.8190627954807441,-0.005232101232101233,0.868748972204927,0.9368993211344673
18340,1000,28.57508031845093,25.544538272857665,-3.0305418968200684,3.579102039337158,-2.9503326416015625,-3.275325059890747,-0.32499241828918457,0.9987448979591836,0.9992040816326531,0.017729499620473675,0.5754802583213472,0.8009477271461598,-0.00521008121008121,0.8692963894687964,0.9368993211344673
10681,1000,8.240723203659057,8.275195576667786,0.03447241336107254,1.0116885900497437,0.005180279724299908,0.09497430920600891,0.08979403227567673,0.9432857142857143,0.9460918367346939,0.026818263077288584,0.39690616011496094,0.6641319025590071,0.005192693192693193,0.8697286994143985,0.9368993211344673
3990,971,0.6205384715497494,0.6621126187741756,0.0415741503238678,0.20331847667694092,0.05173637345433235,0.014026381075382233,-0.03770999237895012,0.04239285714285714,0.04114795918367347,0.01148561605361733,0.720753004712895,0.8717215394838392,0.004949832530425746,0.8775755403941081,0.9434595899732453
22343,1000,8.728754133224488,9.27022694683075,0.541472852230072,1.1643327474594116,0.45667707920074463,0.5931680798530579,0.13649100065231323,0.9976887755102041,0.9986275510204081,0.01066559818365121,0.736219747029981,0.8785555647891108,-0.0049224889372564045,0.8764515758842789,0.9431953832662481
13231,1000,10.339022990226745,10.411848372459412,0.0728253647685051,1.173336148262024,0.021805552765727043,0.09278707951307297,0.07098152488470078,0.998234693877551,0.998,0.0053426888910476575,0.8660007205230992,0.9466322979482378,0.004832392832392833,0.8786952367171177,0.9437186842341844
927,1000,10.523770078659057,11.129892730712891,0.6061226725578308,1.3650978803634644,0.5300819873809814,0.8621886968612671,0.33210670948028564,0.9984744897959184,0.9985408163265306,-0.002342686323309888,0.9410185876368505,0.9738785931433357,-0.004744048744048745,0.880896212209822,0.9451373945188299
13918,1000,7.488261576652527,7.864636336326599,0.3763747215270996,0.9400928020477295,0.335345983505249,0.4253011643886566,0.08995518088340759,0.9424183673469387,0.9454285714285714,-0.008500244238626936,0.7883375797560888,0.9113827348310435,0.004624996624996625,0.8838636880198892,0.9469419670243927
10221,1000,11.167481761932374,11.175240147590637,0.007758373394608498,1.4290839433670044,-0.05441083386540413,0.1410863995552063,0.19549722969532013,0.9985816326530612,0.9983673469387755,-0.022206924114293657,0.4830204878707215,0.7368806874618677,-0.0046058326196501175,0.8843415204147727,0.9469419670243927
13690,1000,9.751100791931153,9.828973543167114,0.07787276804447174,1.1094533205032349,0.08373867720365524,0.1295294165611267,0.045790739357471466,0.9984897959183674,0.998280612244898,-0.0011552054919176228,0.9708955372837753,0.9902581263464147,0.004506592506592507,0.8868166265492418,0.9486464710297665
24533,1000,9.117634614944459,9.747727178573609,0.6300925016403198,1.2696423530578613,0.5691202282905579,0.7189154624938965,0.14979523420333862,0.942984693877551,0.9464591836734694,-0.0015176833947904477,0.9617693490636129,0.9846904488983034,0.00444913644913645,0.8882501196250616,0.9492344561963345
378,997,0.29389660027995707,0.2679563782662153,-0.025940222665667534,0.07344081252813339,-0.02393890917301178,-0.030507082119584084,-0.006568172946572304,0.0558265306122449,0.05302551020408163,0.014465494009071538,0.6482437990852686,0.8327916749014097,0.004383045556012753,0.890064133651378,0.9498365018896424
4978,1000,8.987238026618957,9.413360392570496,0.42612236738204956,1.201696753501892,0.32972925901412964,0.5479755401611328,0.21824628114700317,0.9413316326530612,0.9446479591836735,0.00044767110901032796,0.9887191672445778,0.9947143258077014,-0.004355692355692355,0.890582269462635,0.9498365018896424
17669,1000,10.667388027191162,11.680457991600036,1.013069987297058,1.4929816722869873,0.963177502155304,1.073548436164856,0.110370934009552,0.9981887755102041,0.9992448979591837,0.006889821488127721,0.8277366020154455,0.9299049273688164,0.004123684123684124,0.8963767078378979,0.9550680398987127
24165,1000,9.408005162239075,9.734098172187805,0.32609301805496216,1.107043743133545,0.2881316542625427,0.4511149227619171,0.1629832684993744,0.9983214285714286,0.9989336734693878,-0.020775729627647333,0.5116726886630438,0.7590282701990456,-0.003799263799263799,0.9044883462037255,0.9623886518936954
3419,1000,9.978511422157288,10.777478448867798,0.7989670634269714,1.412752628326416,0.6675518155097961,1.0852155685424805,0.4176637530326843,0.9980408163265306,0.9985102040816326,-0.012454114702376513,0.694056292106993,0.8547450546416286,-0.003751059751059752,0.9056944859236211,0.9623886518936954
10713,1000,10.222759065628052,10.64823788356781,0.4254787564277649,1.1788991689682007,0.4002813994884491,0.5431327223777771,0.142851322889328,0.9986734693877551,0.9988163265306123,-0.002631289650925082,0.933768242645625,0.9711962543327307,0.0037096117096117095,0.9067317537279669,0.9623886518936954
12483,1000,10.546716361999511,10.704768279075623,0.15805190801620483,1.330543041229248,0.03752021864056587,0.4238741099834442,0.38635388016700745,0.9988877551020409,0.9989540816326531,-0.03661390249828189,0.2473651137641889,0.5383189654387791,-0.003705615705615706,0.9068317650990873,0.9623886518936954
16630,1000,9.640293689727784,10.070955628395081,0.4306619167327881,1.1147878170013428,0.3562258183956146,0.570370614528656,0.21414479613304138,0.9982448979591837,0.998780612244898,0.0036338581795338893,0.9086279509431354,0.9633429608222384,0.0034678354678354673,0.912785492357182,0.9671801110253256
7238,1000,10.67715445804596,10.889808752059936,0.21265427768230438,1.284040093421936,0.10047995299100876,0.45220378041267395,0.3517238199710846,0.9988112244897959,0.9987244897959183,-0.040996696714827245,0.19519865299440084,0.4991508412285393,-0.0034191634191634195,0.9140047950848381,0.9671801110253256
19662,1000,9.444206367492676,9.921216126441955,0.47700977325439453,1.1368345022201538,0.3583858013153076,0.6410186886787415,0.28263288736343384,0.9987295918367347,0.9991071428571429,0.05541594850142595,0.07984942021743442,0.318804004882991,0.0034153054255513424,0.9141014518904446,0.9671801110253256
6114,1000,8.289610325813294,8.63937707233429,0.3497667610645294,1.054258942604065,0.2584448456764221,0.53664231300354,0.2781974673271179,0.9976581632653061,0.9985663265306123,-0.01455155517697993,0.6457966246962111,0.8310916005358386,-0.0033682233682233685,0.9152811308543023,0.9671801110253256
15777,998,0.31762035605311395,0.28959756731987,-0.02802278846502304,0.07376531511545181,-0.027887921780347824,-0.02601255103945732,0.001875370740890503,0.05605612244897959,0.05310714285714286,-0.04062814531043076,0.19969873822733136,0.5034658329956664,0.0033148546845951686,0.9167018791960446,0.9671801110253256
3506,1000,5.857328615665436,6.197313960075379,0.33998534083366394,0.750106692314148,0.299446702003479,0.4711571931838989,0.17171049118041992,0.9494540816326531,0.951484693877551,-0.02375755201737057,0.45298611220267837,0.708161695059209,-0.00330961530961531,0.9167498631506346,0.9671801110253256
10586,1000,10.307113005638122,10.893071343421935,0.5859583020210266,1.3040270805358887,0.5044275522232056,0.703334629535675,0.19890707731246948,0.9984591836734694,0.9983112244897959,0.02316851105975359,0.4642695652163953,0.7143631992011584,0.0032522312522312523,0.9181881966631913,0.967698367701286
5640,1000,9.975851163864135,10.293104499816895,0.31725335121154785,1.2221168279647827,0.2125210016965866,0.6722518801689148,0.459730863571167,0.9983265306122449,0.9986020408163265,-0.023692408945522287,0.4542263149406006,0.7090684044276236,0.0032181272181272184,0.9190431425096013,0.967698367701286
24101,1000,9.399599374771118,9.662324934005737,0.2627255320549011,1.084215521812439,0.20714446902275085,0.39893630146980286,0.191791832447052,0.9983622448979592,0.9986785714285714,0.04540639329922884,0.15133827827104748,0.43343282896828,0.003123699123699124,0.9214108223790163,0.9683757362060016
3533,1000,8.961086964607238,9.1589829454422,0.19789595901966095,1.0716058015823364,0.17740531265735626,0.30274516344070435,0.12533985078334808,0.9981836734693877,0.9986836734693878,0.02722864855408204,0.38971847906334867,0.6622747571424628,0.0030982110982110986,0.9220500264881111,0.9683757362060016
17834,1000,9.029267072677612,9.582954746246338,0.5536877512931824,1.1920733451843262,0.45191919803619385,0.7038763761520386,0.2519571781158447,0.9977551020408163,0.9985714285714286,-0.010380159392689459,0.7430267847074484,0.8827552729820792,-0.003081651081651082,0.9224653555631099,0.9683757362060016
12284,1000,10.190055313110351,10.40173555469513,0.21168023347854614,1.0804588794708252,0.10241962224245071,0.41717132925987244,0.3147517144680023,0.9988979591836735,0.9989183673469387,0.011658411781375867,0.7127071403876513,0.8649123940975565,0.0030486510486510488,0.9232930669226682,0.9683757362060016
23612,1000,9.934764229774474,10.231867884635925,0.2971036434173584,1.2949484586715698,0.1800186038017273,0.4615415930747986,0.2815229892730713,0.9981581632653062,0.9987091836734694,0.020049536065475406,0.5265425375059716,0.7706053867871161,0.0029523029523029526,0.9257101544522036,0.969963615494309
10891,1000,10.135561626434326,10.76271087360382,0.627149224281311,1.3490514755249023,0.6046971678733826,0.6900913715362549,0.08539420366287231,0.9984387755102041,0.9986683673469388,-0.005180528179435326,0.8700311754342508,0.9466322979482378,-0.0028526668526668527,0.9282104482996847,0.970787886494031
2454,1000,10.067847211837769,10.584547554969788,0.5167003273963928,1.2411181926727295,0.3779029846191406,0.7230159044265747,0.3451129198074341,0.997938775510204,0.9986887755102041,0.006260977696337481,0.843245512796796,0.9322779731963556,-0.0027260667260667264,0.9313884023768882,0.970787886494031
4484,1000,9.939492643356322,10.727722750663757,0.7882301211357117,1.3516720533370972,0.7600913643836975,0.8931260108947754,0.13303464651107788,0.9979744897959184,0.9989183673469387,-0.035038969832394115,0.26830101875973533,0.5457486631590072,-0.002722814722814723,0.9314700497395697,0.970787886494031
22133,1000,9.729654090881347,10.082805790901183,0.35315170884132385,1.204553246498108,0.23537836968898773,0.4721577763557434,0.23677940666675568,0.998704081632653,0.9989591836734694,0.015049633920206609,0.634542586674686,0.8238560996196632,-0.0027171387171387174,0.9316125577467348,0.970787886494031
21053,1000,9.475546007156373,10.169162088394165,0.6936160922050476,1.2797273397445679,0.6415460705757141,0.7951510548591614,0.15360498428344727,0.9978826530612245,0.998719387755102,0.033671605061631076,0.2874376476218333,0.5637524327709843,0.0027117987117987116,0.9317466317605418,0.970787886494031
19609,1000,9.914595306396484,10.613490223884583,0.6988949179649353,1.2970761060714722,0.6519078612327576,0.8446130156517029,0.1927051544189453,0.998,0.9989489795918367,-0.017579770838057653,0.5787108345115642,0.8009477271461598,-0.0026744786744786744,0.9326836971802213,0.970787886494031
7814,1000,10.059683930397034,10.804536935806274,0.7448530197143555,1.324394702911377,0.6473061442375183,0.8361481428146362,0.18884199857711792,0.9987704081632653,0.99925,0.013434176793255374,0.6713369903109919,0.845590411094262,-0.002668886668886669,0.9328241143964991,0.970787886494031
4951,1000,10.541293038368226,11.744868801116944,1.203575849533081,1.6545547246932983,1.178776741027832,1.191716194152832,0.012939453125,0.9981479591836735,0.9988826530612245,0.014033529642595688,0.6575878418053164,0.8385680482173233,-0.0025533145533145536,0.9357266316191287,0.9708142813081188
250,1000,8.859938354492188,9.355282220840454,0.4953438639640808,1.089379906654358,0.442617803812027,0.5611229538917542,0.11850515007972717,0.9985255102040816,0.9986989795918367,0.025431994867317797,0.4217699461511739,0.6830005745422252,0.0025102225102225104,0.9368090801979835,0.9708142813081188
14706,1000,9.797741351127625,10.344735145568848,0.5469937920570374,1.2824355363845825,0.47626134753227234,0.7227408289909363,0.24647948145866394,0.998219387755102,0.9986887755102041,-0.0034360891413477493,0.9135807590615153,0.9647002184821132,0.0024805404879821094,0.9375547443338206,0.9708142813081188
16298,1000,8.656503410339356,8.778053760528564,0.12155034393072128,1.0451395511627197,0.04346175119280815,0.26285895705223083,0.21939720213413239,0.9985612244897959,0.998295918367347,-0.032426584255959526,0.30564378037793927,0.5789443035730278,-0.0024380544380544385,0.938622162956289,0.9708142813081188
6888,1000,10.423950679779052,10.76860810661316,0.34465742111206055,1.2238799333572388,0.2815549373626709,0.38406136631965637,0.10250642895698547,0.9984438775510204,0.9985408163265306,-0.00016370725597436873,0.9958746334972609,0.9971667208555256,-0.0024261984261984264,0.9389200528844187,0.9708142813081188
9175,1000,10.72675011062622,11.09135506916046,0.36460497975349426,1.237050175666809,0.30380353331565857,0.4881165325641632,0.18431299924850464,0.9986581632653061,0.9987857142857143,-0.0209015399220619,0.5091189677314347,0.7580238639726005,0.002416142416142416,0.9391727232999703,0.9708142813081188
3457,1000,10.02607932472229,10.672707817077637,0.6466284394264221,1.2845321893692017,0.6507760882377625,0.6521034240722656,0.0013273358345031738,0.9983775510204081,0.998765306122449,0.007221162724285878,0.8195913685736027,0.9275459745501047,0.002415974423222347,0.9391769443939808,0.9708142813081188
1680,1000,8.567774858474731,9.07887932395935,0.5111044645309448,1.1030027866363525,0.4474773406982422,0.5587683320045471,0.11129099130630493,0.9985357142857143,0.9988010204081633,-0.002514196500425622,0.9367092508231564,0.9711962543327307,0.0022229422229422227,0.9440282884543686,0.9739671798758319
1871,1000,9.689958882331847,10.008589835166932,0.3186309337615967,1.2013633251190186,0.20442447066307068,0.4060976505279541,0.20167317986488342,0.998295918367347,0.9984030612244897,0.0038318785422492983,0.9036723995816364,0.9618871725973018,-0.0021551961616617502,0.9457314039262523,0.9739671798758319
2569,1000,9.348968825340272,9.702765168190002,0.3537963330745697,1.1298811435699463,0.26076316833496094,0.5825309157371521,0.32176774740219116,0.9986530612244898,0.998969387755102,-0.031031727725332983,0.3269291029682552,0.6033021590857494,-0.002100950100950101,0.9470953124123002,0.9739671798758319
24328,1000,11.363051663398743,11.737652877807617,0.37460118532180786,1.261724591255188,0.3219231963157654,0.4990919530391693,0.17716875672340393,0.998454081632653,0.9983928571428572,0.009769485732256358,0.7576568358750092,0.8932200238526453,-0.002086658086658087,0.9474546824027102,0.9739671798758319
16489,1000,10.43468724155426,10.840432321548462,0.40574508905410767,1.2932617664337158,0.34698572754859924,0.6185829043388367,0.2715971767902374,0.9981071428571429,0.9987602040816327,0.010975678683280544,0.7288484360578711,0.8765769544525795,-0.0020712500712500716,0.9478421259850436,0.9739671798758319
17130,1000,10.702924411773681,11.120190662384033,0.41726624965667725,1.2403271198272705,0.3880201280117035,0.5511693358421326,0.16314920783042908,0.9985306122448979,0.9985306122448979,-0.010261838614697465,0.7458543812991041,0.8841585049837062,-0.0020272580272580275,0.948948399195373,0.9739671798758319
12839,1000,9.782756525039673,10.034829937934875,0.25207337737083435,1.146357774734497,0.21687354147434235,0.40779587626457214,0.1909223347902298,0.9984489795918368,0.9986734693877551,-0.01539723301040759,0.6267380976142471,0.8218763331351666,0.0019711819711819714,0.9503586926951185,0.9739671798758319
5618,1000,8.343394580364228,8.659106549263,0.31571197509765625,1.1171995401382446,0.2570784091949463,0.39578238129615784,0.13870397210121155,0.9407244897959184,0.9440204081632653,0.009405827964334737,0.7664108110770228,0.8978096010272825,-0.001967881967881968,0.9504416915224242,0.9739671798758319
13655,1000,8.61686022567749,8.69153234577179,0.07467211782932281,0.9791956543922424,0.016091203317046165,0.1276470124721527,0.1115558072924614,0.9983010204081633,0.9984387755102041,0.01300073535976336,0.6813493567887826,0.8503726082164799,-0.0019470379470379474,0.9509659546648838,0.9739671798758319
9947,1000,10.775740969657898,10.941265498161316,0.16552454233169556,1.2649140357971191,-0.0002583296736702323,0.46685847640037537,0.4671168029308319,0.9985663265306123,0.9986989795918367,0.0036579446848243424,0.9080249813674252,0.9633429608222384,0.0019282579282579283,0.9514383227435845,0.9739671798758319
10416,1000,10.73543744468689,10.729643208503724,-0.005794248543679714,1.2295767068862915,-0.10305420309305191,0.18241356313228607,0.2854677736759186,0.9986224489795918,0.9982295918367347,-0.006321702795148066,0.8417451232813,0.9322779731963556,0.0018903738903738906,0.9523912600620332,0.9739671798758319
18035,1000,10.590432111740112,10.790363862037658,0.19993174076080322,1.2774078845977783,0.14877718687057495,0.3085375726222992,0.15976038575172424,0.9988673469387755,0.9986428571428572,0.02999519787997741,0.34335436289618027,0.6166598423921364,0.0018557058557058556,0.9532633614436113,0.9739671798758319
10597,1000,10.671395755767822,11.222555877685547,0.5511600971221924,1.4852970838546753,0.41135531663894653,0.7943533062934875,0.382997989654541,0.9983112244897959,0.9986530612244898,-0.009948026101982541,0.7533702629977673,0.8891424862193429,-0.0018257778257778261,0.9540162693010941,0.9739671798758319
16612,1000,10.516631125450134,10.581009534835815,0.06437841802835464,1.2762788534164429,-0.01703520119190216,0.3057371973991394,0.32277238368988037,0.9990255102040816,0.9991326530612245,0.003895769896965504,0.9020742784748857,0.9611386657559795,-0.0017197097197097198,0.9566849798373651,0.9757641674694493
17139,1000,10.126470958709717,10.661250933647155,0.534779965877533,1.3220081329345703,0.385046124458313,0.7694858908653259,0.38443976640701294,0.9986173469387755,0.9989030612244898,-0.0032003356643984715,0.9194891918592409,0.967219776745176,0.0016312456312456312,0.9589111392652102,0.97710679655677
310,1000,9.752023842811585,10.897160620689393,1.1451367139816284,1.542892336845398,1.0745857954025269,1.2096164226531982,0.1350306272506714,0.998295918367347,0.9994234693877551,0.00707967181132173,0.823067262131999,0.928643189240437,0.0015673095673095676,0.9605202620699035,0.9773111455901
1512,1000,10.542168294906617,11.304952926635742,0.7627846598625183,1.4610859155654907,0.5562794208526611,1.0417678356170654,0.4854884147644043,0.9983775510204081,0.9988418367346938,0.012423146782716984,0.6947788013986422,0.8547450546416286,-0.0015509655509655512,0.960931629183562,0.9773111455901
24450,1000,9.15667544555664,9.681512560844421,0.524837076663971,1.0826201438903809,0.4271130859851837,0.6603008508682251,0.23318776488304138,0.9984642857142857,0.9984387755102041,0.008714959180561501,0.783122833445756,0.9082871739964816,-0.0015059295059295058,0.9620652073927599,0.9774706483502713
4645,1000,8.418982729911804,8.48823634338379,0.0692536011338234,0.9826109409332275,0.021545369178056717,0.22785179316997528,0.20630642771720886,0.9983316326530612,0.9986020408163265,-0.026441297310498782,0.4035783796050746,0.668488828890151,-0.0014396894396894397,0.9637326391741151,0.9774706483502713
7698,1000,7.0417884874343875,7.407338391304016,0.36554986238479614,0.9097722172737122,0.305734246969223,0.37168940901756287,0.06595516204833984,0.9977295918367347,0.9983928571428572,0.013531812444726335,0.6690895730565554,0.8450757143020152,-0.0014331974331974334,0.9638960682113779,0.9774706483502713
4906,1000,9.97064042854309,10.25752572441101,0.2868853509426117,1.182790756225586,0.1374896764755249,0.5859988331794739,0.448509156703949,0.9983979591836735,0.998719387755102,-0.005131114788606286,0.8712600055670364,0.9466322979482378,-0.0014001134001134002,0.9647289452991504,0.9774706483502713
13541,1000,13.337102995872497,13.024084577560425,-0.31301844120025635,1.467134714126587,-0.4474461078643799,-0.08222811669111252,0.36521798372268677,0.9993571428571428,0.9991020408163265,-0.0070409338131358044,0.8240195152198664,0.928643189240437,-0.0011548331548331548,0.9709049138603316,0.9828010155381679
10119,1000,8.800934648513794,9.387939465522766,0.5870048403739929,1.1238316297531128,0.5266861915588379,0.6897504925727844,0.16306430101394653,0.9985612244897959,0.9988112244897959,0.008392966905903613,0.7909465752725355,0.9134157224115087,-0.0008223248223248224,0.9792799312308738,0.9889889748984105
24070,1000,10.953705585479737,11.526584655761718,0.5728790760040283,1.412042498588562,0.4585103988647461,0.7525538206100464,0.2940434217453003,0.9981938775510204,0.9984693877551021,-0.012337306755342791,0.6967829720723646,0.8562298764367501,0.0007656367656367657,0.980708008508411,0.9889889748984105
13633,1000,10.352254742622376,11.272584681510926,0.9203299283981323,1.4890166521072388,0.8314058184623718,1.1064324378967285,0.2750266194343567,0.9977244897959183,0.998515306122449,-0.010445620976987955,0.7414638854322055,0.8818739899824903,-0.0007412287412287413,0.981322911188816,0.9889889748984105
17082,1000,8.398571248054504,9.163878916740417,0.7653077244758606,1.191856861114502,0.644631028175354,0.9104623794555664,0.2658313512802124,0.9974948979591837,0.998938775510204,0.0007321891955888553,0.9815506440791556,0.9920432570751507,0.0007340887340887341,0.9815027889609954,0.9889889748984105
9433,1000,7.012390611171722,7.333778453826905,0.3213878273963928,0.8490220904350281,0.30054721236228943,0.36312738060951233,0.0625801682472229,0.9411734693877551,0.9445153061224489,0.011997300117951122,0.7047420212676763,0.8626511892451943,-0.0007293487293487294,0.9816222041356664,0.9889889748984105
778,1000,6.970909362792969,7.2122508645057675,0.2413415014743805,0.9299224615097046,0.18104048073291779,0.3073591887950897,0.12631870806217194,0.944234693877551,0.9464795918367347,-0.016889353742537333,0.5937163597388389,0.8040150815360316,-0.000585516587273137,0.985245957546688,0.9917096142503682
11429,1000,9.979304941177368,10.36516143321991,0.3858565092086792,1.2241196632385254,0.28387704491615295,0.514482855796814,0.230605810880661,0.9984489795918368,0.9990051020408163,0.005285499498148916,0.8674217538444524,0.9466322979482378,0.00031884031884031887,0.991965433551807,0.9973284823061306
22678,1000,9.572731012344361,9.9545859041214,0.38185492157936096,1.2030727863311768,0.3632495403289795,0.4937663972377777,0.13051685690879822,0.9983622448979592,0.9985357142857143,0.0176091624837696,0.5780760041161069,0.8009477271461598,-0.00025887625887625887,0.9934764509322463,0.9973284823061306
880,1000,8.896695769309998,9.892315052986145,0.9956192374229431,1.3834547996520996,0.894984781742096,1.2220861911773682,0.3271014094352722,0.9979642857142857,0.9991020408163265,-0.00514515363305885,0.8709108507996182,0.9466322979482378,0.00025341625341625344,0.9936140373068527,0.9973284823061306
13473,1000,8.404305985450744,8.766953996658325,0.36264804005622864,1.0718209743499756,0.36927899718284607,0.22856225073337555,-0.14071674644947052,0.9608673469387755,0.9662908163265306,0.03636358292658441,0.2506140435003627,0.5383189654387791,-0.00014445614445614445,0.9963597512964353,0.9979606333604025
20336,1000,8.73344183921814,8.93746173286438,0.20401988923549652,1.0750994682312012,0.11104615032672882,0.46987152099609375,0.3588253855705261,0.997969387755102,0.9985663265306123,-0.010013053355183243,0.7518109006685885,0.8891424862193429,0.00014264414264414266,0.9964054128529576,0.9979606333604025
13340,1000,10.054488522529603,10.250845643997192,0.1963571459054947,1.2076430320739746,0.08676472306251526,0.3345664441585541,0.24780172109603882,0.9987551020408163,0.9989081632653061,0.019078003251162975,0.5467750073885219,0.7806071546051563,0.00010234810234810234,0.9974208560596103,0.9979606333604025
20540,1000,8.952270740509034,9.81858495903015,0.8663142323493958,1.415793538093567,0.7579246163368225,1.124756097793579,0.3668314814567566,0.9408877551020408,0.945015306122449,-0.01389161596140706,0.6608331215286486,0.838929991160483,-8.092808092808092e-05,0.9979606333604026,0.9979606333604025
