image_id,image_path,ground_truth,clean_prediction,blur_prediction,clean_correct,blur_correct,classification_group,clean_true_class_logit,blur_true_class_logit,delta_true_class_logit,clean_classification_margin,blur_classification_margin,delta_classification_margin,clean_prediction_margin,blur_prediction_margin,sae_cosine_similarity,feature_retention,jaccard_similarity,relative_sae_change,clean_sae_norm,blur_sae_norm,norm_ratio,shared_feature_mean_signed_change,shared_feature_mean_absolute_change,shared_features_percent_increased,shared_features_percent_decreased
ILSVRC2012_val_00011001.JPEG,/home/dr-yougart/Desktop/vit_mi/Dataset/ILSVRC2012_img_val/ILSVRC2012_val_00011001.JPEG,632,632,632,True,True,clean_correct_blur_correct,12.959186553955078,12.637811660766602,-0.32137489318847656,6.2757248878479,5.2448201179504395,-1.030904769897461,6.2757248878479,5.2448201179504395,0.9402470588684082,0.9948206543922424,0.9896824955940247,0.34765705466270447,373.83154296875,368.7266540527344,1.0159051418304443,-0.05960576608777046,2.483042001724243,50.428587198257446,49.57141578197479
ILSVRC2012_val_00011002.JPEG,/home/dr-yougart/Desktop/vit_mi/Dataset/ILSVRC2012_img_val/ILSVRC2012_val_00011002.JPEG,385,385,101,True,False,clean_correct_blur_wrong,14.349715232849121,8.592940330505371,-5.75677490234375,1.1453123092651367,-0.8072805404663086,-1.9525928497314453,1.1453123092651367,0.6529865264892578,0.834998369216919,0.9869019389152527,0.9762939214706421,0.9246151447296143,400.07000732421875,529.1277465820312,1.4825361967086792,3.950313091278076,7.015309810638428,65.0024950504303,34.9975049495697
ILSVRC2012_val_00011003.JPEG,/home/dr-yougart/Desktop/vit_mi/Dataset/ILSVRC2012_img_val/ILSVRC2012_val_00011003.JPEG,526,527,527,False,False,clean_wrong_blur_wrong,10.942643165588379,8.101759910583496,-2.840883255004883,-0.17566394805908203,-1.152022361755371,-0.9763584136962891,0.17566394805908203,0.6435375213623047,0.9290895462036133,0.9954004883766174,0.990248441696167,0.3937701880931854,392.1700439453125,405.18414306640625,1.0640324354171753,0.3742324411869049,3.0736207962036133,53.166115283966064,46.8338817358017
ILSVRC2012_val_00011004.JPEG,/home/dr-yougart/Desktop/vit_mi/Dataset/ILSVRC2012_img_val/ILSVRC2012_val_00011004.JPEG,838,838,838,True,True,clean_correct_blur_correct,14.572843551635742,14.204533576965332,-0.36830997467041016,1.8228187561035156,2.3545961380004883,0.5317773818969727,1.8228187561035156,2.3545961380004883,0.9321318864822388,0.9950212836265564,0.9902496337890625,0.3796776831150055,353.96185302734375,364.31292724609375,1.0640597343444824,0.3517915606498718,2.5297908782958984,54.23137545585632,45.76862156391144
ILSVRC2012_val_00011005.JPEG,/home/dr-yougart/Desktop/vit_mi/Dataset/ILSVRC2012_img_val/ILSVRC2012_val_00011005.JPEG,850,850,850,True,True,clean_correct_blur_correct,10.67206859588623,9.76088809967041,-0.9111804962158203,2.541971206665039,2.7695207595825195,0.22754955291748047,2.541971206665039,2.7695207595825195,0.9589830636978149,0.9962342977523804,0.9926735758781433,0.2646390199661255,334.89422607421875,332.47113037109375,1.0150598287582397,0.12649622559547424,1.8201730251312256,52.991414070129395,47.008585929870605
ILSVRC2012_val_00011006.JPEG,/home/dr-yougart/Desktop/vit_mi/Dataset/ILSVRC2012_img_val/ILSVRC2012_val_00011006.JPEG,537,537,537,True,True,clean_correct_blur_correct,13.061262130737305,13.630816459655762,0.569554328918457,2.7480459213256836,3.9965925216674805,1.2485466003417969,2.7480459213256836,3.9965925216674805,0.9289411306381226,0.994366466999054,0.98996502161026,0.3740171790122986,401.14599609375,388.9586181640625,1.0082398653030396,-0.5595306158065796,2.73926043510437,44.33068931102753,55.66931366920471
ILSVRC2012_val_00011007.JPEG,/home/dr-yougart/Desktop/vit_mi/Dataset/ILSVRC2012_img_val/ILSVRC2012_val_00011007.JPEG,451,650,823,False,False,clean_wrong_blur_wrong,9.818038940429688,7.387479305267334,-2.4305596351623535,-0.5945281982421875,-1.2529540061950684,-0.6584258079528809,0.5945281982421875,1.2529540061950684,0.9366157650947571,0.994335412979126,0.9894884824752808,0.36637648940086365,404.84735107421875,411.7889099121094,1.0516855716705322,0.19382129609584808,2.8301029205322266,52.10869908332825,47.89130091667175
ILSVRC2012_val_00011008.JPEG,/home/dr-yougart/Desktop/vit_mi/Dataset/ILSVRC2012_img_val/ILSVRC2012_val_00011008.JPEG,611,611,532,True,False,clean_correct_blur_wrong,12.453069686889648,5.869138717651367,-6.583930969238281,3.7500457763671875,-3.023190498352051,-6.773236274719238,3.7500457763671875,0.5764675140380859,0.9280909895896912,0.995966911315918,0.9915677905082703,0.4478580951690674,378.36871337890625,417.9251403808594,1.1614320278167725,1.2805134057998657,3.381692886352539,62.610357999801636,37.389642000198364
ILSVRC2012_val_00011009.JPEG,/home/dr-yougart/Desktop/vit_mi/Dataset/ILSVRC2012_img_val/ILSVRC2012_val_00011009.JPEG,268,268,268,True,True,clean_correct_blur_correct,14.891362190246582,14.407578468322754,-0.4837837219238281,4.702424049377441,6.3113203048706055,1.608896255493164,4.702424049377441,6.3113203048706055,0.9474242925643921,0.9960975050926208,0.992250382900238,0.3095918595790863,419.1257629394531,420.95452880859375,1.0393093824386597,0.17514094710350037,2.4541335105895996,51.42013430595398,48.57986569404602
ILSVRC2012_val_00011010.JPEG,/home/dr-yougart/Desktop/vit_mi/Dataset/ILSVRC2012_img_val/ILSVRC2012_val_00011010.JPEG,634,634,634,True,True,clean_correct_blur_correct,15.80009937286377,14.224424362182617,-1.5756750106811523,6.5187578201293945,3.3204002380371094,-3.198357582092285,6.5187578201293945,3.3204002380371094,0.9178352355957031,0.9934527277946472,0.9861941337585449,0.44425585865974426,397.9505615234375,443.09320068359375,1.1639560461044312,1.4712610244750977,3.420807123184204,64.10416960716248,35.89583337306976
ILSVRC2012_val_00011011.JPEG,/home/dr-yougart/Desktop/vit_mi/Dataset/ILSVRC2012_img_val/ILSVRC2012_val_00011011.JPEG,96,96,96,True,True,clean_correct_blur_correct,15.276627540588379,13.151080131530762,-2.125547409057617,7.8614606857299805,6.50526237487793,-1.3561983108520508,7.8614606857299805,6.50526237487793,0.9471129775047302,0.9953857660293579,0.9915412664413452,0.30341097712516785,407.3069152832031,392.88153076171875,0.9890483021736145,-0.3675123453140259,2.386593818664551,44.98622119426727,55.01377582550049
ILSVRC2012_val_00011012.JPEG,/home/dr-yougart/Desktop/vit_mi/Dataset/ILSVRC2012_img_val/ILSVRC2012_val_00011012.JPEG,149,149,149,True,True,clean_correct_blur_correct,15.620461463928223,15.728684425354004,0.10822296142578125,11.773792266845703,10.909627914428711,-0.8641643524169922,11.773792266845703,10.909627914428711,0.9391860961914062,0.9946650266647339,0.9885043501853943,0.3318144679069519,368.7998352050781,362.5467224121094,1.0237418413162231,0.11657308042049408,2.23775577545166,52.24313735961914,47.75686264038086
ILSVRC2012_val_00011013.JPEG,/home/dr-yougart/Desktop/vit_mi/Dataset/ILSVRC2012_img_val/ILSVRC2012_val_00011013.JPEG,318,318,318,True,True,clean_correct_blur_correct,15.682958602905273,15.483756065368652,-0.1992025375366211,11.0846529006958,10.599081039428711,-0.48557186126708984,11.0846529006958,10.599081039428711,0.9624233841896057,0.9968657493591309,0.993811309337616,0.25700342655181885,406.05047607421875,391.28253173828125,0.9755051136016846,-0.33569058775901794,2.1001670360565186,46.10887169837952,53.89112830162048
ILSVRC2012_val_00011014.JPEG,/home/dr-yougart/Desktop/vit_mi/Dataset/ILSVRC2012_img_val/ILSVRC2012_val_00011014.JPEG,61,61,62,True,False,clean_correct_blur_wrong,13.559335708618164,10.230794906616211,-3.328540802001953,4.816247940063477,-0.2008991241455078,-5.017147064208984,4.816247940063477,0.2008991241455078,0.9105746746063232,0.9933680891990662,0.9868993759155273,0.44098061323165894,396.2162780761719,427.8179626464844,1.1300047636032104,1.1296300888061523,3.334970235824585,61.66430115699768,38.33569884300232
ILSVRC2012_val_00011015.JPEG,/home/dr-yougart/Desktop/vit_mi/Dataset/ILSVRC2012_img_val/ILSVRC2012_val_00011015.JPEG,281,502,502,False,False,clean_wrong_blur_wrong,7.48299503326416,6.670929431915283,-0.812065601348877,-1.6411457061767578,-2.6464600563049316,-1.0053143501281738,1.0714902877807617,1.4907917976379395,0.9938033223152161,0.9989438652992249,0.9982933402061462,0.09484857320785522,357.5704650878906,365.4266662597656,1.0302846431732178,0.09728021174669266,0.5705878138542175,54.12999391555786,45.87000608444214
ILSVRC2012_val_00011016.JPEG,/home/dr-yougart/Desktop/vit_mi/Dataset/ILSVRC2012_img_val/ILSVRC2012_val_00011016.JPEG,427,427,427,True,True,clean_correct_blur_correct,13.496959686279297,11.143016815185547,-2.35394287109375,4.014346122741699,4.1897478103637695,0.1754016876220703,4.014346122741699,4.1897478103637695,0.939312756061554,0.9961651563644409,0.9923979043960571,0.44462335109710693,388.1782531738281,450.0278625488281,1.1974999904632568,1.6742526292800903,3.534636974334717,63.357800245285034,36.642199754714966
ILSVRC2012_val_00011017.JPEG,/home/dr-yougart/Desktop/vit_mi/Dataset/ILSVRC2012_img_val/ILSVRC2012_val_00011017.JPEG,642,642,642,True,True,clean_correct_blur_correct,13.402073860168457,10.41748046875,-2.984593391418457,7.5320258140563965,3.4072742462158203,-4.124751567840576,7.5320258140563965,3.4072742462158203,0.9237258434295654,0.9945568442344666,0.9895877242088318,0.40670129656791687,372.1287536621094,373.4127197265625,1.0287691354751587,-0.1788618266582489,2.9898087978363037,47.51450717449188,52.485495805740356
ILSVRC2012_val_00011018.JPEG,/home/dr-yougart/Desktop/vit_mi/Dataset/ILSVRC2012_img_val/ILSVRC2012_val_00011018.JPEG,291,291,273,True,False,clean_correct_blur_wrong,14.194265365600586,5.761432647705078,-8.432832717895508,4.968877792358398,-1.2725272178649902,-6.241405010223389,4.968877792358398,0.4307126998901367,0.9289618730545044,0.9976629018783569,0.9946095943450928,0.4534470736980438,342.7370910644531,384.10601806640625,1.1506903171539307,1.2537639141082764,3.373908281326294,62.25943565368652,37.74056136608124
ILSVRC2012_val_00011019.JPEG,/home/dr-yougart/Desktop/vit_mi/Dataset/ILSVRC2012_img_val/ILSVRC2012_val_00011019.JPEG,604,604,604,True,True,clean_correct_blur_correct,15.834781646728516,15.302879333496094,-0.5319023132324219,11.242635726928711,10.635740280151367,-0.6068954467773438,11.242635726928711,10.635740280151367,0.925933301448822,0.9952212572097778,0.9898697733879089,0.4730009436607361,409.0486755371094,453.065673828125,1.178571343421936,1.7128366231918335,3.873741865158081,64.473956823349,35.526043176651
ILSVRC2012_val_00011020.JPEG,/home/dr-yougart/Desktop/vit_mi/Dataset/ILSVRC2012_img_val/ILSVRC2012_val_00011020.JPEG,883,492,773,False,False,clean_wrong_blur_wrong,5.768130302429199,4.494505882263184,-1.2736244201660156,-2.2082295417785645,-4.104475975036621,-1.8962464332580566,0.25798511505126953,1.3801050186157227,0.9109271168708801,0.9913620352745056,0.9840120673179626,0.42141786217689514,380.9923095703125,387.7215270996094,1.0790808200836182,0.18493367731571198,2.6657192707061768,51.41074061393738,48.58925938606262
ILSVRC2012_val_00011021.JPEG,/home/dr-yougart/Desktop/vit_mi/Dataset/ILSVRC2012_img_val/ILSVRC2012_val_00011021.JPEG,991,991,991,True,True,clean_correct_blur_correct,13.768292427062988,12.713569641113281,-1.054722785949707,3.6909055709838867,3.330972671508789,-0.35993289947509766,3.6909055709838867,3.330972671508789,0.9452880024909973,0.9957088828086853,0.991443395614624,0.3403107523918152,372.7894592285156,378.9908447265625,1.0429010391235352,0.20121239125728607,2.4724597930908203,50.950342416763306,49.049654603004456
ILSVRC2012_val_00011022.JPEG,/home/dr-yougart/Desktop/vit_mi/Dataset/ILSVRC2012_img_val/ILSVRC2012_val_00011022.JPEG,437,437,437,True,True,clean_correct_blur_correct,14.422091484069824,13.78310775756836,-0.6389837265014648,6.571850299835205,6.609872341156006,0.03802204132080078,6.571850299835205,6.609872341156006,0.9618489742279053,0.9981353878974915,0.9962520003318787,0.2837553322315216,367.1623840332031,368.37933349609375,1.0241719484329224,0.1290598064661026,2.1359736919403076,51.797908544540405,48.202088475227356
ILSVRC2012_val_00011023.JPEG,/home/dr-yougart/Desktop/vit_mi/Dataset/ILSVRC2012_img_val/ILSVRC2012_val_00011023.JPEG,254,254,151,True,False,clean_correct_blur_wrong,12.362188339233398,6.5826897621154785,-5.77949857711792,6.5571184158325195,-0.7025861740112305,-7.25970458984375,6.5571184158325195,0.26177167892456055,0.9285496473312378,0.9965125918388367,0.993127167224884,0.3869997560977936,377.1501159667969,377.2695617675781,1.0253314971923828,0.1663871556520462,3.081258535385132,51.738059520721436,48.261940479278564
ILSVRC2012_val_00011024.JPEG,/home/dr-yougart/Desktop/vit_mi/Dataset/ILSVRC2012_img_val/ILSVRC2012_val_00011024.JPEG,212,212,212,True,True,clean_correct_blur_correct,13.971251487731934,13.565082550048828,-0.40616893768310547,4.212838172912598,4.763287544250488,0.5504493713378906,4.212838172912598,4.763287544250488,0.9642664194107056,0.9962081909179688,0.992853581905365,0.2378152310848236,374.686279296875,381.3819274902344,1.0660473108291626,0.22664888203144073,1.3152836561203003,55.552637577056885,44.447362422943115
ILSVRC2012_val_00011025.JPEG,/home/dr-yougart/Desktop/vit_mi/Dataset/ILSVRC2012_img_val/ILSVRC2012_val_00011025.JPEG,995,995,995,True,True,clean_correct_blur_correct,16.483734130859375,17.069561004638672,0.5858268737792969,10.443262100219727,9.948805809020996,-0.49445629119873047,10.443262100219727,9.948805809020996,0.9418458938598633,0.9958399534225464,0.9915175437927246,0.3511369526386261,383.6651916503906,415.63787841796875,1.1060538291931152,0.9000929594039917,2.620098829269409,61.57931089401245,38.42068612575531
ILSVRC2012_val_00011026.JPEG,/home/dr-yougart/Desktop/vit_mi/Dataset/ILSVRC2012_img_val/ILSVRC2012_val_00011026.JPEG,439,439,439,True,True,clean_correct_blur_correct,13.260656356811523,12.733651161193848,-0.5270051956176758,3.8033103942871094,3.8069076538085938,0.003597259521484375,3.8033103942871094,3.8069076538085938,0.9271484017372131,0.995763897895813,0.9911102652549744,0.4297683537006378,371.1364440917969,402.9023132324219,1.1374207735061646,1.1729871034622192,3.1888513565063477,60.34321188926697,39.65678811073303
ILSVRC2012_val_00011027.JPEG,/home/dr-yougart/Desktop/vit_mi/Dataset/ILSVRC2012_img_val/ILSVRC2012_val_00011027.JPEG,946,946,946,True,True,clean_correct_blur_correct,14.3571195602417,14.288630485534668,-0.06848907470703125,1.5536975860595703,3.761359214782715,2.2076616287231445,1.5536975860595703,3.761359214782715,0.9408862590789795,0.9953826665878296,0.990833580493927,0.3151862919330597,430.9088439941406,410.7730712890625,0.9977409243583679,-0.1561184823513031,2.525197982788086,48.258957266807556,51.741039752960205
ILSVRC2012_val_00011028.JPEG,/home/dr-yougart/Desktop/vit_mi/Dataset/ILSVRC2012_img_val/ILSVRC2012_val_00011028.JPEG,857,857,846,True,False,clean_correct_blur_wrong,11.307382583618164,8.464120864868164,-2.84326171875,4.776508331298828,-0.5973615646362305,-5.373869895935059,4.776508331298828,0.5973615646362305,0.9038193225860596,0.9938464164733887,0.9882611036300659,0.4711017906665802,377.4925537109375,367.8233337402344,1.0341501235961914,-0.19796741008758545,3.3244104385375977,47.08510339260101,52.914899587631226
ILSVRC2012_val_00011029.JPEG,/home/dr-yougart/Desktop/vit_mi/Dataset/ILSVRC2012_img_val/ILSVRC2012_val_00011029.JPEG,750,750,750,True,True,clean_correct_blur_correct,10.373795509338379,8.687980651855469,-1.6858148574829102,0.22891712188720703,1.7560129165649414,1.5270957946777344,0.22891712188720703,1.7560129165649414,0.9202662706375122,0.9939382076263428,0.9860562682151794,0.4227449595928192,330.5784912109375,336.8477478027344,1.093246340751648,0.3678274154663086,2.381049871444702,53.74910831451416,46.25089168548584
ILSVRC2012_val_00011030.JPEG,/home/dr-yougart/Desktop/vit_mi/Dataset/ILSVRC2012_img_val/ILSVRC2012_val_00011030.JPEG,840,840,840,True,True,clean_correct_blur_correct,14.983736038208008,13.78065299987793,-1.2030830383300781,5.232979774475098,4.802542686462402,-0.4304370880126953,5.232979774475098,4.802542686462402,0.9291995167732239,0.9928027391433716,0.9858607053756714,0.3403749167919159,398.8795166015625,407.1502380371094,1.0565093755722046,0.3832368552684784,2.376941204071045,55.71611523628235,44.28388178348541
ILSVRC2012_val_00011031.JPEG,/home/dr-yougart/Desktop/vit_mi/Dataset/ILSVRC2012_img_val/ILSVRC2012_val_00011031.JPEG,644,644,644,True,True,clean_correct_blur_correct,14.437836647033691,14.490233421325684,0.05239677429199219,10.23640251159668,9.97370433807373,-0.2626981735229492,10.23640251159668,9.97370433807373,0.9391604661941528,0.994093120098114,0.9886348247528076,0.43661728501319885,427.3421936035156,461.4498291015625,1.1577078104019165,1.1273423433303833,3.300588846206665,55.43620586395264,44.5637971162796
ILSVRC2012_val_00011032.JPEG,/home/dr-yougart/Desktop/vit_mi/Dataset/ILSVRC2012_img_val/ILSVRC2012_val_00011032.JPEG,381,378,379,False,False,clean_wrong_blur_wrong,8.817012786865234,9.265608787536621,0.4485960006713867,-5.001433372497559,-0.9540443420410156,4.047389030456543,4.214016914367676,0.1661357879638672,0.9054308533668518,0.9949150085449219,0.9898348450660706,0.5635934472084045,333.94842529296875,390.1881103515625,1.2369322776794434,1.4616718292236328,3.629889726638794,62.57564425468445,37.42435574531555
ILSVRC2012_val_00011033.JPEG,/home/dr-yougart/Desktop/vit_mi/Dataset/ILSVRC2012_img_val/ILSVRC2012_val_00011033.JPEG,778,778,860,True,False,clean_correct_blur_wrong,14.49460506439209,2.8243305683135986,-11.67027473449707,9.810888290405273,-2.9103891849517822,-12.721277236938477,9.810888290405273,0.7405638694763184,0.9060264229774475,0.9951098561286926,0.9893852472305298,0.5917544364929199,346.9190368652344,412.1255187988281,1.2840211391448975,1.907274603843689,3.812309980392456,65.71547985076904,34.28452014923096
ILSVRC2012_val_00011034.JPEG,/home/dr-yougart/Desktop/vit_mi/Dataset/ILSVRC2012_img_val/ILSVRC2012_val_00011034.JPEG,60,60,36,True,False,clean_correct_blur_wrong,11.417654037475586,6.903446674346924,-4.514207363128662,1.1266956329345703,-1.718217372894287,-2.8449130058288574,1.1266956329345703,0.8954172134399414,0.9216400980949402,0.9935975074768066,0.9880316853523254,0.4311699867248535,353.4925537109375,339.33148193359375,1.0204442739486694,-0.3825775682926178,2.6529123783111572,46.089255809783936,53.910744190216064
ILSVRC2012_val_00011035.JPEG,/home/dr-yougart/Desktop/vit_mi/Dataset/ILSVRC2012_img_val/ILSVRC2012_val_00011035.JPEG,108,108,108,True,True,clean_correct_blur_correct,11.046393394470215,8.257500648498535,-2.7888927459716797,3.6840929985046387,1.024813175201416,-2.6592798233032227,3.6840929985046387,1.024813175201416,0.9406460523605347,0.9977836012840271,0.9950856566429138,0.48588261008262634,345.3973083496094,411.9787292480469,1.2504949569702148,1.9664642810821533,3.3630526065826416,67.64569878578186,32.35430419445038
ILSVRC2012_val_00011036.JPEG,/home/dr-yougart/Desktop/vit_mi/Dataset/ILSVRC2012_img_val/ILSVRC2012_val_00011036.JPEG,297,360,98,False,False,clean_wrong_blur_wrong,1.0152606964111328,1.4528692960739136,0.43760859966278076,-9.28323745727539,-5.345180034637451,3.9380574226379395,2.7873268127441406,0.2517719268798828,0.8557741641998291,0.9906798601150513,0.981956958770752,0.8058798909187317,400.3144226074219,541.3465576171875,1.4572267532348633,4.30525016784668,6.263858795166016,73.58867526054382,26.411321759223938
ILSVRC2012_val_00011037.JPEG,/home/dr-yougart/Desktop/vit_mi/Dataset/ILSVRC2012_img_val/ILSVRC2012_val_00011037.JPEG,59,59,59,True,True,clean_correct_blur_correct,14.483169555664062,13.805723190307617,-0.6774463653564453,5.728055000305176,5.003571510314941,-0.7244834899902344,5.728055000305176,5.003571510314941,0.9391508102416992,0.9958257079124451,0.9913251996040344,0.37341025471687317,376.1533508300781,402.6832275390625,1.119541049003601,0.97921222448349,2.652940511703491,60.6442391872406,39.3557608127594
ILSVRC2012_val_00011038.JPEG,/home/dr-yougart/Desktop/vit_mi/Dataset/ILSVRC2012_img_val/ILSVRC2012_val_00011038.JPEG,403,628,628,False,False,clean_wrong_blur_wrong,5.302302360534668,3.751826286315918,-1.55047607421875,-9.008278846740723,-3.2861084938049316,5.722170352935791,5.079171180725098,0.5268254280090332,0.9376203417778015,0.9962885975837708,0.9914290904998779,0.3859591484069824,358.7012023925781,383.2287292480469,1.1221626996994019,1.02303946018219,2.8008768558502197,61.09291911125183,38.90707790851593
ILSVRC2012_val_00011039.JPEG,/home/dr-yougart/Desktop/vit_mi/Dataset/ILSVRC2012_img_val/ILSVRC2012_val_00011039.JPEG,368,369,369,False,False,clean_wrong_blur_wrong,9.085975646972656,10.18624496459961,1.1002693176269531,-5.400074005126953,-2.3598527908325195,3.0402212142944336,5.400074005126953,2.3598527908325195,0.8999767899513245,0.993480920791626,0.9877042174339294,0.5094330906867981,408.5148010253906,444.8849792480469,1.1505098342895508,1.2648210525512695,3.895164728164673,60.24484038352966,39.75515961647034
ILSVRC2012_val_00011040.JPEG,/home/dr-yougart/Desktop/vit_mi/Dataset/ILSVRC2012_img_val/ILSVRC2012_val_00011040.JPEG,993,993,993,True,True,clean_correct_blur_correct,15.701353073120117,14.619949340820312,-1.0814037322998047,8.454549789428711,6.425075531005859,-2.0294742584228516,8.454549789428711,6.425075531005859,0.9481140375137329,0.9966052174568176,0.9931312203407288,0.3143879771232605,376.1159973144531,367.8203125,1.0076611042022705,-0.20249734818935394,2.3284389972686768,46.56008183956146,53.43940258026123
ILSVRC2012_val_00011041.JPEG,/home/dr-yougart/Desktop/vit_mi/Dataset/ILSVRC2012_img_val/ILSVRC2012_val_00011041.JPEG,61,61,763,True,False,clean_correct_blur_wrong,13.258529663085938,3.1203408241271973,-10.138189315795898,4.271927833557129,-1.6921982765197754,-5.964126110076904,4.271927833557129,0.05951642990112305,0.9200049638748169,0.9977023601531982,0.9945399165153503,0.6419489979743958,376.02777099609375,475.7999572753906,1.37828528881073,3.296370029449463,5.058376312255859,73.0939269065857,26.906073093414307
ILSVRC2012_val_00011042.JPEG,/home/dr-yougart/Desktop/vit_mi/Dataset/ILSVRC2012_img_val/ILSVRC2012_val_00011042.JPEG,342,342,341,True,False,clean_correct_blur_wrong,13.831059455871582,12.302861213684082,-1.5281982421875,0.7708683013916016,-0.14689159393310547,-0.917759895324707,0.7708683013916016,0.14689159393310547,0.8820276260375977,0.9897557497024536,0.980976939201355,0.5326837301254272,376.3061218261719,404.3236083984375,1.1648402214050293,0.9981523156166077,3.3571743965148926,59.53323245048523,40.46676754951477
ILSVRC2012_val_00011043.JPEG,/home/dr-yougart/Desktop/vit_mi/Dataset/ILSVRC2012_img_val/ILSVRC2012_val_00011043.JPEG,343,343,276,True,False,clean_correct_blur_wrong,14.267245292663574,9.16064739227295,-5.106597900390625,4.427124977111816,-0.759821891784668,-5.186946868896484,4.427124977111816,0.759821891784668,0.8859784007072449,0.9926009774208069,0.985558807849884,0.6049626469612122,383.23095703125,455.0502624511719,1.250824213027954,2.250331163406372,4.500790119171143,65.0541603565216,34.94584262371063
ILSVRC2012_val_00011044.JPEG,/home/dr-yougart/Desktop/vit_mi/Dataset/ILSVRC2012_img_val/ILSVRC2012_val_00011044.JPEG,44,44,26,True,False,clean_correct_blur_wrong,13.9539155960083,8.884551048278809,-5.069364547729492,3.7934913635253906,-1.7977962493896484,-5.591287612915039,3.7934913635253906,1.7977962493896484,0.9531016945838928,0.9960821270942688,0.9925541281700134,0.3161536455154419,378.581787109375,371.8871154785156,1.0077488422393799,-0.039524760097265244,2.2490265369415283,50.21962523460388,49.78037476539612
ILSVRC2012_val_00011045.JPEG,/home/dr-yougart/Desktop/vit_mi/Dataset/ILSVRC2012_img_val/ILSVRC2012_val_00011045.JPEG,976,978,978,False,False,clean_wrong_blur_wrong,8.401422500610352,5.655026435852051,-2.746396064758301,-1.5434627532958984,-0.5749502182006836,0.9685125350952148,1.5434627532958984,0.5749502182006836,0.934575617313385,0.9954878091812134,0.9901020526885986,0.41413450241088867,357.1083679199219,384.5980224609375,1.1313716173171997,1.0040111541748047,2.944567918777466,60.55710315704346,39.44289982318878
ILSVRC2012_val_00011046.JPEG,/home/dr-yougart/Desktop/vit_mi/Dataset/ILSVRC2012_img_val/ILSVRC2012_val_00011046.JPEG,833,833,833,True,True,clean_correct_blur_correct,14.599451065063477,12.35114574432373,-2.248305320739746,7.007047653198242,4.957652568817139,-2.0493950843811035,7.007047653198242,4.957652568817139,0.9259670972824097,0.9947194457054138,0.9898956418037415,0.414341002702713,368.5727844238281,386.979736328125,1.0830355882644653,0.5180858969688416,2.916624069213867,54.90948557853699,45.09051740169525
ILSVRC2012_val_00011047.JPEG,/home/dr-yougart/Desktop/vit_mi/Dataset/ILSVRC2012_img_val/ILSVRC2012_val_00011047.JPEG,451,451,451,True,True,clean_correct_blur_correct,16.01449203491211,15.935297012329102,-0.07919502258300781,11.792943000793457,12.26425838470459,0.4713153839111328,11.792943000793457,12.26425838470459,0.89162677526474,0.9899823665618896,0.9807665348052979,0.4714008569717407,399.56341552734375,418.5006103515625,1.115851879119873,0.7571337223052979,3.1981451511383057,57.34665393829346,42.65334606170654
ILSVRC2012_val_00011048.JPEG,/home/dr-yougart/Desktop/vit_mi/Dataset/ILSVRC2012_img_val/ILSVRC2012_val_00011048.JPEG,831,831,831,True,True,clean_correct_blur_correct,12.996575355529785,11.409038543701172,-1.5875368118286133,4.150286674499512,3.219132423400879,-0.9311542510986328,4.150286674499512,3.219132423400879,0.9404007196426392,0.9965449571609497,0.9928291440010071,0.378702312707901,336.1553649902344,354.753662109375,1.0796624422073364,0.5005316138267517,2.665057897567749,55.60939908027649,44.39060091972351
ILSVRC2012_val_00011049.JPEG,/home/dr-yougart/Desktop/vit_mi/Dataset/ILSVRC2012_img_val/ILSVRC2012_val_00011049.JPEG,258,258,258,True,True,clean_correct_blur_correct,15.37550163269043,14.582820892333984,-0.7926807403564453,9.791975021362305,7.407938480377197,-2.3840365409851074,9.791975021362305,7.407938480377197,0.9439412951469421,0.9960547685623169,0.9911640882492065,0.3462636172771454,347.288818359375,357.2768249511719,1.0669556856155396,0.3641557991504669,2.323885440826416,54.02344465255737,45.97655534744263
ILSVRC2012_val_00011050.JPEG,/home/dr-yougart/Desktop/vit_mi/Dataset/ILSVRC2012_img_val/ILSVRC2012_val_00011050.JPEG,469,827,766,False,False,clean_wrong_blur_wrong,7.39144229888916,5.1837053298950195,-2.2077369689941406,-5.047595024108887,-3.759489059448242,1.2881059646606445,4.007237434387207,0.09540081024169922,0.9250503182411194,0.9955838322639465,0.9913487434387207,0.4067881107330322,378.2835693359375,401.0718994140625,1.1049007177352905,0.8714406490325928,3.1709535121917725,58.72555375099182,41.27444922924042
ILSVRC2012_val_00011051.JPEG,/home/dr-yougart/Desktop/vit_mi/Dataset/ILSVRC2012_img_val/ILSVRC2012_val_00011051.JPEG,750,672,672,False,False,clean_wrong_blur_wrong,5.088191986083984,5.134471893310547,0.0462799072265625,-3.1550960540771484,-2.2428112030029297,0.9122848510742188,1.3387093544006348,1.2295341491699219,0.9295565485954285,0.9944458603858948,0.9898669123649597,0.3870525062084198,355.0887145996094,371.7210998535156,1.0724880695343018,0.36435234546661377,2.7078232765197754,54.14420962333679,45.85579037666321
ILSVRC2012_val_00011052.JPEG,/home/dr-yougart/Desktop/vit_mi/Dataset/ILSVRC2012_img_val/ILSVRC2012_val_00011052.JPEG,143,143,143,True,True,clean_correct_blur_correct,15.273241996765137,10.78958797454834,-4.483654022216797,9.395129203796387,0.035370826721191406,-9.359758377075195,9.395129203796387,0.035370826721191406,0.9248380661010742,0.9950915575027466,0.9904170632362366,0.39451488852500916,370.6793212890625,368.9269714355469,1.0417104959487915,0.2075309455394745,2.9270732402801514,52.786850929260254,47.21314609050751
ILSVRC2012_val_00011053.JPEG,/home/dr-yougart/Desktop/vit_mi/Dataset/ILSVRC2012_img_val/ILSVRC2012_val_00011053.JPEG,72,72,72,True,True,clean_correct_blur_correct,13.483183860778809,12.420960426330566,-1.0622234344482422,0.8364324569702148,0.4947175979614258,-0.34171485900878906,0.8364324569702148,0.4947175979614258,0.9161974191665649,0.9931216239929199,0.9869422912597656,0.4311983287334442,462.2672119140625,455.568359375,1.066583275794983,0.1426352560520172,3.582003593444824,49.8788982629776,50.12109875679016
ILSVRC2012_val_00011054.JPEG,/home/dr-yougart/Desktop/vit_mi/Dataset/ILSVRC2012_img_val/ILSVRC2012_val_00011054.JPEG,612,612,612,True,True,clean_correct_blur_correct,16.170042037963867,8.019230842590332,-8.150811195373535,11.310735702514648,1.3184642791748047,-9.992271423339844,11.310735702514648,1.3184642791748047,0.9374163150787354,0.996580183506012,0.9936441779136658,0.3634747564792633,382.3316345214844,372.34527587890625,0.9931739568710327,-0.45937755703926086,2.8639907836914062,45.85599899291992,54.14400100708008
ILSVRC2012_val_00011055.JPEG,/home/dr-yougart/Desktop/vit_mi/Dataset/ILSVRC2012_img_val/ILSVRC2012_val_00011055.JPEG,181,181,181,True,True,clean_correct_blur_correct,14.146320343017578,9.152562141418457,-4.993758201599121,5.433279037475586,1.239511489868164,-4.193767547607422,5.433279037475586,1.239511489868164,0.9215251207351685,0.9933154582977295,0.9870017766952515,0.39526867866516113,361.8416442871094,367.390625,1.0616958141326904,0.4012370705604553,2.5199127197265625,55.36538362503052,44.63461637496948
ILSVRC2012_val_00011056.JPEG,/home/dr-yougart/Desktop/vit_mi/Dataset/ILSVRC2012_img_val/ILSVRC2012_val_00011056.JPEG,12,12,957,True,False,clean_correct_blur_wrong,10.959061622619629,4.242905139923096,-6.716156482696533,2.744814872741699,-5.693080425262451,-8.437894821166992,2.744814872741699,2.4275598526000977,0.9171562790870667,0.9951251149177551,0.9909411072731018,0.4971638023853302,383.25628662109375,437.20367431640625,1.198927402496338,1.683013677597046,3.80299973487854,63.88915777206421,36.11083924770355
ILSVRC2012_val_00011057.JPEG,/home/dr-yougart/Desktop/vit_mi/Dataset/ILSVRC2012_img_val/ILSVRC2012_val_00011057.JPEG,198,198,198,True,True,clean_correct_blur_correct,13.117673873901367,11.898523330688477,-1.2191505432128906,3.1108903884887695,3.7918663024902344,0.6809759140014648,3.1108903884887695,3.7918663024902344,0.9411336183547974,0.996767520904541,0.9939687252044678,0.32729366421699524,394.22308349609375,365.2698974609375,0.9523599743843079,-0.6690419912338257,2.7236902713775635,42.0366495847702,57.963353395462036
ILSVRC2012_val_00011058.JPEG,/home/dr-yougart/Desktop/vit_mi/Dataset/ILSVRC2012_img_val/ILSVRC2012_val_00011058.JPEG,379,379,379,True,True,clean_correct_blur_correct,14.286006927490234,13.852334976196289,-0.4336719512939453,4.528572082519531,3.008236885070801,-1.5203351974487305,4.528572082519531,3.008236885070801,0.9595743417739868,0.9968018531799316,0.9935212135314941,0.28895342350006104,364.9372253417969,373.5203552246094,1.0525152683258057,0.3914921283721924,1.9300651550292969,56.50824308395386,43.49175691604614
ILSVRC2012_val_00011059.JPEG,/home/dr-yougart/Desktop/vit_mi/Dataset/ILSVRC2012_img_val/ILSVRC2012_val_00011059.JPEG,745,745,844,True,False,clean_correct_blur_wrong,13.18957805633545,3.5347816944122314,-9.654796600341797,7.55684232711792,-3.8570945262908936,-11.413936614990234,7.55684232711792,0.7100958824157715,0.929078221321106,0.9963670969009399,0.9933968186378479,0.4008043110370636,444.92840576171875,384.824951171875,0.8588585257530212,-2.0297794342041016,3.871269464492798,33.906155824661255,66.09384417533875
ILSVRC2012_val_00011060.JPEG,/home/dr-yougart/Desktop/vit_mi/Dataset/ILSVRC2012_img_val/ILSVRC2012_val_00011060.JPEG,749,749,749,True,True,clean_correct_blur_correct,12.576679229736328,11.323394775390625,-1.2532844543457031,5.039217472076416,6.264260768890381,1.2250432968139648,5.039217472076416,6.264260768890381,0.9074618220329285,0.9947760701179504,0.9904339909553528,0.49328967928886414,383.7833557128906,420.4073181152344,1.129624843597412,0.947608470916748,3.830366373062134,56.35713338851929,43.64286959171295
ILSVRC2012_val_00011061.JPEG,/home/dr-yougart/Desktop/vit_mi/Dataset/ILSVRC2012_img_val/ILSVRC2012_val_00011061.JPEG,206,206,206,True,True,clean_correct_blur_correct,12.844137191772461,11.418347358703613,-1.4257898330688477,5.211317539215088,0.5391006469726562,-4.672216892242432,5.211317539215088,0.5391006469726562,0.9407259225845337,0.9961203932762146,0.9927361011505127,0.3655019998550415,357.75555419921875,383.5093994140625,1.1087181568145752,0.8115481734275818,2.6366989612579346,59.819382429122925,40.180620551109314
ILSVRC2012_val_00011062.JPEG,/home/dr-yougart/Desktop/vit_mi/Dataset/ILSVRC2012_img_val/ILSVRC2012_val_00011062.JPEG,145,145,145,True,True,clean_correct_blur_correct,14.30451774597168,14.559608459472656,0.25509071350097656,10.333226203918457,11.199092864990234,0.8658666610717773,10.333226203918457,11.199092864990234,0.9248997569084167,0.9934888482093811,0.9880220890045166,0.39391642808914185,393.54840087890625,408.9541931152344,1.112274169921875,0.5444691181182861,2.4647457599639893,57.78034329414368,42.219653725624084
ILSVRC2012_val_00011063.JPEG,/home/dr-yougart/Desktop/vit_mi/Dataset/ILSVRC2012_img_val/ILSVRC2012_val_00011063.JPEG,204,204,200,True,False,clean_correct_blur_wrong,10.881424903869629,6.1189188957214355,-4.762506008148193,1.088414192199707,-2.0849738121032715,-3.1733880043029785,1.088414192199707,0.6330556869506836,0.9403788447380066,0.9973304271697998,0.9944842457771301,0.36352717876434326,382.8720397949219,368.44970703125,0.9893339276313782,-0.20741549134254456,2.918307304382324,49.94548857212067,50.054508447647095
ILSVRC2012_val_00011064.JPEG,/home/dr-yougart/Desktop/vit_mi/Dataset/ILSVRC2012_img_val/ILSVRC2012_val_00011064.JPEG,486,486,430,True,False,clean_correct_blur_wrong,11.801826477050781,1.6463637351989746,-10.155462265014648,1.1974239349365234,-7.951760768890381,-9.149185180664062,1.1974239349365234,2.578537940979004,0.9055547714233398,0.9938641786575317,0.9882164597511292,0.5260515809059143,353.36614990234375,410.6349182128906,1.2246098518371582,1.612314224243164,3.5753190517425537,65.70871472358704,34.291285276412964
ILSVRC2012_val_00011065.JPEG,/home/dr-yougart/Desktop/vit_mi/Dataset/ILSVRC2012_img_val/ILSVRC2012_val_00011065.JPEG,668,668,916,True,False,clean_correct_blur_wrong,13.56531047821045,6.50877046585083,-7.056540012359619,5.489917755126953,-4.331588268280029,-9.82150650024414,5.489917755126953,4.331588268280029,0.9287335276603699,0.9955215454101562,0.9905149340629578,0.3673648536205292,373.3928527832031,356.558349609375,0.9627818465232849,-0.4217396676540375,2.707284688949585,46.131742000579834,53.868257999420166
ILSVRC2012_val_00011066.JPEG,/home/dr-yougart/Desktop/vit_mi/Dataset/ILSVRC2012_img_val/ILSVRC2012_val_00011066.JPEG,533,533,911,True,False,clean_correct_blur_wrong,12.05489730834961,7.784506797790527,-4.270390510559082,4.089487552642822,-1.0722551345825195,-5.161742687225342,4.089487552642822,1.0722551345825195,0.9258723258972168,0.9949142932891846,0.9905481338500977,0.3973701000213623,409.263671875,415.3318786621094,1.0502046346664429,0.21139250695705414,3.181502342224121,51.29536986351013,48.70463013648987
ILSVRC2012_val_00011067.JPEG,/home/dr-yougart/Desktop/vit_mi/Dataset/ILSVRC2012_img_val/ILSVRC2012_val_00011067.JPEG,573,573,573,True,True,clean_correct_blur_correct,14.583846092224121,14.056809425354004,-0.5270366668701172,9.296407699584961,7.867611885070801,-1.4287958145141602,9.296407699584961,7.867611885070801,0.9315668344497681,0.9945577383041382,0.989776611328125,0.3523227572441101,432.9089660644531,423.3213806152344,1.0200484991073608,-0.11382192373275757,2.8544867038726807,49.286213517189026,50.713783502578735
ILSVRC2012_val_00011068.JPEG,/home/dr-yougart/Desktop/vit_mi/Dataset/ILSVRC2012_img_val/ILSVRC2012_val_00011068.JPEG,678,830,693,False,False,clean_wrong_blur_wrong,5.883486747741699,1.3074536323547363,-4.576033115386963,-2.5890464782714844,-10.540945053100586,-7.951898574829102,2.028252124786377,1.9967012405395508,0.9120856523513794,0.9948421120643616,0.9899351000785828,0.4882092773914337,383.50360107421875,440.3526916503906,1.1864646673202515,1.7721800804138184,4.097025394439697,63.695746660232544,36.304256319999695
ILSVRC2012_val_00011069.JPEG,/home/dr-yougart/Desktop/vit_mi/Dataset/ILSVRC2012_img_val/ILSVRC2012_val_00011069.JPEG,872,872,872,True,True,clean_correct_blur_correct,10.390109062194824,8.502284049987793,-1.8878250122070312,5.018479347229004,1.7283520698547363,-3.2901272773742676,5.018479347229004,1.7283520698547363,0.9555547833442688,0.9983972907066345,0.9967241883277893,0.32274794578552246,393.3363037109375,410.12628173828125,1.0597352981567383,0.5247644782066345,2.798086404800415,55.39048910140991,44.60951089859009
ILSVRC2012_val_00011070.JPEG,/home/dr-yougart/Desktop/vit_mi/Dataset/ILSVRC2012_img_val/ILSVRC2012_val_00011070.JPEG,121,121,121,True,True,clean_correct_blur_correct,15.193633079528809,13.692304611206055,-1.501328468322754,7.02346134185791,4.328084945678711,-2.695376396179199,7.02346134185791,4.328084945678711,0.9223368763923645,0.9943345785140991,0.9886533617973328,0.39294394850730896,378.22198486328125,366.8024597167969,1.005448341369629,-0.33791252970695496,2.8542673587799072,46.71599566936493,53.28400731086731
ILSVRC2012_val_00011071.JPEG,/home/dr-yougart/Desktop/vit_mi/Dataset/ILSVRC2012_img_val/ILSVRC2012_val_00011071.JPEG,119,119,32,True,False,clean_correct_blur_wrong,12.591964721679688,6.141591548919678,-6.45037317276001,0.16718006134033203,-2.4389595985412598,-2.606139659881592,0.16718006134033203,1.3184475898742676,0.8856587409973145,0.9921396970748901,0.9850265383720398,0.5480644702911377,343.51226806640625,360.06207275390625,1.127631664276123,0.4562678039073944,3.137862205505371,55.184608697891235,44.815391302108765
ILSVRC2012_val_00011072.JPEG,/home/dr-yougart/Desktop/vit_mi/Dataset/ILSVRC2012_img_val/ILSVRC2012_val_00011072.JPEG,582,582,860,True,False,clean_correct_blur_wrong,12.095881462097168,5.925250053405762,-6.170631408691406,0.412078857421875,-3.148906707763672,-3.560985565185547,0.412078857421875,2.0537986755371094,0.9245069622993469,0.9974721074104309,0.994682252407074,0.4294869601726532,397.9114990234375,405.9310302734375,1.0531296730041504,0.41368716955184937,3.7898128032684326,52.84890532493591,47.151097655296326
ILSVRC2012_val_00011073.JPEG,/home/dr-yougart/Desktop/vit_mi/Dataset/ILSVRC2012_img_val/ILSVRC2012_val_00011073.JPEG,43,43,43,True,True,clean_correct_blur_correct,15.484106063842773,14.878876686096191,-0.605229377746582,10.955282211303711,10.567842483520508,-0.3874397277832031,10.955282211303711,10.567842483520508,0.941862165927887,0.993462324142456,0.98858243227005,0.36587151885032654,389.47711181640625,400.3890686035156,1.0601167678833008,0.40205490589141846,2.9904074668884277,53.60357165336609,46.39642536640167
ILSVRC2012_val_00011074.JPEG,/home/dr-yougart/Desktop/vit_mi/Dataset/ILSVRC2012_img_val/ILSVRC2012_val_00011074.JPEG,322,322,322,True,True,clean_correct_blur_correct,15.552431106567383,15.801759719848633,0.24932861328125,9.759435653686523,9.043228149414062,-0.7162075042724609,9.759435653686523,9.043228149414062,0.9477211236953735,0.99522864818573,0.9907417297363281,0.29906702041625977,422.9915466308594,429.44427490234375,1.0380949974060059,0.3974810838699341,2.555229425430298,52.911198139190674,47.088804841041565
ILSVRC2012_val_00011075.JPEG,/home/dr-yougart/Desktop/vit_mi/Dataset/ILSVRC2012_img_val/ILSVRC2012_val_00011075.JPEG,562,562,562,True,True,clean_correct_blur_correct,14.84821891784668,8.184806823730469,-6.663412094116211,7.4711809158325195,1.7520151138305664,-5.719165802001953,7.4711809158325195,1.7520151138305664,0.9319060444831848,0.9959101676940918,0.9914214611053467,0.37319856882095337,378.09503173828125,379.3907470703125,1.053938865661621,0.45946890115737915,2.7972805500030518,54.613447189331055,45.386552810668945
ILSVRC2012_val_00011076.JPEG,/home/dr-yougart/Desktop/vit_mi/Dataset/ILSVRC2012_img_val/ILSVRC2012_val_00011076.JPEG,454,860,860,False,False,clean_wrong_blur_wrong,6.676235198974609,5.645906448364258,-1.0303287506103516,-3.1315832138061523,-5.084494590759277,-1.952911376953125,1.9805030822753906,3.6909608840942383,0.9553585648536682,0.9967257976531982,0.9934590458869934,0.305789589881897,350.4299011230469,363.79986572265625,1.0772916078567505,0.5343995690345764,2.07198429107666,58.38955044746399,41.61045253276825
ILSVRC2012_val_00011077.JPEG,/home/dr-yougart/Desktop/vit_mi/Dataset/ILSVRC2012_img_val/ILSVRC2012_val_00011077.JPEG,216,216,216,True,True,clean_correct_blur_correct,15.049412727355957,12.399468421936035,-2.649944305419922,5.875870704650879,1.9859304428100586,-3.8899402618408203,5.875870704650879,1.9859304428100586,0.9453742504119873,0.9967310428619385,0.9930302500724792,0.3154646158218384,375.8238220214844,365.4375305175781,0.9932336807250977,-0.023007575422525406,2.426649570465088,51.40724182128906,48.59275817871094
ILSVRC2012_val_00011078.JPEG,/home/dr-yougart/Desktop/vit_mi/Dataset/ILSVRC2012_img_val/ILSVRC2012_val_00011078.JPEG,520,697,431,False,False,clean_wrong_blur_wrong,7.8553242683410645,7.209506034851074,-0.6458182334899902,-2.924032688140869,-2.7672204971313477,0.15681219100952148,2.924032688140869,1.0040807723999023,0.9171435236930847,0.9949795603752136,0.9901936650276184,0.41679099202156067,332.3614807128906,333.6285400390625,1.0352646112442017,-0.016797956079244614,2.6776392459869385,49.28947389125824,50.710529088974
ILSVRC2012_val_00011079.JPEG,/home/dr-yougart/Desktop/vit_mi/Dataset/ILSVRC2012_img_val/ILSVRC2012_val_00011079.JPEG,315,315,315,True,True,clean_correct_blur_correct,13.010274887084961,13.34737777709961,0.33710289001464844,5.957250118255615,4.800372123718262,-1.1568779945373535,5.957250118255615,4.800372123718262,0.913196325302124,0.9910232424736023,0.9829865097999573,0.39476874470710754,465.2994384765625,430.3663024902344,0.9568127393722534,-0.5956565141677856,3.587968111038208,48.046839237213135,51.953160762786865
ILSVRC2012_val_00011080.JPEG,/home/dr-yougart/Desktop/vit_mi/Dataset/ILSVRC2012_img_val/ILSVRC2012_val_00011080.JPEG,921,921,585,True,False,clean_correct_blur_wrong,9.392669677734375,5.054549217224121,-4.338120460510254,0.24794769287109375,-5.355938911437988,-5.603886604309082,0.24794769287109375,2.5886359214782715,0.9255337715148926,0.9947153329849243,0.9892853498458862,0.4307429790496826,361.26275634765625,389.0902404785156,1.1298208236694336,0.8011332750320435,2.927915573120117,59.67097878456116,40.329018235206604
ILSVRC2012_val_00011081.JPEG,/home/dr-yougart/Desktop/vit_mi/Dataset/ILSVRC2012_img_val/ILSVRC2012_val_00011081.JPEG,499,499,477,True,False,clean_correct_blur_wrong,11.634096145629883,9.132590293884277,-2.5015058517456055,0.13559436798095703,-3.683957099914551,-3.819551467895508,0.13559436798095703,3.683957099914551,0.9190813899040222,0.9944231510162354,0.9887087941169739,0.4211665093898773,349.5830383300781,354.914794921875,1.0581061840057373,0.10590258240699768,2.8041555881500244,50.98702907562256,49.01245832443237
ILSVRC2012_val_00011082.JPEG,/home/dr-yougart/Desktop/vit_mi/Dataset/ILSVRC2012_img_val/ILSVRC2012_val_00011082.JPEG,188,188,188,True,True,clean_correct_blur_correct,13.884011268615723,9.31373405456543,-4.570277214050293,2.060502052307129,2.146782398223877,0.08628034591674805,2.060502052307129,2.146782398223877,0.9014887809753418,0.9927048087120056,0.9856747984886169,0.443566232919693,398.7204284667969,398.45977783203125,1.051457405090332,0.23328177630901337,3.108394145965576,52.69697308540344,47.30302691459656
ILSVRC2012_val_00011083.JPEG,/home/dr-yougart/Desktop/vit_mi/Dataset/ILSVRC2012_img_val/ILSVRC2012_val_00011083.JPEG,831,831,831,True,True,clean_correct_blur_correct,13.678327560424805,13.506429672241211,-0.17189788818359375,8.418844223022461,6.924030780792236,-1.4948134422302246,8.418844223022461,6.924030780792236,0.9121571779251099,0.9936149716377258,0.9867005348205566,0.4468387961387634,348.1937561035156,351.2318115234375,1.085647702217102,0.44176939129829407,2.8713479042053223,55.50117492675781,44.498828053474426
ILSVRC2012_val_00011084.JPEG,/home/dr-yougart/Desktop/vit_mi/Dataset/ILSVRC2012_img_val/ILSVRC2012_val_00011084.JPEG,277,277,280,True,False,clean_correct_blur_wrong,9.897428512573242,10.380228996276855,0.4828004837036133,0.5579242706298828,-0.2410573959350586,-0.7989816665649414,0.5579242706298828,0.2410573959350586,0.9213375449180603,0.9944277405738831,0.9890877604484558,0.42926421761512756,359.9999084472656,371.26416015625,1.0891143083572388,0.3944959044456482,2.8816425800323486,56.2787652015686,43.721237778663635
ILSVRC2012_val_00011085.JPEG,/home/dr-yougart/Desktop/vit_mi/Dataset/ILSVRC2012_img_val/ILSVRC2012_val_00011085.JPEG,305,305,430,True,False,clean_correct_blur_wrong,15.610701560974121,5.883091449737549,-9.727609634399414,6.7200727462768555,-2.061642646789551,-8.781715393066406,6.7200727462768555,0.4321756362915039,0.935929536819458,0.9974329471588135,0.9943237900733948,0.36475011706352234,372.9300537109375,384.29998779296875,1.0555787086486816,0.5322524309158325,2.8426132202148438,56.167566776275635,43.832433223724365
ILSVRC2012_val_00011086.JPEG,/home/dr-yougart/Desktop/vit_mi/Dataset/ILSVRC2012_img_val/ILSVRC2012_val_00011086.JPEG,997,997,947,True,False,clean_correct_blur_wrong,12.471880912780762,8.674592018127441,-3.7972888946533203,0.5898675918579102,-0.9401063919067383,-1.5299739837646484,0.5898675918579102,0.9401063919067383,0.9335840940475464,0.9954366087913513,0.9911842942237854,0.3850426971912384,385.0148010253906,415.28070068359375,1.1051480770111084,0.8656295537948608,2.8527681827545166,59.21088457107544,40.78911542892456
ILSVRC2012_val_00011087.JPEG,/home/dr-yougart/Desktop/vit_mi/Dataset/ILSVRC2012_img_val/ILSVRC2012_val_00011087.JPEG,118,990,956,False,False,clean_wrong_blur_wrong,3.8594741821289062,3.3050079345703125,-0.5544662475585938,-4.513306617736816,-5.760734558105469,-1.2474279403686523,1.2465405464172363,1.839914321899414,0.9168873429298401,0.9949261546134949,0.9905918836593628,0.4503813683986664,370.0090026855469,390.91180419921875,1.1073321104049683,0.6475440263748169,3.2071964740753174,56.40797019004822,43.59202980995178
ILSVRC2012_val_00011088.JPEG,/home/dr-yougart/Desktop/vit_mi/Dataset/ILSVRC2012_img_val/ILSVRC2012_val_00011088.JPEG,600,488,507,False,False,clean_wrong_blur_wrong,7.541807651519775,7.831902980804443,0.29009532928466797,-3.4300951957702637,-3.1619820594787598,0.2681131362915039,2.173405647277832,0.5684099197387695,0.9030707478523254,0.9915857315063477,0.9836580157279968,0.42149367928504944,381.9483337402344,367.2450256347656,1.0056641101837158,-0.2257148176431656,2.7407045364379883,46.279457211494446,53.72054576873779
ILSVRC2012_val_00011089.JPEG,/home/dr-yougart/Desktop/vit_mi/Dataset/ILSVRC2012_img_val/ILSVRC2012_val_00011089.JPEG,889,558,558,False,False,clean_wrong_blur_wrong,10.930967330932617,6.12789249420166,-4.803074836730957,-3.245330810546875,-6.595109939575195,-3.3497791290283203,3.245330810546875,2.9127540588378906,0.9477413892745972,0.9980221390724182,0.9956480264663696,0.3503783047199249,362.964111328125,383.6192626953125,1.0804188251495361,0.7198283076286316,2.802563190460205,57.504355907440186,42.49512851238251
ILSVRC2012_val_00011090.JPEG,/home/dr-yougart/Desktop/vit_mi/Dataset/ILSVRC2012_img_val/ILSVRC2012_val_00011090.JPEG,227,227,227,True,True,clean_correct_blur_correct,14.856348991394043,11.763800621032715,-3.092548370361328,7.3634796142578125,3.0680198669433594,-4.295459747314453,7.3634796142578125,3.0680198669433594,0.9680252075195312,0.9975327253341675,0.9950416684150696,0.23218095302581787,354.56744384765625,354.4090881347656,1.0282373428344727,0.2088107466697693,1.5997217893600464,53.99267077445984,46.00732624530792
ILSVRC2012_val_00011091.JPEG,/home/dr-yougart/Desktop/vit_mi/Dataset/ILSVRC2012_img_val/ILSVRC2012_val_00011091.JPEG,768,768,768,True,True,clean_correct_blur_correct,11.602553367614746,11.803183555603027,0.20063018798828125,6.555239677429199,7.075504779815674,0.5202651023864746,6.555239677429199,7.075504779815674,0.9248934984207153,0.9941930770874023,0.989277720451355,0.393433153629303,370.17340087890625,367.8612365722656,1.052752137184143,0.07577106356620789,2.619445562362671,51.50017738342285,48.49931001663208
ILSVRC2012_val_00011092.JPEG,/home/dr-yougart/Desktop/vit_mi/Dataset/ILSVRC2012_img_val/ILSVRC2012_val_00011092.JPEG,359,359,358,True,False,clean_correct_blur_wrong,13.96662425994873,12.714249610900879,-1.2523746490478516,2.3018741607666016,-0.7286491394042969,-3.0305233001708984,2.3018741607666016,0.7286491394042969,0.950090229511261,0.9969133734703064,0.9943795204162598,0.31766921281814575,404.17474365234375,410.0472717285156,1.0484074354171753,0.3030089735984802,2.729079008102417,52.2549569606781,47.74504005908966
ILSVRC2012_val_00011093.JPEG,/home/dr-yougart/Desktop/vit_mi/Dataset/ILSVRC2012_img_val/ILSVRC2012_val_00011093.JPEG,48,48,901,True,False,clean_correct_blur_wrong,12.30813980102539,5.563556671142578,-6.7445831298828125,3.4829025268554688,-1.6623516082763672,-5.145254135131836,3.4829025268554688,0.18432903289794922,0.9006909132003784,0.9947457313537598,0.990378737449646,0.4961775243282318,351.98828125,377.8496398925781,1.1115050315856934,0.5995408296585083,3.430920124053955,54.42202687263489,45.57797610759735
ILSVRC2012_val_00011094.JPEG,/home/dr-yougart/Desktop/vit_mi/Dataset/ILSVRC2012_img_val/ILSVRC2012_val_00011094.JPEG,463,840,840,False,False,clean_wrong_blur_wrong,8.066071510314941,7.838465690612793,-0.22760581970214844,-7.511882781982422,-6.128155708312988,1.3837270736694336,6.374860763549805,5.66117000579834,0.9485580325126648,0.9982645511627197,0.9960533380508423,0.3756183385848999,381.5238037109375,415.5410461425781,1.1257010698318481,1.0923733711242676,3.04115629196167,61.9228720664978,38.0771279335022
ILSVRC2012_val_00011095.JPEG,/home/dr-yougart/Desktop/vit_mi/Dataset/ILSVRC2012_img_val/ILSVRC2012_val_00011095.JPEG,356,356,356,True,True,clean_correct_blur_correct,14.998038291931152,12.927587509155273,-2.070450782775879,4.074426651000977,1.3775548934936523,-2.696871757507324,4.074426651000977,1.3775548934936523,0.9134746193885803,0.9935905337333679,0.9870191812515259,0.4011179804801941,400.239501953125,408.35064697265625,1.0684878826141357,0.47775086760520935,2.9030568599700928,55.2916944026947,44.70779001712799
ILSVRC2012_val_00011096.JPEG,/home/dr-yougart/Desktop/vit_mi/Dataset/ILSVRC2012_img_val/ILSVRC2012_val_00011096.JPEG,136,136,136,True,True,clean_correct_blur_correct,13.89052963256836,12.213815689086914,-1.6767139434814453,9.190046310424805,8.327627182006836,-0.8624191284179688,9.190046310424805,8.327627182006836,0.9253559708595276,0.9931263327598572,0.987494945526123,0.36289364099502563,421.50677490234375,429.26824951171875,1.0569758415222168,0.3642728924751282,2.7150490283966064,54.742950201034546,45.25705277919769
ILSVRC2012_val_00011097.JPEG,/home/dr-yougart/Desktop/vit_mi/Dataset/ILSVRC2012_img_val/ILSVRC2012_val_00011097.JPEG,429,981,981,False,False,clean_wrong_blur_wrong,10.042893409729004,8.211259841918945,-1.8316335678100586,-2.282881736755371,-3.106107711791992,-0.8232259750366211,2.282881736755371,3.106107711791992,0.929291844367981,0.9942988157272339,0.9895543456077576,0.3679905831813812,367.6096496582031,348.2685852050781,0.9931329488754272,-0.45261678099632263,2.53639554977417,44.54292356967926,55.45707941055298
ILSVRC2012_val_00011098.JPEG,/home/dr-yougart/Desktop/vit_mi/Dataset/ILSVRC2012_img_val/ILSVRC2012_val_00011098.JPEG,780,780,780,True,True,clean_correct_blur_correct,12.487135887145996,8.62125301361084,-3.8658828735351562,3.399150848388672,0.3013944625854492,-3.0977563858032227,3.399150848388672,0.3013944625854492,0.9142450094223022,0.9945651292800903,0.98968505859375,0.4152165651321411,371.9111633300781,343.22601318359375,0.9740391969680786,-0.5586963891983032,2.949714422225952,44.80977654457092,55.19022345542908
ILSVRC2012_val_00011099.JPEG,/home/dr-yougart/Desktop/vit_mi/Dataset/ILSVRC2012_img_val/ILSVRC2012_val_00011099.JPEG,904,904,651,True,False,clean_correct_blur_wrong,10.22571849822998,3.444841146469116,-6.780877113342285,0.7083864212036133,-5.628142356872559,-6.336528778076172,0.7083864212036133,2.5633926391601562,0.8777832984924316,0.9910613894462585,0.9841682314872742,0.5874876976013184,393.4076843261719,438.1773376464844,1.1737146377563477,1.3273983001708984,4.421711444854736,57.95852541923523,42.04147458076477
ILSVRC2012_val_00011100.JPEG,/home/dr-yougart/Desktop/vit_mi/Dataset/ILSVRC2012_img_val/ILSVRC2012_val_00011100.JPEG,145,145,145,True,True,clean_correct_blur_correct,15.007164001464844,13.568069458007812,-1.4390945434570312,11.09051513671875,8.646150588989258,-2.444364547729492,11.09051513671875,8.646150588989258,0.9537374377250671,0.9974620342254639,0.9951667189598083,0.3008902668952942,375.6405334472656,380.533935546875,1.0391027927398682,0.205579474568367,2.3458845615386963,52.58558988571167,47.41440713405609
ILSVRC2012_val_00011101.JPEG,/home/dr-yougart/Desktop/vit_mi/Dataset/ILSVRC2012_img_val/ILSVRC2012_val_00011101.JPEG,371,372,371,False,True,clean_wrong_blur_correct,8.975274085998535,9.233368873596191,0.25809478759765625,-5.808717727661133,1.3874931335449219,7.196210861206055,5.808717727661133,1.3874931335449219,0.8611643314361572,0.9920709729194641,0.9852556586265564,0.6267502307891846,358.3193054199219,400.2582092285156,1.200577974319458,1.2619693279266357,4.045303821563721,60.91105937957764,39.08894062042236
ILSVRC2012_val_00011102.JPEG,/home/dr-yougart/Desktop/vit_mi/Dataset/ILSVRC2012_img_val/ILSVRC2012_val_00011102.JPEG,555,555,555,True,True,clean_correct_blur_correct,13.703463554382324,10.111004829406738,-3.592458724975586,4.435413360595703,3.3201279640197754,-1.1152853965759277,4.435413360595703,3.3201279640197754,0.9315353035926819,0.9942593574523926,0.989290714263916,0.3880225718021393,393.75848388671875,404.6021728515625,1.0688893795013428,0.21901030838489532,2.744137763977051,51.62642002105713,48.37358295917511
ILSVRC2012_val_00011103.JPEG,/home/dr-yougart/Desktop/vit_mi/Dataset/ILSVRC2012_img_val/ILSVRC2012_val_00011103.JPEG,826,531,531,False,False,clean_wrong_blur_wrong,11.231195449829102,9.025209426879883,-2.2059860229492188,-2.7911014556884766,-2.5150279998779297,0.2760734558105469,2.7911014556884766,2.5150279998779297,0.9080528020858765,0.9924511909484863,0.9846072196960449,0.5486176609992981,347.39404296875,401.75872802734375,1.2561488151550293,1.76272714138031,3.3805301189422607,67.99997687339783,32.000020146369934
ILSVRC2012_val_00011104.JPEG,/home/dr-yougart/Desktop/vit_mi/Dataset/ILSVRC2012_img_val/ILSVRC2012_val_00011104.JPEG,332,332,332,True,True,clean_correct_blur_correct,15.364937782287598,15.538804054260254,0.17386627197265625,10.111928939819336,9.882368087768555,-0.22956085205078125,10.111928939819336,9.882368087768555,0.9382852911949158,0.9945728778839111,0.9894692301750183,0.3855651915073395,333.44598388671875,356.9864501953125,1.1211531162261963,0.6993795037269592,2.4159412384033203,58.43416452407837,41.56583547592163
ILSVRC2012_val_00011105.JPEG,/home/dr-yougart/Desktop/vit_mi/Dataset/ILSVRC2012_img_val/ILSVRC2012_val_00011105.JPEG,868,868,868,True,True,clean_correct_blur_correct,16.16093635559082,11.15039348602295,-5.010542869567871,12.121297836303711,4.139708995819092,-7.981588840484619,12.121297836303711,4.139708995819092,0.9200999736785889,0.9950358867645264,0.9893791675567627,0.45308545231819153,378.005126953125,394.3379211425781,1.0991257429122925,0.7705082297325134,3.275350332260132,56.02276921272278,43.97723078727722
ILSVRC2012_val_00011106.JPEG,/home/dr-yougart/Desktop/vit_mi/Dataset/ILSVRC2012_img_val/ILSVRC2012_val_00011106.JPEG,832,832,832,True,True,clean_correct_blur_correct,14.702201843261719,8.850703239440918,-5.851498603820801,7.1927971839904785,4.113951683044434,-3.078845500946045,7.1927971839904785,4.113951683044434,0.93443763256073,0.9969658851623535,0.9932637214660645,0.530162513256073,373.4382629394531,426.1003723144531,1.205958366394043,1.5828925371170044,4.129230499267578,56.28249645233154,43.71750056743622
ILSVRC2012_val_00011107.JPEG,/home/dr-yougart/Desktop/vit_mi/Dataset/ILSVRC2012_img_val/ILSVRC2012_val_00011107.JPEG,814,814,814,True,True,clean_correct_blur_correct,12.798142433166504,14.888276100158691,2.0901336669921875,8.389131546020508,7.83805513381958,-0.5510764122009277,8.389131546020508,7.83805513381958,0.8916923403739929,0.9897541999816895,0.978594958782196,0.469164103269577,382.7037658691406,384.09808349609375,1.056802749633789,0.010823896154761314,3.007953405380249,49.5110958814621,50.48890709877014
ILSVRC2012_val_00011108.JPEG,/home/dr-yougart/Desktop/vit_mi/Dataset/ILSVRC2012_img_val/ILSVRC2012_val_00011108.JPEG,548,548,548,True,True,clean_correct_blur_correct,11.255925178527832,11.244336128234863,-0.01158905029296875,2.362849235534668,2.432908058166504,0.07005882263183594,2.362849235534668,2.432908058166504,0.9484406113624573,0.9958287477493286,0.9921368956565857,0.32228028774261475,395.434814453125,380.7657165527344,1.0018113851547241,-0.4350748658180237,2.331270456314087,43.62620413303375,56.37379288673401
ILSVRC2012_val_00011109.JPEG,/home/dr-yougart/Desktop/vit_mi/Dataset/ILSVRC2012_img_val/ILSVRC2012_val_00011109.JPEG,616,616,616,True,True,clean_correct_blur_correct,14.785282135009766,11.717412948608398,-3.067869186401367,8.775285720825195,5.545781135559082,-3.2295045852661133,8.775285720825195,5.545781135559082,0.9030557870864868,0.9928598999977112,0.9863558411598206,0.5501662492752075,385.66015625,457.148193359375,1.246923565864563,1.8259881734848022,3.9326014518737793,64.05664682388306,35.94335615634918
ILSVRC2012_val_00011110.JPEG,/home/dr-yougart/Desktop/vit_mi/Dataset/ILSVRC2012_img_val/ILSVRC2012_val_00011110.JPEG,423,423,423,True,True,clean_correct_blur_correct,12.446380615234375,9.089567184448242,-3.356813430786133,4.64509916305542,1.3314204216003418,-3.313678741455078,4.64509916305542,1.3314204216003418,0.907347559928894,0.9952313303947449,0.9905809760093689,0.528810977935791,353.3853759765625,405.5545654296875,1.1986995935440063,1.4287184476852417,3.838348865509033,61.91560626029968,38.08439373970032
ILSVRC2012_val_00011111.JPEG,/home/dr-yougart/Desktop/vit_mi/Dataset/ILSVRC2012_img_val/ILSVRC2012_val_00011111.JPEG,134,134,134,True,True,clean_correct_blur_correct,14.606664657592773,10.830394744873047,-3.7762699127197266,6.231029510498047,3.5949110984802246,-2.6361184120178223,6.231029510498047,3.5949110984802246,0.9219470024108887,0.9950843453407288,0.9905427694320679,0.4117027521133423,373.79815673828125,385.3239440917969,1.0657973289489746,0.43111464381217957,3.0273568630218506,54.119497537612915,45.880505442619324
ILSVRC2012_val_00011112.JPEG,/home/dr-yougart/Desktop/vit_mi/Dataset/ILSVRC2012_img_val/ILSVRC2012_val_00011112.JPEG,317,317,317,True,True,clean_correct_blur_correct,13.938400268554688,14.126224517822266,0.18782424926757812,7.472463130950928,7.256604194641113,-0.21585893630981445,7.472463130950928,7.256604194641113,0.9540276527404785,0.9944556951522827,0.9901738166809082,0.2639351189136505,468.0614929199219,441.91937255859375,0.9505124092102051,-0.8483791947364807,2.3511383533477783,38.41412365436554,61.58587336540222
ILSVRC2012_val_00011113.JPEG,/home/dr-yougart/Desktop/vit_mi/Dataset/ILSVRC2012_img_val/ILSVRC2012_val_00011113.JPEG,168,168,168,True,True,clean_correct_blur_correct,16.21247673034668,13.739697456359863,-2.4727792739868164,7.407536506652832,5.133482933044434,-2.2740535736083984,7.407536506652832,5.133482933044434,0.9510685801506042,0.9970497488975525,0.9944107532501221,0.3239951729774475,404.9504089355469,418.32843017578125,1.0627471208572388,0.43067851662635803,2.6049282550811768,54.897648096084595,45.102351903915405
ILSVRC2012_val_00011114.JPEG,/home/dr-yougart/Desktop/vit_mi/Dataset/ILSVRC2012_img_val/ILSVRC2012_val_00011114.JPEG,616,616,121,True,False,clean_correct_blur_wrong,11.114777565002441,2.4549381732940674,-8.659839630126953,5.78569221496582,-4.71298885345459,-10.49868106842041,5.78569221496582,1.2472138404846191,0.9365953803062439,0.9979355335235596,0.9947134256362915,0.45075520873069763,367.8499755859375,431.8804931640625,1.209391474723816,2.1040849685668945,3.7475428581237793,68.14892888069153,31.85107111930847
ILSVRC2012_val_00011115.JPEG,/home/dr-yougart/Desktop/vit_mi/Dataset/ILSVRC2012_img_val/ILSVRC2012_val_00011115.JPEG,653,653,421,True,False,clean_correct_blur_wrong,8.26863956451416,3.4862446784973145,-4.782394886016846,1.2213501930236816,-3.8709378242492676,-5.092288017272949,1.2213501930236816,1.7596721649169922,0.9184143543243408,0.9964261651039124,0.9926391839981079,0.4648406505584717,383.8034973144531,390.9398498535156,1.0673748254776,0.3414856195449829,3.685577392578125,51.56155228614807,48.43844771385193
ILSVRC2012_val_00011116.JPEG,/home/dr-yougart/Desktop/vit_mi/Dataset/ILSVRC2012_img_val/ILSVRC2012_val_00011116.JPEG,439,439,439,True,True,clean_correct_blur_correct,12.909379005432129,13.810586929321289,0.9012079238891602,2.785731315612793,5.342472076416016,2.5567407608032227,2.785731315612793,5.342472076416016,0.9355387687683105,0.9940231442451477,0.9887914061546326,0.358089417219162,426.5948791503906,419.1182556152344,1.0297541618347168,-0.150069460272789,2.7112808227539062,47.3911851644516,52.60881185531616
ILSVRC2012_val_00011117.JPEG,/home/dr-yougart/Desktop/vit_mi/Dataset/ILSVRC2012_img_val/ILSVRC2012_val_00011117.JPEG,825,825,825,True,True,clean_correct_blur_correct,14.37651252746582,11.927106857299805,-2.4494056701660156,8.223785400390625,5.8874735832214355,-2.3363118171691895,8.223785400390625,5.8874735832214355,0.9256216287612915,0.9952099323272705,0.9904316663742065,0.39474648237228394,386.2058410644531,393.204345703125,1.051614761352539,0.28336000442504883,3.03251314163208,54.17145490646362,45.828548073768616
ILSVRC2012_val_00011118.JPEG,/home/dr-yougart/Desktop/vit_mi/Dataset/ILSVRC2012_img_val/ILSVRC2012_val_00011118.JPEG,506,624,624,False,False,clean_wrong_blur_wrong,6.507758617401123,5.195531368255615,-1.3122272491455078,-1.3342342376708984,-3.24174165725708,-1.9075074195861816,0.8768162727355957,0.9395666122436523,0.9431314468383789,0.9971909523010254,0.9944686889648438,0.3327898681163788,409.44464111328125,396.66827392578125,0.9907506108283997,-0.2548315227031708,2.9030916690826416,46.81674838066101,53.18325161933899
ILSVRC2012_val_00011119.JPEG,/home/dr-yougart/Desktop/vit_mi/Dataset/ILSVRC2012_img_val/ILSVRC2012_val_00011119.JPEG,463,463,647,True,False,clean_correct_blur_wrong,7.844621181488037,7.038529396057129,-0.8060917854309082,0.3947606086730957,-1.4990110397338867,-1.8937716484069824,0.3947606086730957,1.0228548049926758,0.9696061015129089,0.9973090291023254,0.9947682023048401,0.2793706953525543,361.14599609375,389.20379638671875,1.1011499166488647,0.8458066582679749,2.0068910121917725,59.06376242637634,40.93623459339142
ILSVRC2012_val_00011120.JPEG,/home/dr-yougart/Desktop/vit_mi/Dataset/ILSVRC2012_img_val/ILSVRC2012_val_00011120.JPEG,38,38,43,True,False,clean_correct_blur_wrong,12.793723106384277,9.580911636352539,-3.2128114700317383,3.3168458938598633,-0.5541648864746094,-3.8710107803344727,3.3168458938598633,0.5541648864746094,0.923383891582489,0.9951459765434265,0.9904556274414062,0.38967040181159973,382.8644104003906,365.59454345703125,0.994865894317627,-0.19746074080467224,2.962527275085449,48.274049162864685,51.725947856903076
ILSVRC2012_val_00011121.JPEG,/home/dr-yougart/Desktop/vit_mi/Dataset/ILSVRC2012_img_val/ILSVRC2012_val_00011121.JPEG,883,883,883,True,True,clean_correct_blur_correct,10.562172889709473,9.438605308532715,-1.1235675811767578,2.3185558319091797,0.7382612228393555,-1.5802946090698242,2.3185558319091797,0.7382612228393555,0.9475776553153992,0.9960255026817322,0.9917280077934265,0.31583812832832336,357.0854187011719,365.6921691894531,1.0650334358215332,0.6057973504066467,2.2749006748199463,58.892565965652466,41.107431054115295
ILSVRC2012_val_00011122.JPEG,/home/dr-yougart/Desktop/vit_mi/Dataset/ILSVRC2012_img_val/ILSVRC2012_val_00011122.JPEG,998,998,998,True,True,clean_correct_blur_correct,13.29723072052002,13.89481258392334,0.5975818634033203,0.10675525665283203,1.0941953659057617,0.9874401092529297,0.10675525665283203,1.0941953659057617,0.9624952077865601,0.9972836971282959,0.9946129322052002,0.2733795642852783,447.17803955078125,465.35882568359375,1.0646333694458008,0.6102776527404785,2.5642800331115723,57.21706748008728,42.78292953968048
ILSVRC2012_val_00011123.JPEG,/home/dr-yougart/Desktop/vit_mi/Dataset/ILSVRC2012_img_val/ILSVRC2012_val_00011123.JPEG,397,397,973,True,False,clean_correct_blur_wrong,13.201383590698242,10.685895919799805,-2.5154876708984375,3.5384836196899414,-0.21965408325195312,-3.7581377029418945,3.5384836196899414,0.21965408325195312,0.9188492298126221,0.9928178787231445,0.9873979687690735,0.38962653279304504,361.70416259765625,329.6402893066406,0.9462119340896606,-0.8882153034210205,2.6745448112487793,39.81488645076752,60.185110569000244
ILSVRC2012_val_00011124.JPEG,/home/dr-yougart/Desktop/vit_mi/Dataset/ILSVRC2012_img_val/ILSVRC2012_val_00011124.JPEG,793,793,793,True,True,clean_correct_blur_correct,13.301042556762695,14.07695484161377,0.7759122848510742,5.6794047355651855,6.986177444458008,1.3067727088928223,5.6794047355651855,6.986177444458008,0.9402878284454346,0.9966073036193848,0.9930837750434875,0.34102505445480347,370.5727844238281,378.4737243652344,1.0475281476974487,0.4268120229244232,2.679340124130249,55.408650636672974,44.591349363327026
ILSVRC2012_val_00011125.JPEG,/home/dr-yougart/Desktop/vit_mi/Dataset/ILSVRC2012_img_val/ILSVRC2012_val_00011125.JPEG,418,767,767,False,False,clean_wrong_blur_wrong,8.797134399414062,8.302014350891113,-0.4951200485229492,-5.518477439880371,-5.734947204589844,-0.21646976470947266,3.7752742767333984,4.7860307693481445,0.9547007083892822,0.9962992668151855,0.9929490089416504,0.28330498933792114,407.5176696777344,381.1602783203125,0.9488911628723145,-0.6121142506599426,2.4457643032073975,42.761075496673584,57.238924503326416
ILSVRC2012_val_00011126.JPEG,/home/dr-yougart/Desktop/vit_mi/Dataset/ILSVRC2012_img_val/ILSVRC2012_val_00011126.JPEG,675,569,744,False,False,clean_wrong_blur_wrong,6.54191780090332,3.8545403480529785,-2.687377452850342,-5.764033317565918,-4.688155651092529,1.0758776664733887,3.1127796173095703,1.325493335723877,0.9028142094612122,0.9943240284919739,0.9892272353172302,0.49256327748298645,339.9161071777344,359.35040283203125,1.1214362382888794,0.5810937285423279,3.026383876800537,55.672359466552734,44.327643513679504
ILSVRC2012_val_00011127.JPEG,/home/dr-yougart/Desktop/vit_mi/Dataset/ILSVRC2012_img_val/ILSVRC2012_val_00011127.JPEG,542,542,542,True,True,clean_correct_blur_correct,14.279500961303711,10.880460739135742,-3.3990402221679688,6.199765205383301,2.7397871017456055,-3.4599781036376953,6.199765205383301,2.7397871017456055,0.9500653147697449,0.9965657591819763,0.9929770827293396,0.3586476445198059,398.12591552734375,405.8230895996094,1.0517287254333496,0.4068397879600525,2.890592098236084,53.25632095336914,46.74367904663086
ILSVRC2012_val_00011128.JPEG,/home/dr-yougart/Desktop/vit_mi/Dataset/ILSVRC2012_img_val/ILSVRC2012_val_00011128.JPEG,102,102,102,True,True,clean_correct_blur_correct,13.534696578979492,13.287519454956055,-0.2471771240234375,6.901890277862549,6.790947914123535,-0.11094236373901367,6.901890277862549,6.790947914123535,0.9396777153015137,0.9946990013122559,0.9897055625915527,0.30185359716415405,443.4543151855469,429.6548156738281,0.996373176574707,-0.28036150336265564,2.470161199569702,46.47572338581085,53.52427363395691
ILSVRC2012_val_00011129.JPEG,/home/dr-yougart/Desktop/vit_mi/Dataset/ILSVRC2012_img_val/ILSVRC2012_val_00011129.JPEG,40,46,59,False,False,clean_wrong_blur_wrong,12.395187377929688,7.681674480438232,-4.713512897491455,-0.14848995208740234,-0.7666487693786621,-0.6181588172912598,0.14848995208740234,0.34160327911376953,0.9250121116638184,0.9941469430923462,0.9895301461219788,0.413961261510849,382.29412841796875,394.68084716796875,1.0754072666168213,0.5128172039985657,3.1353139877319336,53.900110721588135,46.099889278411865
ILSVRC2012_val_00011130.JPEG,/home/dr-yougart/Desktop/vit_mi/Dataset/ILSVRC2012_img_val/ILSVRC2012_val_00011130.JPEG,103,48,48,False,False,clean_wrong_blur_wrong,4.458876132965088,1.794529914855957,-2.664346218109131,-7.347181797027588,-4.806118488311768,2.5410633087158203,3.490812301635742,0.45971107482910156,0.9000740647315979,0.9914070963859558,0.9842736124992371,0.4615291357040405,408.1618347167969,418.09765625,1.0615603923797607,0.3412349820137024,3.657646894454956,49.895718693733215,50.10428428649902
ILSVRC2012_val_00011131.JPEG,/home/dr-yougart/Desktop/vit_mi/Dataset/ILSVRC2012_img_val/ILSVRC2012_val_00011131.JPEG,27,27,27,True,True,clean_correct_blur_correct,13.797786712646484,12.944924354553223,-0.8528623580932617,1.8582468032836914,1.5111885070800781,-0.3470582962036133,1.8582468032836914,1.5111885070800781,0.9228854775428772,0.9933868646621704,0.988176167011261,0.3777438700199127,372.7588806152344,376.4860534667969,1.04848313331604,0.010737963952124119,2.518095016479492,50.57989954948425,49.420103430747986
ILSVRC2012_val_00011132.JPEG,/home/dr-yougart/Desktop/vit_mi/Dataset/ILSVRC2012_img_val/ILSVRC2012_val_00011132.JPEG,743,743,699,True,False,clean_correct_blur_wrong,12.54769515991211,6.48636531829834,-6.0613298416137695,4.420892715454102,-1.2702689170837402,-5.691161632537842,4.420892715454102,1.2702689170837402,0.9394249320030212,0.9974532723426819,0.9946708083152771,0.37700363993644714,337.3247375488281,338.69097900390625,1.049069881439209,0.3537098467350006,2.6018264293670654,54.55821752548218,45.44177949428558
ILSVRC2012_val_00011133.JPEG,/home/dr-yougart/Desktop/vit_mi/Dataset/ILSVRC2012_img_val/ILSVRC2012_val_00011133.JPEG,448,448,448,True,True,clean_correct_blur_correct,15.791483879089355,11.088081359863281,-4.703402519226074,11.057806015014648,4.602261543273926,-6.455544471740723,11.057806015014648,4.602261543273926,0.9450493454933167,0.9971529841423035,0.9936981201171875,0.3424312472343445,375.4942626953125,372.4132385253906,1.028236985206604,0.12164440751075745,2.648984432220459,51.82018280029297,48.17981719970703
ILSVRC2012_val_00011134.JPEG,/home/dr-yougart/Desktop/vit_mi/Dataset/ILSVRC2012_img_val/ILSVRC2012_val_00011134.JPEG,414,414,399,True,False,clean_correct_blur_wrong,9.284758567810059,4.20888090133667,-5.075877666473389,3.1525683403015137,-1.668940544128418,-4.821508884429932,3.1525683403015137,0.42040061950683594,0.9150863289833069,0.9941438436508179,0.9893463850021362,0.436361163854599,404.7279052734375,410.2002258300781,1.0510865449905396,-0.18366685509681702,3.376006603240967,47.81394302845001,52.18605399131775
ILSVRC2012_val_00011135.JPEG,/home/dr-yougart/Desktop/vit_mi/Dataset/ILSVRC2012_img_val/ILSVRC2012_val_00011135.JPEG,432,432,432,True,True,clean_correct_blur_correct,14.440498352050781,12.505681037902832,-1.9348173141479492,2.9510459899902344,0.9129543304443359,-2.0380916595458984,2.9510459899902344,0.9129543304443359,0.9119160175323486,0.9937835335731506,0.9869441390037537,0.4507448971271515,405.34539794921875,412.13323974609375,1.0869688987731934,0.4324274957180023,3.1945700645446777,53.97341847419739,46.02658152580261
ILSVRC2012_val_00011136.JPEG,/home/dr-yougart/Desktop/vit_mi/Dataset/ILSVRC2012_img_val/ILSVRC2012_val_00011136.JPEG,664,664,851,True,False,clean_correct_blur_wrong,12.570484161376953,5.657155513763428,-6.913328647613525,1.6071949005126953,-2.021531105041504,-3.628726005554199,1.6071949005126953,0.04881715774536133,0.9276856184005737,0.9953941702842712,0.9904869198799133,0.45629963278770447,335.22515869140625,362.1898193359375,1.1358952522277832,0.7974507808685303,2.8145883083343506,57.64472484588623,42.35527813434601
ILSVRC2012_val_00011137.JPEG,/home/dr-yougart/Desktop/vit_mi/Dataset/ILSVRC2012_img_val/ILSVRC2012_val_00011137.JPEG,119,119,120,True,False,clean_correct_blur_wrong,13.919734001159668,9.056930541992188,-4.8628034591674805,3.782637596130371,-2.3546648025512695,-6.137302398681641,3.782637596130371,2.3546648025512695,0.9455785155296326,0.9976412653923035,0.995063304901123,0.3706401586532593,375.6781311035156,395.9270935058594,1.0758156776428223,0.8269082903862,3.1115667819976807,55.64350485801697,44.35649812221527
ILSVRC2012_val_00011138.JPEG,/home/dr-yougart/Desktop/vit_mi/Dataset/ILSVRC2012_img_val/ILSVRC2012_val_00011138.JPEG,199,199,199,True,True,clean_correct_blur_correct,14.867843627929688,15.08588981628418,0.2180461883544922,8.629740715026855,7.156667709350586,-1.4730730056762695,8.629740715026855,7.156667709350586,0.9459581971168518,0.9953251481056213,0.9902648329734802,0.3083329498767853,378.5373840332031,387.16156005859375,1.0702122449874878,0.703952968120575,2.266315460205078,60.165560245513916,39.834436774253845
ILSVRC2012_val_00011139.JPEG,/home/dr-yougart/Desktop/vit_mi/Dataset/ILSVRC2012_img_val/ILSVRC2012_val_00011139.JPEG,420,420,420,True,True,clean_correct_blur_correct,14.463024139404297,10.506009101867676,-3.957015037536621,7.985310077667236,3.2942090034484863,-4.69110107421875,7.985310077667236,3.2942090034484863,0.9381009340286255,0.9966087937355042,0.9933422803878784,0.3963307738304138,391.7109375,426.80340576171875,1.1317379474639893,1.268677830696106,3.351741313934326,62.41614818572998,37.58385479450226
ILSVRC2012_val_00011140.JPEG,/home/dr-yougart/Desktop/vit_mi/Dataset/ILSVRC2012_img_val/ILSVRC2012_val_00011140.JPEG,940,940,940,True,True,clean_correct_blur_correct,13.309797286987305,11.801363945007324,-1.5084333419799805,8.133638381958008,4.119993209838867,-4.013645172119141,8.133638381958008,4.119993209838867,0.9349212646484375,0.9938346743583679,0.9883924722671509,0.3383430540561676,422.27789306640625,418.91046142578125,1.0239681005477905,-0.08389003574848175,2.6749823093414307,49.16326105594635,50.83673596382141
ILSVRC2012_val_00011141.JPEG,/home/dr-yougart/Desktop/vit_mi/Dataset/ILSVRC2012_img_val/ILSVRC2012_val_00011141.JPEG,255,255,255,True,True,clean_correct_blur_correct,15.372635841369629,15.306598663330078,-0.06603717803955078,10.482250213623047,10.234151840209961,-0.24809837341308594,10.482250213623047,10.234151840209961,0.9557896852493286,0.9966967105865479,0.9938623905181885,0.29461798071861267,416.712158203125,444.4912414550781,1.0960949659347534,0.7065231800079346,2.353919506072998,59.44215655326843,40.55784046649933
ILSVRC2012_val_00011142.JPEG,/home/dr-yougart/Desktop/vit_mi/Dataset/ILSVRC2012_img_val/ILSVRC2012_val_00011142.JPEG,281,281,281,True,True,clean_correct_blur_correct,10.277303695678711,9.763494491577148,-0.5138092041015625,0.10352420806884766,0.09134578704833984,-0.012178421020507812,0.10352420806884766,0.09134578704833984,0.9393855333328247,0.9936390519142151,0.988025426864624,0.32874032855033875,345.271728515625,348.77960205078125,1.0612221956253052,0.21108008921146393,1.7801792621612549,54.451608657836914,45.548391342163086
ILSVRC2012_val_00011143.JPEG,/home/dr-yougart/Desktop/vit_mi/Dataset/ILSVRC2012_img_val/ILSVRC2012_val_00011143.JPEG,323,323,323,True,True,clean_correct_blur_correct,13.11770248413086,9.799824714660645,-3.317877769470215,5.9086151123046875,2.8655805587768555,-3.043034553527832,5.9086151123046875,2.8655805587768555,0.9096629619598389,0.9937708973884583,0.9870297312736511,0.42784082889556885,376.86883544921875,357.4452819824219,0.9947929978370667,-0.2598530650138855,3.1899831295013428,48.29937219619751,51.70062780380249
ILSVRC2012_val_00011144.JPEG,/home/dr-yougart/Desktop/vit_mi/Dataset/ILSVRC2012_img_val/ILSVRC2012_val_00011144.JPEG,383,383,383,True,True,clean_correct_blur_correct,13.626325607299805,13.675678253173828,0.04935264587402344,2.5111818313598633,2.5557384490966797,0.044556617736816406,2.5111818313598633,2.5557384490966797,0.9205840826034546,0.9930869936943054,0.9874325394630432,0.4180906116962433,409.986572265625,404.09893798828125,1.0476055145263672,-0.18572454154491425,2.9845762252807617,49.37896132469177,50.62103867530823
ILSVRC2012_val_00011145.JPEG,/home/dr-yougart/Desktop/vit_mi/Dataset/ILSVRC2012_img_val/ILSVRC2012_val_00011145.JPEG,483,483,483,True,True,clean_correct_blur_correct,10.700797080993652,9.925920486450195,-0.774876594543457,4.2783427238464355,4.445681095123291,0.16733837127685547,4.2783427238464355,4.445681095123291,0.9636378288269043,0.9970718026161194,0.9937666058540344,0.33562415838241577,371.9785461425781,410.0954284667969,1.1237695217132568,1.1430174112319946,2.650681972503662,58.11181664466858,41.88818633556366
ILSVRC2012_val_00011146.JPEG,/home/dr-yougart/Desktop/vit_mi/Dataset/ILSVRC2012_img_val/ILSVRC2012_val_00011146.JPEG,255,255,255,True,True,clean_correct_blur_correct,14.890029907226562,15.0598726272583,0.16984272003173828,9.280473709106445,9.220181465148926,-0.06029224395751953,9.280473709106445,9.220181465148926,0.9473979473114014,0.9960165023803711,0.9929447770118713,0.3424190580844879,390.2580871582031,400.9355163574219,1.06929349899292,0.22546181082725525,2.546116590499878,51.599013805389404,48.40098321437836
ILSVRC2012_val_00011147.JPEG,/home/dr-yougart/Desktop/vit_mi/Dataset/ILSVRC2012_img_val/ILSVRC2012_val_00011147.JPEG,550,550,650,True,False,clean_correct_blur_wrong,14.447503089904785,2.588510274887085,-11.858992576599121,5.828106880187988,-3.837634325027466,-9.665740966796875,5.828106880187988,1.2962145805358887,0.8501986861228943,0.992460310459137,0.9859082698822021,0.8726219534873962,378.17315673828125,500.43658447265625,1.4754520654678345,3.8509037494659424,6.325817108154297,69.99756693840027,30.00243306159973
ILSVRC2012_val_00011148.JPEG,/home/dr-yougart/Desktop/vit_mi/Dataset/ILSVRC2012_img_val/ILSVRC2012_val_00011148.JPEG,874,874,874,True,True,clean_correct_blur_correct,15.28026008605957,12.65422248840332,-2.62603759765625,7.824649333953857,1.7582883834838867,-6.066360950469971,7.824649333953857,1.7582883834838867,0.9393905401229858,0.9971662759780884,0.9941411018371582,0.3544164299964905,390.90936279296875,383.7633972167969,1.0161676406860352,-0.032934095710515976,2.852959156036377,49.81015622615814,50.1898467540741
ILSVRC2012_val_00011149.JPEG,/home/dr-yougart/Desktop/vit_mi/Dataset/ILSVRC2012_img_val/ILSVRC2012_val_00011149.JPEG,841,474,474,False,False,clean_wrong_blur_wrong,6.980372428894043,6.367954254150391,-0.6124181747436523,-0.9822611808776855,-1.2373700141906738,-0.2551088333129883,0.6248464584350586,0.6120357513427734,0.9421784281730652,0.9946439862251282,0.9892363548278809,0.35509589314460754,333.6809997558594,336.9287414550781,1.068400263786316,0.2360333353281021,2.243326425552368,53.65685224533081,46.34315073490143
ILSVRC2012_val_00011150.JPEG,/home/dr-yougart/Desktop/vit_mi/Dataset/ILSVRC2012_img_val/ILSVRC2012_val_00011150.JPEG,36,36,36,True,True,clean_correct_blur_correct,13.932406425476074,12.96757984161377,-0.9648265838623047,2.5729141235351562,4.031723976135254,1.4588098526000977,2.5729141235351562,4.031723976135254,0.9147330522537231,0.9932642579078674,0.9871855974197388,0.4197171926498413,382.49737548828125,372.6127624511719,1.0203263759613037,-0.396449476480484,2.8796205520629883,44.07168924808502,55.92830777168274
ILSVRC2012_val_00011151.JPEG,/home/dr-yougart/Desktop/vit_mi/Dataset/ILSVRC2012_img_val/ILSVRC2012_val_00011151.JPEG,637,637,637,True,True,clean_correct_blur_correct,15.996018409729004,14.599632263183594,-1.3963861465454102,10.120172500610352,8.323062896728516,-1.797109603881836,10.120172500610352,8.323062896728516,0.9564095139503479,0.9956685900688171,0.9901719093322754,0.2617511749267578,401.54583740234375,390.9745788574219,0.9991142749786377,-0.06998904794454575,2.035095691680908,48.995015025138855,51.004987955093384
ILSVRC2012_val_00011152.JPEG,/home/dr-yougart/Desktop/vit_mi/Dataset/ILSVRC2012_img_val/ILSVRC2012_val_00011152.JPEG,193,187,187,False,False,clean_wrong_blur_wrong,10.9404878616333,7.585662364959717,-3.354825496673584,-1.154454231262207,-1.3535027503967285,-0.19904851913452148,1.154454231262207,1.3535027503967285,0.927788496017456,0.995261549949646,0.9908270835876465,0.4849946200847626,342.7080993652344,395.3819274902344,1.232710599899292,1.6806814670562744,3.0564212799072266,67.70238876342773,32.29760825634003
ILSVRC2012_val_00011153.JPEG,/home/dr-yougart/Desktop/vit_mi/Dataset/ILSVRC2012_img_val/ILSVRC2012_val_00011153.JPEG,696,806,806,False,False,clean_wrong_blur_wrong,8.244668006896973,3.6081011295318604,-4.636567115783691,-2.727604866027832,-8.170984268188477,-5.4433794021606445,2.727604866027832,6.566732883453369,0.9427737593650818,0.9958075881004333,0.9913734197616577,0.32126373052597046,385.44415283203125,386.2973937988281,1.0243152379989624,0.08488503843545914,2.3942465782165527,50.6313681602478,49.368634819984436
ILSVRC2012_val_00011154.JPEG,/home/dr-yougart/Desktop/vit_mi/Dataset/ILSVRC2012_img_val/ILSVRC2012_val_00011154.JPEG,721,721,721,True,True,clean_correct_blur_correct,15.224806785583496,11.306181907653809,-3.9186248779296875,10.233299255371094,5.873260498046875,-4.360038757324219,10.233299255371094,5.873260498046875,0.9327422380447388,0.9959068894386292,0.99156653881073,0.37512052059173584,326.5720520019531,311.7337341308594,0.9879177808761597,-0.23877467215061188,2.605440378189087,47.127023339271545,52.87297964096069
ILSVRC2012_val_00011155.JPEG,/home/dr-yougart/Desktop/vit_mi/Dataset/ILSVRC2012_img_val/ILSVRC2012_val_00011155.JPEG,471,471,471,True,True,clean_correct_blur_correct,13.500776290893555,9.743658065795898,-3.7571182250976562,5.9275407791137695,2.74259090423584,-3.1849498748779297,5.9275407791137695,2.74259090423584,0.9441819190979004,0.997468113899231,0.9943264722824097,0.3449799716472626,413.5546875,423.4550476074219,1.0358508825302124,0.36825066804885864,3.040828227996826,52.28744149208069,47.71255850791931
ILSVRC2012_val_00011156.JPEG,/home/dr-yougart/Desktop/vit_mi/Dataset/ILSVRC2012_img_val/ILSVRC2012_val_00011156.JPEG,822,775,598,False,False,clean_wrong_blur_wrong,2.8253872394561768,1.0451264381408691,-1.7802608013153076,-3.3139808177948,-4.955228328704834,-1.6412475109100342,0.12290763854980469,0.4720640182495117,0.9102826118469238,0.9942365288734436,0.9886505603790283,0.4566015601158142,360.64794921875,381.7458801269531,1.1276731491088867,0.787733793258667,3.0389232635498047,58.81603956222534,41.18396043777466
ILSVRC2012_val_00011157.JPEG,/home/dr-yougart/Desktop/vit_mi/Dataset/ILSVRC2012_img_val/ILSVRC2012_val_00011157.JPEG,762,923,923,False,False,clean_wrong_blur_wrong,4.359935283660889,4.119601726531982,-0.24033355712890625,-4.809128284454346,-4.601979732513428,0.20714855194091797,0.47052574157714844,0.6820058822631836,0.9458426833152771,0.9960370659828186,0.9918947219848633,0.33619043231010437,363.9954528808594,360.3221435546875,0.9999055862426758,-0.2362733781337738,2.649066925048828,47.19196856021881,52.80803442001343
ILSVRC2012_val_00011158.JPEG,/home/dr-yougart/Desktop/vit_mi/Dataset/ILSVRC2012_img_val/ILSVRC2012_val_00011158.JPEG,42,41,38,False,False,clean_wrong_blur_wrong,9.101066589355469,6.3613762855529785,-2.7396903038024902,-1.390608787536621,-3.4161629676818848,-2.0255541801452637,0.1715564727783203,0.25286865234375,0.9055030941963196,0.9917561411857605,0.9850771427154541,0.473654180765152,357.41015625,386.8981628417969,1.1496880054473877,0.7965670824050903,2.815378427505493,59.217989444732666,40.782010555267334
ILSVRC2012_val_00011159.JPEG,/home/dr-yougart/Desktop/vit_mi/Dataset/ILSVRC2012_img_val/ILSVRC2012_val_00011159.JPEG,843,643,451,False,False,clean_wrong_blur_wrong,1.7025994062423706,-0.8885745406150818,-2.5911738872528076,-4.799314022064209,-7.197075366973877,-2.397761344909668,0.27986955642700195,0.5489749908447266,0.9286838173866272,0.9969800114631653,0.9945192933082581,0.4257018566131592,394.0380554199219,399.3289489746094,1.0382026433944702,-0.0009615273447707295,3.6207356452941895,49.863940477371216,50.136059522628784
ILSVRC2012_val_00011160.JPEG,/home/dr-yougart/Desktop/vit_mi/Dataset/ILSVRC2012_img_val/ILSVRC2012_val_00011160.JPEG,919,919,919,True,True,clean_correct_blur_correct,13.51806640625,10.79269027709961,-2.7253761291503906,4.845188140869141,4.408895969390869,-0.4362921714782715,4.845188140869141,4.408895969390869,0.959031343460083,0.9966310262680054,0.9936674237251282,0.3244960308074951,391.9761657714844,430.3665771484375,1.1273632049560547,1.1742371320724487,2.5463826656341553,63.04662227630615,36.95337474346161
ILSVRC2012_val_00011161.JPEG,/home/dr-yougart/Desktop/vit_mi/Dataset/ILSVRC2012_img_val/ILSVRC2012_val_00011161.JPEG,325,325,325,True,True,clean_correct_blur_correct,14.5831937789917,12.68078899383545,-1.90240478515625,7.829833030700684,6.754605293273926,-1.0752277374267578,7.829833030700684,6.754605293273926,0.9490866661071777,0.9974609613418579,0.9947068095207214,0.3272818624973297,397.4450988769531,411.55926513671875,1.0517171621322632,0.45711150765419006,2.800476551055908,55.280864238739014,44.719135761260986
ILSVRC2012_val_00011162.JPEG,/home/dr-yougart/Desktop/vit_mi/Dataset/ILSVRC2012_img_val/ILSVRC2012_val_00011162.JPEG,825,825,825,True,True,clean_correct_blur_correct,13.972393989562988,9.099395751953125,-4.872998237609863,8.030696868896484,4.261679649353027,-3.769017219543457,8.030696868896484,4.261679649353027,0.9181806445121765,0.9942611455917358,0.9871811866760254,0.5284278392791748,327.549560546875,400.4677429199219,1.2917360067367554,2.137464761734009,3.305299997329712,73.58965277671814,26.4103502035141
ILSVRC2012_val_00011163.JPEG,/home/dr-yougart/Desktop/vit_mi/Dataset/ILSVRC2012_img_val/ILSVRC2012_val_00011163.JPEG,341,341,341,True,True,clean_correct_blur_correct,14.195571899414062,13.57967758178711,-0.6158943176269531,5.300922393798828,6.00766658782959,0.7067441940307617,5.300922393798828,6.00766658782959,0.8991450667381287,0.990605354309082,0.9809179306030273,0.5170266032218933,396.8691711425781,452.09326171875,1.2203781604766846,1.9515963792800903,3.808967113494873,68.10736656188965,31.89263343811035
ILSVRC2012_val_00011164.JPEG,/home/dr-yougart/Desktop/vit_mi/Dataset/ILSVRC2012_img_val/ILSVRC2012_val_00011164.JPEG,191,184,184,False,False,clean_wrong_blur_wrong,7.941902160644531,7.543423175811768,-0.39847898483276367,-2.018491744995117,-5.78086519241333,-3.762373447418213,0.7751741409301758,4.566927909851074,0.9310244917869568,0.9949078559875488,0.9904564619064331,0.36151042580604553,397.820068359375,399.34429931640625,1.02146315574646,-0.04382264241576195,2.767202854156494,48.953089118003845,51.046907901763916
ILSVRC2012_val_00011165.JPEG,/home/dr-yougart/Desktop/vit_mi/Dataset/ILSVRC2012_img_val/ILSVRC2012_val_00011165.JPEG,264,264,264,True,True,clean_correct_blur_correct,14.641764640808105,14.8912992477417,0.24953460693359375,3.3444900512695312,4.999792098999023,1.6553020477294922,3.3444900512695312,4.999792098999023,0.9700998067855835,0.9978126287460327,0.9956004619598389,0.23765578866004944,347.59722900390625,353.48095703125,1.0248533487319946,0.21876583993434906,1.8201053142547607,54.24870848655701,45.75129151344299
ILSVRC2012_val_00011166.JPEG,/home/dr-yougart/Desktop/vit_mi/Dataset/ILSVRC2012_img_val/ILSVRC2012_val_00011166.JPEG,760,760,760,True,True,clean_correct_blur_correct,13.42886734008789,12.59056282043457,-0.8383045196533203,4.960017204284668,6.125826835632324,1.1658096313476562,4.960017204284668,6.125826835632324,0.9271665811538696,0.9962732791900635,0.9920120239257812,0.37342897057533264,407.2200622558594,383.25665283203125,0.973131000995636,-0.40130066871643066,3.299528121948242,46.002522110939026,53.99748086929321
ILSVRC2012_val_00011167.JPEG,/home/dr-yougart/Desktop/vit_mi/Dataset/ILSVRC2012_img_val/ILSVRC2012_val_00011167.JPEG,309,309,946,True,False,clean_correct_blur_wrong,10.366683959960938,7.183607578277588,-3.1830763816833496,0.9825811386108398,-1.985313892364502,-2.967895030975342,0.9825811386108398,0.9980001449584961,0.9349216818809509,0.9930725693702698,0.9876154065132141,0.3634856939315796,356.5973815917969,333.15087890625,0.959294855594635,-0.7415638566017151,2.3635923862457275,39.079123735427856,60.920876264572144
ILSVRC2012_val_00011168.JPEG,/home/dr-yougart/Desktop/vit_mi/Dataset/ILSVRC2012_img_val/ILSVRC2012_val_00011168.JPEG,404,404,404,True,True,clean_correct_blur_correct,14.340970039367676,12.317113876342773,-2.0238561630249023,5.692893981933594,5.833969593048096,0.14107561111450195,5.692893981933594,5.833969593048096,0.9370771050453186,0.9948909282684326,0.9889249801635742,0.3308655619621277,410.8250427246094,398.9669189453125,0.9915229082107544,-0.09763676673173904,2.4956793785095215,49.057891964912415,50.942111015319824
ILSVRC2012_val_00011169.JPEG,/home/dr-yougart/Desktop/vit_mi/Dataset/ILSVRC2012_img_val/ILSVRC2012_val_00011169.JPEG,55,55,64,True,False,clean_correct_blur_wrong,14.267904281616211,6.858566761016846,-7.409337520599365,2.0027904510498047,-2.737755298614502,-4.740545749664307,2.0027904510498047,0.7370328903198242,0.9117415547370911,0.9944790601730347,0.9887129068374634,0.44419795274734497,396.2669372558594,408.7389221191406,1.0686430931091309,0.3593888580799103,3.257941246032715,52.36205458641052,47.63794243335724
ILSVRC2012_val_00011170.JPEG,/home/dr-yougart/Desktop/vit_mi/Dataset/ILSVRC2012_img_val/ILSVRC2012_val_00011170.JPEG,491,491,491,True,True,clean_correct_blur_correct,13.457237243652344,10.157608985900879,-3.299628257751465,3.682950973510742,1.4951295852661133,-2.187821388244629,3.682950973510742,1.4951295852661133,0.9241242408752441,0.9952309131622314,0.9903808832168579,0.4053133726119995,417.0885314941406,434.9092712402344,1.0846521854400635,0.8272282481193542,3.456946849822998,58.521056175231934,41.478943824768066
ILSVRC2012_val_00011171.JPEG,/home/dr-yougart/Desktop/vit_mi/Dataset/ILSVRC2012_img_val/ILSVRC2012_val_00011171.JPEG,8,8,8,True,True,clean_correct_blur_correct,11.002975463867188,9.948043823242188,-1.054931640625,2.589580535888672,3.2536745071411133,0.6640939712524414,2.589580535888672,3.2536745071411133,0.9085080623626709,0.991387665271759,0.9841573238372803,0.4513012170791626,421.0989990234375,442.0392761230469,1.1412477493286133,0.4798469841480255,2.847728729248047,53.061771392822266,46.938225626945496
ILSVRC2012_val_00011172.JPEG,/home/dr-yougart/Desktop/vit_mi/Dataset/ILSVRC2012_img_val/ILSVRC2012_val_00011172.JPEG,531,826,826,False,False,clean_wrong_blur_wrong,12.81763744354248,12.915462493896484,0.0978250503540039,-0.982274055480957,-0.9170503616333008,0.06522369384765625,0.982274055480957,0.9170503616333008,0.9310814738273621,0.9933544993400574,0.9867570996284485,0.3460969030857086,396.0589599609375,400.7459716796875,1.0345691442489624,0.437651664018631,2.576375722885132,55.07160425186157,44.92839872837067
ILSVRC2012_val_00011173.JPEG,/home/dr-yougart/Desktop/vit_mi/Dataset/ILSVRC2012_img_val/ILSVRC2012_val_00011173.JPEG,575,575,575,True,True,clean_correct_blur_correct,15.307624816894531,14.211183547973633,-1.0964412689208984,10.421346664428711,7.317836284637451,-3.1035103797912598,10.421346664428711,7.317836284637451,0.933538019657135,0.9961910843849182,0.9909759163856506,0.3592618703842163,368.841064453125,351.000732421875,0.9728503227233887,-0.40681561827659607,2.68524169921875,44.91751790046692,55.08248209953308
ILSVRC2012_val_00011174.JPEG,/home/dr-yougart/Desktop/vit_mi/Dataset/ILSVRC2012_img_val/ILSVRC2012_val_00011174.JPEG,912,912,912,True,True,clean_correct_blur_correct,14.397783279418945,14.31989574432373,-0.07788753509521484,6.674654006958008,7.603198051452637,0.9285440444946289,6.674654006958008,7.603198051452637,0.9410284161567688,0.9952470660209656,0.9910566210746765,0.3342146873474121,359.1983337402344,349.49774169921875,0.9956957101821899,-0.21207532286643982,2.367600202560425,46.79889380931854,53.20110321044922
ILSVRC2012_val_00011175.JPEG,/home/dr-yougart/Desktop/vit_mi/Dataset/ILSVRC2012_img_val/ILSVRC2012_val_00011175.JPEG,324,324,324,True,True,clean_correct_blur_correct,14.041057586669922,12.898025512695312,-1.1430320739746094,5.471755027770996,4.224116325378418,-1.2476387023925781,5.471755027770996,4.224116325378418,0.9531583786010742,0.9960505366325378,0.9923766851425171,0.295315146446228,415.4248352050781,416.9295959472656,1.030418872833252,0.1584315001964569,2.3287618160247803,52.84437537193298,47.155627608299255
ILSVRC2012_val_00011176.JPEG,/home/dr-yougart/Desktop/vit_mi/Dataset/ILSVRC2012_img_val/ILSVRC2012_val_00011176.JPEG,168,168,168,True,True,clean_correct_blur_correct,15.771700859069824,15.605712890625,-0.16598796844482422,6.744892120361328,7.628654956817627,0.8837628364562988,6.744892120361328,7.628654956817627,0.9362251162528992,0.9966013431549072,0.9927812814712524,0.38104069232940674,349.31719970703125,361.6317443847656,1.050161600112915,0.2627483010292053,2.820280075073242,52.74982452392578,47.25017547607422
ILSVRC2012_val_00011177.JPEG,/home/dr-yougart/Desktop/vit_mi/Dataset/ILSVRC2012_img_val/ILSVRC2012_val_00011177.JPEG,134,134,134,True,True,clean_correct_blur_correct,12.972423553466797,9.86574935913086,-3.1066741943359375,4.095075607299805,0.38140869140625,-3.7136669158935547,4.095075607299805,0.38140869140625,0.9367632269859314,0.9952924251556396,0.9909635782241821,0.3889821767807007,341.16961669921875,363.2773132324219,1.1141417026519775,0.7403329610824585,2.4314332008361816,59.56287384033203,40.43712615966797
ILSVRC2012_val_00011178.JPEG,/home/dr-yougart/Desktop/vit_mi/Dataset/ILSVRC2012_img_val/ILSVRC2012_val_00011178.JPEG,13,13,13,True,True,clean_correct_blur_correct,14.133933067321777,11.646224021911621,-2.4877090454101562,8.445135116577148,4.0708699226379395,-4.374265193939209,8.445135116577148,4.0708699226379395,0.9483544230461121,0.9965354800224304,0.9925382733345032,0.3165433406829834,413.4139709472656,391.9228210449219,0.9741907715797424,-0.30149680376052856,2.6386818885803223,45.538756251335144,54.461246728897095
ILSVRC2012_val_00011179.JPEG,/home/dr-yougart/Desktop/vit_mi/Dataset/ILSVRC2012_img_val/ILSVRC2012_val_00011179.JPEG,947,992,992,False,False,clean_wrong_blur_wrong,12.533467292785645,10.224959373474121,-2.3085079193115234,-1.609029769897461,-0.8383150100708008,0.7707147598266602,1.609029769897461,0.8383150100708008,0.9238287210464478,0.9943971633911133,0.9890096783638,0.3691546320915222,405.1842346191406,408.74700927734375,1.0461788177490234,0.3461625874042511,2.766711473464966,54.73073720932007,45.26926279067993
ILSVRC2012_val_00011180.JPEG,/home/dr-yougart/Desktop/vit_mi/Dataset/ILSVRC2012_img_val/ILSVRC2012_val_00011180.JPEG,683,683,683,True,True,clean_correct_blur_correct,13.714056015014648,14.162307739257812,0.44825172424316406,4.508338928222656,5.144693374633789,0.6363544464111328,4.508338928222656,5.144693374633789,0.9258939623832703,0.9931241273880005,0.9868566393852234,0.40729397535324097,374.3825378417969,411.30816650390625,1.1446397304534912,1.2662408351898193,2.7821204662323,64.72117900848389,35.278818011283875
ILSVRC2012_val_00011181.JPEG,/home/dr-yougart/Desktop/vit_mi/Dataset/ILSVRC2012_img_val/ILSVRC2012_val_00011181.JPEG,307,307,307,True,True,clean_correct_blur_correct,14.761652946472168,11.408355712890625,-3.353297233581543,5.756789207458496,1.161076545715332,-4.595712661743164,5.756789207458496,1.161076545715332,0.9312520623207092,0.9941271543502808,0.9881454706192017,0.4247913062572479,352.6697998046875,382.1175842285156,1.1389586925506592,0.7973641753196716,2.596755027770996,56.97775483131409,43.02224516868591
ILSVRC2012_val_00011182.JPEG,/home/dr-yougart/Desktop/vit_mi/Dataset/ILSVRC2012_img_val/ILSVRC2012_val_00011182.JPEG,855,855,855,True,True,clean_correct_blur_correct,16.37684440612793,8.51716136932373,-7.859683036804199,11.078435897827148,1.9388413429260254,-9.139595031738281,11.078435897827148,1.9388413429260254,0.9518280625343323,0.9974862933158875,0.9942066669464111,0.34487080574035645,389.05078125,404.2071838378906,1.0652132034301758,0.5771762132644653,2.958850622177124,55.21383285522461,44.78617012500763
ILSVRC2012_val_00011183.JPEG,/home/dr-yougart/Desktop/vit_mi/Dataset/ILSVRC2012_img_val/ILSVRC2012_val_00011183.JPEG,706,762,762,False,False,clean_wrong_blur_wrong,10.2994966506958,4.024053573608398,-6.275443077087402,-1.5257291793823242,-3.3583550453186035,-1.8326258659362793,1.5257291793823242,2.657616138458252,0.9305632710456848,0.9961901307106018,0.9927536249160767,0.417362242937088,389.8825378417969,402.4092712402344,1.065870761871338,0.2455192655324936,3.4386165142059326,50.80457925796509,49.19541776180267
ILSVRC2012_val_00011184.JPEG,/home/dr-yougart/Desktop/vit_mi/Dataset/ILSVRC2012_img_val/ILSVRC2012_val_00011184.JPEG,202,226,202,False,True,clean_wrong_blur_correct,12.491254806518555,13.181238174438477,0.6899833679199219,-0.6242151260375977,2.067633628845215,2.6918487548828125,0.6242151260375977,2.067633628845215,0.9339367747306824,0.9943285584449768,0.9884730577468872,0.3616989254951477,365.3409729003906,364.641845703125,1.0471124649047852,0.1197783574461937,2.381176710128784,50.89656710624695,49.10342991352081
ILSVRC2012_val_00011185.JPEG,/home/dr-yougart/Desktop/vit_mi/Dataset/ILSVRC2012_img_val/ILSVRC2012_val_00011185.JPEG,618,731,760,False,False,clean_wrong_blur_wrong,7.300102710723877,1.8006248474121094,-5.499477863311768,-3.6724562644958496,-5.487424850463867,-1.8149685859680176,3.5842747688293457,0.9278974533081055,0.9455690979957581,0.9974603652954102,0.9942089915275574,0.3389921486377716,374.5116271972656,375.553466796875,1.029380440711975,0.119142547249794,2.6290063858032227,52.80493497848511,47.195062041282654
ILSVRC2012_val_00011186.JPEG,/home/dr-yougart/Desktop/vit_mi/Dataset/ILSVRC2012_img_val/ILSVRC2012_val_00011186.JPEG,407,407,407,True,True,clean_correct_blur_correct,13.852846145629883,9.80044174194336,-4.052404403686523,3.659975051879883,1.6644353866577148,-1.995539665222168,3.659975051879883,1.6644353866577148,0.9469215869903564,0.9965596795082092,0.9939101338386536,0.3211967349052429,365.42083740234375,360.89691162109375,1.006295919418335,-0.204243466258049,2.3406872749328613,47.14474380016327,52.85525321960449
ILSVRC2012_val_00011187.JPEG,/home/dr-yougart/Desktop/vit_mi/Dataset/ILSVRC2012_img_val/ILSVRC2012_val_00011187.JPEG,842,433,684,False,False,clean_wrong_blur_wrong,6.637524127960205,1.4950529336929321,-5.1424713134765625,-1.530855655670166,-7.76684045791626,-6.235984802246094,1.530855655670166,2.3997950553894043,0.9287065863609314,0.9945777654647827,0.9898843765258789,0.3819180727005005,369.71240234375,377.1076354980469,1.0540013313293457,0.14920853078365326,2.6802663803100586,51.951658725738525,48.04782271385193
ILSVRC2012_val_00011188.JPEG,/home/dr-yougart/Desktop/vit_mi/Dataset/ILSVRC2012_img_val/ILSVRC2012_val_00011188.JPEG,269,269,269,True,True,clean_correct_blur_correct,12.355216979980469,11.850505828857422,-0.5047111511230469,1.2367887496948242,1.217698097229004,-0.019090652465820312,1.2367887496948242,1.217698097229004,0.9508506655693054,0.9957779049873352,0.991730809211731,0.27427247166633606,370.94561767578125,358.24322509765625,1.003233790397644,-0.06702185422182083,1.8064619302749634,49.28276836872101,50.71722865104675
ILSVRC2012_val_00011189.JPEG,/home/dr-yougart/Desktop/vit_mi/Dataset/ILSVRC2012_img_val/ILSVRC2012_val_00011189.JPEG,724,724,724,True,True,clean_correct_blur_correct,15.027422904968262,11.670888900756836,-3.356534004211426,7.876871109008789,5.702393054962158,-2.174478054046631,7.876871109008789,5.702393054962158,0.940980851650238,0.9966521263122559,0.9929694533348083,0.3831879794597626,327.7144470214844,341.55902099609375,1.0761613845825195,0.4737023413181305,2.4318294525146484,54.05457019805908,45.94542980194092
ILSVRC2012_val_00011190.JPEG,/home/dr-yougart/Desktop/vit_mi/Dataset/ILSVRC2012_img_val/ILSVRC2012_val_00011190.JPEG,90,90,90,True,True,clean_correct_blur_correct,14.172783851623535,12.803802490234375,-1.3689813613891602,9.498655319213867,7.924098491668701,-1.574556827545166,9.498655319213867,7.924098491668701,0.930851399898529,0.9939044117927551,0.9883575439453125,0.38464102149009705,392.8576965332031,402.0367431640625,1.0743293762207031,0.24392032623291016,2.758185863494873,52.53167748451233,47.46832549571991
ILSVRC2012_val_00011191.JPEG,/home/dr-yougart/Desktop/vit_mi/Dataset/ILSVRC2012_img_val/ILSVRC2012_val_00011191.JPEG,161,161,166,True,False,clean_correct_blur_wrong,12.708453178405762,10.658953666687012,-2.04949951171875,1.746027946472168,-1.544968605041504,-3.290996551513672,1.746027946472168,1.2350711822509766,0.9573156237602234,0.9975191354751587,0.9950112104415894,0.29118019342422485,369.6895751953125,378.4823303222656,1.0407764911651611,0.31002917885780334,2.144519805908203,54.3778657913208,45.6221342086792
ILSVRC2012_val_00011192.JPEG,/home/dr-yougart/Desktop/vit_mi/Dataset/ILSVRC2012_img_val/ILSVRC2012_val_00011192.JPEG,715,715,715,True,True,clean_correct_blur_correct,15.762367248535156,13.094939231872559,-2.6674280166625977,6.844869613647461,4.457672119140625,-2.387197494506836,6.844869613647461,4.457672119140625,0.9071347713470459,0.9942797422409058,0.9891988635063171,0.46046900749206543,400.4363098144531,389.0269775390625,1.0267008543014526,-0.33132773637771606,3.5847957134246826,47.91804254055023,52.08196043968201
ILSVRC2012_val_00011193.JPEG,/home/dr-yougart/Desktop/vit_mi/Dataset/ILSVRC2012_img_val/ILSVRC2012_val_00011193.JPEG,914,625,780,False,False,clean_wrong_blur_wrong,7.416959762573242,6.844885349273682,-0.5720744132995605,-2.9618844985961914,-0.5552363395690918,2.4066481590270996,2.394942283630371,0.5552363395690918,0.935950517654419,0.9958035945892334,0.9921764731407166,0.40714746713638306,367.05792236328125,409.508544921875,1.1502889394760132,1.0172817707061768,2.9899163246154785,60.61262488365173,39.387378096580505
ILSVRC2012_val_00011194.JPEG,/home/dr-yougart/Desktop/vit_mi/Dataset/ILSVRC2012_img_val/ILSVRC2012_val_00011194.JPEG,474,474,474,True,True,clean_correct_blur_correct,13.447033882141113,8.1460599899292,-5.300973892211914,4.635322570800781,1.8355002403259277,-2.7998223304748535,4.635322570800781,1.8355002403259277,0.9249351620674133,0.9937667846679688,0.9881705641746521,0.43433135747909546,336.33734130859375,372.1468811035156,1.1644110679626465,1.2090345621109009,2.852799892425537,63.30831050872803,36.69169247150421
ILSVRC2012_val_00011195.JPEG,/home/dr-yougart/Desktop/vit_mi/Dataset/ILSVRC2012_img_val/ILSVRC2012_val_00011195.JPEG,476,476,476,True,True,clean_correct_blur_correct,14.66596794128418,10.793081283569336,-3.8728866577148438,8.609949111938477,4.6783671379089355,-3.931581974029541,8.609949111938477,4.6783671379089355,0.9305686354637146,0.9962081909179688,0.9929919838905334,0.3957805931568146,393.8217468261719,407.7774353027344,1.070121169090271,0.23263458907604218,3.072209119796753,52.57177948951721,47.42821753025055
ILSVRC2012_val_00011196.JPEG,/home/dr-yougart/Desktop/vit_mi/Dataset/ILSVRC2012_img_val/ILSVRC2012_val_00011196.JPEG,143,143,143,True,True,clean_correct_blur_correct,14.145464897155762,13.63604736328125,-0.5094175338745117,7.909443378448486,7.512284755706787,-0.3971586227416992,7.909443378448486,7.512284755706787,0.9452194571495056,0.9944205284118652,0.9890620708465576,0.2871042788028717,396.44659423828125,406.3146667480469,1.0541716814041138,0.3914998471736908,1.9821966886520386,58.55826735496521,41.44172966480255
ILSVRC2012_val_00011197.JPEG,/home/dr-yougart/Desktop/vit_mi/Dataset/ILSVRC2012_img_val/ILSVRC2012_val_00011197.JPEG,736,736,736,True,True,clean_correct_blur_correct,14.934623718261719,11.645326614379883,-3.289297103881836,9.499098777770996,6.809630870819092,-2.6894679069519043,9.499098777770996,6.809630870819092,0.9298616647720337,0.9935266375541687,0.9870534539222717,0.36134073138237,385.98779296875,398.23577880859375,1.0804859399795532,0.4592299461364746,2.4426729679107666,57.53796100616455,42.46203899383545
ILSVRC2012_val_00011198.JPEG,/home/dr-yougart/Desktop/vit_mi/Dataset/ILSVRC2012_img_val/ILSVRC2012_val_00011198.JPEG,238,241,241,False,False,clean_wrong_blur_wrong,12.210274696350098,11.014809608459473,-1.195465087890625,-2.1924400329589844,-3.078089714050293,-0.8856496810913086,0.6687107086181641,2.667452812194824,0.9692879319190979,0.9983763694763184,0.9971545338630676,0.27045321464538574,388.187744140625,415.00128173828125,1.0866189002990723,0.7221546769142151,2.1792633533477783,60.43289303779602,39.56710696220398
ILSVRC2012_val_00011199.JPEG,/home/dr-yougart/Desktop/vit_mi/Dataset/ILSVRC2012_img_val/ILSVRC2012_val_00011199.JPEG,476,476,476,True,True,clean_correct_blur_correct,15.394598960876465,14.906366348266602,-0.4882326126098633,10.732507705688477,10.997876167297363,0.2653684616088867,10.732507705688477,10.997876167297363,0.9404782652854919,0.9963224530220032,0.9935601949691772,0.345346063375473,432.4531555175781,432.8214416503906,1.0145407915115356,-0.12784895300865173,3.156447410583496,48.992836475372314,51.007163524627686
ILSVRC2012_val_00011200.JPEG,/home/dr-yougart/Desktop/vit_mi/Dataset/ILSVRC2012_img_val/ILSVRC2012_val_00011200.JPEG,836,837,836,False,True,clean_wrong_blur_correct,10.573979377746582,12.568724632263184,1.9947452545166016,-0.7399473190307617,1.3013858795166016,2.0413331985473633,0.7399473190307617,1.3013858795166016,0.9405779242515564,0.9961068034172058,0.9921714663505554,0.35769376158714294,354.0597229003906,365.0842590332031,1.050893783569336,0.23877990245819092,2.587841749191284,52.70969867706299,47.29030430316925
ILSVRC2012_val_00011201.JPEG,/home/dr-yougart/Desktop/vit_mi/Dataset/ILSVRC2012_img_val/ILSVRC2012_val_00011201.JPEG,558,699,699,False,False,clean_wrong_blur_wrong,13.055717468261719,8.760571479797363,-4.2951459884643555,-0.42732715606689453,-3.1049423217773438,-2.677615165710449,0.42732715606689453,3.1049423217773438,0.9330680966377258,0.9963881969451904,0.9928398132324219,0.42655089497566223,393.4450378417969,427.21136474609375,1.123266577720642,0.9432037472724915,3.545186996459961,59.06968712806702,40.93031287193298
ILSVRC2012_val_00011202.JPEG,/home/dr-yougart/Desktop/vit_mi/Dataset/ILSVRC2012_img_val/ILSVRC2012_val_00011202.JPEG,268,268,268,True,True,clean_correct_blur_correct,14.254366874694824,11.038235664367676,-3.2161312103271484,4.766291618347168,0.8244256973266602,-3.941865921020508,4.766291618347168,0.8244256973266602,0.9429534673690796,0.9960421919822693,0.9926084280014038,0.3394227623939514,373.41729736328125,367.7705993652344,1.0256177186965942,-0.14505478739738464,2.28303861618042,47.12417125701904,52.87582874298096
ILSVRC2012_val_00011203.JPEG,/home/dr-yougart/Desktop/vit_mi/Dataset/ILSVRC2012_img_val/ILSVRC2012_val_00011203.JPEG,849,849,968,True,False,clean_correct_blur_wrong,12.158397674560547,8.67279052734375,-3.485607147216797,1.2632036209106445,-1.5608081817626953,-2.82401180267334,1.2632036209106445,1.5608081817626953,0.9520256519317627,0.9973479509353638,0.9944449663162231,0.31141364574432373,372.93609619140625,374.761474609375,1.022416591644287,0.09403128921985626,2.3509552478790283,51.59940719604492,48.40059280395508
ILSVRC2012_val_00011204.JPEG,/home/dr-yougart/Desktop/vit_mi/Dataset/ILSVRC2012_img_val/ILSVRC2012_val_00011204.JPEG,158,158,158,True,True,clean_correct_blur_correct,15.323446273803711,15.185253143310547,-0.13819313049316406,6.946743965148926,6.8761491775512695,-0.07059478759765625,6.946743965148926,6.8761491775512695,0.9275274276733398,0.9956347346305847,0.9912858009338379,0.38311144709587097,363.286376953125,360.8789978027344,1.0271981954574585,0.11013516038656235,2.7004435062408447,50.75061321258545,49.24938678741455
ILSVRC2012_val_00011205.JPEG,/home/dr-yougart/Desktop/vit_mi/Dataset/ILSVRC2012_img_val/ILSVRC2012_val_00011205.JPEG,232,232,232,True,True,clean_correct_blur_correct,8.952082633972168,9.094849586486816,0.14276695251464844,0.6080484390258789,2.1170969009399414,1.5090484619140625,0.6080484390258789,2.1170969009399414,0.9007333517074585,0.9925288558006287,0.9858643412590027,0.5275288224220276,336.11468505859375,380.10797119140625,1.1994457244873047,1.164939522743225,3.1454684734344482,62.20269203186035,37.79730796813965
ILSVRC2012_val_00011206.JPEG,/home/dr-yougart/Desktop/vit_mi/Dataset/ILSVRC2012_img_val/ILSVRC2012_val_00011206.JPEG,866,866,590,True,False,clean_correct_blur_wrong,11.935930252075195,6.076530933380127,-5.859399318695068,2.3502607345581055,-2.506965160369873,-4.8572258949279785,2.3502607345581055,2.0725760459899902,0.9377668499946594,0.995911717414856,0.9927737712860107,0.36423471570014954,363.6792907714844,369.68255615234375,1.0510529279708862,0.08900489658117294,2.4876651763916016,51.61604285240173,48.383960127830505
ILSVRC2012_val_00011207.JPEG,/home/dr-yougart/Desktop/vit_mi/Dataset/ILSVRC2012_img_val/ILSVRC2012_val_00011207.JPEG,526,526,526,True,True,clean_correct_blur_correct,11.92772388458252,7.977602958679199,-3.9501209259033203,2.2939586639404297,1.1572484970092773,-1.1367101669311523,2.2939586639404297,1.1572484970092773,0.9267426133155823,0.9945253729820251,0.9893711805343628,0.3622002899646759,380.89892578125,359.70556640625,0.9950815439224243,-0.32463937997817993,2.6358437538146973,46.23944163322449,53.76055836677551
ILSVRC2012_val_00011208.JPEG,/home/dr-yougart/Desktop/vit_mi/Dataset/ILSVRC2012_img_val/ILSVRC2012_val_00011208.JPEG,983,983,921,True,False,clean_correct_blur_wrong,10.075105667114258,2.4321515560150146,-7.642953872680664,3.284607410430908,-4.883955001831055,-8.168561935424805,3.284607410430908,0.6748313903808594,0.9056889414787292,0.9944174885749817,0.9888116717338562,0.4677084684371948,368.666259765625,373.27783203125,1.0758370161056519,0.5829969644546509,3.4412167072296143,54.935163259506226,45.064833760261536
ILSVRC2012_val_00011209.JPEG,/home/dr-yougart/Desktop/vit_mi/Dataset/ILSVRC2012_img_val/ILSVRC2012_val_00011209.JPEG,592,480,480,False,False,clean_wrong_blur_wrong,8.085619926452637,2.1251165866851807,-5.960503578186035,-1.1174182891845703,-11.453409194946289,-10.335990905761719,1.1174182891845703,7.104787826538086,0.9401299357414246,0.9982190132141113,0.9955658316612244,0.4040537476539612,357.2665100097656,388.0427551269531,1.1337825059890747,1.1437060832977295,3.0527241230010986,61.90297603607178,38.09702396392822
ILSVRC2012_val_00011210.JPEG,/home/dr-yougart/Desktop/vit_mi/Dataset/ILSVRC2012_img_val/ILSVRC2012_val_00011210.JPEG,57,57,57,True,True,clean_correct_blur_correct,13.034134864807129,11.999093055725098,-1.0350418090820312,4.920322418212891,2.8616867065429688,-2.058635711669922,4.920322418212891,2.8616867065429688,0.934881865978241,0.9947044253349304,0.9903596639633179,0.36299705505371094,401.6444396972656,401.9838562011719,1.0364937782287598,-0.08785457164049149,2.610215902328491,49.39097762107849,50.60902237892151
ILSVRC2012_val_00011211.JPEG,/home/dr-yougart/Desktop/vit_mi/Dataset/ILSVRC2012_img_val/ILSVRC2012_val_00011211.JPEG,279,279,279,True,True,clean_correct_blur_correct,14.934967041015625,13.996855735778809,-0.9381113052368164,7.095393180847168,5.553290367126465,-1.5421028137207031,7.095393180847168,5.553290367126465,0.949560284614563,0.9949249625205994,0.9899909496307373,0.2964187264442444,391.18505859375,383.160888671875,1.0230472087860107,-0.10935062170028687,2.0033135414123535,48.08185398578644,51.9181489944458
ILSVRC2012_val_00011212.JPEG,/home/dr-yougart/Desktop/vit_mi/Dataset/ILSVRC2012_img_val/ILSVRC2012_val_00011212.JPEG,226,226,221,True,False,clean_correct_blur_wrong,11.457200050354004,9.37993335723877,-2.0772666931152344,0.035625457763671875,-0.5213232040405273,-0.5569486618041992,0.035625457763671875,0.46944522857666016,0.8996217846870422,0.9918373227119446,0.9843370914459229,0.49417251348495483,342.40985107421875,364.48138427734375,1.1655014753341675,0.7334802150726318,2.651977062225342,59.151118993759155,40.848878026008606
ILSVRC2012_val_00011213.JPEG,/home/dr-yougart/Desktop/vit_mi/Dataset/ILSVRC2012_img_val/ILSVRC2012_val_00011213.JPEG,103,103,103,True,True,clean_correct_blur_correct,15.607662200927734,12.523693084716797,-3.0839691162109375,8.696722030639648,4.512500762939453,-4.184221267700195,8.696722030639648,4.512500762939453,0.8960494995117188,0.9919114112854004,0.9845328330993652,0.4547012448310852,390.40350341796875,360.0705871582031,0.9707179069519043,-0.740251362323761,3.0720252990722656,43.2965874671936,56.7034125328064
ILSVRC2012_val_00011214.JPEG,/home/dr-yougart/Desktop/vit_mi/Dataset/ILSVRC2012_img_val/ILSVRC2012_val_00011214.JPEG,249,249,248,True,False,clean_correct_blur_wrong,13.398350715637207,11.279766082763672,-2.118584632873535,1.3017396926879883,-0.42972373962402344,-1.7314634323120117,1.3017396926879883,0.2138967514038086,0.916965901851654,0.9938563108444214,0.9880877137184143,0.4365066885948181,375.8987121582031,409.9222717285156,1.1561652421951294,1.1222341060638428,2.8823211193084717,62.16578483581543,37.83421218395233
ILSVRC2012_val_00011215.JPEG,/home/dr-yougart/Desktop/vit_mi/Dataset/ILSVRC2012_img_val/ILSVRC2012_val_00011215.JPEG,563,418,418,False,False,clean_wrong_blur_wrong,10.897738456726074,9.756110191345215,-1.1416282653808594,-1.2373313903808594,-2.429655075073242,-1.1923236846923828,1.2373313903808594,2.429655075073242,0.923037052154541,0.9930435419082642,0.9872084856033325,0.40277329087257385,422.1478271484375,452.49920654296875,1.1050552129745483,0.7313170433044434,3.1550893783569336,55.503153800964355,44.496843218803406
ILSVRC2012_val_00011216.JPEG,/home/dr-yougart/Desktop/vit_mi/Dataset/ILSVRC2012_img_val/ILSVRC2012_val_00011216.JPEG,360,360,337,True,False,clean_correct_blur_wrong,12.038379669189453,7.027003288269043,-5.01137638092041,2.6265554428100586,-3.5901384353637695,-6.216693878173828,2.6265554428100586,1.3338966369628906,0.9068478345870972,0.9957054853439331,0.9915719032287598,0.5011436939239502,382.5426940917969,422.9521179199219,1.1490398645401,1.323769450187683,3.7950193881988525,61.60212755203247,38.39787244796753
ILSVRC2012_val_00011217.JPEG,/home/dr-yougart/Desktop/vit_mi/Dataset/ILSVRC2012_img_val/ILSVRC2012_val_00011217.JPEG,403,403,623,True,False,clean_correct_blur_wrong,15.106444358825684,3.407475709915161,-11.698968887329102,7.830814838409424,-5.618788719177246,-13.449604034423828,7.830814838409424,1.7491445541381836,0.8849580883979797,0.9922987222671509,0.986395537853241,0.5281565189361572,394.97686767578125,398.6680603027344,1.0521323680877686,-0.3032907545566559,3.7013773918151855,47.85104990005493,52.14895009994507
ILSVRC2012_val_00011218.JPEG,/home/dr-yougart/Desktop/vit_mi/Dataset/ILSVRC2012_img_val/ILSVRC2012_val_00011218.JPEG,101,385,101,False,True,clean_wrong_blur_correct,13.738460540771484,12.75784683227539,-0.9806137084960938,-0.5820608139038086,0.0811300277709961,0.6631908416748047,0.5820608139038086,0.0811300277709961,0.9134506583213806,0.9933359622955322,0.9867150187492371,0.4259110391139984,350.7677001953125,365.94219970703125,1.0954244136810303,0.5313081741333008,2.589174509048462,56.50400519371033,43.49599480628967
ILSVRC2012_val_00011219.JPEG,/home/dr-yougart/Desktop/vit_mi/Dataset/ILSVRC2012_img_val/ILSVRC2012_val_00011219.JPEG,361,361,361,True,True,clean_correct_blur_correct,15.074847221374512,13.566433906555176,-1.508413314819336,8.596319198608398,8.206470489501953,-0.3898487091064453,8.596319198608398,8.206470489501953,0.9596855044364929,0.996759831905365,0.9931713938713074,0.25868991017341614,461.41912841796875,483.0070495605469,1.0796948671340942,0.887395441532135,2.3028783798217773,62.89736032485962,37.10263967514038
ILSVRC2012_val_00011220.JPEG,/home/dr-yougart/Desktop/vit_mi/Dataset/ILSVRC2012_img_val/ILSVRC2012_val_00011220.JPEG,905,905,905,True,True,clean_correct_blur_correct,11.274801254272461,9.277210235595703,-1.9975910186767578,2.673853874206543,3.5034666061401367,0.8296127319335938,2.673853874206543,3.5034666061401367,0.9126505255699158,0.9953534007072449,0.991245448589325,0.45029082894325256,342.97576904296875,362.8631286621094,1.0861929655075073,0.5625196695327759,3.1636383533477783,54.83212471008301,45.16787230968475
ILSVRC2012_val_00011221.JPEG,/home/dr-yougart/Desktop/vit_mi/Dataset/ILSVRC2012_img_val/ILSVRC2012_val_00011221.JPEG,991,991,996,True,False,clean_correct_blur_wrong,12.807579040527344,7.354700088500977,-5.452878952026367,2.3035049438476562,-4.165884017944336,-6.469388961791992,2.3035049438476562,1.6232185363769531,0.924626886844635,0.9954455494880676,0.9911957383155823,0.4305174946784973,329.6708679199219,353.89923095703125,1.129921317100525,0.9067077040672302,2.8238205909729004,60.75611710548401,39.24387991428375
ILSVRC2012_val_00011222.JPEG,/home/dr-yougart/Desktop/vit_mi/Dataset/ILSVRC2012_img_val/ILSVRC2012_val_00011222.JPEG,89,89,89,True,True,clean_correct_blur_correct,14.089876174926758,11.638602256774902,-2.4512739181518555,8.36668586730957,6.230891704559326,-2.135794162750244,8.36668586730957,6.230891704559326,0.9143962264060974,0.9946781992912292,0.9890401363372803,0.4476986825466156,399.25390625,432.808837890625,1.138331413269043,1.3638588190078735,3.4981930255889893,63.0004346370697,36.99905276298523
ILSVRC2012_val_00011223.JPEG,/home/dr-yougart/Desktop/vit_mi/Dataset/ILSVRC2012_img_val/ILSVRC2012_val_00011223.JPEG,721,721,721,True,True,clean_correct_blur_correct,14.93441104888916,12.04480266571045,-2.889608383178711,10.595111846923828,5.636170864105225,-4.9589409828186035,10.595111846923828,5.636170864105225,0.9455999135971069,0.9971122145652771,0.9923100471496582,0.3413880467414856,332.0338134765625,322.7144775390625,1.0005806684494019,0.07043462991714478,2.4504659175872803,51.746273040771484,48.25320839881897
ILSVRC2012_val_00011224.JPEG,/home/dr-yougart/Desktop/vit_mi/Dataset/ILSVRC2012_img_val/ILSVRC2012_val_00011224.JPEG,358,359,356,False,False,clean_wrong_blur_wrong,12.99620532989502,5.587131023406982,-7.409074306488037,-0.6616573333740234,-0.3844790458679199,0.2771782875061035,0.6616573333740234,0.1342000961303711,0.8908693194389343,0.9945921897888184,0.9900150895118713,0.46848422288894653,394.4656066894531,369.3202819824219,0.9699617624282837,-0.23104597628116608,3.5823910236358643,49.739715456962585,50.260281562805176
ILSVRC2012_val_00011225.JPEG,/home/dr-yougart/Desktop/vit_mi/Dataset/ILSVRC2012_img_val/ILSVRC2012_val_00011225.JPEG,846,905,905,False,False,clean_wrong_blur_wrong,3.3060526847839355,3.105879783630371,-0.20017290115356445,-7.576749324798584,-9.081151962280273,-1.5044026374816895,0.8726062774658203,1.6533451080322266,0.9328058958053589,0.9955182671546936,0.9905088543891907,0.35232746601104736,369.9106750488281,370.3919372558594,1.0375972986221313,0.23097077012062073,2.5582621097564697,53.17515730857849,46.82484567165375
ILSVRC2012_val_00011226.JPEG,/home/dr-yougart/Desktop/vit_mi/Dataset/ILSVRC2012_img_val/ILSVRC2012_val_00011226.JPEG,816,816,584,True,False,clean_correct_blur_wrong,11.679696083068848,7.555834770202637,-4.123861312866211,4.194546699523926,-0.15006589889526367,-4.3446125984191895,4.194546699523926,0.15006589889526367,0.9474058151245117,0.9973878860473633,0.9949796795845032,0.3337991535663605,385.093017578125,361.6903381347656,0.9721659421920776,-0.44610661268234253,2.619079828262329,44.7230726480484,55.27692437171936
ILSVRC2012_val_00011227.JPEG,/home/dr-yougart/Desktop/vit_mi/Dataset/ILSVRC2012_img_val/ILSVRC2012_val_00011227.JPEG,360,360,360,True,True,clean_correct_blur_correct,11.590276718139648,11.170272827148438,-0.42000389099121094,1.6004180908203125,2.3370018005371094,0.7365837097167969,1.6004180908203125,2.3370018005371094,0.9259393811225891,0.9943255186080933,0.989632248878479,0.3641450107097626,432.70941162109375,402.9566345214844,0.9595229625701904,-0.7335723638534546,2.783661365509033,41.31900370121002,58.68099331855774
ILSVRC2012_val_00011228.JPEG,/home/dr-yougart/Desktop/vit_mi/Dataset/ILSVRC2012_img_val/ILSVRC2012_val_00011228.JPEG,391,391,391,True,True,clean_correct_blur_correct,13.97533893585205,13.05480670928955,-0.9205322265625,7.2546067237854,6.200960636138916,-1.0536460876464844,7.2546067237854,6.200960636138916,0.9381798505783081,0.9940434694290161,0.9883307814598083,0.3243502378463745,381.6103210449219,364.95245361328125,0.9864006638526917,-0.4301320016384125,2.2808921337127686,43.96301805973053,56.03698492050171
ILSVRC2012_val_00011229.JPEG,/home/dr-yougart/Desktop/vit_mi/Dataset/ILSVRC2012_img_val/ILSVRC2012_val_00011229.JPEG,256,256,221,True,False,clean_correct_blur_wrong,13.190178871154785,5.8021321296691895,-7.388046741485596,3.1671762466430664,-5.57786226272583,-8.745038986206055,3.1671762466430664,3.4765167236328125,0.9152424931526184,0.9938380718231201,0.9875409603118896,0.4449073374271393,367.3307189941406,402.2190246582031,1.1530046463012695,1.3068722486495972,3.1256487369537354,62.939947843551636,37.060052156448364
ILSVRC2012_val_00011230.JPEG,/home/dr-yougart/Desktop/vit_mi/Dataset/ILSVRC2012_img_val/ILSVRC2012_val_00011230.JPEG,470,470,470,True,True,clean_correct_blur_correct,14.662153244018555,11.700589179992676,-2.961564064025879,7.4331374168396,3.030183792114258,-4.402953624725342,7.4331374168396,3.030183792114258,0.9344367980957031,0.9958087205886841,0.9918668270111084,0.38962021470069885,381.26861572265625,406.4910583496094,1.0986734628677368,0.7334313988685608,2.977015495300293,57.812708616256714,42.187291383743286
ILSVRC2012_val_00011231.JPEG,/home/dr-yougart/Desktop/vit_mi/Dataset/ILSVRC2012_img_val/ILSVRC2012_val_00011231.JPEG,721,721,636,True,False,clean_correct_blur_wrong,9.455867767333984,5.102987766265869,-4.352880001068115,0.4675159454345703,-4.154386043548584,-4.621901988983154,0.4675159454345703,0.26642799377441406,0.9466082453727722,0.9964925646781921,0.9931233525276184,0.365105539560318,361.0443115234375,383.34613037109375,1.100899338722229,0.581601083278656,2.515263557434082,56.71688914299011,43.28311383724213
ILSVRC2012_val_00011232.JPEG,/home/dr-yougart/Desktop/vit_mi/Dataset/ILSVRC2012_img_val/ILSVRC2012_val_00011232.JPEG,952,952,952,True,True,clean_correct_blur_correct,15.050682067871094,13.5828857421875,-1.4677963256835938,11.416181564331055,8.848121643066406,-2.5680599212646484,11.416181564331055,8.848121643066406,0.9239170551300049,0.9909252524375916,0.9807601571083069,0.370683878660202,438.4805908203125,441.484375,1.0491288900375366,0.48272788524627686,3.1436526775360107,55.2179753780365,44.78202164173126
ILSVRC2012_val_00011233.JPEG,/home/dr-yougart/Desktop/vit_mi/Dataset/ILSVRC2012_img_val/ILSVRC2012_val_00011233.JPEG,0,0,0,True,True,clean_correct_blur_correct,15.893821716308594,16.291568756103516,0.3977470397949219,8.437166213989258,7.7979583740234375,-0.6392078399658203,8.437166213989258,7.7979583740234375,0.9463647603988647,0.9958720207214355,0.9913825392723083,0.29941028356552124,409.8884582519531,413.5640869140625,1.0454423427581787,0.41263899207115173,2.3578741550445557,55.778735876083374,44.221267104148865
ILSVRC2012_val_00011234.JPEG,/home/dr-yougart/Desktop/vit_mi/Dataset/ILSVRC2012_img_val/ILSVRC2012_val_00011234.JPEG,970,970,970,True,True,clean_correct_blur_correct,8.624675750732422,5.509799480438232,-3.1148762702941895,2.639101505279541,0.5589079856872559,-2.080193519592285,2.639101505279541,0.5589079856872559,0.9439954161643982,0.9970466494560242,0.9938616752624512,0.35658249258995056,362.2087707519531,373.68634033203125,1.0525307655334473,0.3567986786365509,2.7089834213256836,52.927714586257935,47.072285413742065
ILSVRC2012_val_00011235.JPEG,/home/dr-yougart/Desktop/vit_mi/Dataset/ILSVRC2012_img_val/ILSVRC2012_val_00011235.JPEG,387,387,387,True,True,clean_correct_blur_correct,13.948261260986328,13.279901504516602,-0.6683597564697266,7.024169921875,6.7458086013793945,-0.27836132049560547,7.024169921875,6.7458086013793945,0.9330301880836487,0.9948184490203857,0.9899246096611023,0.38000398874282837,369.5079345703125,393.3915100097656,1.105628490447998,0.8292728662490845,2.685053586959839,60.84328889846802,39.15671408176422
ILSVRC2012_val_00011236.JPEG,/home/dr-yougart/Desktop/vit_mi/Dataset/ILSVRC2012_img_val/ILSVRC2012_val_00011236.JPEG,71,71,71,True,True,clean_correct_blur_correct,14.457052230834961,8.700486183166504,-5.756566047668457,8.533241271972656,0.05754280090332031,-8.475698471069336,8.533241271972656,0.05754280090332031,0.9024216532707214,0.9930437207221985,0.9863870739936829,0.4660138785839081,377.0937805175781,377.7169189453125,1.050584316253662,0.14958533644676208,3.2651987075805664,51.855963468551636,48.144036531448364
ILSVRC2012_val_00011237.JPEG,/home/dr-yougart/Desktop/vit_mi/Dataset/ILSVRC2012_img_val/ILSVRC2012_val_00011237.JPEG,92,92,92,True,True,clean_correct_blur_correct,13.92167854309082,13.455727577209473,-0.46595096588134766,6.093547344207764,5.08827018737793,-1.005277156829834,6.093547344207764,5.08827018737793,0.9406523704528809,0.9932995438575745,0.9869738221168518,0.29417309165000916,374.18621826171875,367.43133544921875,1.022316336631775,0.04461216554045677,1.6801732778549194,51.549166440963745,48.450833559036255
ILSVRC2012_val_00011238.JPEG,/home/dr-yougart/Desktop/vit_mi/Dataset/ILSVRC2012_img_val/ILSVRC2012_val_00011238.JPEG,674,882,488,False,False,clean_wrong_blur_wrong,6.917068004608154,3.900346279144287,-3.016721725463867,-4.660102367401123,-2.442065715789795,2.218036651611328,3.246889114379883,0.7319169044494629,0.9121206402778625,0.9930346608161926,0.9868239760398865,0.45074740052223206,342.56927490234375,363.26318359375,1.1143003702163696,0.6145923137664795,2.79874849319458,56.1631441116333,43.83685290813446
ILSVRC2012_val_00011239.JPEG,/home/dr-yougart/Desktop/vit_mi/Dataset/ILSVRC2012_img_val/ILSVRC2012_val_00011239.JPEG,707,528,844,False,False,clean_wrong_blur_wrong,7.24049711227417,3.360433578491211,-3.880063533782959,-2.036132335662842,-4.304945468902588,-2.268813133239746,0.30956459045410156,0.35190534591674805,0.9063720107078552,0.9940170645713806,0.9888905882835388,0.4552992880344391,359.9590759277344,332.23583984375,0.9686904549598694,-0.9101811051368713,3.0742599964141846,40.33092260360718,59.66907739639282
ILSVRC2012_val_00011240.JPEG,/home/dr-yougart/Desktop/vit_mi/Dataset/ILSVRC2012_img_val/ILSVRC2012_val_00011240.JPEG,200,266,266,False,False,clean_wrong_blur_wrong,7.756862640380859,7.676217555999756,-0.08064508438110352,-3.3475265502929688,-2.1643013954162598,1.183225154876709,1.7998323440551758,0.5301074981689453,0.9393388628959656,0.9952669739723206,0.991065502166748,0.35333338379859924,359.9590759277344,368.9958801269531,1.0896332263946533,0.24923761188983917,2.028724193572998,52.942174673080444,47.057825326919556
ILSVRC2012_val_00011241.JPEG,/home/dr-yougart/Desktop/vit_mi/Dataset/ILSVRC2012_img_val/ILSVRC2012_val_00011241.JPEG,936,936,936,True,True,clean_correct_blur_correct,15.088272094726562,13.916940689086914,-1.1713314056396484,7.160686016082764,6.862059116363525,-0.2986268997192383,7.160686016082764,6.862059116363525,0.9030876755714417,0.9940506815910339,0.9878999590873718,0.4869878590106964,415.5156555175781,444.0105895996094,1.1290088891983032,1.2131288051605225,3.8992698192596436,60.6375515460968,39.3624484539032
ILSVRC2012_val_00011242.JPEG,/home/dr-yougart/Desktop/vit_mi/Dataset/ILSVRC2012_img_val/ILSVRC2012_val_00011242.JPEG,240,238,522,False,False,clean_wrong_blur_wrong,10.886617660522461,2.8663415908813477,-8.020276069641113,-1.502802848815918,-2.942884922027588,-1.44008207321167,0.8277816772460938,0.5798821449279785,0.8741828203201294,0.9911593794822693,0.983130693435669,0.6836690902709961,336.4921569824219,405.2165222167969,1.3269978761672974,1.6600255966186523,3.685605764389038,64.89523649215698,35.10476350784302
ILSVRC2012_val_00011243.JPEG,/home/dr-yougart/Desktop/vit_mi/Dataset/ILSVRC2012_img_val/ILSVRC2012_val_00011243.JPEG,50,50,50,True,True,clean_correct_blur_correct,13.34473991394043,12.002869606018066,-1.3418703079223633,1.7954435348510742,1.109771728515625,-0.6856718063354492,1.7954435348510742,1.109771728515625,0.9396207928657532,0.9957005977630615,0.9916638135910034,0.3197397291660309,425.50103759765625,397.0894470214844,0.9557581543922424,-0.6834689378738403,2.7247543334960938,41.91471338272095,58.08528661727905
ILSVRC2012_val_00011244.JPEG,/home/dr-yougart/Desktop/vit_mi/Dataset/ILSVRC2012_img_val/ILSVRC2012_val_00011244.JPEG,905,905,905,True,True,clean_correct_blur_correct,10.249053955078125,8.845141410827637,-1.4039125442504883,3.357156753540039,2.7717113494873047,-0.5854454040527344,3.357156753540039,2.7717113494873047,0.9395263195037842,0.9950031638145447,0.9894174933433533,0.3361737132072449,398.5814208984375,384.2685852050781,1.0037041902542114,-0.2610752284526825,2.5985169410705566,46.07878625392914,53.9212167263031
ILSVRC2012_val_00011245.JPEG,/home/dr-yougart/Desktop/vit_mi/Dataset/ILSVRC2012_img_val/ILSVRC2012_val_00011245.JPEG,367,367,369,True,False,clean_correct_blur_wrong,14.326863288879395,10.980086326599121,-3.3467769622802734,3.7082290649414062,-2.5669498443603516,-6.275178909301758,3.7082290649414062,2.5669498443603516,0.9483920335769653,0.9961609840393066,0.9924631714820862,0.30321475863456726,408.4087219238281,407.9158020019531,1.022718906402588,0.0583670474588871,2.4272685050964355,50.88382959365845,49.11617040634155
ILSVRC2012_val_00011246.JPEG,/home/dr-yougart/Desktop/vit_mi/Dataset/ILSVRC2012_img_val/ILSVRC2012_val_00011246.JPEG,854,854,818,True,False,clean_correct_blur_wrong,13.365057945251465,4.2493696212768555,-9.11568832397461,4.173749923706055,-4.3513383865356445,-8.5250883102417,4.173749923706055,1.7876272201538086,0.8718006610870361,0.994057297706604,0.9865370988845825,0.5957148671150208,351.8986511230469,390.2630615234375,1.162949562072754,1.2529510259628296,4.027209758758545,61.302828788757324,38.697174191474915
ILSVRC2012_val_00011247.JPEG,/home/dr-yougart/Desktop/vit_mi/Dataset/ILSVRC2012_img_val/ILSVRC2012_val_00011247.JPEG,385,385,385,True,True,clean_correct_blur_correct,11.160954475402832,12.296001434326172,1.1350469589233398,1.026686668395996,0.40551090240478516,-0.6211757659912109,1.026686668395996,0.40551090240478516,0.9944484233856201,0.9994475841522217,0.9987108707427979,0.08640947192907333,381.0121154785156,385.5090026855469,1.0134788751602173,0.15308868885040283,0.710773766040802,57.92617201805115,42.07383096218109
ILSVRC2012_val_00011248.JPEG,/home/dr-yougart/Desktop/vit_mi/Dataset/ILSVRC2012_img_val/ILSVRC2012_val_00011248.JPEG,438,898,969,False,False,clean_wrong_blur_wrong,6.4138288497924805,5.251708030700684,-1.1621208190917969,-2.4246740341186523,-1.6342253684997559,0.7904486656188965,1.0481157302856445,0.390103816986084,0.9167084693908691,0.9945020079612732,0.9886012673377991,0.4935087561607361,358.41461181640625,414.36181640625,1.2129288911819458,1.8393995761871338,3.5581424236297607,67.33999252319336,32.66000747680664
ILSVRC2012_val_00011249.JPEG,/home/dr-yougart/Desktop/vit_mi/Dataset/ILSVRC2012_img_val/ILSVRC2012_val_00011249.JPEG,10,10,10,True,True,clean_correct_blur_correct,11.36470890045166,9.175978660583496,-2.188730239868164,5.312868595123291,3.654341220855713,-1.6585273742675781,5.312868595123291,3.654341220855713,0.9105783700942993,0.9928860068321228,0.9868537783622742,0.448204904794693,383.80126953125,398.8348083496094,1.0945489406585693,0.4118594825267792,3.0148324966430664,52.453774213790894,47.546228766441345
ILSVRC2012_val_00011250.JPEG,/home/dr-yougart/Desktop/vit_mi/Dataset/ILSVRC2012_img_val/ILSVRC2012_val_00011250.JPEG,520,520,520,True,True,clean_correct_blur_correct,14.025540351867676,11.601465225219727,-2.424075126647949,5.13609504699707,0.8197488784790039,-4.316346168518066,5.13609504699707,0.8197488784790039,0.9372696280479431,0.9948412775993347,0.9904685020446777,0.36026912927627563,374.6704406738281,371.3809814453125,1.0313544273376465,-0.2418285310268402,2.3235409259796143,47.094035148620605,52.905964851379395
ILSVRC2012_val_00011251.JPEG,/home/dr-yougart/Desktop/vit_mi/Dataset/ILSVRC2012_img_val/ILSVRC2012_val_00011251.JPEG,223,223,807,True,False,clean_correct_blur_wrong,13.81464958190918,3.4972541332244873,-10.317395210266113,5.362714767456055,-2.962176561355591,-8.324891090393066,5.362714767456055,0.49982786178588867,0.9214596748352051,0.9956260323524475,0.9921360611915588,0.4300585091114044,372.298095703125,385.6443786621094,1.0671110153198242,0.27213484048843384,3.3494873046875,52.59469151496887,47.40531146526337
ILSVRC2012_val_00011252.JPEG,/home/dr-yougart/Desktop/vit_mi/Dataset/ILSVRC2012_img_val/ILSVRC2012_val_00011252.JPEG,790,588,588,False,False,clean_wrong_blur_wrong,11.484128952026367,5.658486366271973,-5.8256425857543945,-5.05986213684082,-1.150498390197754,3.9093637466430664,5.05986213684082,0.6758365631103516,0.917872965335846,0.9957296252250671,0.9919072985649109,0.459713339805603,372.52972412109375,374.01025390625,1.066739559173584,-0.0018237459007650614,3.2965474128723145,51.823490858078,48.176509141922
ILSVRC2012_val_00011253.JPEG,/home/dr-yougart/Desktop/vit_mi/Dataset/ILSVRC2012_img_val/ILSVRC2012_val_00011253.JPEG,363,363,363,True,True,clean_correct_blur_correct,11.183747291564941,9.176909446716309,-2.006837844848633,4.428813457489014,2.7215466499328613,-1.7072668075561523,4.428813457489014,2.7215466499328613,0.8966333270072937,0.9929705262184143,0.9872607588768005,0.5488373041152954,380.8918151855469,444.6630554199219,1.222583532333374,1.6544198989868164,3.9167354106903076,63.67248296737671,36.32751703262329
ILSVRC2012_val_00011254.JPEG,/home/dr-yougart/Desktop/vit_mi/Dataset/ILSVRC2012_img_val/ILSVRC2012_val_00011254.JPEG,780,780,780,True,True,clean_correct_blur_correct,13.469923973083496,11.850043296813965,-1.6198806762695312,3.99990177154541,3.926173210144043,-0.07372856140136719,3.99990177154541,3.926173210144043,0.9620381593704224,0.9966328144073486,0.9933200478553772,0.2766457498073578,342.2098083496094,365.5770568847656,1.1007460355758667,0.668000340461731,1.6856719255447388,60.940372943878174,39.059630036354065
ILSVRC2012_val_00011255.JPEG,/home/dr-yougart/Desktop/vit_mi/Dataset/ILSVRC2012_img_val/ILSVRC2012_val_00011255.JPEG,150,150,150,True,True,clean_correct_blur_correct,11.244654655456543,12.058619499206543,0.81396484375,5.032889366149902,6.123703956604004,1.0908145904541016,5.032889366149902,6.123703956604004,0.9246761798858643,0.9936108589172363,0.9877835512161255,0.39044687151908875,384.3013916015625,403.1543884277344,1.1024409532546997,0.5551705360412598,2.7249066829681396,56.63461685180664,43.3653861284256
ILSVRC2012_val_00011256.JPEG,/home/dr-yougart/Desktop/vit_mi/Dataset/ILSVRC2012_img_val/ILSVRC2012_val_00011256.JPEG,374,374,384,True,False,clean_correct_blur_wrong,14.019508361816406,6.579597473144531,-7.439910888671875,3.4291000366210938,-1.2599682807922363,-4.68906831741333,3.4291000366210938,0.5703110694885254,0.8550268411636353,0.9908652901649475,0.9837460517883301,0.6747398376464844,372.49920654296875,432.7433776855469,1.2192633152008057,1.456047773361206,4.863524436950684,57.7053427696228,42.294660210609436
ILSVRC2012_val_00011257.JPEG,/home/dr-yougart/Desktop/vit_mi/Dataset/ILSVRC2012_img_val/ILSVRC2012_val_00011257.JPEG,333,333,333,True,True,clean_correct_blur_correct,13.746574401855469,13.37192153930664,-0.3746528625488281,9.594608306884766,8.304611206054688,-1.2899971008300781,9.594608306884766,8.304611206054688,0.9580268859863281,0.9970526695251465,0.9938395619392395,0.26802754402160645,389.1130065917969,390.2415466308594,1.0281115770339966,0.41155707836151123,2.1992368698120117,56.60342574119568,43.39657425880432
ILSVRC2012_val_00011258.JPEG,/home/dr-yougart/Desktop/vit_mi/Dataset/ILSVRC2012_img_val/ILSVRC2012_val_00011258.JPEG,200,155,155,False,False,clean_wrong_blur_wrong,8.686439514160156,9.098617553710938,0.41217803955078125,-4.028949737548828,-1.2334156036376953,2.795534133911133,2.556025505065918,0.47257423400878906,0.939649224281311,0.9956779479980469,0.9917086958885193,0.36342853307724,384.6803283691406,408.87469482421875,1.0985133647918701,0.7886126041412354,2.678159475326538,58.69278907775879,41.30721390247345
ILSVRC2012_val_00011259.JPEG,/home/dr-yougart/Desktop/vit_mi/Dataset/ILSVRC2012_img_val/ILSVRC2012_val_00011259.JPEG,939,939,939,True,True,clean_correct_blur_correct,15.668375015258789,13.243171691894531,-2.425203323364258,6.333309173583984,3.374889373779297,-2.9584197998046875,6.333309173583984,3.374889373779297,0.9238827228546143,0.9928753972053528,0.9870847463607788,0.38563990592956543,435.6361083984375,425.21441650390625,1.0207161903381348,-0.552810788154602,2.9996252059936523,43.12862455844879,56.87137246131897
ILSVRC2012_val_00011260.JPEG,/home/dr-yougart/Desktop/vit_mi/Dataset/ILSVRC2012_img_val/ILSVRC2012_val_00011260.JPEG,553,553,553,True,True,clean_correct_blur_correct,15.533852577209473,12.665122032165527,-2.8687305450439453,9.681251525878906,6.115123271942139,-3.5661282539367676,9.681251525878906,6.115123271942139,0.9322715401649475,0.9953623414039612,0.9904835224151611,0.38556668162345886,344.68780517578125,351.9263916015625,1.0672553777694702,0.3544301986694336,2.7420032024383545,53.91547679901123,46.08452618122101
ILSVRC2012_val_00011261.JPEG,/home/dr-yougart/Desktop/vit_mi/Dataset/ILSVRC2012_img_val/ILSVRC2012_val_00011261.JPEG,853,716,448,False,False,clean_wrong_blur_wrong,6.020801067352295,3.755432367324829,-2.265368700027466,-1.8392677307128906,-3.001262903213501,-1.1619951725006104,0.5424718856811523,2.4966659545898438,0.9579238891601562,0.9964678287506104,0.9923509359359741,0.27499279379844666,403.6230773925781,401.19683837890625,1.015551209449768,0.09337129443883896,2.2124993801116943,51.2226939201355,48.7773060798645
ILSVRC2012_val_00011262.JPEG,/home/dr-yougart/Desktop/vit_mi/Dataset/ILSVRC2012_img_val/ILSVRC2012_val_00011262.JPEG,47,47,47,True,True,clean_correct_blur_correct,13.685415267944336,12.563785552978516,-1.1216297149658203,7.353846073150635,7.942202091217041,0.5883560180664062,7.353846073150635,7.942202091217041,0.9255754351615906,0.9950539469718933,0.9909158945083618,0.4148619771003723,337.4180603027344,351.4562683105469,1.0885746479034424,0.538470447063446,2.593554973602295,55.49260377883911,44.50739622116089
ILSVRC2012_val_00011263.JPEG,/home/dr-yougart/Desktop/vit_mi/Dataset/ILSVRC2012_img_val/ILSVRC2012_val_00011263.JPEG,821,821,821,True,True,clean_correct_blur_correct,12.950849533081055,11.711362838745117,-1.2394866943359375,0.9749279022216797,1.7408981323242188,0.7659702301025391,0.9749279022216797,1.7408981323242188,0.9507787823677063,0.9971809387207031,0.9938559532165527,0.3165926933288574,359.7452087402344,359.0302429199219,1.0244922637939453,0.12821045517921448,2.331045150756836,51.39065980911255,48.60933721065521
ILSVRC2012_val_00011264.JPEG,/home/dr-yougart/Desktop/vit_mi/Dataset/ILSVRC2012_img_val/ILSVRC2012_val_00011264.JPEG,918,918,918,True,True,clean_correct_blur_correct,15.84285831451416,15.554399490356445,-0.28845882415771484,11.754762649536133,11.225740432739258,-0.529022216796875,11.754762649536133,11.225740432739258,0.9298972487449646,0.9928748607635498,0.9867927432060242,0.3457229733467102,420.9425354003906,414.1615905761719,1.003458857536316,-0.2754334807395935,2.794471263885498,47.6928174495697,52.3071825504303
ILSVRC2012_val_00011265.JPEG,/home/dr-yougart/Desktop/vit_mi/Dataset/ILSVRC2012_img_val/ILSVRC2012_val_00011265.JPEG,957,968,968,False,False,clean_wrong_blur_wrong,9.478055000305176,5.737975597381592,-3.740079402923584,-1.5004940032958984,-3.694873332977295,-2.1943793296813965,1.5004940032958984,0.3248758316040039,0.9768760800361633,0.9980038404464722,0.9961380958557129,0.21988196671009064,386.29852294921875,383.710693359375,0.9979137778282166,-0.018291648477315903,1.7532423734664917,49.63104426860809,50.368958711624146
ILSVRC2012_val_00011266.JPEG,/home/dr-yougart/Desktop/vit_mi/Dataset/ILSVRC2012_img_val/ILSVRC2012_val_00011266.JPEG,781,781,781,True,True,clean_correct_blur_correct,15.152112007141113,13.798757553100586,-1.3533544540405273,9.213754653930664,7.552854537963867,-1.6609001159667969,9.213754653930664,7.552854537963867,0.923099935054779,0.9961432814598083,0.992729663848877,0.5069254040718079,373.9119567871094,431.6858215332031,1.2135980129241943,1.7260853052139282,3.7714226245880127,64.26665782928467,35.73334515094757
ILSVRC2012_val_00011267.JPEG,/home/dr-yougart/Desktop/vit_mi/Dataset/ILSVRC2012_img_val/ILSVRC2012_val_00011267.JPEG,16,14,371,False,False,clean_wrong_blur_wrong,6.255643844604492,0.9077833890914917,-5.347860336303711,-1.3694519996643066,-5.579899787902832,-4.210447788238525,1.0798110961914062,0.9230756759643555,0.8968273997306824,0.993891179561615,0.9877043962478638,0.6290559768676758,351.1095275878906,440.5504150390625,1.3131557703018188,2.3805463314056396,4.223060607910156,65.59249758720398,34.40750241279602
ILSVRC2012_val_00011268.JPEG,/home/dr-yougart/Desktop/vit_mi/Dataset/ILSVRC2012_img_val/ILSVRC2012_val_00011268.JPEG,731,787,917,False,False,clean_wrong_blur_wrong,4.670759677886963,5.804197788238525,1.1334381103515625,-2.072211742401123,-3.104696750640869,-1.032485008239746,0.06693887710571289,2.736787796020508,0.9306313395500183,0.9948188066482544,0.9906820058822632,0.3787918984889984,399.6099853515625,399.105224609375,1.0141777992248535,-0.17084887623786926,3.1247382164001465,47.86313772201538,52.13686227798462
ILSVRC2012_val_00011269.JPEG,/home/dr-yougart/Desktop/vit_mi/Dataset/ILSVRC2012_img_val/ILSVRC2012_val_00011269.JPEG,771,844,844,False,False,clean_wrong_blur_wrong,8.234779357910156,5.512583255767822,-2.722196102142334,-5.935459136962891,-4.989954471588135,0.9455046653747559,5.935459136962891,2.920985221862793,0.9311269521713257,0.9961912035942078,0.9927470684051514,0.41154152154922485,356.1480407714844,373.551025390625,1.0861424207687378,0.5928259491920471,2.883476734161377,54.659855365753174,45.34014165401459
ILSVRC2012_val_00011270.JPEG,/home/dr-yougart/Desktop/vit_mi/Dataset/ILSVRC2012_img_val/ILSVRC2012_val_00011270.JPEG,978,978,646,True,False,clean_correct_blur_wrong,11.552285194396973,7.234221935272217,-4.318063259124756,3.3577022552490234,-3.728323459625244,-7.086025714874268,3.3577022552490234,3.728323459625244,0.9258522987365723,0.9948070049285889,0.9899691939353943,0.4093613028526306,346.9590148925781,365.9559020996094,1.0932998657226562,0.4275256097316742,2.7461600303649902,56.418609619140625,43.581390380859375
ILSVRC2012_val_00011271.JPEG,/home/dr-yougart/Desktop/vit_mi/Dataset/ILSVRC2012_img_val/ILSVRC2012_val_00011271.JPEG,807,755,755,False,False,clean_wrong_blur_wrong,10.180233001708984,9.725377082824707,-0.45485591888427734,-3.4537086486816406,-2.779696464538574,0.6740121841430664,3.4537086486816406,2.779696464538574,0.9717592000961304,0.9985710382461548,0.9969753623008728,0.2673543691635132,383.9000244140625,409.0194396972656,1.0811140537261963,0.7158762216567993,2.1032443046569824,59.11279916763306,40.88720381259918
ILSVRC2012_val_00011272.JPEG,/home/dr-yougart/Desktop/vit_mi/Dataset/ILSVRC2012_img_val/ILSVRC2012_val_00011272.JPEG,641,641,641,True,True,clean_correct_blur_correct,17.270505905151367,13.516490936279297,-3.7540149688720703,10.625961303710938,6.190061569213867,-4.43589973449707,10.625961303710938,6.190061569213867,0.9279080033302307,0.9949239492416382,0.9905943870544434,0.42839187383651733,352.0740661621094,396.42999267578125,1.1575722694396973,1.0417550802230835,2.715451955795288,62.57476210594177,37.42523789405823
ILSVRC2012_val_00011273.JPEG,/home/dr-yougart/Desktop/vit_mi/Dataset/ILSVRC2012_img_val/ILSVRC2012_val_00011273.JPEG,763,763,763,True,True,clean_correct_blur_correct,11.845843315124512,7.071381568908691,-4.77446174621582,4.572657108306885,1.621994972229004,-2.950662136077881,4.572657108306885,1.621994972229004,0.8621622920036316,0.992131769657135,0.9842849373817444,0.6685752868652344,362.16650390625,410.27978515625,1.2482072114944458,2.0600736141204834,4.645716190338135,64.18240070343018,35.817599296569824
ILSVRC2012_val_00011274.JPEG,/home/dr-yougart/Desktop/vit_mi/Dataset/ILSVRC2012_img_val/ILSVRC2012_val_00011274.JPEG,432,432,432,True,True,clean_correct_blur_correct,14.872257232666016,13.364423751831055,-1.507833480834961,3.378131866455078,2.4640445709228516,-0.9140872955322266,3.378131866455078,2.4640445709228516,0.9390575885772705,0.9953813552856445,0.9905992746353149,0.3338029086589813,453.910888671875,454.43109130859375,1.0307295322418213,0.1752147376537323,3.0976767539978027,52.246683835983276,47.753316164016724
ILSVRC2012_val_00011275.JPEG,/home/dr-yougart/Desktop/vit_mi/Dataset/ILSVRC2012_img_val/ILSVRC2012_val_00011275.JPEG,620,681,590,False,False,clean_wrong_blur_wrong,7.866947650909424,5.507833003997803,-2.359114646911621,-2.769134044647217,-2.290761947631836,0.47837209701538086,1.7176752090454102,0.3266119956970215,0.9359129071235657,0.995145320892334,0.9907410144805908,0.3490860164165497,407.34686279296875,413.0386962890625,1.0364058017730713,0.16195008158683777,2.829113245010376,51.62201523780823,48.37798476219177
ILSVRC2012_val_00011276.JPEG,/home/dr-yougart/Desktop/vit_mi/Dataset/ILSVRC2012_img_val/ILSVRC2012_val_00011276.JPEG,521,521,521,True,True,clean_correct_blur_correct,12.025712966918945,11.374551773071289,-0.6511611938476562,1.4052600860595703,4.520259857177734,3.114999771118164,1.4052600860595703,4.520259857177734,0.9416844248771667,0.9968486428260803,0.9937281012535095,0.33903932571411133,371.9209899902344,362.84112548828125,1.0044490098953247,-0.19189578294754028,2.5358614921569824,47.63953685760498,52.36046314239502
ILSVRC2012_val_00011277.JPEG,/home/dr-yougart/Desktop/vit_mi/Dataset/ILSVRC2012_img_val/ILSVRC2012_val_00011277.JPEG,479,436,436,False,False,clean_wrong_blur_wrong,7.969274044036865,5.667893886566162,-2.301380157470703,-3.241624355316162,-0.5642800331115723,2.67734432220459,3.241624355316162,0.5642800331115723,0.9373448491096497,0.996168315410614,0.9923304915428162,0.3577650785446167,341.2692565917969,341.6641845703125,1.0400310754776,0.16635701060295105,2.3822813034057617,52.256542444229126,47.74346053600311
ILSVRC2012_val_00011278.JPEG,/home/dr-yougart/Desktop/vit_mi/Dataset/ILSVRC2012_img_val/ILSVRC2012_val_00011278.JPEG,25,25,25,True,True,clean_correct_blur_correct,14.427411079406738,13.93844985961914,-0.48896121978759766,4.444998741149902,3.607773780822754,-0.8372249603271484,4.444998741149902,3.607773780822754,0.9909242391586304,0.9988124370574951,0.9977719187736511,0.07870857417583466,360.9903869628906,356.3136291503906,0.9944155216217041,-0.07486818730831146,0.5585289001464844,46.139684319496155,53.860318660736084
ILSVRC2012_val_00011279.JPEG,/home/dr-yougart/Desktop/vit_mi/Dataset/ILSVRC2012_img_val/ILSVRC2012_val_00011279.JPEG,737,907,631,False,False,clean_wrong_blur_wrong,7.608606338500977,5.594033718109131,-2.0145726203918457,-1.1930713653564453,-3.2045083045959473,-2.011436939239502,1.1877284049987793,0.9571046829223633,0.9626079201698303,0.9963315725326538,0.9924806356430054,0.3098721504211426,369.4566345214844,391.52001953125,1.0897934436798096,0.6686167120933533,2.175034761428833,59.63283181190491,40.367165207862854
ILSVRC2012_val_00011280.JPEG,/home/dr-yougart/Desktop/vit_mi/Dataset/ILSVRC2012_img_val/ILSVRC2012_val_00011280.JPEG,784,418,418,False,False,clean_wrong_blur_wrong,9.443750381469727,5.892197132110596,-3.551553249359131,-1.7544803619384766,-3.877875804901123,-2.1233954429626465,1.7544803619384766,1.053786277770996,0.9224473834037781,0.9937657713890076,0.9884181022644043,0.3860895335674286,393.6665344238281,396.94482421875,1.032639980316162,0.035461168736219406,3.0264103412628174,48.8614559173584,51.1385440826416
ILSVRC2012_val_00011281.JPEG,/home/dr-yougart/Desktop/vit_mi/Dataset/ILSVRC2012_img_val/ILSVRC2012_val_00011281.JPEG,368,368,368,True,True,clean_correct_blur_correct,14.612419128417969,14.397306442260742,-0.21511268615722656,5.132081031799316,5.617033004760742,0.4849519729614258,5.132081031799316,5.617033004760742,0.9241706132888794,0.9949618577957153,0.9902485609054565,0.4586658477783203,359.4669494628906,383.1588134765625,1.1574891805648804,0.9158974289894104,2.89357852935791,59.153151512145996,40.846848487854004
ILSVRC2012_val_00011282.JPEG,/home/dr-yougart/Desktop/vit_mi/Dataset/ILSVRC2012_img_val/ILSVRC2012_val_00011282.JPEG,746,746,746,True,True,clean_correct_blur_correct,11.895005226135254,12.555135726928711,0.660130500793457,4.968758583068848,7.7110185623168945,2.742259979248047,4.968758583068848,7.7110185623168945,0.9362218976020813,0.9954485893249512,0.9909085631370544,0.3580224812030792,389.2353210449219,382.2000427246094,1.0083578824996948,-0.107904352247715,2.874891996383667,48.38413596153259,51.61586403846741
ILSVRC2012_val_00011283.JPEG,/home/dr-yougart/Desktop/vit_mi/Dataset/ILSVRC2012_img_val/ILSVRC2012_val_00011283.JPEG,506,506,506,True,True,clean_correct_blur_correct,7.571194648742676,9.645119667053223,2.073925018310547,0.5378251075744629,3.623378276824951,3.0855531692504883,0.5378251075744629,3.623378276824951,0.9087733030319214,0.9932915568351746,0.9866508841514587,0.5081921219825745,343.3516845703125,384.0384216308594,1.1878526210784912,1.2903538942337036,3.258204936981201,62.573933601379395,37.426066398620605
ILSVRC2012_val_00011284.JPEG,/home/dr-yougart/Desktop/vit_mi/Dataset/ILSVRC2012_img_val/ILSVRC2012_val_00011284.JPEG,753,743,851,False,False,clean_wrong_blur_wrong,7.122329235076904,2.0610463619232178,-5.061283111572266,-1.396406650543213,-3.6011130809783936,-2.2047064304351807,1.396406650543213,0.7277517318725586,0.903562068939209,0.9934190511703491,0.9871277809143066,0.47938281297683716,361.7237854003906,371.87860107421875,1.1062408685684204,0.521960973739624,3.21159029006958,55.22736310958862,44.77263689041138
ILSVRC2012_val_00011285.JPEG,/home/dr-yougart/Desktop/vit_mi/Dataset/ILSVRC2012_img_val/ILSVRC2012_val_00011285.JPEG,917,917,481,True,False,clean_correct_blur_wrong,12.337267875671387,8.308480262756348,-4.028787612915039,1.5275907516479492,-0.19931411743164062,-1.7269048690795898,1.5275907516479492,0.19931411743164062,0.9125686883926392,0.9948549866676331,0.99034583568573,0.4671616554260254,358.55828857421875,381.4412841796875,1.118261456489563,0.657759964466095,3.262766122817993,56.663113832473755,43.336886167526245
ILSVRC2012_val_00011286.JPEG,/home/dr-yougart/Desktop/vit_mi/Dataset/ILSVRC2012_img_val/ILSVRC2012_val_00011286.JPEG,773,773,503,True,False,clean_correct_blur_wrong,14.036933898925781,11.743176460266113,-2.293757438659668,5.8701019287109375,-0.010528564453125,-5.8806304931640625,5.8701019287109375,0.010528564453125,0.9351929426193237,0.9950022101402283,0.9896644949913025,0.3621528744697571,382.53985595703125,365.306396484375,0.9770063161849976,-0.38956397771835327,2.8130409717559814,46.50757908821106,53.49242091178894
ILSVRC2012_val_00011287.JPEG,/home/dr-yougart/Desktop/vit_mi/Dataset/ILSVRC2012_img_val/ILSVRC2012_val_00011287.JPEG,71,71,71,True,True,clean_correct_blur_correct,15.393769264221191,14.713671684265137,-0.6800975799560547,10.417369842529297,9.76095962524414,-0.6564102172851562,10.417369842529297,9.76095962524414,0.9763659238815308,0.9974852800369263,0.9943358898162842,0.23676623404026031,436.5299072265625,416.4732971191406,0.9673466086387634,-0.5146967172622681,2.0925846099853516,41.903576254844666,58.096420764923096
ILSVRC2012_val_00011288.JPEG,/home/dr-yougart/Desktop/vit_mi/Dataset/ILSVRC2012_img_val/ILSVRC2012_val_00011288.JPEG,894,894,894,True,True,clean_correct_blur_correct,13.180255889892578,8.764062881469727,-4.416193008422852,6.346108436584473,3.1565775871276855,-3.189530849456787,6.346108436584473,3.1565775871276855,0.9140625,0.9937695860862732,0.9886753559112549,0.5131440162658691,374.36773681640625,419.0025634765625,1.1938462257385254,1.20281183719635,3.522474765777588,58.60266089439392,41.39734208583832
ILSVRC2012_val_00011289.JPEG,/home/dr-yougart/Desktop/vit_mi/Dataset/ILSVRC2012_img_val/ILSVRC2012_val_00011289.JPEG,279,279,279,True,True,clean_correct_blur_correct,14.582414627075195,10.227520942687988,-4.354893684387207,1.6727609634399414,0.7255668640136719,-0.9471940994262695,1.6727609634399414,0.7255668640136719,0.8978835940361023,0.9911066889762878,0.9827456474304199,0.47249606251716614,363.0638427734375,389.0376281738281,1.131693959236145,0.9131526350975037,3.0393283367156982,59.75369215011597,40.24630784988403
ILSVRC2012_val_00011290.JPEG,/home/dr-yougart/Desktop/vit_mi/Dataset/ILSVRC2012_img_val/ILSVRC2012_val_00011290.JPEG,543,543,543,True,True,clean_correct_blur_correct,14.99031925201416,13.70197868347168,-1.2883405685424805,3.887126922607422,2.343153953552246,-1.5439729690551758,3.887126922607422,2.343153953552246,0.9454630613327026,0.9947693347930908,0.9905749559402466,0.3062826991081238,423.4049377441406,421.52587890625,1.013464093208313,-0.05527672916650772,2.7272956371307373,48.929646611213684,51.070356369018555
ILSVRC2012_val_00011291.JPEG,/home/dr-yougart/Desktop/vit_mi/Dataset/ILSVRC2012_img_val/ILSVRC2012_val_00011291.JPEG,331,331,331,True,True,clean_correct_blur_correct,15.144901275634766,13.702696800231934,-1.442204475402832,1.3812932968139648,0.8805227279663086,-0.5007705688476562,1.3812932968139648,0.8805227279663086,0.9331756830215454,0.9940220713615417,0.9896218180656433,0.3411378562450409,395.9508972167969,376.7890625,0.985174298286438,-0.69736647605896,2.440081834793091,41.40317142009735,58.59683156013489
ILSVRC2012_val_00011292.JPEG,/home/dr-yougart/Desktop/vit_mi/Dataset/ILSVRC2012_img_val/ILSVRC2012_val_00011292.JPEG,554,554,554,True,True,clean_correct_blur_correct,15.138864517211914,13.476455688476562,-1.6624088287353516,9.07664680480957,8.108625411987305,-0.9680213928222656,9.07664680480957,8.108625411987305,0.9367823004722595,0.9958265423774719,0.9917526245117188,0.39074718952178955,414.8849792480469,457.0756530761719,1.1474140882492065,1.2498630285263062,3.0284204483032227,61.839860677719116,38.160139322280884
ILSVRC2012_val_00011293.JPEG,/home/dr-yougart/Desktop/vit_mi/Dataset/ILSVRC2012_img_val/ILSVRC2012_val_00011293.JPEG,991,991,991,True,True,clean_correct_blur_correct,14.445977210998535,13.916974067687988,-0.5290031433105469,5.75833797454834,5.044866561889648,-0.7134714126586914,5.75833797454834,5.044866561889648,0.9459680914878845,0.9958280324935913,0.992394208908081,0.3347912132740021,367.2352600097656,358.6110534667969,1.0002727508544922,-0.45684748888015747,2.35518479347229,43.970805406570435,56.029194593429565
ILSVRC2012_val_00011294.JPEG,/home/dr-yougart/Desktop/vit_mi/Dataset/ILSVRC2012_img_val/ILSVRC2012_val_00011294.JPEG,38,38,38,True,True,clean_correct_blur_correct,11.371333122253418,9.723587036132812,-1.6477460861206055,3.6963863372802734,0.8711996078491211,-2.8251867294311523,3.6963863372802734,0.8711996078491211,0.9162673950195312,0.9950326681137085,0.9899240732192993,0.44091469049453735,341.1761474609375,351.19110107421875,1.0789114236831665,0.5794382691383362,3.086925506591797,54.984813928604126,45.01518905162811
ILSVRC2012_val_00011295.JPEG,/home/dr-yougart/Desktop/vit_mi/Dataset/ILSVRC2012_img_val/ILSVRC2012_val_00011295.JPEG,54,66,66,False,False,clean_wrong_blur_wrong,6.900269031524658,6.985666751861572,0.08539772033691406,-6.898614406585693,-6.912675380706787,-0.01406097412109375,2.2263002395629883,1.5201349258422852,0.9605076313018799,0.9959475994110107,0.990959644317627,0.2928183674812317,333.55609130859375,341.6275634765625,1.0436209440231323,0.21337734162807465,1.9142837524414062,53.5822868347168,46.41771614551544
ILSVRC2012_val_00011296.JPEG,/home/dr-yougart/Desktop/vit_mi/Dataset/ILSVRC2012_img_val/ILSVRC2012_val_00011296.JPEG,260,260,260,True,True,clean_correct_blur_correct,13.908628463745117,13.668882369995117,-0.23974609375,5.929014682769775,6.777740478515625,0.8487257957458496,5.929014682769775,6.777740478515625,0.9103993773460388,0.9926983714103699,0.9860807061195374,0.44686952233314514,379.3789367675781,397.1189880371094,1.1238200664520264,0.5637408494949341,2.6704769134521484,56.02918863296509,43.97081136703491
ILSVRC2012_val_00011297.JPEG,/home/dr-yougart/Desktop/vit_mi/Dataset/ILSVRC2012_img_val/ILSVRC2012_val_00011297.JPEG,849,849,901,True,False,clean_correct_blur_wrong,13.036205291748047,7.630336284637451,-5.405869007110596,4.175264358520508,-4.767622470855713,-8.942886352539062,4.175264358520508,3.332935333251953,0.9528618454933167,0.998246431350708,0.9958602786064148,0.33925580978393555,381.65545654296875,398.182373046875,1.0612268447875977,0.5584313869476318,2.681022882461548,55.576592683792114,44.423410296440125
ILSVRC2012_val_00011298.JPEG,/home/dr-yougart/Desktop/vit_mi/Dataset/ILSVRC2012_img_val/ILSVRC2012_val_00011298.JPEG,135,135,135,True,True,clean_correct_blur_correct,15.406303405761719,15.417821884155273,0.011518478393554688,11.363690376281738,9.34140396118164,-2.0222864151000977,11.363690376281738,9.34140396118164,0.9356496334075928,0.9958681464195251,0.9913725852966309,0.35506388545036316,366.46368408203125,359.40948486328125,1.0027446746826172,-0.029641197994351387,2.6241376399993896,50.436317920684814,49.563685059547424
ILSVRC2012_val_00011299.JPEG,/home/dr-yougart/Desktop/vit_mi/Dataset/ILSVRC2012_img_val/ILSVRC2012_val_00011299.JPEG,785,785,785,True,True,clean_correct_blur_correct,13.678812026977539,12.927848815917969,-0.7509632110595703,8.562217712402344,6.932636737823486,-1.6295809745788574,8.562217712402344,6.932636737823486,0.9422057867050171,0.9949816465377808,0.9898673295974731,0.29811498522758484,411.392822265625,419.6950378417969,1.0461660623550415,0.38064655661582947,2.3944878578186035,53.6466121673584,46.35338485240936
ILSVRC2012_val_00011300.JPEG,/home/dr-yougart/Desktop/vit_mi/Dataset/ILSVRC2012_img_val/ILSVRC2012_val_00011300.JPEG,759,759,759,True,True,clean_correct_blur_correct,9.629291534423828,7.899598121643066,-1.7296934127807617,4.1666460037231445,1.6045794486999512,-2.5620665550231934,4.1666460037231445,1.6045794486999512,0.9267178177833557,0.9946647882461548,0.986733078956604,0.3532239496707916,400.7948303222656,376.7608337402344,0.9651736617088318,-0.21955209970474243,2.8362650871276855,48.56177270412445,51.43822431564331
ILSVRC2012_val_00011301.JPEG,/home/dr-yougart/Desktop/vit_mi/Dataset/ILSVRC2012_img_val/ILSVRC2012_val_00011301.JPEG,617,869,617,False,True,clean_wrong_blur_correct,6.960783958435059,9.417645454406738,2.4568614959716797,-2.808399200439453,1.498885154724121,4.307284355163574,0.15790462493896484,1.498885154724121,0.9467349648475647,0.9964870810508728,0.9926852583885193,0.38751283288002014,378.122802734375,428.8541259765625,1.1853551864624023,1.4938565492630005,2.8030011653900146,67.6245927810669,32.375410199165344
ILSVRC2012_val_00011302.JPEG,/home/dr-yougart/Desktop/vit_mi/Dataset/ILSVRC2012_img_val/ILSVRC2012_val_00011302.JPEG,446,563,563,False,False,clean_wrong_blur_wrong,7.207551002502441,6.779785633087158,-0.4277653694152832,-3.2505149841308594,-3.6851792335510254,-0.434664249420166,1.3497123718261719,1.3807668685913086,0.9252843260765076,0.9935206770896912,0.9880714416503906,0.3764593303203583,413.5608215332031,397.2754821777344,1.0030670166015625,-0.4099292457103729,2.961989641189575,44.34725046157837,55.65274953842163
ILSVRC2012_val_00011303.JPEG,/home/dr-yougart/Desktop/vit_mi/Dataset/ILSVRC2012_img_val/ILSVRC2012_val_00011303.JPEG,32,32,32,True,True,clean_correct_blur_correct,11.86839485168457,11.6583251953125,-0.2100696563720703,3.0566015243530273,3.6977367401123047,0.6411352157592773,3.0566015243530273,3.6977367401123047,0.9064106941223145,0.9939587116241455,0.9879631400108337,0.48491808772087097,371.0528869628906,375.5083312988281,1.0810754299163818,0.42026829719543457,3.3401362895965576,52.62168645858765,47.378310561180115
ILSVRC2012_val_00011304.JPEG,/home/dr-yougart/Desktop/vit_mi/Dataset/ILSVRC2012_img_val/ILSVRC2012_val_00011304.JPEG,630,630,834,True,False,clean_correct_blur_wrong,11.9203462600708,8.05281925201416,-3.8675270080566406,2.3559417724609375,-0.33759021759033203,-2.6935319900512695,2.3559417724609375,0.33759021759033203,0.9290810227394104,0.9936732649803162,0.9880816340446472,0.3909892737865448,393.6333312988281,411.10693359375,1.0940642356872559,0.5101383328437805,2.7248783111572266,55.99444508552551,44.00555193424225
ILSVRC2012_val_00011305.JPEG,/home/dr-yougart/Desktop/vit_mi/Dataset/ILSVRC2012_img_val/ILSVRC2012_val_00011305.JPEG,796,796,796,True,True,clean_correct_blur_correct,13.183536529541016,5.62164306640625,-7.561893463134766,4.551959991455078,0.5636048316955566,-3.9883551597595215,4.551959991455078,0.5636048316955566,0.9058026671409607,0.9933743476867676,0.9860089421272278,0.4813705086708069,350.0519714355469,376.5631408691406,1.1280958652496338,0.8317235112190247,3.1785969734191895,58.14390778541565,41.85608923435211
ILSVRC2012_val_00011306.JPEG,/home/dr-yougart/Desktop/vit_mi/Dataset/ILSVRC2012_img_val/ILSVRC2012_val_00011306.JPEG,970,970,782,True,False,clean_correct_blur_wrong,9.605027198791504,4.949052810668945,-4.655974388122559,2.9808506965637207,-1.7962579727172852,-4.777108669281006,2.9808506965637207,0.2709503173828125,0.9234287738800049,0.9927749633789062,0.9870434999465942,0.39340952038764954,330.2314147949219,336.2514343261719,1.055741548538208,0.13599269092082977,2.430297613143921,51.67891979217529,48.32108020782471
ILSVRC2012_val_00011307.JPEG,/home/dr-yougart/Desktop/vit_mi/Dataset/ILSVRC2012_img_val/ILSVRC2012_val_00011307.JPEG,421,421,421,True,True,clean_correct_blur_correct,15.241212844848633,13.926654815673828,-1.3145580291748047,9.639056205749512,8.170982360839844,-1.468073844909668,9.639056205749512,8.170982360839844,0.9246441721916199,0.9937254190444946,0.9882999062538147,0.3843338191509247,373.851806640625,373.1288146972656,1.047958254814148,-0.06477505713701248,2.4509081840515137,49.60774779319763,50.39225220680237
ILSVRC2012_val_00011308.JPEG,/home/dr-yougart/Desktop/vit_mi/Dataset/ILSVRC2012_img_val/ILSVRC2012_val_00011308.JPEG,865,865,860,True,False,clean_correct_blur_wrong,12.698594093322754,9.969064712524414,-2.72952938079834,1.537796974182129,-0.02722644805908203,-1.565023422241211,1.537796974182129,0.02722644805908203,0.9112836718559265,0.9952512979507446,0.9904842972755432,0.4619327783584595,377.3537292480469,410.9845275878906,1.1222883462905884,1.0219242572784424,3.6883320808410645,58.26079249382019,41.73920750617981
ILSVRC2012_val_00011309.JPEG,/home/dr-yougart/Desktop/vit_mi/Dataset/ILSVRC2012_img_val/ILSVRC2012_val_00011309.JPEG,659,659,659,True,True,clean_correct_blur_correct,15.46010971069336,13.756924629211426,-1.7031850814819336,6.390003204345703,5.650603294372559,-0.7393999099731445,6.390003204345703,5.650603294372559,0.9276742935180664,0.9930735230445862,0.9863561391830444,0.368030309677124,368.3189697265625,363.6463623046875,1.0182385444641113,-0.2693842053413391,2.364811658859253,44.88844871520996,55.11155128479004
ILSVRC2012_val_00011310.JPEG,/home/dr-yougart/Desktop/vit_mi/Dataset/ILSVRC2012_img_val/ILSVRC2012_val_00011310.JPEG,917,917,917,True,True,clean_correct_blur_correct,11.77802562713623,8.701435089111328,-3.0765905380249023,2.52426815032959,0.09546470642089844,-2.4288034439086914,2.52426815032959,0.09546470642089844,0.9113359451293945,0.9941978454589844,0.9892488718032837,0.46978139877319336,373.4563903808594,363.3221130371094,1.0191669464111328,-0.5633372068405151,3.2250733375549316,43.41621696949005,56.58378005027771
ILSVRC2012_val_00011311.JPEG,/home/dr-yougart/Desktop/vit_mi/Dataset/ILSVRC2012_img_val/ILSVRC2012_val_00011311.JPEG,170,170,170,True,True,clean_correct_blur_correct,13.312743186950684,12.581290245056152,-0.7314529418945312,3.0584917068481445,2.3259572982788086,-0.7325344085693359,3.0584917068481445,2.3259572982788086,0.9406430721282959,0.9954794049263,0.9917139410972595,0.3386697471141815,356.2227478027344,335.2852478027344,0.9629369378089905,-0.6347822546958923,2.5122554302215576,41.761597990989685,58.238404989242554
ILSVRC2012_val_00011312.JPEG,/home/dr-yougart/Desktop/vit_mi/Dataset/ILSVRC2012_img_val/ILSVRC2012_val_00011312.JPEG,563,563,563,True,True,clean_correct_blur_correct,14.93649673461914,14.51513957977295,-0.4213571548461914,6.56993293762207,3.8368701934814453,-2.733062744140625,6.56993293762207,3.8368701934814453,0.9220712780952454,0.9923491477966309,0.9846274852752686,0.34859171509742737,456.4996337890625,425.0726318359375,0.9519367814064026,-0.6875906586647034,2.962263822555542,42.785581946372986,57.214415073394775
ILSVRC2012_val_00011313.JPEG,/home/dr-yougart/Desktop/vit_mi/Dataset/ILSVRC2012_img_val/ILSVRC2012_val_00011313.JPEG,802,802,802,True,True,clean_correct_blur_correct,14.18542766571045,13.265057563781738,-0.9203701019287109,3.563079833984375,5.4537672996521,1.8906874656677246,3.563079833984375,5.4537672996521,0.934598445892334,0.9954361319541931,0.9919405579566956,0.3510236144065857,428.572998046875,422.9981689453125,1.009549856185913,-0.20405980944633484,3.033259153366089,47.6186066865921,52.38139629364014
ILSVRC2012_val_00011314.JPEG,/home/dr-yougart/Desktop/vit_mi/Dataset/ILSVRC2012_img_val/ILSVRC2012_val_00011314.JPEG,500,500,500,True,True,clean_correct_blur_correct,13.649559020996094,11.626745223999023,-2.0228137969970703,4.84200382232666,4.156569480895996,-0.6854343414306641,4.84200382232666,4.156569480895996,0.9260951280593872,0.9959906935691833,0.9922023415565491,0.4184275269508362,393.32769775390625,417.7979431152344,1.1006112098693848,1.0275189876556396,3.424393653869629,59.548598527908325,40.451398491859436
ILSVRC2012_val_00011315.JPEG,/home/dr-yougart/Desktop/vit_mi/Dataset/ILSVRC2012_img_val/ILSVRC2012_val_00011315.JPEG,95,95,95,True,True,clean_correct_blur_correct,14.873479843139648,15.099676132202148,0.2261962890625,7.920541763305664,9.242378234863281,1.3218364715576172,7.920541763305664,9.242378234863281,0.951712965965271,0.9955406785011292,0.991914689540863,0.2823914587497711,413.77685546875,421.32330322265625,1.0448414087295532,0.24400928616523743,2.1882095336914062,53.85019779205322,46.14980220794678
ILSVRC2012_val_00011316.JPEG,/home/dr-yougart/Desktop/vit_mi/Dataset/ILSVRC2012_img_val/ILSVRC2012_val_00011316.JPEG,255,255,255,True,True,clean_correct_blur_correct,15.611626625061035,15.021390914916992,-0.590235710144043,9.141533851623535,8.964282989501953,-0.17725086212158203,9.141533851623535,8.964282989501953,0.948491096496582,0.9962986707687378,0.9930058121681213,0.28517621755599976,412.5608215332031,393.08953857421875,0.9865686893463135,-0.34914934635162354,2.330700159072876,45.47678530216217,54.52321767807007
ILSVRC2012_val_00011317.JPEG,/home/dr-yougart/Desktop/vit_mi/Dataset/ILSVRC2012_img_val/ILSVRC2012_val_00011317.JPEG,23,23,23,True,True,clean_correct_blur_correct,12.47467041015625,10.568063735961914,-1.906606674194336,7.286673545837402,4.315939426422119,-2.970734119415283,7.286673545837402,4.315939426422119,0.9125187397003174,0.9909335374832153,0.9822356700897217,0.4159151315689087,388.27685546875,396.87420654296875,1.065755009651184,0.1617141216993332,2.7475333213806152,50.86287260055542,49.13713037967682
ILSVRC2012_val_00011318.JPEG,/home/dr-yougart/Desktop/vit_mi/Dataset/ILSVRC2012_img_val/ILSVRC2012_val_00011318.JPEG,852,852,852,True,True,clean_correct_blur_correct,15.375746726989746,15.142732620239258,-0.23301410675048828,7.247400283813477,5.701546669006348,-1.545853614807129,7.247400283813477,5.701546669006348,0.9707825183868408,0.9979378581047058,0.9951801896095276,0.25191381573677063,400.9742126464844,425.7156677246094,1.0831012725830078,0.8253000974655151,2.05208420753479,62.210822105407715,37.789177894592285
ILSVRC2012_val_00011319.JPEG,/home/dr-yougart/Desktop/vit_mi/Dataset/ILSVRC2012_img_val/ILSVRC2012_val_00011319.JPEG,982,982,982,True,True,clean_correct_blur_correct,14.428030014038086,10.159499168395996,-4.26853084564209,5.8782501220703125,2.081207275390625,-3.7970428466796875,5.8782501220703125,2.081207275390625,0.9421152472496033,0.9965692758560181,0.9923043251037598,0.3564528524875641,370.61865234375,390.49468994140625,1.0858110189437866,0.754378616809845,2.7235968112945557,57.93575048446655,42.06424653530121
ILSVRC2012_val_00011320.JPEG,/home/dr-yougart/Desktop/vit_mi/Dataset/ILSVRC2012_img_val/ILSVRC2012_val_00011320.JPEG,39,39,39,True,True,clean_correct_blur_correct,14.667903900146484,9.836423873901367,-4.831480026245117,5.577681541442871,1.9590864181518555,-3.6185951232910156,5.577681541442871,1.9590864181518555,0.9155610799789429,0.9949994683265686,0.9907212257385254,0.5541634559631348,363.323486328125,452.97393798828125,1.280867576599121,2.5019004344940186,4.253452777862549,67.45044589042664,32.549554109573364
ILSVRC2012_val_00011321.JPEG,/home/dr-yougart/Desktop/vit_mi/Dataset/ILSVRC2012_img_val/ILSVRC2012_val_00011321.JPEG,397,397,397,True,True,clean_correct_blur_correct,12.846484184265137,10.779600143432617,-2.0668840408325195,7.55181360244751,5.117555141448975,-2.434258460998535,7.55181360244751,5.117555141448975,0.9541851878166199,0.9965491890907288,0.9930465221405029,0.3095758855342865,387.1171569824219,384.3382568359375,1.0108890533447266,-0.17331457138061523,2.3133113384246826,47.674915194511414,52.32508182525635
ILSVRC2012_val_00011322.JPEG,/home/dr-yougart/Desktop/vit_mi/Dataset/ILSVRC2012_img_val/ILSVRC2012_val_00011322.JPEG,239,239,239,True,True,clean_correct_blur_correct,12.52762508392334,10.972830772399902,-1.5547943115234375,1.9146490097045898,0.34967613220214844,-1.5649728775024414,1.9146490097045898,0.34967613220214844,0.9646993279457092,0.9987538456916809,0.9972188472747803,0.2684134542942047,381.60284423828125,387.8194274902344,1.021997332572937,0.202132910490036,2.219104051589966,53.09218764305115,46.90781533718109
ILSVRC2012_val_00011323.JPEG,/home/dr-yougart/Desktop/vit_mi/Dataset/ILSVRC2012_img_val/ILSVRC2012_val_00011323.JPEG,225,225,225,True,True,clean_correct_blur_correct,14.049823760986328,12.585403442382812,-1.4644203186035156,8.309808731079102,5.945209503173828,-2.3645992279052734,8.309808731079102,5.945209503173828,0.9216059446334839,0.9934897422790527,0.9878196716308594,0.43343585729599,350.1588134765625,368.8550720214844,1.106369972229004,0.32487741112709045,2.6155788898468018,52.89864540100098,47.101351618766785
ILSVRC2012_val_00011324.JPEG,/home/dr-yougart/Desktop/vit_mi/Dataset/ILSVRC2012_img_val/ILSVRC2012_val_00011324.JPEG,701,701,701,True,True,clean_correct_blur_correct,15.767084121704102,15.262413024902344,-0.5046710968017578,10.36451530456543,9.880002975463867,-0.4845123291015625,10.36451530456543,9.880002975463867,0.9371281266212463,0.99244225025177,0.9861292839050293,0.35883089900016785,413.6167907714844,415.3747863769531,1.0589587688446045,-0.08871397376060486,2.3628807067871094,49.35300946235657,50.64699053764343
ILSVRC2012_val_00011325.JPEG,/home/dr-yougart/Desktop/vit_mi/Dataset/ILSVRC2012_img_val/ILSVRC2012_val_00011325.JPEG,290,290,297,True,False,clean_correct_blur_wrong,8.55436897277832,5.085922718048096,-3.4684462547302246,1.0324211120605469,-2.363616466522217,-3.3960375785827637,1.0324211120605469,0.6297454833984375,0.9128237366676331,0.9942482113838196,0.98956298828125,0.4969576597213745,372.0495910644531,422.6300354003906,1.1962782144546509,1.4179216623306274,3.499230146408081,62.346333265304565,37.653666734695435
ILSVRC2012_val_00011326.JPEG,/home/dr-yougart/Desktop/vit_mi/Dataset/ILSVRC2012_img_val/ILSVRC2012_val_00011326.JPEG,691,570,902,False,False,clean_wrong_blur_wrong,10.36682415008545,5.451095104217529,-4.91572904586792,-0.1376361846923828,-0.6029162406921387,-0.46528005599975586,0.1376361846923828,0.030014514923095703,0.9175651669502258,0.9950002431869507,0.9903371930122375,0.4451824128627777,377.2152404785156,396.37548828125,1.1061749458312988,0.743492603302002,3.359684705734253,57.39455223083496,42.60545074939728
ILSVRC2012_val_00011327.JPEG,/home/dr-yougart/Desktop/vit_mi/Dataset/ILSVRC2012_img_val/ILSVRC2012_val_00011327.JPEG,759,759,759,True,True,clean_correct_blur_correct,12.288028717041016,11.292869567871094,-0.9951591491699219,3.667109489440918,2.3698387145996094,-1.2972707748413086,3.667109489440918,2.3698387145996094,0.9507440328598022,0.9958261251449585,0.9920454025268555,0.3102452754974365,395.2790832519531,384.197998046875,0.9846947193145752,-0.281911700963974,2.4847657680511475,46.37229144573212,53.627705574035645
ILSVRC2012_val_00011328.JPEG,/home/dr-yougart/Desktop/vit_mi/Dataset/ILSVRC2012_img_val/ILSVRC2012_val_00011328.JPEG,74,72,943,False,False,clean_wrong_blur_wrong,8.744085311889648,1.8810738325119019,-6.863011360168457,-1.278752326965332,-4.485766887664795,-3.207014560699463,0.9485797882080078,0.06548547744750977,0.9290338754653931,0.9951578378677368,0.9907992482185364,0.37864950299263,400.6405029296875,414.4219665527344,1.0722625255584717,0.4154689610004425,2.9285433292388916,55.790168046951294,44.209831953048706
ILSVRC2012_val_00011329.JPEG,/home/dr-yougart/Desktop/vit_mi/Dataset/ILSVRC2012_img_val/ILSVRC2012_val_00011329.JPEG,671,671,921,True,False,clean_correct_blur_wrong,9.796692848205566,6.205435752868652,-3.591257095336914,1.5390796661376953,-1.0424118041992188,-2.581491470336914,1.5390796661376953,0.4987053871154785,0.9037569165229797,0.9926273822784424,0.9868865013122559,0.4589557945728302,354.8299865722656,350.32086181640625,1.0423680543899536,-0.21820729970932007,2.8449573516845703,47.34485745429993,52.65514254570007
ILSVRC2012_val_00011330.JPEG,/home/dr-yougart/Desktop/vit_mi/Dataset/ILSVRC2012_img_val/ILSVRC2012_val_00011330.JPEG,671,437,880,False,False,clean_wrong_blur_wrong,7.387478351593018,7.991393566131592,0.6039152145385742,-0.6119060516357422,-2.490312099456787,-1.878406047821045,0.6119060516357422,2.490312099456787,0.926685631275177,0.9953672289848328,0.990868866443634,0.43934962153434753,361.5892028808594,397.4465026855469,1.1598957777023315,0.9821134805679321,2.85083270072937,61.35280728340149,38.64719271659851
ILSVRC2012_val_00011331.JPEG,/home/dr-yougart/Desktop/vit_mi/Dataset/ILSVRC2012_img_val/ILSVRC2012_val_00011331.JPEG,16,16,16,True,True,clean_correct_blur_correct,15.46439266204834,14.293111801147461,-1.171280860900879,10.771871566772461,8.977455139160156,-1.7944164276123047,10.771871566772461,8.977455139160156,0.928550660610199,0.994287371635437,0.9881706237792969,0.3752526640892029,354.134765625,363.4736022949219,1.0582290887832642,0.31007900834083557,2.556509256362915,53.2695472240448,46.7304527759552
ILSVRC2012_val_00011332.JPEG,/home/dr-yougart/Desktop/vit_mi/Dataset/ILSVRC2012_img_val/ILSVRC2012_val_00011332.JPEG,948,948,948,True,True,clean_correct_blur_correct,13.239072799682617,13.938582420349121,0.6995096206665039,6.738482475280762,6.802511215209961,0.06402873992919922,6.738482475280762,6.802511215209961,0.9288995862007141,0.991844117641449,0.9844735860824585,0.35801732540130615,380.7335510253906,377.7279968261719,1.0403351783752441,0.12456737458705902,2.379323720932007,49.27666783332825,50.72333216667175
ILSVRC2012_val_00011333.JPEG,/home/dr-yougart/Desktop/vit_mi/Dataset/ILSVRC2012_img_val/ILSVRC2012_val_00011333.JPEG,997,118,947,False,False,clean_wrong_blur_wrong,8.60735034942627,6.587600231170654,-2.0197501182556152,-0.6043243408203125,-0.44774341583251953,0.15658092498779297,0.6043243408203125,0.44774341583251953,0.9375734925270081,0.9965108036994934,0.9925382137298584,0.4178638458251953,415.2237243652344,476.8514404296875,1.1905481815338135,2.1315042972564697,3.6974129676818848,69.0054714679718,30.9945285320282
ILSVRC2012_val_00011334.JPEG,/home/dr-yougart/Desktop/vit_mi/Dataset/ILSVRC2012_img_val/ILSVRC2012_val_00011334.JPEG,484,484,693,True,False,clean_correct_blur_wrong,11.588550567626953,5.643767833709717,-5.944782733917236,1.5338468551635742,-1.8484721183776855,-3.3823189735412598,1.5338468551635742,0.6911158561706543,0.9000855088233948,0.9913652539253235,0.9830980896949768,0.5763351917266846,365.1062927246094,436.5368347167969,1.2923076152801514,2.2831673622131348,3.7475311756134033,69.3197250366211,30.680277943611145
ILSVRC2012_val_00011335.JPEG,/home/dr-yougart/Desktop/vit_mi/Dataset/ILSVRC2012_img_val/ILSVRC2012_val_00011335.JPEG,711,711,711,True,True,clean_correct_blur_correct,12.76557445526123,12.182974815368652,-0.5825996398925781,3.2612533569335938,1.1541690826416016,-2.107084274291992,3.2612533569335938,1.1541690826416016,0.9602330923080444,0.9955447316169739,0.9908693432807922,0.28702256083488464,321.1607971191406,336.2239685058594,1.077641248703003,0.5087540745735168,1.68772292137146,59.690654277801514,40.309345722198486
ILSVRC2012_val_00011336.JPEG,/home/dr-yougart/Desktop/vit_mi/Dataset/ILSVRC2012_img_val/ILSVRC2012_val_00011336.JPEG,615,615,615,True,True,clean_correct_blur_correct,14.723384857177734,13.323307037353516,-1.4000778198242188,9.397027969360352,6.066448211669922,-3.3305797576904297,9.397027969360352,6.066448211669922,0.9459284543991089,0.9957635998725891,0.9909698367118835,0.3453514575958252,373.1309814453125,374.50555419921875,1.0345419645309448,0.18932202458381653,2.508380889892578,50.8863627910614,49.11364018917084
ILSVRC2012_val_00011337.JPEG,/home/dr-yougart/Desktop/vit_mi/Dataset/ILSVRC2012_img_val/ILSVRC2012_val_00011337.JPEG,779,779,779,True,True,clean_correct_blur_correct,12.36926555633545,10.303720474243164,-2.065545082092285,3.8664369583129883,1.8505868911743164,-2.015850067138672,3.8664369583129883,1.8505868911743164,0.9227931499481201,0.9950147867202759,0.9903500080108643,0.4287591278553009,377.64990234375,399.8145751953125,1.0988057851791382,0.5489464402198792,3.1554818153381348,55.23824095726013,44.76175904273987
ILSVRC2012_val_00011338.JPEG,/home/dr-yougart/Desktop/vit_mi/Dataset/ILSVRC2012_img_val/ILSVRC2012_val_00011338.JPEG,984,984,984,True,True,clean_correct_blur_correct,14.857547760009766,11.740270614624023,-3.117277145385742,10.606588363647461,7.323228359222412,-3.283360004425049,10.606588363647461,7.323228359222412,0.9377570748329163,0.9953129291534424,0.9916478991508484,0.33640122413635254,422.35833740234375,428.282958984375,1.0379536151885986,0.13719432055950165,2.7173025608062744,51.86339020729065,48.13661277294159
ILSVRC2012_val_00011339.JPEG,/home/dr-yougart/Desktop/vit_mi/Dataset/ILSVRC2012_img_val/ILSVRC2012_val_00011339.JPEG,38,38,38,True,True,clean_correct_blur_correct,14.232316017150879,14.489829063415527,0.25751304626464844,6.927627086639404,6.276350975036621,-0.6512761116027832,6.927627086639404,6.276350975036621,0.9467247128486633,0.9949852824211121,0.990289568901062,0.3004210293292999,421.0968322753906,427.2225646972656,1.0591119527816772,0.1897529661655426,2.090604305267334,51.865702867507935,48.13378155231476
ILSVRC2012_val_00011340.JPEG,/home/dr-yougart/Desktop/vit_mi/Dataset/ILSVRC2012_img_val/ILSVRC2012_val_00011340.JPEG,197,197,197,True,True,clean_correct_blur_correct,14.640472412109375,11.587068557739258,-3.053403854370117,4.495022773742676,0.4108257293701172,-4.084197044372559,4.495022773742676,0.4108257293701172,0.9127101302146912,0.9937909841537476,0.9883298277854919,0.450305312871933,371.16253662109375,395.3286437988281,1.1239984035491943,0.7924427390098572,2.9843883514404297,57.15913772583008,42.84086525440216
ILSVRC2012_val_00011341.JPEG,/home/dr-yougart/Desktop/vit_mi/Dataset/ILSVRC2012_img_val/ILSVRC2012_val_00011341.JPEG,855,855,855,True,True,clean_correct_blur_correct,16.443628311157227,11.85696029663086,-4.586668014526367,11.79967975616455,2.7945384979248047,-9.005141258239746,11.79967975616455,2.7945384979248047,0.9182296395301819,0.9931628108024597,0.9845383167266846,0.42402157187461853,369.1029968261719,367.1247863769531,1.0400214195251465,0.171592116355896,2.904306411743164,53.26111316680908,46.73888683319092
ILSVRC2012_val_00011342.JPEG,/home/dr-yougart/Desktop/vit_mi/Dataset/ILSVRC2012_img_val/ILSVRC2012_val_00011342.JPEG,167,166,166,False,False,clean_wrong_blur_wrong,6.825457572937012,8.314616203308105,1.4891586303710938,-1.6190900802612305,-0.6220626831054688,0.9970273971557617,1.6190900802612305,0.6220626831054688,0.9396834373474121,0.9964690208435059,0.9932616353034973,0.3523173928260803,398.5782470703125,391.7962341308594,1.002648949623108,-0.2588655650615692,2.813976287841797,47.20657169818878,52.79342532157898
ILSVRC2012_val_00011343.JPEG,/home/dr-yougart/Desktop/vit_mi/Dataset/ILSVRC2012_img_val/ILSVRC2012_val_00011343.JPEG,908,404,404,False,False,clean_wrong_blur_wrong,9.552581787109375,4.761695384979248,-4.790886402130127,-0.750584602355957,-3.991152286529541,-3.240567684173584,0.750584602355957,3.2214903831481934,0.9148971438407898,0.993687093257904,0.9874557256698608,0.4462049901485443,356.23681640625,370.4561462402344,1.093583583831787,0.4852461516857147,2.95589280128479,54.39484119415283,45.60515880584717
ILSVRC2012_val_00011344.JPEG,/home/dr-yougart/Desktop/vit_mi/Dataset/ILSVRC2012_img_val/ILSVRC2012_val_00011344.JPEG,117,117,117,True,True,clean_correct_blur_correct,15.042146682739258,14.9541597366333,-0.08798694610595703,8.789976119995117,8.746137619018555,-0.0438385009765625,8.789976119995117,8.746137619018555,0.9404864311218262,0.994715690612793,0.9889252185821533,0.3212157189846039,423.12249755859375,438.736328125,1.0675355195999146,0.7796175479888916,2.6288576126098633,60.47395467758179,39.52604532241821
ILSVRC2012_val_00011345.JPEG,/home/dr-yougart/Desktop/vit_mi/Dataset/ILSVRC2012_img_val/ILSVRC2012_val_00011345.JPEG,944,944,944,True,True,clean_correct_blur_correct,14.434746742248535,13.88613510131836,-0.5486116409301758,3.5998220443725586,1.1221227645874023,-2.4776992797851562,3.5998220443725586,1.1221227645874023,0.9490572810173035,0.9963119626045227,0.9906947612762451,0.33925917744636536,404.5514221191406,413.8329772949219,1.0591706037521362,0.5422308444976807,2.68752384185791,56.344860792160034,43.65513622760773
ILSVRC2012_val_00011346.JPEG,/home/dr-yougart/Desktop/vit_mi/Dataset/ILSVRC2012_img_val/ILSVRC2012_val_00011346.JPEG,487,487,487,True,True,clean_correct_blur_correct,12.778399467468262,11.345845222473145,-1.4325542449951172,3.3717470169067383,1.1365718841552734,-2.235175132751465,3.3717470169067383,1.1365718841552734,0.9612099528312683,0.9970817565917969,0.994175374507904,0.2971910834312439,335.546142578125,358.82916259765625,1.0889499187469482,0.6134927272796631,1.931661605834961,60.366642475128174,39.633357524871826
ILSVRC2012_val_00011347.JPEG,/home/dr-yougart/Desktop/vit_mi/Dataset/ILSVRC2012_img_val/ILSVRC2012_val_00011347.JPEG,953,953,953,True,True,clean_correct_blur_correct,15.415813446044922,13.973637580871582,-1.4421758651733398,8.336309432983398,8.6484375,0.31212806701660156,8.336309432983398,8.6484375,0.9460622072219849,0.9964126944541931,0.9928369522094727,0.3247476816177368,393.8863525390625,385.5631408691406,0.998705267906189,0.03076503612101078,2.7888710498809814,49.2227703332901,50.77722668647766
ILSVRC2012_val_00011348.JPEG,/home/dr-yougart/Desktop/vit_mi/Dataset/ILSVRC2012_img_val/ILSVRC2012_val_00011348.JPEG,949,949,949,True,True,clean_correct_blur_correct,13.622313499450684,11.507519721984863,-2.1147937774658203,9.604768753051758,5.979789733886719,-3.624979019165039,9.604768753051758,5.979789733886719,0.9310018420219421,0.9956818222999573,0.991481602191925,0.38396695256233215,383.3260498046875,385.6715087890625,1.0305885076522827,0.04969368129968643,2.9168715476989746,49.82031285762787,50.17968416213989
ILSVRC2012_val_00011349.JPEG,/home/dr-yougart/Desktop/vit_mi/Dataset/ILSVRC2012_img_val/ILSVRC2012_val_00011349.JPEG,243,233,243,False,True,clean_wrong_blur_correct,9.845742225646973,8.500842094421387,-1.344900131225586,-0.014230728149414062,0.08920764923095703,0.1034383773803711,0.014230728149414062,0.08920764923095703,0.9333349466323853,0.9957842826843262,0.9918686747550964,0.3753097653388977,349.60601806640625,352.6671447753906,1.0418150424957275,0.16246215999126434,2.514580011367798,52.05070972442627,47.94929027557373
ILSVRC2012_val_00011350.JPEG,/home/dr-yougart/Desktop/vit_mi/Dataset/ILSVRC2012_img_val/ILSVRC2012_val_00011350.JPEG,431,431,431,True,True,clean_correct_blur_correct,14.899187088012695,14.273815155029297,-0.6253719329833984,5.085112571716309,3.0129594802856445,-2.072153091430664,5.085112571716309,3.0129594802856445,0.9510371685028076,0.996547281742096,0.9928563833236694,0.3503870368003845,403.1065368652344,428.59442138671875,1.1052274703979492,0.9771812558174133,2.7454679012298584,61.886751651763916,38.11325132846832
ILSVRC2012_val_00011351.JPEG,/home/dr-yougart/Desktop/vit_mi/Dataset/ILSVRC2012_img_val/ILSVRC2012_val_00011351.JPEG,333,333,333,True,True,clean_correct_blur_correct,13.43632698059082,12.380573272705078,-1.0557537078857422,6.161922931671143,6.83853816986084,0.6766152381896973,6.161922931671143,6.83853816986084,0.9660795331001282,0.9964256286621094,0.9930997490882874,0.26206961274147034,339.0010070800781,351.0719909667969,1.055871844291687,0.43879756331443787,1.8460462093353271,58.2513153553009,41.748687624931335
ILSVRC2012_val_00011352.JPEG,/home/dr-yougart/Desktop/vit_mi/Dataset/ILSVRC2012_img_val/ILSVRC2012_val_00011352.JPEG,560,560,560,True,True,clean_correct_blur_correct,16.817119598388672,12.9009370803833,-3.916182518005371,10.779258728027344,6.916062355041504,-3.86319637298584,10.779258728027344,6.916062355041504,0.9015111327171326,0.9914346933364868,0.9829453229904175,0.44409361481666565,420.6115417480469,423.0975341796875,1.06369948387146,0.2739892601966858,3.392988681793213,52.18175649642944,47.81824350357056
ILSVRC2012_val_00011353.JPEG,/home/dr-yougart/Desktop/vit_mi/Dataset/ILSVRC2012_img_val/ILSVRC2012_val_00011353.JPEG,364,364,364,True,True,clean_correct_blur_correct,13.229708671569824,11.027609825134277,-2.202098846435547,2.375411033630371,0.22786426544189453,-2.1475467681884766,2.375411033630371,0.22786426544189453,0.9282836318016052,0.9946009516716003,0.9897966384887695,0.39111730456352234,374.4502258300781,381.51214599609375,1.0671626329421997,0.2561788260936737,2.539888858795166,52.54562497138977,47.45437800884247
ILSVRC2012_val_00011354.JPEG,/home/dr-yougart/Desktop/vit_mi/Dataset/ILSVRC2012_img_val/ILSVRC2012_val_00011354.JPEG,354,354,354,True,True,clean_correct_blur_correct,14.12217903137207,14.08228874206543,-0.039890289306640625,8.242064476013184,8.268732070922852,0.02666759490966797,8.242064476013184,8.268732070922852,0.9372565746307373,0.9963127970695496,0.9926202893257141,0.3803982138633728,376.2540283203125,403.725830078125,1.1014553308486938,0.9295751452445984,3.041102886199951,59.66426134109497,40.33574163913727
ILSVRC2012_val_00011355.JPEG,/home/dr-yougart/Desktop/vit_mi/Dataset/ILSVRC2012_img_val/ILSVRC2012_val_00011355.JPEG,667,591,747,False,False,clean_wrong_blur_wrong,3.788710594177246,2.076228141784668,-1.7124824523925781,-3.899275302886963,-3.6846985816955566,0.21457672119140625,0.9921464920043945,0.15383434295654297,0.8764773011207581,0.9930928349494934,0.9866463541984558,0.7017360329627991,363.3586120605469,462.6092529296875,1.3684945106506348,2.9155056476593018,4.927184581756592,69.75396871566772,30.246031284332275
ILSVRC2012_val_00011356.JPEG,/home/dr-yougart/Desktop/vit_mi/Dataset/ILSVRC2012_img_val/ILSVRC2012_val_00011356.JPEG,171,171,171,True,True,clean_correct_blur_correct,13.698421478271484,13.008079528808594,-0.6903419494628906,3.56119441986084,3.3902082443237305,-0.17098617553710938,3.56119441986084,3.3902082443237305,0.9347299933433533,0.9956169724464417,0.9916949272155762,0.40331560373306274,349.9221496582031,383.8144226074219,1.145026683807373,0.9587410092353821,2.6745517253875732,61.37726306915283,38.62273693084717
ILSVRC2012_val_00011357.JPEG,/home/dr-yougart/Desktop/vit_mi/Dataset/ILSVRC2012_img_val/ILSVRC2012_val_00011357.JPEG,127,127,127,True,True,clean_correct_blur_correct,13.833915710449219,7.058531284332275,-6.775384426116943,4.726406097412109,2.386752128601074,-2.339653968811035,4.726406097412109,2.386752128601074,0.9063695669174194,0.9929826855659485,0.9863685965538025,0.5081866383552551,344.747314453125,383.00115966796875,1.1885340213775635,1.0098093748092651,3.053887128829956,61.73393130302429,38.26607167720795
ILSVRC2012_val_00011358.JPEG,/home/dr-yougart/Desktop/vit_mi/Dataset/ILSVRC2012_img_val/ILSVRC2012_val_00011358.JPEG,626,626,626,True,True,clean_correct_blur_correct,14.350332260131836,14.214704513549805,-0.13562774658203125,9.93760871887207,9.270003318786621,-0.6676054000854492,9.93760871887207,9.270003318786621,0.9401240944862366,0.9944605827331543,0.989543080329895,0.311635822057724,403.2326354980469,398.7432556152344,1.0386642217636108,0.023348255082964897,2.1776609420776367,49.88219738006592,50.11780261993408
ILSVRC2012_val_00011359.JPEG,/home/dr-yougart/Desktop/vit_mi/Dataset/ILSVRC2012_img_val/ILSVRC2012_val_00011359.JPEG,640,640,626,True,False,clean_correct_blur_wrong,14.876056671142578,7.669826984405518,-7.2062296867370605,8.23808479309082,-2.1985325813293457,-10.436616897583008,8.23808479309082,2.1985325813293457,0.9070561528205872,0.9954246878623962,0.990442156791687,0.45271992683410645,370.5775146484375,367.4493103027344,1.0346018075942993,0.25405213236808777,3.3733742237091064,51.733946800231934,48.266053199768066
ILSVRC2012_val_00011360.JPEG,/home/dr-yougart/Desktop/vit_mi/Dataset/ILSVRC2012_img_val/ILSVRC2012_val_00011360.JPEG,959,959,959,True,True,clean_correct_blur_correct,14.904632568359375,13.750140190124512,-1.1544923782348633,9.161109924316406,5.530364036560059,-3.6307458877563477,9.161109924316406,5.530364036560059,0.9538875222206116,0.9969975352287292,0.9937905073165894,0.30609872937202454,382.298828125,374.5602722167969,1.005666971206665,-0.03470112010836601,2.507833480834961,50.39186477661133,49.60813522338867
ILSVRC2012_val_00011361.JPEG,/home/dr-yougart/Desktop/vit_mi/Dataset/ILSVRC2012_img_val/ILSVRC2012_val_00011361.JPEG,535,535,535,True,True,clean_correct_blur_correct,14.46281909942627,13.640210151672363,-0.8226089477539062,3.7487449645996094,3.0834569931030273,-0.665287971496582,3.7487449645996094,3.0834569931030273,0.9207639098167419,0.9936532974243164,0.9879968762397766,0.3989228308200836,394.63970947265625,382.2462463378906,0.9999579787254333,-0.6060353517532349,2.980612277984619,43.39374601840973,56.60625696182251
ILSVRC2012_val_00011362.JPEG,/home/dr-yougart/Desktop/vit_mi/Dataset/ILSVRC2012_img_val/ILSVRC2012_val_00011362.JPEG,446,446,446,True,True,clean_correct_blur_correct,14.896689414978027,11.083450317382812,-3.813239097595215,9.18083381652832,3.8665266036987305,-5.31430721282959,9.18083381652832,3.8665266036987305,0.9405889511108398,0.9957219362258911,0.9913879632949829,0.3667602837085724,373.7658996582031,370.49639892578125,1.0248452425003052,0.011669588275253773,2.4564199447631836,48.834410309791565,51.165586709976196
ILSVRC2012_val_00011363.JPEG,/home/dr-yougart/Desktop/vit_mi/Dataset/ILSVRC2012_img_val/ILSVRC2012_val_00011363.JPEG,704,412,877,False,False,clean_wrong_blur_wrong,4.682192325592041,6.65097188949585,1.9687795639038086,-2.5317893028259277,-1.0287981033325195,1.5029911994934082,1.0052943229675293,1.0287981033325195,0.9346421957015991,0.9966005682945251,0.9927049875259399,0.410239577293396,343.693603515625,375.0549621582031,1.1188726425170898,0.7591232657432556,2.9008326530456543,57.962167263031006,42.037832736968994
ILSVRC2012_val_00011364.JPEG,/home/dr-yougart/Desktop/vit_mi/Dataset/ILSVRC2012_img_val/ILSVRC2012_val_00011364.JPEG,904,904,904,True,True,clean_correct_blur_correct,11.41921329498291,10.008490562438965,-1.4107227325439453,1.5197629928588867,3.0571436882019043,1.5373806953430176,1.5197629928588867,3.0571436882019043,0.9250472784042358,0.9927284717559814,0.9862399697303772,0.3884446620941162,402.6651916503906,387.2252502441406,0.9801105856895447,-0.3785620331764221,3.1720004081726074,43.09287071228027,56.90712928771973
ILSVRC2012_val_00011365.JPEG,/home/dr-yougart/Desktop/vit_mi/Dataset/ILSVRC2012_img_val/ILSVRC2012_val_00011365.JPEG,700,700,281,True,False,clean_correct_blur_wrong,12.882308959960938,6.503036975860596,-6.379271984100342,5.364323616027832,-1.0662102699279785,-6.4305338859558105,5.364323616027832,0.1235957145690918,0.9263356924057007,0.9938014149665833,0.9879816174507141,0.39374712109565735,371.74127197265625,385.5271911621094,1.0889537334442139,0.41314196586608887,2.627755641937256,54.900187253952026,45.099809765815735
ILSVRC2012_val_00011366.JPEG,/home/dr-yougart/Desktop/vit_mi/Dataset/ILSVRC2012_img_val/ILSVRC2012_val_00011366.JPEG,776,889,822,False,False,clean_wrong_blur_wrong,8.092689514160156,5.958518028259277,-2.134171485900879,-3.2309799194335938,-2.456576347351074,0.7744035720825195,1.2750663757324219,0.43077993392944336,0.9339331984519958,0.9964599609375,0.9932451248168945,0.39330166578292847,382.71807861328125,392.4483337402344,1.0645877122879028,0.18154162168502808,2.9779481887817383,51.17673873901367,48.82326424121857
ILSVRC2012_val_00011367.JPEG,/home/dr-yougart/Desktop/vit_mi/Dataset/ILSVRC2012_img_val/ILSVRC2012_val_00011367.JPEG,655,450,830,False,False,clean_wrong_blur_wrong,4.253128528594971,1.6539009809494019,-2.5992274284362793,-1.988257884979248,-4.172667980194092,-2.1844100952148438,0.6905021667480469,0.24903154373168945,0.9366350173950195,0.9963279366493225,0.9926187992095947,0.3568577170372009,393.2030029296875,400.8812561035156,1.052462100982666,0.3913782835006714,2.8438706398010254,53.74684929847717,46.25315070152283
ILSVRC2012_val_00011368.JPEG,/home/dr-yougart/Desktop/vit_mi/Dataset/ILSVRC2012_img_val/ILSVRC2012_val_00011368.JPEG,263,263,263,True,True,clean_correct_blur_correct,13.262239456176758,12.803288459777832,-0.4589509963989258,2.4014434814453125,0.4082050323486328,-1.9932384490966797,2.4014434814453125,0.4082050323486328,0.883662760257721,0.9883402585983276,0.9785618782043457,0.5103030800819397,354.1437683105469,382.13330078125,1.1784194707870483,0.7756974101066589,2.5635602474212646,60.028958320617676,39.971038699150085
ILSVRC2012_val_00011369.JPEG,/home/dr-yougart/Desktop/vit_mi/Dataset/ILSVRC2012_img_val/ILSVRC2012_val_00011369.JPEG,132,132,132,True,True,clean_correct_blur_correct,12.627068519592285,11.994667053222656,-0.6324014663696289,4.905378341674805,4.28054666519165,-0.6248316764831543,4.905378341674805,4.28054666519165,0.9483217597007751,0.9942837953567505,0.9889321327209473,0.30210405588150024,398.4993896484375,393.0252990722656,1.0170886516571045,-0.024272682145237923,2.1673779487609863,51.18060111999512,48.81939888000488
ILSVRC2012_val_00011370.JPEG,/home/dr-yougart/Desktop/vit_mi/Dataset/ILSVRC2012_img_val/ILSVRC2012_val_00011370.JPEG,441,441,441,True,True,clean_correct_blur_correct,12.443228721618652,9.768698692321777,-2.674530029296875,5.9444260597229,3.7300353050231934,-2.214390754699707,5.9444260597229,3.7300353050231934,0.9220799207687378,0.9940632581710815,0.988621711730957,0.47451847791671753,365.6455383300781,429.33306884765625,1.2290235757827759,1.8454856872558594,3.395165205001831,68.75419020652771,31.24581277370453
ILSVRC2012_val_00011371.JPEG,/home/dr-yougart/Desktop/vit_mi/Dataset/ILSVRC2012_img_val/ILSVRC2012_val_00011371.JPEG,802,802,802,True,True,clean_correct_blur_correct,13.557002067565918,12.508584976196289,-1.048417091369629,1.6653251647949219,2.7593040466308594,1.0939788818359375,1.6653251647949219,2.7593040466308594,0.9213047623634338,0.994157075881958,0.9886196851730347,0.3817799687385559,411.3563537597656,412.6741027832031,1.040665864944458,0.20504149794578552,2.9220023155212402,52.4397611618042,47.5602388381958
ILSVRC2012_val_00011372.JPEG,/home/dr-yougart/Desktop/vit_mi/Dataset/ILSVRC2012_img_val/ILSVRC2012_val_00011372.JPEG,342,342,342,True,True,clean_correct_blur_correct,13.113460540771484,11.223774909973145,-1.8896856307983398,1.1332883834838867,0.08691692352294922,-1.0463714599609375,1.1332883834838867,0.08691692352294922,0.937101423740387,0.9952948689460754,0.9907376766204834,0.3639853000640869,392.4366760253906,403.7651062011719,1.0597845315933228,0.37832003831863403,2.9476709365844727,54.736900329589844,45.263099670410156
ILSVRC2012_val_00011373.JPEG,/home/dr-yougart/Desktop/vit_mi/Dataset/ILSVRC2012_img_val/ILSVRC2012_val_00011373.JPEG,207,207,207,True,True,clean_correct_blur_correct,9.74802017211914,7.965113162994385,-1.7829070091247559,2.223085403442383,0.10584878921508789,-2.117236614227295,2.223085403442383,0.10584878921508789,0.9243433475494385,0.9947859048843384,0.9898406267166138,0.3974108099937439,353.8891906738281,372.29644775390625,1.0794459581375122,0.4367286264896393,2.68681263923645,54.235535860061646,45.76446712017059
ILSVRC2012_val_00011374.JPEG,/home/dr-yougart/Desktop/vit_mi/Dataset/ILSVRC2012_img_val/ILSVRC2012_val_00011374.JPEG,323,323,323,True,True,clean_correct_blur_correct,12.78835391998291,10.322783470153809,-2.4655704498291016,6.611359119415283,5.027848720550537,-1.583510398864746,6.611359119415283,5.027848720550537,0.9505734443664551,0.994042158126831,0.9881380796432495,0.32050058245658875,403.46429443359375,395.386474609375,1.0175142288208008,-0.08866553753614426,2.514599561691284,49.59947466850281,50.40052533149719
ILSVRC2012_val_00011375.JPEG,/home/dr-yougart/Desktop/vit_mi/Dataset/ILSVRC2012_img_val/ILSVRC2012_val_00011375.JPEG,96,96,96,True,True,clean_correct_blur_correct,14.361865043640137,12.721884727478027,-1.6399803161621094,8.51341438293457,6.880332946777344,-1.6330814361572266,8.51341438293457,6.880332946777344,0.9520246386528015,0.996656596660614,0.993969738483429,0.326185017824173,394.9540710449219,408.02008056640625,1.053115725517273,0.17453186213970184,2.5145578384399414,51.7126202583313,48.2873797416687
ILSVRC2012_val_00011376.JPEG,/home/dr-yougart/Desktop/vit_mi/Dataset/ILSVRC2012_img_val/ILSVRC2012_val_00011376.JPEG,413,413,413,True,True,clean_correct_blur_correct,9.384689331054688,7.672708034515381,-1.7119812965393066,1.1340646743774414,0.12191915512084961,-1.0121455192565918,1.1340646743774414,0.12191915512084961,0.9329330921173096,0.9946164488792419,0.9897667765617371,0.3649889826774597,401.9447937011719,396.3050842285156,1.0308915376663208,-0.23139305412769318,2.666517496109009,46.89388573169708,53.10611128807068
ILSVRC2012_val_00011377.JPEG,/home/dr-yougart/Desktop/vit_mi/Dataset/ILSVRC2012_img_val/ILSVRC2012_val_00011377.JPEG,795,795,795,True,True,clean_correct_blur_correct,9.983396530151367,6.653566837310791,-3.329829692840576,4.328188419342041,1.81697416305542,-2.511214256286621,4.328188419342041,1.81697416305542,0.9044201374053955,0.9930251836776733,0.9867612719535828,0.47673913836479187,360.512451171875,360.4636535644531,1.0721219778060913,0.10929430276155472,3.06740140914917,50.60381889343262,49.39618408679962
ILSVRC2012_val_00011378.JPEG,/home/dr-yougart/Desktop/vit_mi/Dataset/ILSVRC2012_img_val/ILSVRC2012_val_00011378.JPEG,905,760,811,False,False,clean_wrong_blur_wrong,5.3570404052734375,4.629912853240967,-0.7271275520324707,-3.2400426864624023,-3.5198683738708496,-0.27982568740844727,0.7096729278564453,1.8039116859436035,0.9109433889389038,0.9938388466835022,0.9883453845977783,0.5012773275375366,379.1831970214844,428.4064025878906,1.1809388399124146,1.3655364513397217,3.646333694458008,60.93916296958923,39.060840010643005
ILSVRC2012_val_00011379.JPEG,/home/dr-yougart/Desktop/vit_mi/Dataset/ILSVRC2012_img_val/ILSVRC2012_val_00011379.JPEG,74,74,73,True,False,clean_correct_blur_wrong,13.547402381896973,10.16761302947998,-3.379789352416992,0.9054327011108398,-3.265078544616699,-4.170511245727539,0.9054327011108398,2.6217050552368164,0.9241735339164734,0.9950757622718811,0.9910128116607666,0.4910580813884735,372.2699279785156,441.1950988769531,1.244351863861084,1.7680718898773193,3.4491775035858154,67.78429746627808,32.215702533721924
ILSVRC2012_val_00011380.JPEG,/home/dr-yougart/Desktop/vit_mi/Dataset/ILSVRC2012_img_val/ILSVRC2012_val_00011380.JPEG,140,140,140,True,True,clean_correct_blur_correct,8.49424934387207,7.012917518615723,-1.4813318252563477,0.3583030700683594,0.047102928161621094,-0.3112001419067383,0.3583030700683594,0.047102928161621094,0.9189790487289429,0.9939985275268555,0.9886451959609985,0.41178831458091736,379.15673828125,403.3756408691406,1.1169484853744507,0.9153074622154236,2.8534300327301025,61.32100820541382,38.67899179458618
ILSVRC2012_val_00011381.JPEG,/home/dr-yougart/Desktop/vit_mi/Dataset/ILSVRC2012_img_val/ILSVRC2012_val_00011381.JPEG,180,256,159,False,False,clean_wrong_blur_wrong,7.4305572509765625,6.01237154006958,-1.4181857109069824,-2.274502754211426,-2.58836030960083,-0.3138575553894043,0.2322244644165039,0.35930538177490234,0.907020092010498,0.9931066632270813,0.9870943427085876,0.4806225001811981,369.0301818847656,401.82305908203125,1.164310336112976,0.9062221050262451,3.061915397644043,60.48988699913025,39.51011002063751
ILSVRC2012_val_00011382.JPEG,/home/dr-yougart/Desktop/vit_mi/Dataset/ILSVRC2012_img_val/ILSVRC2012_val_00011382.JPEG,317,317,317,True,True,clean_correct_blur_correct,14.468805313110352,9.177167892456055,-5.291637420654297,7.18264102935791,2.3552918434143066,-4.8273491859436035,7.18264102935791,2.3552918434143066,0.9056089520454407,0.9928057193756104,0.985349714756012,0.5104956030845642,374.9634094238281,384.4071960449219,1.087741494178772,0.23924477398395538,3.6027491092681885,51.58058404922485,48.419418931007385
ILSVRC2012_val_00011383.JPEG,/home/dr-yougart/Desktop/vit_mi/Dataset/ILSVRC2012_img_val/ILSVRC2012_val_00011383.JPEG,107,107,525,True,False,clean_correct_blur_wrong,8.250798225402832,0.3343905508518219,-7.916407585144043,1.1651077270507812,-6.264055252075195,-7.429162979125977,1.1651077270507812,0.8066864013671875,0.9103001356124878,0.9944483041763306,0.989231526851654,0.5037751197814941,384.118896484375,441.3377685546875,1.1927425861358643,1.7485212087631226,3.922403573989868,63.57088088989258,36.42911612987518
ILSVRC2012_val_00011384.JPEG,/home/dr-yougart/Desktop/vit_mi/Dataset/ILSVRC2012_img_val/ILSVRC2012_val_00011384.JPEG,162,166,166,False,False,clean_wrong_blur_wrong,11.780939102172852,11.977946281433105,0.1970071792602539,-0.9534616470336914,-0.23045063018798828,0.7230110168457031,0.9534616470336914,0.23045063018798828,0.9133283495903015,0.9921350479125977,0.9857780933380127,0.4237593412399292,348.03875732421875,352.6566467285156,1.0841470956802368,0.04716997966170311,2.1826469898223877,50.954657793045044,49.04533922672272
ILSVRC2012_val_00011385.JPEG,/home/dr-yougart/Desktop/vit_mi/Dataset/ILSVRC2012_img_val/ILSVRC2012_val_00011385.JPEG,182,182,163,True,False,clean_correct_blur_wrong,13.193138122558594,6.4779791831970215,-6.715158939361572,6.032363414764404,-4.054248332977295,-10.0866117477417,6.032363414764404,0.8947849273681641,0.9336923956871033,0.9960836172103882,0.9918065071105957,0.3606555759906769,355.5043029785156,358.96600341796875,1.053057312965393,0.3892304599285126,2.4903557300567627,55.04898428916931,44.95101571083069
ILSVRC2012_val_00011386.JPEG,/home/dr-yougart/Desktop/vit_mi/Dataset/ILSVRC2012_img_val/ILSVRC2012_val_00011386.JPEG,961,961,961,True,True,clean_correct_blur_correct,13.11473560333252,8.343610763549805,-4.771124839782715,5.941878795623779,2.782350540161133,-3.1595282554626465,5.941878795623779,2.782350540161133,0.9396467208862305,0.9957224130630493,0.9911489486694336,0.33938196301460266,351.86846923828125,352.4238586425781,1.0327672958374023,0.01843767985701561,2.3580734729766846,51.04360580444336,48.9563912153244
ILSVRC2012_val_00011387.JPEG,/home/dr-yougart/Desktop/vit_mi/Dataset/ILSVRC2012_img_val/ILSVRC2012_val_00011387.JPEG,180,164,227,False,False,clean_wrong_blur_wrong,6.278162479400635,4.244298934936523,-2.0338635444641113,-2.7949490547180176,-2.962414264678955,-0.1674652099609375,0.4874591827392578,0.527580738067627,0.8906186819076538,0.9930432438850403,0.9867111444473267,0.5413115620613098,349.5141906738281,377.7697448730469,1.1499677896499634,0.6761139035224915,3.4651641845703125,55.327898263931274,44.672104716300964
ILSVRC2012_val_00011388.JPEG,/home/dr-yougart/Desktop/vit_mi/Dataset/ILSVRC2012_img_val/ILSVRC2012_val_00011388.JPEG,4,4,4,True,True,clean_correct_blur_correct,14.3931245803833,11.34924030303955,-3.04388427734375,4.6366376876831055,2.0066661834716797,-2.629971504211426,4.6366376876831055,2.0066661834716797,0.9513211250305176,0.9962230324745178,0.9918345212936401,0.3725578188896179,364.98590087890625,395.0467834472656,1.1202797889709473,0.7034146785736084,2.4294381141662598,58.49604606628418,41.50395393371582
ILSVRC2012_val_00011389.JPEG,/home/dr-yougart/Desktop/vit_mi/Dataset/ILSVRC2012_img_val/ILSVRC2012_val_00011389.JPEG,702,702,702,True,True,clean_correct_blur_correct,16.337364196777344,8.607804298400879,-7.729559898376465,3.9483184814453125,2.575406074523926,-1.3729124069213867,3.9483184814453125,2.575406074523926,0.909514844417572,0.9954641461372375,0.9905202984809875,0.45376989245414734,433.3016052246094,431.1410217285156,1.041356086730957,0.41303950548171997,3.9671008586883545,53.14464569091797,46.85535728931427
ILSVRC2012_val_00011390.JPEG,/home/dr-yougart/Desktop/vit_mi/Dataset/ILSVRC2012_img_val/ILSVRC2012_val_00011390.JPEG,904,624,526,False,False,clean_wrong_blur_wrong,2.9640772342681885,2.2298426628112793,-0.7342345714569092,-8.185239791870117,-5.457076549530029,2.728163242340088,0.2733726501464844,0.8684391975402832,0.938157320022583,0.9971557259559631,0.9939115643501282,0.4014996886253357,365.01873779296875,368.1463317871094,1.0500255823135376,0.163372203707695,3.009788990020752,51.86276435852051,48.13723564147949
ILSVRC2012_val_00011391.JPEG,/home/dr-yougart/Desktop/vit_mi/Dataset/ILSVRC2012_img_val/ILSVRC2012_val_00011391.JPEG,178,178,176,True,False,clean_correct_blur_wrong,12.613171577453613,7.209381580352783,-5.40378999710083,4.931732177734375,-1.9886250495910645,-6.9203572273254395,4.931732177734375,0.9924488067626953,0.9291399717330933,0.9942779541015625,0.9893308281898499,0.3850742280483246,365.1835021972656,375.46429443359375,1.0735018253326416,0.30024397373199463,2.601081371307373,53.114962577819824,46.885037422180176
ILSVRC2012_val_00011392.JPEG,/home/dr-yougart/Desktop/vit_mi/Dataset/ILSVRC2012_img_val/ILSVRC2012_val_00011392.JPEG,925,925,925,True,True,clean_correct_blur_correct,11.698604583740234,11.292031288146973,-0.4065732955932617,2.0018310546875,1.0744028091430664,-0.9274282455444336,2.0018310546875,1.0744028091430664,0.9206090569496155,0.9926438331604004,0.9870530962944031,0.42946967482566833,339.4041442871094,361.512939453125,1.1171678304672241,0.357458233833313,2.4115028381347656,55.00776767730713,44.99222934246063
ILSVRC2012_val_00011393.JPEG,/home/dr-yougart/Desktop/vit_mi/Dataset/ILSVRC2012_img_val/ILSVRC2012_val_00011393.JPEG,308,316,308,False,True,clean_wrong_blur_correct,10.993242263793945,10.10847282409668,-0.8847694396972656,-0.1156320571899414,3.7096948623657227,3.825326919555664,0.1156320571899414,3.7096948623657227,0.9070775508880615,0.9936752319335938,0.9870375990867615,0.5339046716690063,337.86810302734375,377.27239990234375,1.211887001991272,1.3263014554977417,3.295513868331909,64.10430073738098,35.89570224285126
ILSVRC2012_val_00011394.JPEG,/home/dr-yougart/Desktop/vit_mi/Dataset/ILSVRC2012_img_val/ILSVRC2012_val_00011394.JPEG,191,191,191,True,True,clean_correct_blur_correct,13.529666900634766,12.923785209655762,-0.6058816909790039,4.918473243713379,2.702488899230957,-2.215984344482422,4.918473243713379,2.702488899230957,0.9354530572891235,0.9959601759910583,0.9914438724517822,0.42560869455337524,373.9123840332031,406.8821716308594,1.1517407894134521,1.189635157585144,3.0576164722442627,60.85749864578247,39.14249837398529
ILSVRC2012_val_00011395.JPEG,/home/dr-yougart/Desktop/vit_mi/Dataset/ILSVRC2012_img_val/ILSVRC2012_val_00011395.JPEG,747,747,747,True,True,clean_correct_blur_correct,15.035645484924316,14.196826934814453,-0.8388185501098633,8.707548141479492,7.0827531814575195,-1.6247949600219727,8.707548141479492,7.0827531814575195,0.9595963358879089,0.9973447322845459,0.9943049550056458,0.2723589837551117,438.45648193359375,450.1370849609375,1.0435734987258911,0.47240495681762695,2.565721035003662,55.96604347229004,44.03395652770996
ILSVRC2012_val_00011396.JPEG,/home/dr-yougart/Desktop/vit_mi/Dataset/ILSVRC2012_img_val/ILSVRC2012_val_00011396.JPEG,370,374,370,False,True,clean_wrong_blur_correct,11.2782621383667,11.428407669067383,0.1501455307006836,-1.053450584411621,0.533055305480957,1.5865058898925781,1.053450584411621,0.533055305480957,0.9156977534294128,0.994512677192688,0.9896581172943115,0.4543335437774658,385.78448486328125,421.0360412597656,1.1305203437805176,0.8056550025939941,3.2431046962738037,56.96485638618469,43.03514361381531
ILSVRC2012_val_00011397.JPEG,/home/dr-yougart/Desktop/vit_mi/Dataset/ILSVRC2012_img_val/ILSVRC2012_val_00011397.JPEG,735,501,501,False,False,clean_wrong_blur_wrong,11.607139587402344,10.22179889678955,-1.385340690612793,-0.9172163009643555,-3.6048221588134766,-2.687605857849121,0.9172163009643555,3.6048221588134766,0.9657810926437378,0.996076226234436,0.9923285841941833,0.24068692326545715,340.1371154785156,341.62188720703125,1.0355015993118286,0.17364934086799622,1.597456455230713,54.65276837348938,45.34723162651062
ILSVRC2012_val_00011398.JPEG,/home/dr-yougart/Desktop/vit_mi/Dataset/ILSVRC2012_img_val/ILSVRC2012_val_00011398.JPEG,453,453,453,True,True,clean_correct_blur_correct,12.3233060836792,11.320568084716797,-1.0027379989624023,5.102591514587402,1.7697067260742188,-3.3328847885131836,5.102591514587402,1.7697067260742188,0.9534749984741211,0.9960941672325134,0.9929797649383545,0.31627872586250305,341.4255676269531,346.2160339355469,1.0434068441390991,-0.027994023635983467,2.0362162590026855,50.221675634384155,49.77832734584808
ILSVRC2012_val_00011399.JPEG,/home/dr-yougart/Desktop/vit_mi/Dataset/ILSVRC2012_img_val/ILSVRC2012_val_00011399.JPEG,86,86,86,True,True,clean_correct_blur_correct,14.339361190795898,12.248064041137695,-2.091297149658203,1.159001350402832,1.9954490661621094,0.8364477157592773,1.159001350402832,1.9954490661621094,0.8944126963615417,0.9926259517669678,0.9856330156326294,0.4766441285610199,371.7459411621094,367.63507080078125,1.0764400959014893,0.2514108419418335,3.031939744949341,52.63511538505554,47.3648875951767
ILSVRC2012_val_00011400.JPEG,/home/dr-yougart/Desktop/vit_mi/Dataset/ILSVRC2012_img_val/ILSVRC2012_val_00011400.JPEG,170,170,170,True,True,clean_correct_blur_correct,13.992019653320312,11.328482627868652,-2.66353702545166,3.9636411666870117,2.210099220275879,-1.7535419464111328,3.9636411666870117,2.210099220275879,0.9343376159667969,0.9943183660507202,0.9889255166053772,0.357843816280365,382.0926208496094,381.5709533691406,1.0470200777053833,0.1517832726240158,2.447767972946167,52.472102642059326,47.527897357940674
ILSVRC2012_val_00011401.JPEG,/home/dr-yougart/Desktop/vit_mi/Dataset/ILSVRC2012_img_val/ILSVRC2012_val_00011401.JPEG,133,133,278,True,False,clean_correct_blur_wrong,14.552181243896484,5.356980323791504,-9.19520092010498,8.613436698913574,-0.930452823638916,-9.543889999389648,8.613436698913574,0.21082592010498047,0.864880383014679,0.9924699664115906,0.9867232441902161,0.5967885255813599,414.42730712890625,426.00238037109375,1.0684212446212769,0.296659380197525,4.82647705078125,49.85673427581787,50.14326572418213
ILSVRC2012_val_00011402.JPEG,/home/dr-yougart/Desktop/vit_mi/Dataset/ILSVRC2012_img_val/ILSVRC2012_val_00011402.JPEG,142,142,142,True,True,clean_correct_blur_correct,14.829989433288574,13.795486450195312,-1.0345029830932617,6.4563798904418945,2.809556007385254,-3.6468238830566406,6.4563798904418945,2.809556007385254,0.9252960681915283,0.9926835894584656,0.9863440990447998,0.37096837162971497,390.20654296875,380.8429260253906,1.0148975849151611,-0.29194313287734985,2.5563559532165527,46.1770623922348,53.82294058799744
ILSVRC2012_val_00011403.JPEG,/home/dr-yougart/Desktop/vit_mi/Dataset/ILSVRC2012_img_val/ILSVRC2012_val_00011403.JPEG,7,7,7,True,True,clean_correct_blur_correct,12.918232917785645,10.770356178283691,-2.147876739501953,2.559218406677246,0.8069133758544922,-1.752305030822754,2.559218406677246,0.8069133758544922,0.9490521550178528,0.9949315786361694,0.9902390241622925,0.2774350345134735,411.2210998535156,417.2705993652344,1.0458729267120361,0.3748963177204132,2.0806095600128174,55.67486882209778,44.32512819766998
ILSVRC2012_val_00011404.JPEG,/home/dr-yougart/Desktop/vit_mi/Dataset/ILSVRC2012_img_val/ILSVRC2012_val_00011404.JPEG,185,153,153,False,False,clean_wrong_blur_wrong,5.953255653381348,5.90346097946167,-0.049794673919677734,-7.446516990661621,-4.155285358428955,3.291231632232666,5.616202354431152,2.9690775871276855,0.9368064999580383,0.994935154914856,0.9900304079055786,0.3351188898086548,357.8995666503906,349.0426025390625,1.0121852159500122,-0.1607505828142166,2.167328357696533,47.16666042804718,52.83333659172058
ILSVRC2012_val_00011405.JPEG,/home/dr-yougart/Desktop/vit_mi/Dataset/ILSVRC2012_img_val/ILSVRC2012_val_00011405.JPEG,403,403,403,True,True,clean_correct_blur_correct,13.883564949035645,10.029258728027344,-3.854306221008301,3.9794845581054688,5.052639484405518,1.0731549263000488,3.9794845581054688,5.052639484405518,0.946647584438324,0.9976349472999573,0.9951575994491577,0.4284095764160156,368.8976135253906,418.494140625,1.1684156656265259,1.311242938041687,3.2118194103240967,61.65629029273987,38.34370970726013
ILSVRC2012_val_00011406.JPEG,/home/dr-yougart/Desktop/vit_mi/Dataset/ILSVRC2012_img_val/ILSVRC2012_val_00011406.JPEG,135,135,135,True,True,clean_correct_blur_correct,15.384793281555176,14.518465042114258,-0.866328239440918,10.265052795410156,6.0559186935424805,-4.209134101867676,10.265052795410156,6.0559186935424805,0.8864662051200867,0.9912867546081543,0.984321653842926,0.5493065714836121,378.079345703125,420.0692443847656,1.180505394935608,1.266360878944397,3.6849136352539062,60.51880121231079,39.48120176792145
ILSVRC2012_val_00011407.JPEG,/home/dr-yougart/Desktop/vit_mi/Dataset/ILSVRC2012_img_val/ILSVRC2012_val_00011407.JPEG,884,884,884,True,True,clean_correct_blur_correct,12.046353340148926,10.877289772033691,-1.1690635681152344,0.930851936340332,2.4375782012939453,1.5067262649536133,0.930851936340332,2.4375782012939453,0.8899692893028259,0.9914947748184204,0.9833350777626038,0.5512830018997192,305.69598388671875,332.19793701171875,1.1599620580673218,0.6561827659606934,2.913646697998047,56.60332441329956,43.39667558670044
ILSVRC2012_val_00011408.JPEG,/home/dr-yougart/Desktop/vit_mi/Dataset/ILSVRC2012_img_val/ILSVRC2012_val_00011408.JPEG,944,944,944,True,True,clean_correct_blur_correct,14.919183731079102,13.346263885498047,-1.5729198455810547,6.575307846069336,3.307535171508789,-3.267772674560547,6.575307846069336,3.307535171508789,0.9045048952102661,0.9932973384857178,0.9845165610313416,0.4445512294769287,388.3148498535156,387.0002136230469,1.057250738143921,0.35684332251548767,3.1488654613494873,54.18162941932678,45.81837058067322
ILSVRC2012_val_00011409.JPEG,/home/dr-yougart/Desktop/vit_mi/Dataset/ILSVRC2012_img_val/ILSVRC2012_val_00011409.JPEG,336,336,336,True,True,clean_correct_blur_correct,14.532414436340332,12.927469253540039,-1.604945182800293,9.062128067016602,6.235398769378662,-2.8267292976379395,9.062128067016602,6.235398769378662,0.9262201189994812,0.9934988021850586,0.9867371320724487,0.3936226963996887,386.1327819824219,407.3249816894531,1.1079001426696777,0.9051530957221985,2.6891183853149414,59.55815315246582,40.44184386730194
ILSVRC2012_val_00011410.JPEG,/home/dr-yougart/Desktop/vit_mi/Dataset/ILSVRC2012_img_val/ILSVRC2012_val_00011410.JPEG,945,945,945,True,True,clean_correct_blur_correct,12.305017471313477,11.064549446105957,-1.2404680252075195,5.234095573425293,5.786706924438477,0.5526113510131836,5.234095573425293,5.786706924438477,0.9389976263046265,0.9961032271385193,0.9931055903434753,0.36525726318359375,400.6536865234375,411.5078430175781,1.0505019426345825,0.18056058883666992,2.9826180934906006,50.99323391914368,49.00676906108856
ILSVRC2012_val_00011411.JPEG,/home/dr-yougart/Desktop/vit_mi/Dataset/ILSVRC2012_img_val/ILSVRC2012_val_00011411.JPEG,743,884,884,False,False,clean_wrong_blur_wrong,8.612217903137207,7.845869541168213,-0.7663483619689941,-2.049457550048828,-1.5584502220153809,0.49100732803344727,2.049457550048828,1.5584502220153809,0.9247456192970276,0.9949849843978882,0.9906592965126038,0.4185693562030792,354.6583251953125,373.06561279296875,1.1035032272338867,0.5135766863822937,2.821317434310913,55.926513671875,44.07348930835724
ILSVRC2012_val_00011412.JPEG,/home/dr-yougart/Desktop/vit_mi/Dataset/ILSVRC2012_img_val/ILSVRC2012_val_00011412.JPEG,880,880,880,True,True,clean_correct_blur_correct,12.331283569335938,10.675869941711426,-1.6554136276245117,5.129446029663086,3.755080223083496,-1.3743658065795898,5.129446029663086,3.755080223083496,0.938060998916626,0.9958838820457458,0.9923973679542542,0.36306408047676086,380.798095703125,390.72760009765625,1.0686147212982178,0.2863202393054962,2.5985538959503174,54.053276777267456,45.946723222732544
ILSVRC2012_val_00011413.JPEG,/home/dr-yougart/Desktop/vit_mi/Dataset/ILSVRC2012_img_val/ILSVRC2012_val_00011413.JPEG,927,927,927,True,True,clean_correct_blur_correct,13.639851570129395,11.180213928222656,-2.4596376419067383,5.803108215332031,1.466501235961914,-4.336606979370117,5.803108215332031,1.466501235961914,0.9273093938827515,0.9946277141571045,0.9899543523788452,0.3791477084159851,394.01226806640625,366.53485107421875,0.9706076979637146,-0.6319982409477234,2.935542583465576,43.083250522613525,56.916749477386475
ILSVRC2012_val_00011414.JPEG,/home/dr-yougart/Desktop/vit_mi/Dataset/ILSVRC2012_img_val/ILSVRC2012_val_00011414.JPEG,24,24,24,True,True,clean_correct_blur_correct,15.254720687866211,13.06093692779541,-2.193783760070801,11.373866081237793,6.244176864624023,-5.1296892166137695,11.373866081237793,6.244176864624023,0.9603196978569031,0.9983261823654175,0.9965704083442688,0.31331369280815125,371.98016357421875,390.1228332519531,1.0604262351989746,0.6393918395042419,2.5406064987182617,57.16707706451416,42.8329199552536
ILSVRC2012_val_00011415.JPEG,/home/dr-yougart/Desktop/vit_mi/Dataset/ILSVRC2012_img_val/ILSVRC2012_val_00011415.JPEG,520,520,520,True,True,clean_correct_blur_correct,14.734352111816406,13.36522388458252,-1.3691282272338867,4.454314231872559,1.5921859741210938,-2.862128257751465,4.454314231872559,1.5921859741210938,0.8969593644142151,0.9901095032691956,0.9814683794975281,0.4684284031391144,377.22998046875,380.6930847167969,1.112088680267334,0.15545862913131714,2.5781166553497314,52.17396020889282,47.82604277133942
ILSVRC2012_val_00011416.JPEG,/home/dr-yougart/Desktop/vit_mi/Dataset/ILSVRC2012_img_val/ILSVRC2012_val_00011416.JPEG,27,27,27,True,True,clean_correct_blur_correct,12.7003755569458,10.989968299865723,-1.7104072570800781,1.0648784637451172,0.5859699249267578,-0.4789085388183594,1.0648784637451172,0.5859699249267578,0.925934374332428,0.9949741959571838,0.9901763796806335,0.3773244321346283,377.68829345703125,376.19415283203125,1.0278306007385254,0.08206057548522949,2.854896068572998,50.43913722038269,49.56085979938507
ILSVRC2012_val_00011417.JPEG,/home/dr-yougart/Desktop/vit_mi/Dataset/ILSVRC2012_img_val/ILSVRC2012_val_00011417.JPEG,407,407,407,True,True,clean_correct_blur_correct,15.914800643920898,13.711408615112305,-2.2033920288085938,7.969758987426758,5.164396286010742,-2.8053627014160156,7.969758987426758,5.164396286010742,0.9360513687133789,0.9956705570220947,0.9914815425872803,0.33094391226768494,414.4936218261719,387.973876953125,0.977605402469635,-0.3805147707462311,2.6429367065429688,46.07209265232086,53.9279043674469
ILSVRC2012_val_00011418.JPEG,/home/dr-yougart/Desktop/vit_mi/Dataset/ILSVRC2012_img_val/ILSVRC2012_val_00011418.JPEG,492,492,492,True,True,clean_correct_blur_correct,13.345026016235352,12.588872909545898,-0.7561531066894531,7.253310680389404,5.893002033233643,-1.3603086471557617,7.253310680389404,5.893002033233643,0.9291834235191345,0.9942302107810974,0.9876788258552551,0.3798215091228485,395.4344787597656,389.27972412109375,1.0193325281143188,0.05334904417395592,2.8384766578674316,51.14903450012207,48.85096549987793
ILSVRC2012_val_00011419.JPEG,/home/dr-yougart/Desktop/vit_mi/Dataset/ILSVRC2012_img_val/ILSVRC2012_val_00011419.JPEG,393,393,393,True,True,clean_correct_blur_correct,13.110199928283691,10.159180641174316,-2.951019287109375,4.577157020568848,1.090850830078125,-3.4863061904907227,4.577157020568848,1.090850830078125,0.9637787342071533,0.9971261024475098,0.9943657517433167,0.2778628468513489,361.4547119140625,376.5552062988281,1.0635191202163696,0.4224855303764343,1.9743962287902832,57.334160804748535,42.665836215019226
ILSVRC2012_val_00011420.JPEG,/home/dr-yougart/Desktop/vit_mi/Dataset/ILSVRC2012_img_val/ILSVRC2012_val_00011420.JPEG,16,16,16,True,True,clean_correct_blur_correct,15.860600471496582,12.934906959533691,-2.9256935119628906,9.66036605834961,6.6892547607421875,-2.971111297607422,9.66036605834961,6.6892547607421875,0.9371165633201599,0.9949468374252319,0.9901906251907349,0.3688087463378906,360.32342529296875,380.83935546875,1.095947027206421,0.6548094153404236,2.499263048171997,58.03312659263611,41.96687340736389
ILSVRC2012_val_00011421.JPEG,/home/dr-yougart/Desktop/vit_mi/Dataset/ILSVRC2012_img_val/ILSVRC2012_val_00011421.JPEG,531,826,635,False,False,clean_wrong_blur_wrong,11.320463180541992,8.250173568725586,-3.0702896118164062,-3.496976852416992,-4.289853096008301,-0.7928762435913086,3.496976852416992,2.0778379440307617,0.908134400844574,0.9944018125534058,0.9891626834869385,0.45773306488990784,360.3348693847656,364.77886962890625,1.0653283596038818,0.3929905891418457,3.152918815612793,53.74869108200073,46.25130891799927
ILSVRC2012_val_00011422.JPEG,/home/dr-yougart/Desktop/vit_mi/Dataset/ILSVRC2012_img_val/ILSVRC2012_val_00011422.JPEG,970,970,795,True,False,clean_correct_blur_wrong,10.487060546875,5.644405364990234,-4.842655181884766,1.1906414031982422,-3.0644149780273438,-4.255056381225586,1.1906414031982422,0.8151135444641113,0.937758207321167,0.9961878061294556,0.9930505752563477,0.38968032598495483,410.52081298828125,429.1910400390625,1.0763286352157593,0.5172141194343567,3.3898987770080566,55.03458380699158,44.965413212776184
ILSVRC2012_val_00011423.JPEG,/home/dr-yougart/Desktop/vit_mi/Dataset/ILSVRC2012_img_val/ILSVRC2012_val_00011423.JPEG,209,209,180,True,False,clean_correct_blur_wrong,13.210017204284668,7.8980393409729,-5.311977863311768,6.7042236328125,-1.0194392204284668,-7.723662853240967,6.7042236328125,0.5931692123413086,0.9045873284339905,0.9914085268974304,0.9833052754402161,0.42735180258750916,388.7002258300781,386.8502197265625,1.0514260530471802,0.16419245302677155,2.834958076477051,52.4617075920105,47.5382924079895
ILSVRC2012_val_00011424.JPEG,/home/dr-yougart/Desktop/vit_mi/Dataset/ILSVRC2012_img_val/ILSVRC2012_val_00011424.JPEG,489,489,489,True,True,clean_correct_blur_correct,13.397202491760254,10.401121139526367,-2.9960813522338867,3.5497875213623047,1.4680252075195312,-2.0817623138427734,3.5497875213623047,1.4680252075195312,0.902990996837616,0.9930299520492554,0.9863620400428772,0.5193676352500916,363.3241882324219,414.1563720703125,1.2089893817901611,1.418656349182129,3.3933002948760986,62.393563985824585,37.606436014175415
ILSVRC2012_val_00011425.JPEG,/home/dr-yougart/Desktop/vit_mi/Dataset/ILSVRC2012_img_val/ILSVRC2012_val_00011425.JPEG,365,365,365,True,True,clean_correct_blur_correct,13.074023246765137,13.187512397766113,0.11348915100097656,4.992457389831543,4.352117538452148,-0.6403398513793945,4.992457389831543,4.352117538452148,0.931367039680481,0.9940223693847656,0.9881874918937683,0.3293127417564392,403.7118225097656,386.9306335449219,1.0161495208740234,-0.022127389907836914,2.2259836196899414,50.06675720214844,49.933239817619324
ILSVRC2012_val_00011426.JPEG,/home/dr-yougart/Desktop/vit_mi/Dataset/ILSVRC2012_img_val/ILSVRC2012_val_00011426.JPEG,647,647,813,True,False,clean_correct_blur_wrong,11.499246597290039,7.726085186004639,-3.7731614112854004,2.8107995986938477,-0.7677922248840332,-3.578591823577881,2.8107995986938477,0.7677922248840332,0.9275206923484802,0.9952861070632935,0.9906710982322693,0.40859323740005493,327.3760681152344,340.18719482421875,1.0918478965759277,0.5885283350944519,2.647484064102173,57.30416774749756,42.6958292722702
ILSVRC2012_val_00011427.JPEG,/home/dr-yougart/Desktop/vit_mi/Dataset/ILSVRC2012_img_val/ILSVRC2012_val_00011427.JPEG,958,958,958,True,True,clean_correct_blur_correct,13.55299186706543,11.9796781539917,-1.5733137130737305,7.017918109893799,6.555906772613525,-0.46201133728027344,7.017918109893799,6.555906772613525,0.9570204019546509,0.9976037740707397,0.9951637983322144,0.30866143107414246,360.272216796875,375.91351318359375,1.063030481338501,0.40357959270477295,2.26505970954895,56.24643564224243,43.75356435775757
ILSVRC2012_val_00011428.JPEG,/home/dr-yougart/Desktop/vit_mi/Dataset/ILSVRC2012_img_val/ILSVRC2012_val_00011428.JPEG,64,64,64,True,True,clean_correct_blur_correct,14.471704483032227,14.469581604003906,-0.0021228790283203125,4.000668525695801,3.7217063903808594,-0.2789621353149414,4.000668525695801,3.7217063903808594,0.9256569147109985,0.9949072003364563,0.9900280833244324,0.3888615667819977,381.51446533203125,366.0294189453125,1.005954623222351,-0.15936937928199768,2.6565916538238525,49.23168122768402,50.76831579208374
ILSVRC2012_val_00011429.JPEG,/home/dr-yougart/Desktop/vit_mi/Dataset/ILSVRC2012_img_val/ILSVRC2012_val_00011429.JPEG,727,727,727,True,True,clean_correct_blur_correct,15.502176284790039,15.336204528808594,-0.1659717559814453,10.989418029785156,10.804707527160645,-0.18471050262451172,10.989418029785156,10.804707527160645,0.9380508661270142,0.9962973594665527,0.9927612543106079,0.4046853482723236,414.8323059082031,459.815673828125,1.1534197330474854,1.353705644607544,3.0996596813201904,64.56248760223389,35.43751239776611
ILSVRC2012_val_00011430.JPEG,/home/dr-yougart/Desktop/vit_mi/Dataset/ILSVRC2012_img_val/ILSVRC2012_val_00011430.JPEG,116,116,116,True,True,clean_correct_blur_correct,15.364243507385254,14.00472354888916,-1.3595199584960938,9.35382080078125,5.255133628845215,-4.098687171936035,9.35382080078125,5.255133628845215,0.9332971572875977,0.9971901178359985,0.994146466255188,0.35637399554252625,413.1402587890625,387.0700988769531,0.9530603885650635,-0.306649774312973,3.0994503498077393,47.91306257247925,52.08693742752075
ILSVRC2012_val_00011431.JPEG,/home/dr-yougart/Desktop/vit_mi/Dataset/ILSVRC2012_img_val/ILSVRC2012_val_00011431.JPEG,574,574,574,True,True,clean_correct_blur_correct,15.581452369689941,14.064435958862305,-1.5170164108276367,9.827938079833984,8.481426239013672,-1.3465118408203125,9.827938079833984,8.481426239013672,0.9591878652572632,0.9974479675292969,0.994569718837738,0.29105693101882935,376.0871276855469,384.45452880859375,1.0420459508895874,0.3512934148311615,2.197904109954834,56.333744525909424,43.666255474090576
ILSVRC2012_val_00011432.JPEG,/home/dr-yougart/Desktop/vit_mi/Dataset/ILSVRC2012_img_val/ILSVRC2012_val_00011432.JPEG,467,766,357,False,False,clean_wrong_blur_wrong,8.210102081298828,4.021921157836914,-4.188180923461914,-0.9619083404541016,-2.4968032836914062,-1.5348949432373047,0.9619083404541016,1.3059253692626953,0.8970003128051758,0.993816614151001,0.9878671765327454,0.5024200677871704,423.35833740234375,469.07525634765625,1.1513488292694092,1.3294509649276733,4.337073802947998,59.66671705245972,40.33328294754028
ILSVRC2012_val_00011433.JPEG,/home/dr-yougart/Desktop/vit_mi/Dataset/ILSVRC2012_img_val/ILSVRC2012_val_00011433.JPEG,225,225,225,True,True,clean_correct_blur_correct,13.155895233154297,11.251228332519531,-1.9046669006347656,5.98944091796875,2.545321464538574,-3.444119453430176,5.98944091796875,2.545321464538574,0.9104991555213928,0.9931600093841553,0.986849308013916,0.4692384898662567,375.9105529785156,408.0097961425781,1.1635557413101196,0.9053078889846802,2.889491558074951,60.5282187461853,39.4717812538147
ILSVRC2012_val_00011434.JPEG,/home/dr-yougart/Desktop/vit_mi/Dataset/ILSVRC2012_img_val/ILSVRC2012_val_00011434.JPEG,161,230,161,False,True,clean_wrong_blur_correct,6.4301581382751465,9.58498477935791,3.1548266410827637,-5.517493724822998,0.2459096908569336,5.763403415679932,3.8081846237182617,0.2459096908569336,0.9243360161781311,0.9935250282287598,0.987809956073761,0.37472066283226013,355.4671630859375,347.3266906738281,1.021798849105835,-0.1573679894208908,2.322969913482666,47.175028920173645,52.824968099594116
ILSVRC2012_val_00011435.JPEG,/home/dr-yougart/Desktop/vit_mi/Dataset/ILSVRC2012_img_val/ILSVRC2012_val_00011435.JPEG,919,489,539,False,False,clean_wrong_blur_wrong,9.64863395690918,0.5347045063972473,-9.113929748535156,-2.5966176986694336,-5.07736349105835,-2.480745792388916,2.5966176986694336,0.7961812019348145,0.8913919925689697,0.9944526553153992,0.9894418716430664,0.5172066688537598,356.1850280761719,358.4900817871094,1.0510259866714478,-0.05863839387893677,3.753631114959717,49.276551604270935,50.723451375961304
ILSVRC2012_val_00011436.JPEG,/home/dr-yougart/Desktop/vit_mi/Dataset/ILSVRC2012_img_val/ILSVRC2012_val_00011436.JPEG,975,975,975,True,True,clean_correct_blur_correct,11.093525886535645,8.301677703857422,-2.7918481826782227,3.7309889793395996,2.9128565788269043,-0.8181324005126953,3.7309889793395996,2.9128565788269043,0.8947700262069702,0.9909340143203735,0.983069896697998,0.4853241443634033,360.2745666503906,378.188232421875,1.122734546661377,0.5354276895523071,2.8879733085632324,55.68421483039856,44.31578814983368
ILSVRC2012_val_00011437.JPEG,/home/dr-yougart/Desktop/vit_mi/Dataset/ILSVRC2012_img_val/ILSVRC2012_val_00011437.JPEG,440,737,440,False,True,clean_wrong_blur_correct,8.19788646697998,7.793947696685791,-0.40393877029418945,-0.5321426391601562,1.2719731330871582,1.8041157722473145,0.5321426391601562,1.2719731330871582,0.9538630247116089,0.9978954792022705,0.9952338933944702,0.4003026783466339,355.7335510253906,407.73016357421875,1.1950589418411255,1.5947822332382202,2.9427525997161865,66.05544090270996,33.94455909729004
ILSVRC2012_val_00011438.JPEG,/home/dr-yougart/Desktop/vit_mi/Dataset/ILSVRC2012_img_val/ILSVRC2012_val_00011438.JPEG,657,744,744,False,False,clean_wrong_blur_wrong,11.240030288696289,6.846088886260986,-4.393941402435303,-0.054251670837402344,-1.7630887031555176,-1.7088370323181152,0.054251670837402344,1.3692965507507324,0.9399846196174622,0.9956189393997192,0.9916254878044128,0.36445289850234985,387.86474609375,409.5450439453125,1.083903431892395,0.6638327836990356,2.8249104022979736,56.63292407989502,43.36707592010498
ILSVRC2012_val_00011439.JPEG,/home/dr-yougart/Desktop/vit_mi/Dataset/ILSVRC2012_img_val/ILSVRC2012_val_00011439.JPEG,622,477,878,False,False,clean_wrong_blur_wrong,3.6929783821105957,-0.6602177619934082,-4.353196144104004,-6.25198221206665,-8.650566101074219,-2.3985838890075684,2.8161983489990234,1.226992130279541,0.8791270852088928,0.9929774403572083,0.9856564998626709,0.5601743459701538,372.83282470703125,410.5886535644531,1.1610658168792725,1.2975709438323975,4.137808322906494,60.36958694458008,39.63041007518768
ILSVRC2012_val_00011440.JPEG,/home/dr-yougart/Desktop/vit_mi/Dataset/ILSVRC2012_img_val/ILSVRC2012_val_00011440.JPEG,755,755,755,True,True,clean_correct_blur_correct,14.725611686706543,12.630269050598145,-2.0953426361083984,6.354144096374512,4.412747383117676,-1.941396713256836,6.354144096374512,4.412747383117676,0.9328267574310303,0.9961087107658386,0.9921508431434631,0.37374091148376465,371.0357971191406,372.74835205078125,1.0216245651245117,0.06543272733688354,2.794710874557495,48.794350028038025,51.205652952194214
ILSVRC2012_val_00011441.JPEG,/home/dr-yougart/Desktop/vit_mi/Dataset/ILSVRC2012_img_val/ILSVRC2012_val_00011441.JPEG,956,956,956,True,True,clean_correct_blur_correct,16.698881149291992,10.267821311950684,-6.431059837341309,11.06750202178955,4.093596935272217,-6.973905086517334,11.06750202178955,4.093596935272217,0.9153320789337158,0.9945709109306335,0.9890203475952148,0.4382011890411377,359.1066589355469,386.9570617675781,1.1337722539901733,1.244247555732727,3.197122573852539,63.69373798370361,36.30626201629639
ILSVRC2012_val_00011442.JPEG,/home/dr-yougart/Desktop/vit_mi/Dataset/ILSVRC2012_img_val/ILSVRC2012_val_00011442.JPEG,534,896,729,False,False,clean_wrong_blur_wrong,7.456563949584961,6.1630988121032715,-1.2934651374816895,-1.4043149948120117,-3.0714449882507324,-1.6671299934387207,0.894618034362793,1.7219533920288086,0.9340927004814148,0.9963183999061584,0.9932741522789001,0.45159268379211426,372.9505310058594,381.880126953125,1.0847947597503662,0.19728757441043854,3.2969865798950195,50.39953589439392,49.60046410560608
ILSVRC2012_val_00011443.JPEG,/home/dr-yougart/Desktop/vit_mi/Dataset/ILSVRC2012_img_val/ILSVRC2012_val_00011443.JPEG,941,940,940,False,False,clean_wrong_blur_wrong,10.96207046508789,10.04319953918457,-0.9188709259033203,-1.6078557968139648,-3.312626838684082,-1.7047710418701172,1.6078557968139648,2.4698190689086914,0.9468263983726501,0.9963220953941345,0.9933838844299316,0.3479793071746826,386.85626220703125,408.2735900878906,1.0969080924987793,0.47070321440696716,2.441784620285034,55.79811334609985,44.201889634132385
ILSVRC2012_val_00011444.JPEG,/home/dr-yougart/Desktop/vit_mi/Dataset/ILSVRC2012_img_val/ILSVRC2012_val_00011444.JPEG,33,33,33,True,True,clean_correct_blur_correct,15.15444278717041,11.96040153503418,-3.1940412521362305,5.95334529876709,1.8562793731689453,-4.0970659255981445,5.95334529876709,1.8562793731689453,0.9458841681480408,0.995307207107544,0.9898740649223328,0.318583607673645,409.53387451171875,434.9845275878906,1.0884565114974976,0.65640789270401,2.4093761444091797,58.64303112030029,41.35696887969971
ILSVRC2012_val_00011445.JPEG,/home/dr-yougart/Desktop/vit_mi/Dataset/ILSVRC2012_img_val/ILSVRC2012_val_00011445.JPEG,549,549,916,True,False,clean_correct_blur_wrong,10.872828483581543,6.07961368560791,-4.793214797973633,2.939894676208496,-2.2118396759033203,-5.151734352111816,2.939894676208496,0.7934780120849609,0.9460783004760742,0.9973693490028381,0.9939334392547607,0.3730566203594208,363.5956115722656,401.14093017578125,1.1397888660430908,1.260472059249878,2.7809088230133057,64.25464749336243,35.74535548686981
ILSVRC2012_val_00011446.JPEG,/home/dr-yougart/Desktop/vit_mi/Dataset/ILSVRC2012_img_val/ILSVRC2012_val_00011446.JPEG,17,17,17,True,True,clean_correct_blur_correct,12.044116973876953,9.75405216217041,-2.290064811706543,5.571149826049805,3.9975223541259766,-1.5736274719238281,5.571149826049805,3.9975223541259766,0.951661229133606,0.9960583448410034,0.9919739365577698,0.3009359836578369,414.816162109375,428.4864196777344,1.0629405975341797,0.6683616638183594,2.4611661434173584,58.16029906272888,41.83970093727112
ILSVRC2012_val_00011447.JPEG,/home/dr-yougart/Desktop/vit_mi/Dataset/ILSVRC2012_img_val/ILSVRC2012_val_00011447.JPEG,294,294,294,True,True,clean_correct_blur_correct,14.940914154052734,14.375864028930664,-0.5650501251220703,7.457324981689453,7.886224746704102,0.42889976501464844,7.457324981689453,7.886224746704102,0.9466387629508972,0.9932828545570374,0.9867177605628967,0.31787362694740295,377.4960632324219,374.7742004394531,1.0436125993728638,-0.12041345238685608,1.9039651155471802,46.77342474460602,53.22657227516174
ILSVRC2012_val_00011448.JPEG,/home/dr-yougart/Desktop/vit_mi/Dataset/ILSVRC2012_img_val/ILSVRC2012_val_00011448.JPEG,42,42,42,True,True,clean_correct_blur_correct,14.696691513061523,13.597246170043945,-1.0994453430175781,6.50374698638916,5.667675018310547,-0.8360719680786133,6.50374698638916,5.667675018310547,0.8805202841758728,0.9911327958106995,0.9835972189903259,0.5603070855140686,345.5747375488281,375.6243896484375,1.183903455734253,0.9510044455528259,3.2325427532196045,58.76587629318237,41.23412370681763
ILSVRC2012_val_00011449.JPEG,/home/dr-yougart/Desktop/vit_mi/Dataset/ILSVRC2012_img_val/ILSVRC2012_val_00011449.JPEG,975,975,975,True,True,clean_correct_blur_correct,11.875985145568848,9.583477020263672,-2.292508125305176,2.1992712020874023,3.0248894691467285,0.8256182670593262,2.1992712020874023,3.0248894691467285,0.9409244060516357,0.9961329698562622,0.9925020933151245,0.36573195457458496,352.897705078125,365.2816467285156,1.052812099456787,0.25373759865760803,2.6733522415161133,51.79771184921265,48.20228815078735
ILSVRC2012_val_00011450.JPEG,/home/dr-yougart/Desktop/vit_mi/Dataset/ILSVRC2012_img_val/ILSVRC2012_val_00011450.JPEG,905,905,905,True,True,clean_correct_blur_correct,11.61773681640625,6.593942642211914,-5.023794174194336,3.7578682899475098,0.16953134536743164,-3.588336944580078,3.7578682899475098,0.16953134536743164,0.8913912177085876,0.9914014935493469,0.9826892018318176,0.46901944279670715,387.068359375,365.6560974121094,0.9967422485351562,-0.440344899892807,3.1747608184814453,46.42746150493622,53.57254147529602
ILSVRC2012_val_00011451.JPEG,/home/dr-yougart/Desktop/vit_mi/Dataset/ILSVRC2012_img_val/ILSVRC2012_val_00011451.JPEG,874,874,874,True,True,clean_correct_blur_correct,15.338991165161133,8.647490501403809,-6.691500663757324,9.285669326782227,1.5024194717407227,-7.783249855041504,9.285669326782227,1.5024194717407227,0.9065333604812622,0.994065523147583,0.9885995984077454,0.4356660544872284,419.85662841796875,407.4493103027344,1.024530053138733,-0.10327711701393127,3.418865919113159,48.69196116924286,51.30804181098938
ILSVRC2012_val_00011452.JPEG,/home/dr-yougart/Desktop/vit_mi/Dataset/ILSVRC2012_img_val/ILSVRC2012_val_00011452.JPEG,683,683,683,True,True,clean_correct_blur_correct,14.290416717529297,9.606922149658203,-4.683494567871094,4.906042098999023,0.43307018280029297,-4.4729719161987305,4.906042098999023,0.43307018280029297,0.8913747668266296,0.9920660257339478,0.9854210019111633,0.5154478549957275,407.0281677246094,419.95703125,1.0893828868865967,0.2766590118408203,3.8044309616088867,50.956350564956665,49.043649435043335
ILSVRC2012_val_00011453.JPEG,/home/dr-yougart/Desktop/vit_mi/Dataset/ILSVRC2012_img_val/ILSVRC2012_val_00011453.JPEG,121,121,121,True,True,clean_correct_blur_correct,14.537814140319824,14.845749855041504,0.3079357147216797,7.314239025115967,6.380708694458008,-0.933530330657959,7.314239025115967,6.380708694458008,0.9309219121932983,0.9934638738632202,0.9879957437515259,0.3595888316631317,388.3276062011719,370.4776916503906,1.0035113096237183,-0.5294895172119141,2.3945746421813965,42.56629943847656,57.43370056152344
ILSVRC2012_val_00011454.JPEG,/home/dr-yougart/Desktop/vit_mi/Dataset/ILSVRC2012_img_val/ILSVRC2012_val_00011454.JPEG,706,706,807,True,False,clean_correct_blur_wrong,9.913104057312012,1.3613659143447876,-8.551737785339355,3.330204486846924,-6.687008380889893,-10.017212867736816,3.330204486846924,2.532463550567627,0.9163374900817871,0.9963308572769165,0.9929197430610657,0.4178972542285919,364.00543212890625,331.7481384277344,0.9332979917526245,-0.8258058428764343,3.249109983444214,41.49904549121857,58.500951528549194
ILSVRC2012_val_00011455.JPEG,/home/dr-yougart/Desktop/vit_mi/Dataset/ILSVRC2012_img_val/ILSVRC2012_val_00011455.JPEG,742,742,637,True,False,clean_correct_blur_wrong,9.69339656829834,5.098366737365723,-4.595029830932617,3.080990791320801,-1.3782687187194824,-4.459259510040283,3.080990791320801,0.6913857460021973,0.9402015209197998,0.9978187084197998,0.9949659109115601,0.4211080074310303,397.0538635253906,427.53070068359375,1.1266814470291138,1.1163926124572754,3.3914430141448975,58.03459882736206,41.96540415287018
ILSVRC2012_val_00011456.JPEG,/home/dr-yougart/Desktop/vit_mi/Dataset/ILSVRC2012_img_val/ILSVRC2012_val_00011456.JPEG,533,533,434,True,False,clean_correct_blur_wrong,13.621858596801758,5.857419967651367,-7.764438629150391,6.714261531829834,-0.7960433959960938,-7.510304927825928,6.714261531829834,0.7960433959960938,0.9290441274642944,0.9945682883262634,0.9899814128875732,0.380047470331192,386.5292053222656,381.95355224609375,1.0116173028945923,-0.21115043759346008,2.9311020374298096,48.182594776153564,51.817405223846436
ILSVRC2012_val_00011457.JPEG,/home/dr-yougart/Desktop/vit_mi/Dataset/ILSVRC2012_img_val/ILSVRC2012_val_00011457.JPEG,232,227,232,False,True,clean_wrong_blur_correct,10.313504219055176,7.752335071563721,-2.561169147491455,-0.2798442840576172,0.5817966461181641,0.8616409301757812,0.2798442840576172,0.5817966461181641,0.9272623062133789,0.9952152967453003,0.9909462332725525,0.422868937253952,327.67156982421875,351.7212219238281,1.1098204851150513,0.5807210206985474,2.7151076793670654,57.10722804069519,42.89277195930481
ILSVRC2012_val_00011458.JPEG,/home/dr-yougart/Desktop/vit_mi/Dataset/ILSVRC2012_img_val/ILSVRC2012_val_00011458.JPEG,963,963,963,True,True,clean_correct_blur_correct,13.46588134765625,11.145217895507812,-2.3206634521484375,6.415555000305176,4.270182132720947,-2.1453728675842285,6.415555000305176,4.270182132720947,0.9351320266723633,0.9947305917739868,0.9902619123458862,0.3554389774799347,367.7666931152344,369.3066101074219,1.0396546125411987,0.126057431101799,2.5484862327575684,51.285117864608765,48.714882135391235
ILSVRC2012_val_00011459.JPEG,/home/dr-yougart/Desktop/vit_mi/Dataset/ILSVRC2012_img_val/ILSVRC2012_val_00011459.JPEG,752,752,543,True,False,clean_correct_blur_wrong,13.310917854309082,6.481812477111816,-6.829105377197266,3.5618810653686523,-0.08208799362182617,-3.6439690589904785,3.5618810653686523,0.08208799362182617,0.9061574935913086,0.9930176734924316,0.9869382977485657,0.42304912209510803,400.1954650878906,376.12274169921875,0.9833303093910217,-0.5493295192718506,3.122992515563965,44.581809639930725,55.418187379837036
ILSVRC2012_val_00011460.JPEG,/home/dr-yougart/Desktop/vit_mi/Dataset/ILSVRC2012_img_val/ILSVRC2012_val_00011460.JPEG,564,564,564,True,True,clean_correct_blur_correct,15.41254997253418,15.070793151855469,-0.34175682067871094,7.55899715423584,7.5949249267578125,0.035927772521972656,7.55899715423584,7.5949249267578125,0.9612195491790771,0.9964330196380615,0.992829442024231,0.27447474002838135,370.5029602050781,363.7093505859375,0.9869351387023926,-0.06600041687488556,2.1735806465148926,49.12034571170807,50.87965130805969
ILSVRC2012_val_00011461.JPEG,/home/dr-yougart/Desktop/vit_mi/Dataset/ILSVRC2012_img_val/ILSVRC2012_val_00011461.JPEG,734,734,734,True,True,clean_correct_blur_correct,13.742288589477539,13.313417434692383,-0.42887115478515625,7.024079322814941,5.852745532989502,-1.1713337898254395,7.024079322814941,5.852745532989502,0.9453845024108887,0.9965059161186218,0.993035614490509,0.3167992830276489,392.71240234375,380.7402648925781,0.9940224289894104,-0.1764807403087616,2.507974624633789,48.190075159072876,51.809924840927124
ILSVRC2012_val_00011462.JPEG,/home/dr-yougart/Desktop/vit_mi/Dataset/ILSVRC2012_img_val/ILSVRC2012_val_00011462.JPEG,561,561,561,True,True,clean_correct_blur_correct,13.628798484802246,10.970685958862305,-2.6581125259399414,7.684473037719727,2.654829978942871,-5.0296430587768555,7.684473037719727,2.654829978942871,0.9172566533088684,0.9932969808578491,0.9866141676902771,0.40593937039375305,430.49371337890625,434.6263122558594,1.0547161102294922,0.08654181659221649,3.244807720184326,50.77293515205383,49.22706484794617
ILSVRC2012_val_00011463.JPEG,/home/dr-yougart/Desktop/vit_mi/Dataset/ILSVRC2012_img_val/ILSVRC2012_val_00011463.JPEG,269,269,269,True,True,clean_correct_blur_correct,12.200556755065918,11.138407707214355,-1.0621490478515625,1.3730010986328125,1.626347541809082,0.25334644317626953,1.3730010986328125,1.626347541809082,0.8780100345611572,0.9924318194389343,0.9849847555160522,0.5487178564071655,375.2524719238281,395.395263671875,1.1176868677139282,0.9277682304382324,3.8700270652770996,57.89501070976257,42.104992270469666
ILSVRC2012_val_00011464.JPEG,/home/dr-yougart/Desktop/vit_mi/Dataset/ILSVRC2012_img_val/ILSVRC2012_val_00011464.JPEG,932,932,932,True,True,clean_correct_blur_correct,15.263561248779297,11.980037689208984,-3.2835235595703125,6.252758026123047,2.540098190307617,-3.7126598358154297,6.252758026123047,2.540098190307617,0.9616320133209229,0.9973098635673523,0.9952273368835449,0.2632805109024048,390.877197265625,380.9386901855469,0.9832367897033691,-0.34385064244270325,2.154110908508301,44.554007053375244,55.445992946624756
ILSVRC2012_val_00011465.JPEG,/home/dr-yougart/Desktop/vit_mi/Dataset/ILSVRC2012_img_val/ILSVRC2012_val_00011465.JPEG,227,227,227,True,True,clean_correct_blur_correct,13.303474426269531,9.293309211730957,-4.010165214538574,6.507534503936768,1.515571117401123,-4.9919633865356445,6.507534503936768,1.515571117401123,0.9378902912139893,0.99611896276474,0.9922007322311401,0.3545123040676117,363.5528869628906,363.90118408203125,1.0194263458251953,0.012116282247006893,2.595466136932373,50.34491419792175,49.65508282184601
ILSVRC2012_val_00011466.JPEG,/home/dr-yougart/Desktop/vit_mi/Dataset/ILSVRC2012_img_val/ILSVRC2012_val_00011466.JPEG,906,906,616,True,False,clean_correct_blur_wrong,13.377900123596191,8.790268898010254,-4.5876312255859375,4.941056251525879,-0.2174692153930664,-5.158525466918945,4.941056251525879,0.2174692153930664,0.9287030100822449,0.9943563342094421,0.9897286295890808,0.3946651518344879,338.2165222167969,331.3817443847656,1.0177669525146484,-0.09990373253822327,2.5610158443450928,48.08317422866821,51.91682577133179
ILSVRC2012_val_00011467.JPEG,/home/dr-yougart/Desktop/vit_mi/Dataset/ILSVRC2012_img_val/ILSVRC2012_val_00011467.JPEG,54,54,62,True,False,clean_correct_blur_wrong,11.359359741210938,7.965403079986572,-3.3939566612243652,1.5573368072509766,-1.7902626991271973,-3.347599506378174,1.5573368072509766,0.24300098419189453,0.9284436106681824,0.9955065846443176,0.9920705556869507,0.4535093605518341,326.94500732421875,373.44842529296875,1.1742688417434692,1.1338391304016113,2.8730967044830322,62.24726438522339,37.75273561477661
ILSVRC2012_val_00011468.JPEG,/home/dr-yougart/Desktop/vit_mi/Dataset/ILSVRC2012_img_val/ILSVRC2012_val_00011468.JPEG,147,147,147,True,True,clean_correct_blur_correct,14.555375099182129,12.46037483215332,-2.0950002670288086,8.503440856933594,6.05731201171875,-2.4461288452148438,8.503440856933594,6.05731201171875,0.9413623213768005,0.9973745346069336,0.9946759343147278,0.43117305636405945,381.3685302734375,440.4039306640625,1.1898502111434937,1.5362437963485718,3.178719997406006,64.72252011299133,35.27747988700867
ILSVRC2012_val_00011469.JPEG,/home/dr-yougart/Desktop/vit_mi/Dataset/ILSVRC2012_img_val/ILSVRC2012_val_00011469.JPEG,721,721,721,True,True,clean_correct_blur_correct,13.692713737487793,8.577308654785156,-5.115405082702637,7.287117004394531,1.2817316055297852,-6.005385398864746,7.287117004394531,1.2817316055297852,0.9338600635528564,0.9962392449378967,0.9919928908348083,0.40901052951812744,360.5329284667969,391.3802490234375,1.1302779912948608,1.1518659591674805,3.024249792098999,62.54935264587402,37.45064735412598
ILSVRC2012_val_00011470.JPEG,/home/dr-yougart/Desktop/vit_mi/Dataset/ILSVRC2012_img_val/ILSVRC2012_val_00011470.JPEG,540,540,540,True,True,clean_correct_blur_correct,14.160111427307129,11.784948348999023,-2.3751630783081055,11.115543365478516,7.818243980407715,-3.297299385070801,11.115543365478516,7.818243980407715,0.9173681139945984,0.9952565431594849,0.9912062883377075,0.4610992670059204,405.7442626953125,419.8333740234375,1.073390007019043,0.5899338722229004,3.7739858627319336,53.42438817024231,46.57561182975769
ILSVRC2012_val_00011471.JPEG,/home/dr-yougart/Desktop/vit_mi/Dataset/ILSVRC2012_img_val/ILSVRC2012_val_00011471.JPEG,965,965,965,True,True,clean_correct_blur_correct,13.903864860534668,12.570113182067871,-1.3337516784667969,7.627648830413818,5.58131742477417,-2.0463314056396484,7.627648830413818,5.58131742477417,0.9367809891700745,0.9943484663963318,0.9884750843048096,0.35273632407188416,371.71990966796875,370.0214538574219,1.0300894975662231,0.08106222003698349,2.477438449859619,50.296252965927124,49.703747034072876
ILSVRC2012_val_00011472.JPEG,/home/dr-yougart/Desktop/vit_mi/Dataset/ILSVRC2012_img_val/ILSVRC2012_val_00011472.JPEG,664,526,526,False,False,clean_wrong_blur_wrong,5.9817681312561035,4.023289203643799,-1.9584789276123047,-5.028019428253174,-4.8043293952941895,0.22369003295898438,2.3688888549804688,0.6267023086547852,0.9473010301589966,0.9966705441474915,0.9940122365951538,0.3247317373752594,360.51904296875,354.41741943359375,1.0022329092025757,-0.16051337122917175,2.5061283111572266,48.680368065834045,51.319628953933716
ILSVRC2012_val_00011473.JPEG,/home/dr-yougart/Desktop/vit_mi/Dataset/ILSVRC2012_img_val/ILSVRC2012_val_00011473.JPEG,156,156,156,True,True,clean_correct_blur_correct,12.966708183288574,11.00882625579834,-1.9578819274902344,5.553045272827148,1.84307861328125,-3.7099666595458984,5.553045272827148,1.84307861328125,0.9304125905036926,0.9928219318389893,0.9861122369766235,0.31519579887390137,375.5362854003906,362.3529052734375,1.0088562965393066,-0.12580454349517822,2.0808684825897217,46.16903066635132,53.83096933364868
ILSVRC2012_val_00011474.JPEG,/home/dr-yougart/Desktop/vit_mi/Dataset/ILSVRC2012_img_val/ILSVRC2012_val_00011474.JPEG,29,26,26,False,False,clean_wrong_blur_wrong,9.686141014099121,9.480549812316895,-0.20559120178222656,-2.028998374938965,-0.7053718566894531,1.3236265182495117,2.028998374938965,0.7053718566894531,0.9402182698249817,0.9957183599472046,0.9921318888664246,0.3764600455760956,339.52117919921875,358.72332763671875,1.0919322967529297,0.5198590755462646,2.487663984298706,56.25344514846802,43.74655783176422
ILSVRC2012_val_00011475.JPEG,/home/dr-yougart/Desktop/vit_mi/Dataset/ILSVRC2012_img_val/ILSVRC2012_val_00011475.JPEG,425,425,345,True,False,clean_correct_blur_wrong,13.41448974609375,6.80173921585083,-6.61275053024292,5.183919906616211,-1.0970730781555176,-6.2809929847717285,5.183919906616211,1.0970730781555176,0.9455230236053467,0.9964390397071838,0.9930148720741272,0.34704428911209106,381.4259033203125,389.97894287109375,1.0445942878723145,0.250640869140625,2.6474609375,52.03015208244324,47.96984791755676
ILSVRC2012_val_00011476.JPEG,/home/dr-yougart/Desktop/vit_mi/Dataset/ILSVRC2012_img_val/ILSVRC2012_val_00011476.JPEG,325,325,325,True,True,clean_correct_blur_correct,14.490530967712402,13.786332130432129,-0.7041988372802734,8.459595680236816,7.716714382171631,-0.7428812980651855,8.459595680236816,7.716714382171631,0.9321418404579163,0.9930562973022461,0.9863809943199158,0.3523096442222595,384.0322570800781,381.9859619140625,1.0449796915054321,0.3998943865299225,2.5294013023376465,57.25782513618469,42.74217188358307
ILSVRC2012_val_00011477.JPEG,/home/dr-yougart/Desktop/vit_mi/Dataset/ILSVRC2012_img_val/ILSVRC2012_val_00011477.JPEG,359,359,151,True,False,clean_correct_blur_wrong,9.927233695983887,6.328568935394287,-3.5986647605895996,1.1466951370239258,-1.523336410522461,-2.6700315475463867,1.1466951370239258,0.25664186477661133,0.9161832928657532,0.9935698509216309,0.9867140054702759,0.405704140663147,375.82843017578125,369.177978515625,1.040445327758789,0.2492504119873047,2.861574649810791,51.83258652687073,48.16741347312927
ILSVRC2012_val_00011478.JPEG,/home/dr-yougart/Desktop/vit_mi/Dataset/ILSVRC2012_img_val/ILSVRC2012_val_00011478.JPEG,535,535,535,True,True,clean_correct_blur_correct,14.751740455627441,14.39156436920166,-0.36017608642578125,4.976093292236328,4.0499677658081055,-0.9261255264282227,4.976093292236328,4.0499677658081055,0.9484480023384094,0.995061993598938,0.9903698563575745,0.2970326542854309,457.42578125,437.7999572753906,0.9823578596115112,-0.34767162799835205,2.707724094390869,45.65727412700653,54.34272289276123
ILSVRC2012_val_00011479.JPEG,/home/dr-yougart/Desktop/vit_mi/Dataset/ILSVRC2012_img_val/ILSVRC2012_val_00011479.JPEG,834,834,834,True,True,clean_correct_blur_correct,9.956525802612305,6.3581671714782715,-3.598358631134033,1.6516857147216797,0.43236589431762695,-1.2193198204040527,1.6516857147216797,0.43236589431762695,0.9240529537200928,0.9943739175796509,0.9893950819969177,0.39407235383987427,364.167236328125,370.01824951171875,1.0625306367874146,0.2547905445098877,2.6350338459014893,53.25270891189575,46.74728810787201
ILSVRC2012_val_00011480.JPEG,/home/dr-yougart/Desktop/vit_mi/Dataset/ILSVRC2012_img_val/ILSVRC2012_val_00011480.JPEG,526,527,782,False,False,clean_wrong_blur_wrong,12.25815486907959,5.1401190757751465,-7.118035793304443,-0.18589210510253906,-5.093660831451416,-4.907768726348877,0.18589210510253906,0.28884029388427734,0.919733464717865,0.9942166805267334,0.9895813465118408,0.4404837191104889,351.14483642578125,350.536376953125,1.0469534397125244,-0.14511604607105255,2.7992665767669678,48.524853587150574,51.47514343261719
ILSVRC2012_val_00011481.JPEG,/home/dr-yougart/Desktop/vit_mi/Dataset/ILSVRC2012_img_val/ILSVRC2012_val_00011481.JPEG,623,623,623,True,True,clean_correct_blur_correct,11.802703857421875,10.15246868133545,-1.6502351760864258,1.5635509490966797,1.8844165802001953,0.3208656311035156,1.5635509490966797,1.8844165802001953,0.9409340620040894,0.9969108700752258,0.9941673278808594,0.541317880153656,346.04742431640625,438.527587890625,1.3294353485107422,2.5130362510681152,3.8017094135284424,69.8289155960083,30.17108142375946
ILSVRC2012_val_00011482.JPEG,/home/dr-yougart/Desktop/vit_mi/Dataset/ILSVRC2012_img_val/ILSVRC2012_val_00011482.JPEG,366,366,366,True,True,clean_correct_blur_correct,13.954349517822266,11.959271430969238,-1.9950780868530273,6.1037163734436035,4.034158706665039,-2.0695576667785645,6.1037163734436035,4.034158706665039,0.9505899548530579,0.9961110949516296,0.9920284748077393,0.2828468680381775,411.3462219238281,405.96038818359375,1.014520287513733,0.025846056640148163,2.19922137260437,49.491360783576965,50.508636236190796
ILSVRC2012_val_00011483.JPEG,/home/dr-yougart/Desktop/vit_mi/Dataset/ILSVRC2012_img_val/ILSVRC2012_val_00011483.JPEG,58,58,58,True,True,clean_correct_blur_correct,11.09548568725586,5.271292686462402,-5.824193000793457,2.326568603515625,0.5556840896606445,-1.7708845138549805,2.326568603515625,0.5556840896606445,0.8990785479545593,0.9936088919639587,0.9872602224349976,0.505966305732727,382.4227600097656,416.0169372558594,1.139638066291809,1.0792551040649414,3.7113759517669678,58.85201096534729,41.14798903465271
ILSVRC2012_val_00011484.JPEG,/home/dr-yougart/Desktop/vit_mi/Dataset/ILSVRC2012_img_val/ILSVRC2012_val_00011484.JPEG,973,973,973,True,True,clean_correct_blur_correct,10.02216625213623,8.778465270996094,-1.2437009811401367,1.7807550430297852,1.5799503326416016,-0.2008047103881836,1.7807550430297852,1.5799503326416016,0.9298199415206909,0.9944518208503723,0.9893755912780762,0.41129744052886963,322.7852478027344,335.6481628417969,1.0998151302337646,0.3168083429336548,2.3583528995513916,53.28845977783203,46.71102464199066
ILSVRC2012_val_00011485.JPEG,/home/dr-yougart/Desktop/vit_mi/Dataset/ILSVRC2012_img_val/ILSVRC2012_val_00011485.JPEG,838,838,419,True,False,clean_correct_blur_wrong,9.887882232666016,5.3812665939331055,-4.50661563873291,2.911832809448242,-0.28539419174194336,-3.1972270011901855,2.911832809448242,0.28539419174194336,0.9518178105354309,0.9967869520187378,0.9931831359863281,0.3157331645488739,363.0627136230469,375.1400146484375,1.063838243484497,0.4732379615306854,2.34041166305542,56.5216064453125,43.47839653491974
ILSVRC2012_val_00011486.JPEG,/home/dr-yougart/Desktop/vit_mi/Dataset/ILSVRC2012_img_val/ILSVRC2012_val_00011486.JPEG,570,570,570,True,True,clean_correct_blur_correct,14.223155975341797,13.890188217163086,-0.33296775817871094,2.9060544967651367,1.6943998336791992,-1.2116546630859375,2.9060544967651367,1.6943998336791992,0.9660535454750061,0.9969732165336609,0.9937779903411865,0.23244763910770416,449.33062744140625,453.1366271972656,1.031351089477539,0.34961462020874023,2.1918389797210693,54.61461544036865,45.385387539863586
ILSVRC2012_val_00011487.JPEG,/home/dr-yougart/Desktop/vit_mi/Dataset/ILSVRC2012_img_val/ILSVRC2012_val_00011487.JPEG,433,61,390,False,False,clean_wrong_blur_wrong,4.812388896942139,3.559415340423584,-1.2529735565185547,-0.14576244354248047,-3.1358165740966797,-2.990054130554199,0.14576244354248047,0.6015887260437012,0.9299132823944092,0.9945867657661438,0.9894081950187683,0.3871622383594513,379.0529479980469,392.63409423828125,1.0769381523132324,0.4614945650100708,2.931563377380371,54.58958148956299,45.41042149066925
ILSVRC2012_val_00011488.JPEG,/home/dr-yougart/Desktop/vit_mi/Dataset/ILSVRC2012_img_val/ILSVRC2012_val_00011488.JPEG,98,98,98,True,True,clean_correct_blur_correct,15.280661582946777,15.26347827911377,-0.017183303833007812,8.513847351074219,8.211322784423828,-0.3025245666503906,8.513847351074219,8.211322784423828,0.9022061228752136,0.990746021270752,0.9813779592514038,0.4248245358467102,400.62060546875,400.48406982421875,1.0489431619644165,0.09269753098487854,3.0105342864990234,53.65208983421326,46.34791016578674
ILSVRC2012_val_00011489.JPEG,/home/dr-yougart/Desktop/vit_mi/Dataset/ILSVRC2012_img_val/ILSVRC2012_val_00011489.JPEG,92,96,371,False,False,clean_wrong_blur_wrong,8.209168434143066,4.470955848693848,-3.7382125854492188,-1.066218376159668,-1.8175163269042969,-0.7512979507446289,0.6773443222045898,0.37193870544433594,0.9210624694824219,0.9951830506324768,0.9909860491752625,0.47388970851898193,365.75311279296875,416.8376159667969,1.188637137413025,1.4521478414535522,3.461682081222534,64.38665390014648,35.613349080085754
ILSVRC2012_val_00011490.JPEG,/home/dr-yougart/Desktop/vit_mi/Dataset/ILSVRC2012_img_val/ILSVRC2012_val_00011490.JPEG,735,735,735,True,True,clean_correct_blur_correct,13.717103004455566,14.276320457458496,0.5592174530029297,4.326475143432617,6.412017345428467,2.0855422019958496,4.326475143432617,6.412017345428467,0.9734193682670593,0.9965534806251526,0.9939537644386292,0.22769828140735626,392.8886413574219,393.39874267578125,1.0106747150421143,-0.062467530369758606,1.6830998659133911,48.58900606632233,51.41099691390991
ILSVRC2012_val_00011491.JPEG,/home/dr-yougart/Desktop/vit_mi/Dataset/ILSVRC2012_img_val/ILSVRC2012_val_00011491.JPEG,239,239,238,True,False,clean_correct_blur_wrong,13.041603088378906,10.595314025878906,-2.4462890625,2.664562225341797,-0.649510383605957,-3.314072608947754,2.664562225341797,0.0864419937133789,0.944019079208374,0.9960414171218872,0.9920514822006226,0.3333093822002411,369.3395690917969,381.0599060058594,1.0629886388778687,0.4234478771686554,2.3887293338775635,55.826789140701294,44.17320787906647
ILSVRC2012_val_00011492.JPEG,/home/dr-yougart/Desktop/vit_mi/Dataset/ILSVRC2012_img_val/ILSVRC2012_val_00011492.JPEG,705,705,829,True,False,clean_correct_blur_wrong,10.726567268371582,5.7195353507995605,-5.0070319175720215,0.19848251342773438,-0.7639527320861816,-0.962435245513916,0.19848251342773438,0.1817636489868164,0.9196723103523254,0.9944790601730347,0.9888997077941895,0.42224791646003723,367.3334655761719,379.09710693359375,1.0947787761688232,0.6021500825881958,2.9624388217926025,55.27470111846924,44.72529590129852
ILSVRC2012_val_00011493.JPEG,/home/dr-yougart/Desktop/vit_mi/Dataset/ILSVRC2012_img_val/ILSVRC2012_val_00011493.JPEG,957,957,912,True,False,clean_correct_blur_wrong,13.753026962280273,4.299850940704346,-9.453176498413086,6.6822967529296875,-2.7633771896362305,-9.445673942565918,6.6822967529296875,2.4986467361450195,0.9050995111465454,0.9936432242393494,0.9876080751419067,0.485866904258728,410.3168029785156,415.490234375,1.0694783926010132,0.23729649186134338,3.6718924045562744,52.648526430130005,47.351473569869995
ILSVRC2012_val_00011494.JPEG,/home/dr-yougart/Desktop/vit_mi/Dataset/ILSVRC2012_img_val/ILSVRC2012_val_00011494.JPEG,170,170,170,True,True,clean_correct_blur_correct,12.987638473510742,12.896061897277832,-0.09157657623291016,1.924881935119629,1.0999345779418945,-0.8249473571777344,1.924881935119629,1.0999345779418945,0.8950528502464294,0.9927810430526733,0.9863252639770508,0.4916861057281494,374.4272155761719,390.3454284667969,1.1014446020126343,0.47082024812698364,3.1685023307800293,54.37379479408264,45.62620520591736
ILSVRC2012_val_00011495.JPEG,/home/dr-yougart/Desktop/vit_mi/Dataset/ILSVRC2012_img_val/ILSVRC2012_val_00011495.JPEG,254,254,151,True,False,clean_correct_blur_wrong,10.884780883789062,8.19075870513916,-2.6940221786499023,2.223966598510742,-2.2360944747924805,-4.460061073303223,2.223966598510742,1.1733016967773438,0.926463782787323,0.9942734241485596,0.9891903400421143,0.4124281704425812,331.4949951171875,344.9614562988281,1.0870702266693115,0.4421157240867615,2.6652069091796875,54.45981025695801,45.54018974304199
ILSVRC2012_val_00011496.JPEG,/home/dr-yougart/Desktop/vit_mi/Dataset/ILSVRC2012_img_val/ILSVRC2012_val_00011496.JPEG,400,400,400,True,True,clean_correct_blur_correct,14.218987464904785,14.35897445678711,0.13998699188232422,1.545888900756836,2.8811092376708984,1.3352203369140625,1.545888900756836,2.8811092376708984,0.9373552203178406,0.9962475299835205,0.992781400680542,0.36120694875717163,402.32135009765625,413.28875732421875,1.0606921911239624,0.3729795217514038,2.9327638149261475,53.93507480621338,46.06492519378662
ILSVRC2012_val_00011497.JPEG,/home/dr-yougart/Desktop/vit_mi/Dataset/ILSVRC2012_img_val/ILSVRC2012_val_00011497.JPEG,911,452,551,False,False,clean_wrong_blur_wrong,3.7375948429107666,1.6108791828155518,-2.126715660095215,-4.810089111328125,-5.843782424926758,-1.0336933135986328,0.7466602325439453,0.416257381439209,0.9289677739143372,0.9963526129722595,0.9922128915786743,0.4413037598133087,345.9255065917969,387.02398681640625,1.1594593524932861,1.3772072792053223,3.2057526111602783,63.320690393447876,36.67931258678436
ILSVRC2012_val_00011498.JPEG,/home/dr-yougart/Desktop/vit_mi/Dataset/ILSVRC2012_img_val/ILSVRC2012_val_00011498.JPEG,229,229,220,True,False,clean_correct_blur_wrong,10.065946578979492,2.8155107498168945,-7.250435829162598,4.0711140632629395,-3.567591667175293,-7.638705730438232,4.0711140632629395,0.1571669578552246,0.9268609881401062,0.9949285387992859,0.9904872179031372,0.3892914950847626,410.913818359375,413.1704406738281,1.0328618288040161,-0.15952396392822266,3.0301804542541504,47.55733907222748,52.44266390800476
ILSVRC2012_val_00011499.JPEG,/home/dr-yougart/Desktop/vit_mi/Dataset/ILSVRC2012_img_val/ILSVRC2012_val_00011499.JPEG,405,405,405,True,True,clean_correct_blur_correct,15.476179122924805,14.114543914794922,-1.3616352081298828,9.489937782287598,7.916110992431641,-1.573826789855957,9.489937782287598,7.916110992431641,0.9181457161903381,0.9916287660598755,0.9827591180801392,0.38138437271118164,371.8356628417969,350.3695068359375,0.9789993762969971,-0.43037086725234985,2.35522723197937,45.938488841056824,54.061514139175415
ILSVRC2012_val_00011500.JPEG,/home/dr-yougart/Desktop/vit_mi/Dataset/ILSVRC2012_img_val/ILSVRC2012_val_00011500.JPEG,467,766,766,False,False,clean_wrong_blur_wrong,5.209356307983398,5.061282157897949,-0.14807415008544922,-2.065140724182129,-5.293672561645508,-3.228531837463379,0.14917516708374023,5.008350372314453,0.9570775628089905,0.9976338148117065,0.9952667951583862,0.3287002444267273,406.42340087890625,396.73345947265625,1.0003474950790405,-0.24892139434814453,2.996962547302246,47.46200144290924,52.538001537323
ILSVRC2012_val_00011501.JPEG,/home/dr-yougart/Desktop/vit_mi/Dataset/ILSVRC2012_img_val/ILSVRC2012_val_00011501.JPEG,18,18,18,True,True,clean_correct_blur_correct,13.250223159790039,12.133467674255371,-1.116755485534668,8.097723960876465,8.13221549987793,0.034491539001464844,8.097723960876465,8.13221549987793,0.9440302848815918,0.9946428537368774,0.9858518838882446,0.4469200074672699,370.32855224609375,417.6620788574219,1.2044070959091187,1.6466772556304932,3.115664482116699,63.847553730010986,36.152446269989014
ILSVRC2012_val_00011502.JPEG,/home/dr-yougart/Desktop/vit_mi/Dataset/ILSVRC2012_img_val/ILSVRC2012_val_00011502.JPEG,330,330,330,True,True,clean_correct_blur_correct,13.718626022338867,10.433637619018555,-3.2849884033203125,2.7825613021850586,1.9615812301635742,-0.8209800720214844,2.7825613021850586,1.9615812301635742,0.8726198673248291,0.9914189577102661,0.9848281741142273,0.634367048740387,393.1678466796875,447.57421875,1.2248132228851318,1.1909408569335938,4.48251485824585,58.31795334815979,41.68204367160797
ILSVRC2012_val_00011503.JPEG,/home/dr-yougart/Desktop/vit_mi/Dataset/ILSVRC2012_img_val/ILSVRC2012_val_00011503.JPEG,752,515,852,False,False,clean_wrong_blur_wrong,3.823448896408081,7.603904724121094,3.7804558277130127,-3.2977473735809326,-0.8259334564208984,2.471813917160034,0.620877742767334,0.8259334564208984,0.9188777208328247,0.9945027232170105,0.9893155694007874,0.44609948992729187,382.4770812988281,416.5448913574219,1.1324059963226318,0.9881067872047424,3.376312494277954,58.80250930786133,41.19749069213867
ILSVRC2012_val_00011504.JPEG,/home/dr-yougart/Desktop/vit_mi/Dataset/ILSVRC2012_img_val/ILSVRC2012_val_00011504.JPEG,422,422,422,True,True,clean_correct_blur_correct,12.770450592041016,10.628630638122559,-2.141819953918457,2.768010139465332,1.705240249633789,-1.062769889831543,2.768010139465332,1.705240249633789,0.926613450050354,0.995428740978241,0.9910383224487305,0.370225191116333,405.4945373535156,404.6247253417969,1.0346581935882568,0.20634225010871887,3.014430046081543,52.57896184921265,47.421035170555115
ILSVRC2012_val_00011505.JPEG,/home/dr-yougart/Desktop/vit_mi/Dataset/ILSVRC2012_img_val/ILSVRC2012_val_00011505.JPEG,956,956,956,True,True,clean_correct_blur_correct,15.78879165649414,15.143264770507812,-0.6455268859863281,11.823864936828613,10.757843971252441,-1.0660209655761719,11.823864936828613,10.757843971252441,0.9304097890853882,0.9927699565887451,0.9870707392692566,0.36722397804260254,365.669189453125,367.3770751953125,1.0365169048309326,0.0651811882853508,2.525125741958618,50.42461156845093,49.57539141178131
ILSVRC2012_val_00011506.JPEG,/home/dr-yougart/Desktop/vit_mi/Dataset/ILSVRC2012_img_val/ILSVRC2012_val_00011506.JPEG,271,248,248,False,False,clean_wrong_blur_wrong,7.236178398132324,6.087422847747803,-1.1487555503845215,-5.2543182373046875,-5.459070682525635,-0.20475244522094727,0.032013893127441406,0.34137725830078125,0.9261840581893921,0.9946942329406738,0.9899410605430603,0.35781386494636536,373.6915283203125,359.694580078125,1.023786187171936,-0.10505858063697815,2.3663883209228516,48.03069829940796,51.96930170059204
ILSVRC2012_val_00011507.JPEG,/home/dr-yougart/Desktop/vit_mi/Dataset/ILSVRC2012_img_val/ILSVRC2012_val_00011507.JPEG,208,208,208,True,True,clean_correct_blur_correct,12.255308151245117,10.448147773742676,-1.8071603775024414,2.494439125061035,0.6223211288452148,-1.8721179962158203,2.494439125061035,0.6223211288452148,0.9252597093582153,0.9932202696800232,0.9868238568305969,0.3553261160850525,354.6369934082031,356.2153625488281,1.0620052814483643,0.3308051526546478,2.2588412761688232,55.23083806037903,44.76916193962097
ILSVRC2012_val_00011508.JPEG,/home/dr-yougart/Desktop/vit_mi/Dataset/ILSVRC2012_img_val/ILSVRC2012_val_00011508.JPEG,815,74,73,False,False,clean_wrong_blur_wrong,10.527436256408691,8.788718223571777,-1.738718032836914,-3.0184459686279297,-5.656563758850098,-2.638117790222168,0.13478374481201172,3.5245513916015625,0.9494839906692505,0.9955183267593384,0.9913991689682007,0.2716606855392456,476.93890380859375,473.65576171875,1.0208182334899902,0.16031613945960999,2.4054689407348633,53.466808795928955,46.533191204071045
ILSVRC2012_val_00011509.JPEG,/home/dr-yougart/Desktop/vit_mi/Dataset/ILSVRC2012_img_val/ILSVRC2012_val_00011509.JPEG,839,409,716,False,False,clean_wrong_blur_wrong,4.267653465270996,2.768764019012451,-1.498889446258545,-5.630805015563965,-4.75944185256958,0.8713631629943848,0.15922832489013672,1.282473087310791,0.9339152574539185,0.9968376159667969,0.9932437539100647,0.4092589020729065,343.7552490234375,366.571533203125,1.0996547937393188,0.7937731742858887,2.950094223022461,57.250142097473145,42.74985492229462
ILSVRC2012_val_00011510.JPEG,/home/dr-yougart/Desktop/vit_mi/Dataset/ILSVRC2012_img_val/ILSVRC2012_val_00011510.JPEG,403,403,403,True,True,clean_correct_blur_correct,11.789939880371094,12.467166900634766,0.6772270202636719,0.639439582824707,2.945145606994629,2.305706024169922,0.639439582824707,2.945145606994629,0.929053783416748,0.9937449097633362,0.9869083762168884,0.38502803444862366,365.63568115234375,385.07891845703125,1.0910145044326782,0.5214686393737793,2.498656749725342,56.87430500984192,43.12569499015808
ILSVRC2012_val_00011511.JPEG,/home/dr-yougart/Desktop/vit_mi/Dataset/ILSVRC2012_img_val/ILSVRC2012_val_00011511.JPEG,265,265,207,True,False,clean_correct_blur_wrong,12.175068855285645,5.472437858581543,-6.702630996704102,0.3996706008911133,-6.147200584411621,-6.546871185302734,0.3996706008911133,2.6888017654418945,0.929320752620697,0.9956967234611511,0.9919977784156799,0.38430723547935486,363.91766357421875,361.2462463378906,1.0232465267181396,-0.21405331790447235,2.665767192840576,47.03149199485779,52.96850800514221
ILSVRC2012_val_00011512.JPEG,/home/dr-yougart/Desktop/vit_mi/Dataset/ILSVRC2012_img_val/ILSVRC2012_val_00011512.JPEG,363,363,363,True,True,clean_correct_blur_correct,16.182565689086914,15.932412147521973,-0.2501535415649414,11.754077911376953,10.844541549682617,-0.9095363616943359,11.754077911376953,10.844541549682617,0.9306234121322632,0.9942074418067932,0.9896052479743958,0.36303824186325073,423.5928649902344,414.4775695800781,1.0063879489898682,-0.16481415927410126,2.9771149158477783,47.82223105430603,52.17776894569397
ILSVRC2012_val_00011513.JPEG,/home/dr-yougart/Desktop/vit_mi/Dataset/ILSVRC2012_img_val/ILSVRC2012_val_00011513.JPEG,770,770,770,True,True,clean_correct_blur_correct,9.414451599121094,7.813084602355957,-1.6013669967651367,1.9137468338012695,2.401425361633301,0.48767852783203125,1.9137468338012695,2.401425361633301,0.9352930784225464,0.9948794841766357,0.9908749461174011,0.3631761372089386,342.3064270019531,311.1649475097656,0.9418873190879822,-0.8655441999435425,2.500335931777954,38.4327232837677,61.5672767162323
ILSVRC2012_val_00011514.JPEG,/home/dr-yougart/Desktop/vit_mi/Dataset/ILSVRC2012_img_val/ILSVRC2012_val_00011514.JPEG,665,670,670,False,False,clean_wrong_blur_wrong,12.163966178894043,12.154646873474121,-0.009319305419921875,-1.376007080078125,-0.7160587310791016,0.6599483489990234,1.376007080078125,0.7160587310791016,0.9584167003631592,0.9959689378738403,0.9918022155761719,0.2743735909461975,382.10284423828125,382.4330749511719,1.0202833414077759,0.1430826336145401,1.9455962181091309,52.34443545341492,47.65556454658508
ILSVRC2012_val_00011515.JPEG,/home/dr-yougart/Desktop/vit_mi/Dataset/ILSVRC2012_img_val/ILSVRC2012_val_00011515.JPEG,323,323,323,True,True,clean_correct_blur_correct,14.53012752532959,11.754532814025879,-2.775594711303711,7.410822868347168,4.296210765838623,-3.114612102508545,7.410822868347168,4.296210765838623,0.9440325498580933,0.9959366321563721,0.9914492964744568,0.34264954924583435,417.9353942871094,402.7696228027344,0.9990984797477722,-0.09377481043338776,2.9905502796173096,51.18735432624817,48.81264865398407
ILSVRC2012_val_00011516.JPEG,/home/dr-yougart/Desktop/vit_mi/Dataset/ILSVRC2012_img_val/ILSVRC2012_val_00011516.JPEG,794,794,729,True,False,clean_correct_blur_wrong,12.75532341003418,5.5470871925354,-7.208236217498779,5.528949737548828,-1.3178009986877441,-6.846750736236572,5.528949737548828,0.42923498153686523,0.8977541923522949,0.9930381178855896,0.9860369563102722,0.4802299439907074,347.6029052734375,323.6219787597656,0.9904567003250122,-0.5246493816375732,3.0167922973632812,43.57824623584747,56.42175078392029
ILSVRC2012_val_00011517.JPEG,/home/dr-yougart/Desktop/vit_mi/Dataset/ILSVRC2012_img_val/ILSVRC2012_val_00011517.JPEG,39,39,39,True,True,clean_correct_blur_correct,14.078832626342773,12.278251647949219,-1.8005809783935547,3.1417980194091797,3.232675552368164,0.09087753295898438,3.1417980194091797,3.232675552368164,0.9053550362586975,0.9943045973777771,0.9885133504867554,0.5022811889648438,374.4451904296875,399.1772155761719,1.1378453969955444,0.8422146439552307,3.4414196014404297,57.519882917404175,42.480117082595825
ILSVRC2012_val_00011518.JPEG,/home/dr-yougart/Desktop/vit_mi/Dataset/ILSVRC2012_img_val/ILSVRC2012_val_00011518.JPEG,40,40,40,True,True,clean_correct_blur_correct,14.291197776794434,12.477916717529297,-1.8132810592651367,0.5590496063232422,0.2481374740600586,-0.3109121322631836,0.5590496063232422,0.2481374740600586,0.9448975324630737,0.9967626333236694,0.9943117499351501,0.34506598114967346,385.9053649902344,380.0838928222656,1.0092092752456665,-0.24615225195884705,2.6392903327941895,46.17815613746643,53.82184386253357
ILSVRC2012_val_00011519.JPEG,/home/dr-yougart/Desktop/vit_mi/Dataset/ILSVRC2012_img_val/ILSVRC2012_val_00011519.JPEG,20,20,20,True,True,clean_correct_blur_correct,16.6322078704834,7.386077880859375,-9.246129989624023,12.16165828704834,0.9141302108764648,-11.247528076171875,12.16165828704834,0.9141302108764648,0.9282094240188599,0.9970835447311401,0.9943504333496094,0.44951581954956055,377.5917663574219,408.6595458984375,1.1111868619918823,0.7482091784477234,3.495368242263794,55.733275413513184,44.266727566719055
ILSVRC2012_val_00011520.JPEG,/home/dr-yougart/Desktop/vit_mi/Dataset/ILSVRC2012_img_val/ILSVRC2012_val_00011520.JPEG,369,369,369,True,True,clean_correct_blur_correct,13.472018241882324,11.380721092224121,-2.091297149658203,3.850022315979004,2.7883758544921875,-1.0616464614868164,3.850022315979004,2.7883758544921875,0.8922551870346069,0.9919795393943787,0.9856747388839722,0.5203132033348083,352.8060302734375,365.3327941894531,1.0983003377914429,0.1456625908613205,3.1483371257781982,51.175785064697266,48.82421791553497
ILSVRC2012_val_00011521.JPEG,/home/dr-yougart/Desktop/vit_mi/Dataset/ILSVRC2012_img_val/ILSVRC2012_val_00011521.JPEG,944,944,944,True,True,clean_correct_blur_correct,14.688886642456055,13.839853286743164,-0.8490333557128906,6.653624534606934,5.725968360900879,-0.9276561737060547,6.653624534606934,5.725968360900879,0.9505581259727478,0.996867299079895,0.9928382039070129,0.3276548981666565,360.2198791503906,379.9591979980469,1.0800933837890625,0.8668082356452942,2.4693045616149902,61.19962930679321,38.80036771297455
ILSVRC2012_val_00011522.JPEG,/home/dr-yougart/Desktop/vit_mi/Dataset/ILSVRC2012_img_val/ILSVRC2012_val_00011522.JPEG,831,831,598,True,False,clean_correct_blur_wrong,8.900373458862305,7.300121307373047,-1.6002521514892578,0.9461197853088379,-2.4476680755615234,-3.3937878608703613,0.9461197853088379,0.30202484130859375,0.9195312857627869,0.99367755651474,0.986729621887207,0.41403728723526,364.17291259765625,372.71234130859375,1.0856672525405884,0.4306096136569977,2.6913459300994873,55.677759647369385,44.32223737239838
ILSVRC2012_val_00011523.JPEG,/home/dr-yougart/Desktop/vit_mi/Dataset/ILSVRC2012_img_val/ILSVRC2012_val_00011523.JPEG,368,368,368,True,True,clean_correct_blur_correct,13.902217864990234,10.338768005371094,-3.5634498596191406,5.464699745178223,2.2458086013793945,-3.218891143798828,5.464699745178223,2.2458086013793945,0.9107716083526611,0.9936099648475647,0.9875333905220032,0.46170365810394287,388.3695068359375,390.602294921875,1.0532901287078857,-0.08731170743703842,3.270704984664917,50.24949312210083,49.75050985813141
ILSVRC2012_val_00011524.JPEG,/home/dr-yougart/Desktop/vit_mi/Dataset/ILSVRC2012_img_val/ILSVRC2012_val_00011524.JPEG,942,942,942,True,True,clean_correct_blur_correct,15.044370651245117,14.974105834960938,-0.07026481628417969,7.42656946182251,5.844428062438965,-1.582141399383545,7.42656946182251,5.844428062438965,0.9381137490272522,0.9941624402999878,0.9882680177688599,0.3105040192604065,441.39990234375,419.5908508300781,0.9749659895896912,-0.44152119755744934,2.5068562030792236,44.24571692943573,55.75428009033203
ILSVRC2012_val_00011525.JPEG,/home/dr-yougart/Desktop/vit_mi/Dataset/ILSVRC2012_img_val/ILSVRC2012_val_00011525.JPEG,121,121,121,True,True,clean_correct_blur_correct,10.024362564086914,9.708602905273438,-0.31575965881347656,0.5953130722045898,1.2522077560424805,0.6568946838378906,0.5953130722045898,1.2522077560424805,0.9489231705665588,0.9966973066329956,0.9922849535942078,0.334056556224823,337.8243713378906,340.9261779785156,1.0427560806274414,0.34787309169769287,2.354008674621582,55.21852970123291,44.78147029876709
ILSVRC2012_val_00011526.JPEG,/home/dr-yougart/Desktop/vit_mi/Dataset/ILSVRC2012_img_val/ILSVRC2012_val_00011526.JPEG,406,406,406,True,True,clean_correct_blur_correct,12.667183876037598,10.095680236816406,-2.5715036392211914,1.3363895416259766,0.5800228118896484,-0.7563667297363281,1.3363895416259766,0.5800228118896484,0.9207056164741516,0.9919807314872742,0.9857525825500488,0.4438062310218811,321.39288330078125,338.9555969238281,1.1010717153549194,0.12945330142974854,2.5208237171173096,50.87098479270935,49.12901520729065
ILSVRC2012_val_00011527.JPEG,/home/dr-yougart/Desktop/vit_mi/Dataset/ILSVRC2012_img_val/ILSVRC2012_val_00011527.JPEG,525,525,525,True,True,clean_correct_blur_correct,14.273301124572754,13.463858604431152,-0.8094425201416016,10.222468376159668,8.67202377319336,-1.5504446029663086,10.222468376159668,8.67202377319336,0.9194310307502747,0.9939478635787964,0.9886231422424316,0.3939281702041626,439.3995666503906,425.6488342285156,0.996146559715271,-0.528979480266571,3.283806085586548,43.990859389305115,56.00913763046265
ILSVRC2012_val_00011528.JPEG,/home/dr-yougart/Desktop/vit_mi/Dataset/ILSVRC2012_img_val/ILSVRC2012_val_00011528.JPEG,284,284,186,True,False,clean_correct_blur_wrong,11.286067962646484,5.816944599151611,-5.469123363494873,4.040643215179443,-2.3022398948669434,-6.342883110046387,4.040643215179443,0.05765819549560547,0.9390712380409241,0.9959002137184143,0.9921039938926697,0.3935966193675995,344.29229736328125,367.2742614746094,1.1066609621047974,0.72998046875,2.481642007827759,59.571146965026855,40.42885601520538
ILSVRC2012_val_00011529.JPEG,/home/dr-yougart/Desktop/vit_mi/Dataset/ILSVRC2012_img_val/ILSVRC2012_val_00011529.JPEG,731,463,463,False,False,clean_wrong_blur_wrong,2.5071797370910645,3.8850677013397217,1.3778879642486572,-7.548519611358643,-2.535797357559204,5.012722015380859,2.080310344696045,1.5325541496276855,0.9391103982925415,0.995997428894043,0.9920082092285156,0.35757017135620117,340.26007080078125,351.6203308105469,1.0571764707565308,0.39035218954086304,2.4931883811950684,54.167741537094116,45.83226144313812
ILSVRC2012_val_00011530.JPEG,/home/dr-yougart/Desktop/vit_mi/Dataset/ILSVRC2012_img_val/ILSVRC2012_val_00011530.JPEG,37,37,37,True,True,clean_correct_blur_correct,13.287825584411621,10.441863059997559,-2.8459625244140625,2.8524742126464844,1.0545425415039062,-1.7979316711425781,2.8524742126464844,1.0545425415039062,0.9214508533477783,0.9949996471405029,0.9904050230979919,0.4231965243816376,375.3557434082031,398.6695251464844,1.0971660614013672,0.6428359746932983,3.061206340789795,55.47724366188049,44.522759318351746
ILSVRC2012_val_00011531.JPEG,/home/dr-yougart/Desktop/vit_mi/Dataset/ILSVRC2012_img_val/ILSVRC2012_val_00011531.JPEG,68,66,68,False,True,clean_wrong_blur_correct,13.958964347839355,14.090332984924316,0.13136863708496094,-0.15916061401367188,1.5279951095581055,1.6871557235717773,0.15916061401367188,1.5279951095581055,0.9447245001792908,0.9971961975097656,0.9945495128631592,0.33366233110427856,346.369384765625,346.6546936035156,1.0198966264724731,0.12036611139774323,2.4186506271362305,51.39891505241394,48.60108494758606
ILSVRC2012_val_00011532.JPEG,/home/dr-yougart/Desktop/vit_mi/Dataset/ILSVRC2012_img_val/ILSVRC2012_val_00011532.JPEG,392,392,392,True,True,clean_correct_blur_correct,14.757946968078613,14.987635612487793,0.2296886444091797,5.921469688415527,7.880596160888672,1.9591264724731445,5.921469688415527,7.880596160888672,0.8869475722312927,0.9927062392234802,0.9861986041069031,0.5631794333457947,329.7069396972656,372.1659851074219,1.1953020095825195,1.2433762550354004,3.4424610137939453,61.25943660736084,38.74056339263916
ILSVRC2012_val_00011533.JPEG,/home/dr-yougart/Desktop/vit_mi/Dataset/ILSVRC2012_img_val/ILSVRC2012_val_00011533.JPEG,427,427,427,True,True,clean_correct_blur_correct,13.097885131835938,8.606351852416992,-4.491533279418945,2.3026962280273438,1.2099366188049316,-1.092759609222412,2.3026962280273438,1.2099366188049316,0.8986269235610962,0.994206964969635,0.9878509044647217,0.530167818069458,378.7989807128906,419.4012756347656,1.1837810277938843,1.3352409601211548,3.6520557403564453,61.08617186546326,38.91383111476898
ILSVRC2012_val_00011534.JPEG,/home/dr-yougart/Desktop/vit_mi/Dataset/ILSVRC2012_img_val/ILSVRC2012_val_00011534.JPEG,586,586,586,True,True,clean_correct_blur_correct,15.116456031799316,14.236936569213867,-0.8795194625854492,6.8605756759643555,8.478536605834961,1.6179609298706055,6.8605756759643555,8.478536605834961,0.9345557689666748,0.9954203367233276,0.9909464716911316,0.36345019936561584,416.44195556640625,414.5044250488281,1.0163671970367432,0.004474439658224583,3.1075656414031982,49.18938875198364,50.81061124801636
ILSVRC2012_val_00011535.JPEG,/home/dr-yougart/Desktop/vit_mi/Dataset/ILSVRC2012_img_val/ILSVRC2012_val_00011535.JPEG,317,317,317,True,True,clean_correct_blur_correct,12.46286678314209,6.87884521484375,-5.58402156829834,2.998398780822754,0.24825477600097656,-2.7501440048217773,2.998398780822754,0.24825477600097656,0.9364362955093384,0.9942266345024109,0.9889114499092102,0.411639928817749,387.3446960449219,448.978271484375,1.2011489868164062,1.7204790115356445,3.0855824947357178,70.27689218521118,29.72310781478882
ILSVRC2012_val_00011536.JPEG,/home/dr-yougart/Desktop/vit_mi/Dataset/ILSVRC2012_img_val/ILSVRC2012_val_00011536.JPEG,918,918,918,True,True,clean_correct_blur_correct,14.280903816223145,9.466516494750977,-4.814387321472168,8.052701950073242,1.2729368209838867,-6.7797651290893555,8.052701950073242,1.2729368209838867,0.9159939885139465,0.9943592548370361,0.9891019463539124,0.4726356267929077,311.2640075683594,324.7352294921875,1.1124861240386963,0.3379339277744293,2.6116650104522705,54.05433177947998,45.94566822052002
ILSVRC2012_val_00011537.JPEG,/home/dr-yougart/Desktop/vit_mi/Dataset/ILSVRC2012_img_val/ILSVRC2012_val_00011537.JPEG,271,291,371,False,False,clean_wrong_blur_wrong,3.2642483711242676,4.668489933013916,1.4042415618896484,-9.191673278808594,-4.129333972930908,5.0623393058776855,4.849348068237305,2.265322685241699,0.8209259510040283,0.9880514144897461,0.9770166277885437,0.7145169377326965,385.81494140625,417.8072814941406,1.1816504001617432,1.0000441074371338,4.691871643066406,58.03382992744446,41.96617007255554
ILSVRC2012_val_00011538.JPEG,/home/dr-yougart/Desktop/vit_mi/Dataset/ILSVRC2012_img_val/ILSVRC2012_val_00011538.JPEG,822,822,822,True,True,clean_correct_blur_correct,15.584735870361328,14.378902435302734,-1.2058334350585938,7.638272762298584,7.547308444976807,-0.09096431732177734,7.638272762298584,7.547308444976807,0.9321033954620361,0.99733966588974,0.9931491017341614,0.3745957911014557,403.6895751953125,387.6613464355469,0.9843502640724182,-0.16257724165916443,3.4003474712371826,49.20494258403778,50.79505443572998
ILSVRC2012_val_00011539.JPEG,/home/dr-yougart/Desktop/vit_mi/Dataset/ILSVRC2012_img_val/ILSVRC2012_val_00011539.JPEG,704,704,704,True,True,clean_correct_blur_correct,15.558083534240723,15.309672355651855,-0.2484111785888672,10.821449279785156,11.493282318115234,0.6718330383300781,10.821449279785156,11.493282318115234,0.9606002569198608,0.9960227012634277,0.9930550456047058,0.2591397166252136,368.84442138671875,374.197998046875,1.0216807126998901,0.00280332425609231,1.9562156200408936,49.63812530040741,50.36187767982483
ILSVRC2012_val_00011540.JPEG,/home/dr-yougart/Desktop/vit_mi/Dataset/ILSVRC2012_img_val/ILSVRC2012_val_00011540.JPEG,860,860,860,True,True,clean_correct_blur_correct,13.916125297546387,12.847464561462402,-1.0686607360839844,4.881575584411621,6.2162299156188965,1.3346543312072754,4.881575584411621,6.2162299156188965,0.9086476564407349,0.9933261275291443,0.9880236387252808,0.4678703248500824,343.4937744140625,359.299560546875,1.1054471731185913,0.36231300234794617,2.8460044860839844,53.16574573516846,46.83425426483154
ILSVRC2012_val_00011541.JPEG,/home/dr-yougart/Desktop/vit_mi/Dataset/ILSVRC2012_img_val/ILSVRC2012_val_00011541.JPEG,42,42,42,True,True,clean_correct_blur_correct,15.382538795471191,15.04642105102539,-0.3361177444458008,9.384479522705078,8.430100440979004,-0.9543790817260742,9.384479522705078,8.430100440979004,0.9625399708747864,0.9958041310310364,0.9914821982383728,0.24981001019477844,390.3053283691406,389.89483642578125,1.0215805768966675,0.13048039376735687,1.954566478729248,52.42764949798584,47.57235050201416
ILSVRC2012_val_00011542.JPEG,/home/dr-yougart/Desktop/vit_mi/Dataset/ILSVRC2012_img_val/ILSVRC2012_val_00011542.JPEG,808,808,808,True,True,clean_correct_blur_correct,7.87650203704834,6.635976791381836,-1.240525245666504,0.39577579498291016,0.28499650955200195,-0.1107792854309082,0.39577579498291016,0.28499650955200195,0.9145628213882446,0.9955762028694153,0.9905815720558167,0.5001915693283081,364.76409912109375,419.0177917480469,1.2026457786560059,1.7484712600708008,3.7921066284179688,64.9526059627533,35.047394037246704
ILSVRC2012_val_00011543.JPEG,/home/dr-yougart/Desktop/vit_mi/Dataset/ILSVRC2012_img_val/ILSVRC2012_val_00011543.JPEG,290,290,288,True,False,clean_correct_blur_wrong,14.450891494750977,12.648484230041504,-1.8024072647094727,0.3886585235595703,-1.394735336303711,-1.7833938598632812,0.3886585235595703,1.394735336303711,0.9221314191818237,0.9930137991905212,0.9875524640083313,0.41133537888526917,370.93084716796875,376.042724609375,1.05403733253479,0.06386292725801468,2.7236945629119873,50.56740641593933,49.43259060382843
ILSVRC2012_val_00011544.JPEG,/home/dr-yougart/Desktop/vit_mi/Dataset/ILSVRC2012_img_val/ILSVRC2012_val_00011544.JPEG,390,390,390,True,True,clean_correct_blur_correct,15.455622673034668,13.303901672363281,-2.1517210006713867,7.302346229553223,1.852670669555664,-5.449675559997559,7.302346229553223,1.852670669555664,0.8802863359451294,0.9880661964416504,0.9782953262329102,0.5977700352668762,329.16571044921875,364.2093811035156,1.2212857007980347,0.8480510115623474,2.9325685501098633,58.01584720611572,41.98414981365204
ILSVRC2012_val_00011545.JPEG,/home/dr-yougart/Desktop/vit_mi/Dataset/ILSVRC2012_img_val/ILSVRC2012_val_00011545.JPEG,577,577,577,True,True,clean_correct_blur_correct,14.042423248291016,14.487987518310547,0.44556427001953125,1.5439348220825195,2.6834726333618164,1.1395378112792969,1.5439348220825195,2.6834726333618164,0.907370924949646,0.9949818253517151,0.9893589615821838,0.47681477665901184,376.0594177246094,369.0780334472656,1.0373879671096802,-0.017381254583597183,3.58530330657959,49.89658296108246,50.10342001914978
ILSVRC2012_val_00011546.JPEG,/home/dr-yougart/Desktop/vit_mi/Dataset/ILSVRC2012_img_val/ILSVRC2012_val_00011546.JPEG,799,799,799,True,True,clean_correct_blur_correct,12.901081085205078,11.663511276245117,-1.237569808959961,3.19077205657959,1.9718093872070312,-1.2189626693725586,3.19077205657959,1.9718093872070312,0.9263677597045898,0.9957758784294128,0.9908372759819031,0.3916435241699219,343.5569152832031,347.3837585449219,1.0543986558914185,0.21542009711265564,2.564631223678589,53.3508837223053,46.6491162776947
ILSVRC2012_val_00011547.JPEG,/home/dr-yougart/Desktop/vit_mi/Dataset/ILSVRC2012_img_val/ILSVRC2012_val_00011547.JPEG,697,697,697,True,True,clean_correct_blur_correct,9.274162292480469,6.402113437652588,-2.872048854827881,1.5138788223266602,0.17699241638183594,-1.3368864059448242,1.5138788223266602,0.17699241638183594,0.9125151634216309,0.992983341217041,0.9871573448181152,0.43584439158439636,340.28741455078125,340.8818664550781,1.0659520626068115,0.3349665105342865,2.7757461071014404,54.00994420051575,45.990052819252014
ILSVRC2012_val_00011548.JPEG,/home/dr-yougart/Desktop/vit_mi/Dataset/ILSVRC2012_img_val/ILSVRC2012_val_00011548.JPEG,638,639,639,False,False,clean_wrong_blur_wrong,13.051304817199707,10.303847312927246,-2.747457504272461,-0.9040699005126953,-1.2501907348632812,-0.34612083435058594,0.9040699005126953,1.117049217224121,0.9411495923995972,0.9950048327445984,0.9900695085525513,0.34163013100624084,395.742919921875,416.3160400390625,1.1048848628997803,0.9051366448402405,2.487792491912842,60.677266120910645,39.32273089885712
ILSVRC2012_val_00011549.JPEG,/home/dr-yougart/Desktop/vit_mi/Dataset/ILSVRC2012_img_val/ILSVRC2012_val_00011549.JPEG,935,940,940,False,False,clean_wrong_blur_wrong,4.617331504821777,3.0401737689971924,-1.577157735824585,-10.825815200805664,-9.282943725585938,1.5428714752197266,6.936373710632324,3.2581710815429688,0.9156051874160767,0.995064377784729,0.990388810634613,0.45494598150253296,389.93109130859375,429.1644592285156,1.1487021446228027,1.414439082145691,3.6624646186828613,61.94412708282471,38.05587291717529
ILSVRC2012_val_00011550.JPEG,/home/dr-yougart/Desktop/vit_mi/Dataset/ILSVRC2012_img_val/ILSVRC2012_val_00011550.JPEG,783,783,783,True,True,clean_correct_blur_correct,12.663825035095215,8.782011985778809,-3.8818130493164062,6.486229419708252,2.267808437347412,-4.21842098236084,6.486229419708252,2.267808437347412,0.9239463210105896,0.9943051934242249,0.9895481467247009,0.39943429827690125,372.98382568359375,352.76263427734375,0.9635365605354309,-0.6500746607780457,2.7959213256835938,42.78932809829712,57.21067190170288
ILSVRC2012_val_00011551.JPEG,/home/dr-yougart/Desktop/vit_mi/Dataset/ILSVRC2012_img_val/ILSVRC2012_val_00011551.JPEG,40,44,26,False,False,clean_wrong_blur_wrong,10.420151710510254,5.414670944213867,-5.005480766296387,-1.5893707275390625,-7.095181465148926,-5.505810737609863,1.5893707275390625,2.7750816345214844,0.9327294230461121,0.9959840774536133,0.9920821189880371,0.4286649227142334,381.3018493652344,408.3691101074219,1.1292903423309326,0.9144970774650574,3.1320838928222656,58.65175127983093,41.34824872016907
ILSVRC2012_val_00011552.JPEG,/home/dr-yougart/Desktop/vit_mi/Dataset/ILSVRC2012_img_val/ILSVRC2012_val_00011552.JPEG,611,446,620,False,False,clean_wrong_blur_wrong,4.880687236785889,2.3779704570770264,-2.5027167797088623,-1.4695453643798828,-5.4753265380859375,-4.005781173706055,0.2086167335510254,1.317840576171875,0.9286513924598694,0.9954127073287964,0.9905515313148499,0.3989999294281006,356.6307373046875,356.2691345214844,1.0302631855010986,0.016990147531032562,2.779052972793579,49.65639114379883,50.34360885620117
ILSVRC2012_val_00011553.JPEG,/home/dr-yougart/Desktop/vit_mi/Dataset/ILSVRC2012_img_val/ILSVRC2012_val_00011553.JPEG,773,684,684,False,False,clean_wrong_blur_wrong,8.551200866699219,7.224613189697266,-1.3265876770019531,-1.3785429000854492,-2.7406492233276367,-1.3621063232421875,1.0021743774414062,1.9917817115783691,0.922743022441864,0.993528425693512,0.9870201945304871,0.4578914940357208,367.46337890625,409.5350341796875,1.1909892559051514,1.4169387817382812,2.9356465339660645,64.67009782791138,35.32990217208862
ILSVRC2012_val_00011554.JPEG,/home/dr-yougart/Desktop/vit_mi/Dataset/ILSVRC2012_img_val/ILSVRC2012_val_00011554.JPEG,89,89,89,True,True,clean_correct_blur_correct,14.196160316467285,12.605137825012207,-1.5910224914550781,9.18257999420166,7.977118968963623,-1.205461025238037,9.18257999420166,7.977118968963623,0.938861072063446,0.9952859878540039,0.9908961057662964,0.33174338936805725,410.3363037109375,388.460693359375,0.9770525097846985,-0.30685070157051086,2.7415947914123535,46.177685260772705,53.822314739227295
ILSVRC2012_val_00011555.JPEG,/home/dr-yougart/Desktop/vit_mi/Dataset/ILSVRC2012_img_val/ILSVRC2012_val_00011555.JPEG,151,151,151,True,True,clean_correct_blur_correct,12.88522720336914,13.098832130432129,0.21360492706298828,1.2238960266113281,0.8526029586791992,-0.3712930679321289,1.2238960266113281,0.8526029586791992,0.9402957558631897,0.9958686232566833,0.991668164730072,0.3345496952533722,351.69952392578125,359.3805847167969,1.0573786497116089,0.6045321822166443,2.4820032119750977,58.26653838157654,41.73346161842346
ILSVRC2012_val_00011556.JPEG,/home/dr-yougart/Desktop/vit_mi/Dataset/ILSVRC2012_img_val/ILSVRC2012_val_00011556.JPEG,263,263,158,True,False,clean_correct_blur_wrong,13.519658088684082,10.319615364074707,-3.200042724609375,3.123335838317871,-1.4164552688598633,-4.539791107177734,3.123335838317871,1.0009031295776367,0.9296852350234985,0.994384765625,0.9892504811286926,0.36395618319511414,358.8785400390625,361.2596740722656,1.0418404340744019,0.15245500206947327,2.470531702041626,52.78792977333069,47.21207022666931
ILSVRC2012_val_00011557.JPEG,/home/dr-yougart/Desktop/vit_mi/Dataset/ILSVRC2012_img_val/ILSVRC2012_val_00011557.JPEG,521,521,521,True,True,clean_correct_blur_correct,14.365594863891602,12.544597625732422,-1.8209972381591797,5.414551734924316,1.6489086151123047,-3.7656431198120117,5.414551734924316,1.6489086151123047,0.9144562482833862,0.9929169416427612,0.9859931468963623,0.4130942225456238,377.038330078125,383.32659912109375,1.0684330463409424,0.26732000708580017,2.814612865447998,53.25912833213806,46.74087166786194
ILSVRC2012_val_00011558.JPEG,/home/dr-yougart/Desktop/vit_mi/Dataset/ILSVRC2012_img_val/ILSVRC2012_val_00011558.JPEG,957,957,957,True,True,clean_correct_blur_correct,14.765088081359863,12.089489936828613,-2.67559814453125,8.495704650878906,3.4721384048461914,-5.023566246032715,8.495704650878906,3.4721384048461914,0.9141496419906616,0.9921181201934814,0.9846755266189575,0.4070563316345215,420.33465576171875,417.9482116699219,1.044973373413086,0.13205519318580627,3.0880351066589355,49.73883926868439,50.261157751083374
ILSVRC2012_val_00011559.JPEG,/home/dr-yougart/Desktop/vit_mi/Dataset/ILSVRC2012_img_val/ILSVRC2012_val_00011559.JPEG,902,902,902,True,True,clean_correct_blur_correct,12.58891487121582,12.81170654296875,0.2227916717529297,4.919888496398926,3.875617027282715,-1.044271469116211,4.919888496398926,3.875617027282715,0.9346641898155212,0.9936442971229553,0.9880943894386292,0.42043739557266235,380.3846130371094,427.4356689453125,1.1591440439224243,1.260154128074646,3.0336480140686035,61.510396003723145,38.489603996276855
ILSVRC2012_val_00011560.JPEG,/home/dr-yougart/Desktop/vit_mi/Dataset/ILSVRC2012_img_val/ILSVRC2012_val_00011560.JPEG,888,888,888,True,True,clean_correct_blur_correct,14.48381519317627,9.738699913024902,-4.745115280151367,6.04496955871582,1.1070623397827148,-4.9379072189331055,6.04496955871582,1.1070623397827148,0.9230806231498718,0.9951982498168945,0.9907383918762207,0.3998035192489624,372.21630859375,367.3089904785156,1.0146551132202148,-0.23972204327583313,2.8805172443389893,47.155243158340454,52.844756841659546
ILSVRC2012_val_00011561.JPEG,/home/dr-yougart/Desktop/vit_mi/Dataset/ILSVRC2012_img_val/ILSVRC2012_val_00011561.JPEG,732,732,732,True,True,clean_correct_blur_correct,13.759270668029785,10.49404239654541,-3.265228271484375,5.432892799377441,3.8485450744628906,-1.5843477249145508,5.432892799377441,3.8485450744628906,0.9327244758605957,0.9946659803390503,0.988457202911377,0.34119608998298645,366.0822448730469,357.1330871582031,1.0048890113830566,0.21307504177093506,2.3960180282592773,52.49834656715393,47.50165343284607
ILSVRC2012_val_00011562.JPEG,/home/dr-yougart/Desktop/vit_mi/Dataset/ILSVRC2012_img_val/ILSVRC2012_val_00011562.JPEG,825,825,825,True,True,clean_correct_blur_correct,12.979005813598633,10.846514701843262,-2.132491111755371,3.971527099609375,4.66421365737915,0.6926865577697754,3.971527099609375,4.66421365737915,0.9509338736534119,0.9966207146644592,0.9929919838905334,0.3171292543411255,405.0316162109375,413.9179992675781,1.0478936433792114,0.4957146942615509,2.6903507709503174,53.228920698165894,46.77056670188904
ILSVRC2012_val_00011563.JPEG,/home/dr-yougart/Desktop/vit_mi/Dataset/ILSVRC2012_img_val/ILSVRC2012_val_00011563.JPEG,472,472,693,True,False,clean_correct_blur_wrong,12.216691017150879,8.74850845336914,-3.4681825637817383,1.4568862915039062,-0.6738090515136719,-2.130695343017578,1.4568862915039062,0.6738090515136719,0.9337972402572632,0.9960317611694336,0.9925822019577026,0.3569362759590149,352.7232666015625,347.9800720214844,1.0016155242919922,-0.02452957071363926,2.611337423324585,49.26984906196594,50.73015093803406
ILSVRC2012_val_00011564.JPEG,/home/dr-yougart/Desktop/vit_mi/Dataset/ILSVRC2012_img_val/ILSVRC2012_val_00011564.JPEG,323,323,323,True,True,clean_correct_blur_correct,13.83358383178711,11.869134902954102,-1.9644489288330078,6.701742649078369,5.258008003234863,-1.4437346458435059,6.701742649078369,5.258008003234863,0.9441317915916443,0.9962301254272461,0.9926506280899048,0.3327435851097107,362.491943359375,359.50732421875,1.010278582572937,0.14100489020347595,2.5449934005737305,51.36770009994507,48.63230288028717
ILSVRC2012_val_00011565.JPEG,/home/dr-yougart/Desktop/vit_mi/Dataset/ILSVRC2012_img_val/ILSVRC2012_val_00011565.JPEG,490,490,490,True,True,clean_correct_blur_correct,15.053120613098145,12.832582473754883,-2.2205381393432617,8.021270751953125,6.007104396820068,-2.0141663551330566,8.021270751953125,6.007104396820068,0.9215605854988098,0.994311511516571,0.9889299273490906,0.41102880239486694,410.48748779296875,423.8719787597656,1.0842939615249634,0.5530584454536438,3.2411112785339355,54.77071404457092,45.22928595542908
ILSVRC2012_val_00011566.JPEG,/home/dr-yougart/Desktop/vit_mi/Dataset/ILSVRC2012_img_val/ILSVRC2012_val_00011566.JPEG,682,708,835,False,False,clean_wrong_blur_wrong,4.549361228942871,2.61997652053833,-1.929384708404541,-4.381823539733887,-3.2619967460632324,1.1198267936706543,2.4126973152160645,0.19202518463134766,0.930659830570221,0.9959905743598938,0.9922675490379333,0.39738893508911133,365.0243835449219,376.34033203125,1.0716489553451538,0.37358754873275757,2.833698272705078,53.88174057006836,46.11825942993164
ILSVRC2012_val_00011567.JPEG,/home/dr-yougart/Desktop/vit_mi/Dataset/ILSVRC2012_img_val/ILSVRC2012_val_00011567.JPEG,974,974,974,True,True,clean_correct_blur_correct,14.03300666809082,13.488770484924316,-0.5442361831665039,9.515625953674316,9.460038185119629,-0.0555877685546875,9.515625953674316,9.460038185119629,0.9456384778022766,0.997288167476654,0.9935130476951599,0.34556639194488525,388.0713195800781,411.13385009765625,1.0912138223648071,1.0994292497634888,2.8646130561828613,61.44891381263733,38.55108916759491
ILSVRC2012_val_00011568.JPEG,/home/dr-yougart/Desktop/vit_mi/Dataset/ILSVRC2012_img_val/ILSVRC2012_val_00011568.JPEG,530,530,688,True,False,clean_correct_blur_wrong,10.462339401245117,5.200373649597168,-5.261965751647949,1.851186752319336,-1.405226230621338,-3.256412982940674,1.851186752319336,0.286862850189209,0.8729159235954285,0.9888450503349304,0.9788545966148376,0.5652109980583191,346.4166564941406,388.0329284667969,1.188692569732666,1.4242603778839111,3.562650680541992,62.77856230735779,37.22143769264221
ILSVRC2012_val_00011569.JPEG,/home/dr-yougart/Desktop/vit_mi/Dataset/ILSVRC2012_img_val/ILSVRC2012_val_00011569.JPEG,647,647,503,True,False,clean_correct_blur_wrong,14.797768592834473,6.779298782348633,-8.01846981048584,8.077011108398438,-3.1358823776245117,-11.21289348602295,8.077011108398438,1.1589641571044922,0.912956714630127,0.9948925375938416,0.9894102215766907,0.46138957142829895,354.63330078125,359.1485290527344,1.0829784870147705,0.34750136733055115,3.1062958240509033,54.73276972770691,45.26723325252533
ILSVRC2012_val_00011570.JPEG,/home/dr-yougart/Desktop/vit_mi/Dataset/ILSVRC2012_img_val/ILSVRC2012_val_00011570.JPEG,258,258,258,True,True,clean_correct_blur_correct,14.962379455566406,13.64985466003418,-1.3125247955322266,6.722866058349609,3.874622344970703,-2.8482437133789062,6.722866058349609,3.874622344970703,0.9455339312553406,0.9961867332458496,0.9928974509239197,0.3552129566669464,371.2525634765625,403.2560119628906,1.1311118602752686,0.8765740394592285,2.4685778617858887,61.032694578170776,38.96730840206146
ILSVRC2012_val_00011571.JPEG,/home/dr-yougart/Desktop/vit_mi/Dataset/ILSVRC2012_img_val/ILSVRC2012_val_00011571.JPEG,818,572,641,False,False,clean_wrong_blur_wrong,7.571893215179443,4.890787124633789,-2.6811060905456543,-0.11707639694213867,-4.395462989807129,-4.27838659286499,0.11707639694213867,3.085944175720215,0.9306893348693848,0.9959937334060669,0.9916476011276245,0.4013794958591461,360.076171875,365.68243408203125,1.064077377319336,0.3384626507759094,2.9234676361083984,53.84599566459656,46.15400433540344
ILSVRC2012_val_00011572.JPEG,/home/dr-yougart/Desktop/vit_mi/Dataset/ILSVRC2012_img_val/ILSVRC2012_val_00011572.JPEG,124,124,124,True,True,clean_correct_blur_correct,13.679947853088379,8.909552574157715,-4.770395278930664,4.508969306945801,0.2168292999267578,-4.292140007019043,4.508969306945801,0.2168292999267578,0.9429126381874084,0.9972327947616577,0.9943510293960571,0.36988934874534607,325.0636901855469,348.7553405761719,1.1003589630126953,0.7527595162391663,2.5803050994873047,59.25326347351074,40.74673354625702
ILSVRC2012_val_00011573.JPEG,/home/dr-yougart/Desktop/vit_mi/Dataset/ILSVRC2012_img_val/ILSVRC2012_val_00011573.JPEG,224,224,224,True,True,clean_correct_blur_correct,14.005768775939941,10.97828483581543,-3.0274839401245117,5.457979202270508,2.145315170288086,-3.312664031982422,5.457979202270508,2.145315170288086,0.9416219592094421,0.9962522387504578,0.9930091500282288,0.36499351263046265,356.2184753417969,380.1092224121094,1.092550277709961,0.5250245928764343,2.534839630126953,56.67279362678528,43.32720935344696
ILSVRC2012_val_00011574.JPEG,/home/dr-yougart/Desktop/vit_mi/Dataset/ILSVRC2012_img_val/ILSVRC2012_val_00011574.JPEG,418,418,418,True,True,clean_correct_blur_correct,15.203340530395508,14.061975479125977,-1.1413650512695312,8.924726486206055,7.071320056915283,-1.8534064292907715,8.924726486206055,7.071320056915283,0.9332712888717651,0.9944211840629578,0.986229658126831,0.40896379947662354,361.56768798828125,395.4570007324219,1.1576894521713257,1.304760217666626,2.761241912841797,65.7806396484375,34.21936333179474
ILSVRC2012_val_00011575.JPEG,/home/dr-yougart/Desktop/vit_mi/Dataset/ILSVRC2012_img_val/ILSVRC2012_val_00011575.JPEG,707,528,707,False,True,clean_wrong_blur_correct,12.938189506530762,12.900103569030762,-0.0380859375,-0.166839599609375,0.32352256774902344,0.49036216735839844,0.166839599609375,0.32352256774902344,0.9465763568878174,0.9953511953353882,0.9912567734718323,0.3118453025817871,392.7222595214844,397.0205993652344,1.0449234247207642,0.15247508883476257,2.175790786743164,51.78120136260986,48.21828603744507
ILSVRC2012_val_00011576.JPEG,/home/dr-yougart/Desktop/vit_mi/Dataset/ILSVRC2012_img_val/ILSVRC2012_val_00011576.JPEG,396,396,396,True,True,clean_correct_blur_correct,14.213776588439941,10.541617393493652,-3.672159194946289,6.0534772872924805,2.548945903778076,-3.5045313835144043,6.0534772872924805,2.548945903778076,0.9105054140090942,0.9952685236930847,0.9902315139770508,0.44368740916252136,352.4851989746094,363.8649597167969,1.0839263200759888,0.7700724601745605,3.1181981563568115,59.8954439163208,40.1045560836792
ILSVRC2012_val_00011577.JPEG,/home/dr-yougart/Desktop/vit_mi/Dataset/ILSVRC2012_img_val/ILSVRC2012_val_00011577.JPEG,896,896,804,True,False,clean_correct_blur_wrong,12.762179374694824,9.78927993774414,-2.9728994369506836,3.2596988677978516,-0.3181886672973633,-3.577887535095215,3.2596988677978516,0.3181886672973633,0.9572829604148865,0.9978789687156677,0.9960548281669617,0.3066813051700592,367.42340087890625,357.5000305175781,0.9704527854919434,-0.4470188617706299,2.3600125312805176,43.558716773986816,56.441283226013184
ILSVRC2012_val_00011578.JPEG,/home/dr-yougart/Desktop/vit_mi/Dataset/ILSVRC2012_img_val/ILSVRC2012_val_00011578.JPEG,667,667,400,True,False,clean_correct_blur_wrong,14.951579093933105,13.61112117767334,-1.3404579162597656,1.597503662109375,-0.8301067352294922,-2.427610397338867,1.597503662109375,0.8301067352294922,0.9544212222099304,0.9955744743347168,0.9905532002449036,0.2930377721786499,382.8321533203125,386.55364990234375,1.0442376136779785,0.2452956587076187,2.1389169692993164,53.57809662818909,46.421900391578674
ILSVRC2012_val_00011579.JPEG,/home/dr-yougart/Desktop/vit_mi/Dataset/ILSVRC2012_img_val/ILSVRC2012_val_00011579.JPEG,429,429,429,True,True,clean_correct_blur_correct,16.05063819885254,13.440150260925293,-2.610487937927246,8.4795503616333,5.219919204711914,-3.2596311569213867,8.4795503616333,5.219919204711914,0.9000759720802307,0.9920911192893982,0.9840197563171387,0.5245395302772522,372.3175354003906,413.4945068359375,1.2052650451660156,1.5130964517593384,3.344855546951294,63.564300537109375,36.435696482658386
ILSVRC2012_val_00011580.JPEG,/home/dr-yougart/Desktop/vit_mi/Dataset/ILSVRC2012_img_val/ILSVRC2012_val_00011580.JPEG,298,298,298,True,True,clean_correct_blur_correct,14.97928237915039,13.420379638671875,-1.5589027404785156,6.745899200439453,2.4001102447509766,-4.345788955688477,6.745899200439453,2.4001102447509766,0.9286794662475586,0.9960429668426514,0.9918703436851501,0.3959686756134033,373.7986755371094,396.3194274902344,1.0943913459777832,0.877458393573761,3.0722391605377197,57.80864953994751,42.19083786010742
ILSVRC2012_val_00011581.JPEG,/home/dr-yougart/Desktop/vit_mi/Dataset/ILSVRC2012_img_val/ILSVRC2012_val_00011581.JPEG,574,574,574,True,True,clean_correct_blur_correct,11.40956974029541,9.27368450164795,-2.135885238647461,3.5060653686523438,0.7734851837158203,-2.7325801849365234,3.5060653686523438,0.7734851837158203,0.9371650815010071,0.9940833449363708,0.9894271492958069,0.3356451392173767,375.44140625,371.227294921875,1.0102427005767822,-0.39187905192375183,2.2386677265167236,44.59799528121948,55.40200471878052
ILSVRC2012_val_00011582.JPEG,/home/dr-yougart/Desktop/vit_mi/Dataset/ILSVRC2012_img_val/ILSVRC2012_val_00011582.JPEG,540,540,540,True,True,clean_correct_blur_correct,15.157100677490234,14.820611000061035,-0.3364896774291992,10.603126525878906,10.857303619384766,0.2541770935058594,10.603126525878906,10.857303619384766,0.9392692446708679,0.9945032596588135,0.9897739887237549,0.34616079926490784,395.3295593261719,406.1310729980469,1.0670281648635864,0.3633563220500946,2.507704496383667,53.674501180648804,46.32549583911896
ILSVRC2012_val_00011583.JPEG,/home/dr-yougart/Desktop/vit_mi/Dataset/ILSVRC2012_img_val/ILSVRC2012_val_00011583.JPEG,179,180,180,False,False,clean_wrong_blur_wrong,11.358509063720703,11.507640838623047,0.14913177490234375,-1.7688484191894531,-1.1360998153686523,0.6327486038208008,1.7688484191894531,1.1360998153686523,0.9440609812736511,0.993891716003418,0.9880070686340332,0.2749730050563812,341.7644348144531,327.8565368652344,1.008427619934082,0.059213001281023026,1.5960839986801147,51.37076377868652,48.629239201545715
ILSVRC2012_val_00011584.JPEG,/home/dr-yougart/Desktop/vit_mi/Dataset/ILSVRC2012_img_val/ILSVRC2012_val_00011584.JPEG,97,98,98,False,False,clean_wrong_blur_wrong,8.297717094421387,6.1231369972229,-2.1745800971984863,-0.3721332550048828,-3.1084628105163574,-2.7363295555114746,0.3721332550048828,1.8353595733642578,0.9360391497612,0.9929500222206116,0.9860445857048035,0.3409896492958069,366.07147216796875,379.26605224609375,1.0846019983291626,0.48386991024017334,2.1724579334259033,57.75299668312073,42.24700629711151
ILSVRC2012_val_00011585.JPEG,/home/dr-yougart/Desktop/vit_mi/Dataset/ILSVRC2012_img_val/ILSVRC2012_val_00011585.JPEG,119,118,118,False,False,clean_wrong_blur_wrong,11.934225082397461,12.31959342956543,0.38536834716796875,-2.298696517944336,-0.6702804565429688,1.6284160614013672,2.298696517944336,0.6702804565429688,0.9454652667045593,0.9965870976448059,0.9921640157699585,0.3304601311683655,358.6476745605469,358.09515380859375,1.0272170305252075,0.2980167269706726,2.4767649173736572,53.49833965301514,46.50166034698486
ILSVRC2012_val_00011586.JPEG,/home/dr-yougart/Desktop/vit_mi/Dataset/ILSVRC2012_img_val/ILSVRC2012_val_00011586.JPEG,167,215,167,False,True,clean_wrong_blur_correct,10.17783260345459,11.02211856842041,0.8442859649658203,-0.4311256408691406,0.490936279296875,0.9220619201660156,0.4311256408691406,0.490936279296875,0.9519903063774109,0.9956731200218201,0.9916584491729736,0.2734524607658386,346.2911376953125,348.1423645019531,1.0480459928512573,0.1753537654876709,1.596174955368042,53.46637964248657,46.53361737728119
ILSVRC2012_val_00011587.JPEG,/home/dr-yougart/Desktop/vit_mi/Dataset/ILSVRC2012_img_val/ILSVRC2012_val_00011587.JPEG,588,588,588,True,True,clean_correct_blur_correct,9.1131591796875,9.3793363571167,0.2661771774291992,1.8824892044067383,0.90032958984375,-0.9821596145629883,1.8824892044067383,0.90032958984375,0.9268646240234375,0.9938339591026306,0.9865037798881531,0.3923914432525635,385.728515625,399.51007080078125,1.0904591083526611,0.7150053381919861,2.757996082305908,58.31529498100281,41.68470799922943
ILSVRC2012_val_00011588.JPEG,/home/dr-yougart/Desktop/vit_mi/Dataset/ILSVRC2012_img_val/ILSVRC2012_val_00011588.JPEG,920,920,854,True,False,clean_correct_blur_wrong,10.551411628723145,4.596230506896973,-5.955181121826172,4.389347553253174,-1.5814299583435059,-5.97077751159668,4.389347553253174,1.2657012939453125,0.9405890703201294,0.9968984127044678,0.9935396909713745,0.39939433336257935,364.25860595703125,404.9937438964844,1.1408677101135254,1.226952314376831,3.1160342693328857,62.30571269989014,37.69428730010986
ILSVRC2012_val_00011589.JPEG,/home/dr-yougart/Desktop/vit_mi/Dataset/ILSVRC2012_img_val/ILSVRC2012_val_00011589.JPEG,324,324,324,True,True,clean_correct_blur_correct,13.964221954345703,12.934809684753418,-1.0294122695922852,4.443594932556152,2.632518768310547,-1.8110761642456055,4.443594932556152,2.632518768310547,0.9424192309379578,0.9952033758163452,0.9905514121055603,0.3278162479400635,427.8858947753906,430.9841003417969,1.0404528379440308,0.34625205397605896,2.7146658897399902,55.41289448738098,44.58710253238678
ILSVRC2012_val_00011590.JPEG,/home/dr-yougart/Desktop/vit_mi/Dataset/ILSVRC2012_img_val/ILSVRC2012_val_00011590.JPEG,292,341,556,False,False,clean_wrong_blur_wrong,5.825061321258545,2.1785173416137695,-3.6465439796447754,-5.386478900909424,-6.192338943481445,-0.8058600425720215,5.210421085357666,0.9302635192871094,0.9153557419776917,0.9953647255897522,0.9911404848098755,0.4274894595146179,406.29168701171875,403.4915771484375,1.0249605178833008,-0.09187647700309753,3.512495517730713,49.12693500518799,50.87306499481201
ILSVRC2012_val_00011591.JPEG,/home/dr-yougart/Desktop/vit_mi/Dataset/ILSVRC2012_img_val/ILSVRC2012_val_00011591.JPEG,459,445,445,False,False,clean_wrong_blur_wrong,4.71109676361084,3.0714054107666016,-1.6396913528442383,-5.833096504211426,-5.724535942077637,0.10856056213378906,2.591329574584961,0.5598382949829102,0.9061735272407532,0.9930938482284546,0.9862010478973389,0.4704902470111847,336.16912841796875,363.85662841796875,1.1539320945739746,0.921496570110321,2.786647319793701,60.50609350204468,39.49390649795532
ILSVRC2012_val_00011592.JPEG,/home/dr-yougart/Desktop/vit_mi/Dataset/ILSVRC2012_img_val/ILSVRC2012_val_00011592.JPEG,365,365,365,True,True,clean_correct_blur_correct,13.236628532409668,12.567578315734863,-0.6690502166748047,5.810750484466553,4.310625076293945,-1.5001254081726074,5.810750484466553,4.310625076293945,0.9377463459968567,0.9928313493728638,0.9870763421058655,0.30876123905181885,427.1653747558594,422.94842529296875,1.0321086645126343,-0.2543241083621979,2.068607807159424,45.36440074443817,54.63559627532959
ILSVRC2012_val_00011593.JPEG,/home/dr-yougart/Desktop/vit_mi/Dataset/ILSVRC2012_img_val/ILSVRC2012_val_00011593.JPEG,235,174,174,False,False,clean_wrong_blur_wrong,11.157175064086914,10.131406784057617,-1.0257682800292969,-2.1697845458984375,-0.08968257904052734,2.08010196685791,2.1697845458984375,0.08968257904052734,0.9579769968986511,0.9972922801971436,0.9943176507949829,0.30106237530708313,349.7697448730469,364.1335754394531,1.079048752784729,0.6282452940940857,2.1488120555877686,58.68069529533386,41.31930470466614
ILSVRC2012_val_00011594.JPEG,/home/dr-yougart/Desktop/vit_mi/Dataset/ILSVRC2012_img_val/ILSVRC2012_val_00011594.JPEG,987,998,998,False,False,clean_wrong_blur_wrong,12.880924224853516,9.856290817260742,-3.0246334075927734,-1.0535974502563477,-2.01754093170166,-0.9639434814453125,1.0535974502563477,2.01754093170166,0.9313175678253174,0.9957090020179749,0.9916896224021912,0.3699344992637634,448.3401184082031,433.84295654296875,0.9930226802825928,-0.20854608714580536,3.3354012966156006,49.28925037384033,50.71074962615967
ILSVRC2012_val_00011595.JPEG,/home/dr-yougart/Desktop/vit_mi/Dataset/ILSVRC2012_img_val/ILSVRC2012_val_00011595.JPEG,612,612,612,True,True,clean_correct_blur_correct,16.109046936035156,13.026228904724121,-3.082818031311035,11.486482620239258,7.088041305541992,-4.398441314697266,11.486482620239258,7.088041305541992,0.9137169718742371,0.9944208860397339,0.9890716075897217,0.41604793071746826,384.9119873046875,383.076904296875,1.0471307039260864,0.17171068489551544,3.010209798812866,51.32315754890442,48.67684543132782
ILSVRC2012_val_00011596.JPEG,/home/dr-yougart/Desktop/vit_mi/Dataset/ILSVRC2012_img_val/ILSVRC2012_val_00011596.JPEG,147,147,147,True,True,clean_correct_blur_correct,14.68361759185791,14.20803165435791,-0.4755859375,7.715106010437012,7.113193988800049,-0.6019120216369629,7.715106010437012,7.113193988800049,0.9101422429084778,0.9921166300773621,0.9854186177253723,0.4545603096485138,396.1286926269531,420.910400390625,1.1475646495819092,0.8529508113861084,2.972212791442871,58.68951082229614,41.31048917770386
ILSVRC2012_val_00011597.JPEG,/home/dr-yougart/Desktop/vit_mi/Dataset/ILSVRC2012_img_val/ILSVRC2012_val_00011597.JPEG,363,363,363,True,True,clean_correct_blur_correct,16.15146255493164,14.80899429321289,-1.34246826171875,10.83650016784668,9.14122200012207,-1.6952781677246094,10.83650016784668,9.14122200012207,0.9222462177276611,0.994983434677124,0.9901140928268433,0.4355688989162445,414.3634948730469,449.17059326171875,1.1259636878967285,1.1163253784179688,3.636718511581421,60.09756326675415,39.90243971347809
ILSVRC2012_val_00011598.JPEG,/home/dr-yougart/Desktop/vit_mi/Dataset/ILSVRC2012_img_val/ILSVRC2012_val_00011598.JPEG,103,103,103,True,True,clean_correct_blur_correct,11.60253620147705,11.075304985046387,-0.5272312164306641,3.4652414321899414,4.905750274658203,1.4405088424682617,3.4652414321899414,4.905750274658203,0.9189523458480835,0.9930564761161804,0.987278938293457,0.4238850772380829,375.3845520019531,394.9073791503906,1.1013871431350708,0.2997201085090637,2.8292789459228516,52.33488082885742,47.66511917114258
ILSVRC2012_val_00011599.JPEG,/home/dr-yougart/Desktop/vit_mi/Dataset/ILSVRC2012_img_val/ILSVRC2012_val_00011599.JPEG,631,631,585,True,False,clean_correct_blur_wrong,12.901874542236328,10.892885208129883,-2.0089893341064453,1.2376651763916016,-1.1336116790771484,-2.37127685546875,1.2376651763916016,1.1336116790771484,0.9347403645515442,0.9957526326179504,0.9914188981056213,0.33917415142059326,391.4399719238281,386.7969665527344,1.0127925872802734,0.018017299473285675,2.5314812660217285,50.646018981933594,49.353981018066406
ILSVRC2012_val_00011600.JPEG,/home/dr-yougart/Desktop/vit_mi/Dataset/ILSVRC2012_img_val/ILSVRC2012_val_00011600.JPEG,339,339,339,True,True,clean_correct_blur_correct,13.060449600219727,14.094505310058594,1.0340557098388672,7.861972332000732,8.734404563903809,0.8724322319030762,7.861972332000732,8.734404563903809,0.9356113076210022,0.9944678544998169,0.9887440800666809,0.36687418818473816,372.85125732421875,394.9521179199219,1.1120163202285767,0.7342745065689087,2.3882455825805664,60.516542196273804,39.483457803726196
ILSVRC2012_val_00011601.JPEG,/home/dr-yougart/Desktop/vit_mi/Dataset/ILSVRC2012_img_val/ILSVRC2012_val_00011601.JPEG,318,318,318,True,True,clean_correct_blur_correct,16.84712791442871,9.811700820922852,-7.035427093505859,11.120377540588379,3.454723834991455,-7.665653705596924,11.120377540588379,3.454723834991455,0.9051945209503174,0.995930016040802,0.9911869764328003,0.5531828999519348,419.579345703125,463.9477844238281,1.1867213249206543,1.470056414604187,4.811432838439941,62.27255463600159,37.727442383766174
ILSVRC2012_val_00011602.JPEG,/home/dr-yougart/Desktop/vit_mi/Dataset/ILSVRC2012_img_val/ILSVRC2012_val_00011602.JPEG,476,476,476,True,True,clean_correct_blur_correct,15.636567115783691,14.996471405029297,-0.6400957107543945,11.417160034179688,11.113971710205078,-0.3031883239746094,11.417160034179688,11.113971710205078,0.9272233843803406,0.9943445920944214,0.9896572828292847,0.3649199604988098,397.42156982421875,398.4683837890625,1.042960286140442,0.02865852601826191,2.737116813659668,50.74061155319214,49.25938844680786
ILSVRC2012_val_00011603.JPEG,/home/dr-yougart/Desktop/vit_mi/Dataset/ILSVRC2012_img_val/ILSVRC2012_val_00011603.JPEG,384,384,384,True,True,clean_correct_blur_correct,16.120847702026367,15.080378532409668,-1.0404691696166992,7.413203239440918,4.756081581115723,-2.6571216583251953,7.413203239440918,4.756081581115723,0.9203049540519714,0.9937044978141785,0.9887468218803406,0.38426098227500916,417.1103210449219,407.8975524902344,1.007185697555542,-0.28353410959243774,3.035226583480835,45.8374559879303,54.1625440120697
ILSVRC2012_val_00011604.JPEG,/home/dr-yougart/Desktop/vit_mi/Dataset/ILSVRC2012_img_val/ILSVRC2012_val_00011604.JPEG,603,603,867,True,False,clean_correct_blur_wrong,13.33751392364502,2.0425527095794678,-11.294960975646973,5.736245632171631,-3.7229244709014893,-9.4591703414917,5.736245632171631,0.7128911018371582,0.9134800434112549,0.9958440065383911,0.9919031858444214,0.47507214546203613,416.0892028808594,440.7396240234375,1.1128660440444946,0.6362218856811523,3.8923377990722656,56.359219551086426,43.64078342914581
ILSVRC2012_val_00011605.JPEG,/home/dr-yougart/Desktop/vit_mi/Dataset/ILSVRC2012_img_val/ILSVRC2012_val_00011605.JPEG,95,95,95,True,True,clean_correct_blur_correct,15.075919151306152,15.207296371459961,0.1313772201538086,8.896322250366211,9.449149131774902,0.5528268814086914,8.896322250366211,9.449149131774902,0.9604973793029785,0.9976399540901184,0.9946954846382141,0.2919459342956543,406.630859375,406.3040771484375,1.0324546098709106,0.3129328191280365,2.5397138595581055,53.74491214752197,46.25508785247803
ILSVRC2012_val_00011606.JPEG,/home/dr-yougart/Desktop/vit_mi/Dataset/ILSVRC2012_img_val/ILSVRC2012_val_00011606.JPEG,805,805,805,True,True,clean_correct_blur_correct,14.356800079345703,12.679451942443848,-1.6773481369018555,8.381599426269531,6.308613300323486,-2.072986125946045,8.381599426269531,6.308613300323486,0.9656066298484802,0.9973340630531311,0.9945303201675415,0.25869354605674744,365.3014221191406,364.08941650390625,0.9962783455848694,-0.08936639130115509,1.900819182395935,48.39317798614502,51.60682201385498
ILSVRC2012_val_00011607.JPEG,/home/dr-yougart/Desktop/vit_mi/Dataset/ILSVRC2012_img_val/ILSVRC2012_val_00011607.JPEG,832,832,663,True,False,clean_correct_blur_wrong,13.85954475402832,6.683255672454834,-7.176289081573486,3.7283477783203125,-0.6021041870117188,-4.330451965332031,3.7283477783203125,0.6021041870117188,0.924352765083313,0.9950138926506042,0.9893666505813599,0.4185487926006317,405.618896484375,424.1492614746094,1.082966685295105,0.6250733137130737,3.336056709289551,55.08544445037842,44.91455554962158
ILSVRC2012_val_00011608.JPEG,/home/dr-yougart/Desktop/vit_mi/Dataset/ILSVRC2012_img_val/ILSVRC2012_val_00011608.JPEG,729,729,846,True,False,clean_correct_blur_wrong,7.761421203613281,4.236649513244629,-3.5247716903686523,1.4179058074951172,-3.047316551208496,-4.465222358703613,1.4179058074951172,0.46907615661621094,0.9348152279853821,0.9958412051200867,0.9922872185707092,0.41111618280410767,377.287109375,418.6607666015625,1.1457085609436035,1.1215296983718872,3.105759620666504,59.93640422821045,40.06359577178955
ILSVRC2012_val_00011609.JPEG,/home/dr-yougart/Desktop/vit_mi/Dataset/ILSVRC2012_img_val/ILSVRC2012_val_00011609.JPEG,731,731,680,True,False,clean_correct_blur_wrong,8.920104026794434,6.383396625518799,-2.5367074012756348,3.438363552093506,-0.38375091552734375,-3.8221144676208496,3.438363552093506,0.38375091552734375,0.8971750736236572,0.9918999075889587,0.9847091436386108,0.5258732438087463,348.5369873046875,383.7785339355469,1.1880217790603638,1.1058870553970337,3.0352885723114014,60.33282279968262,39.66717720031738
ILSVRC2012_val_00011610.JPEG,/home/dr-yougart/Desktop/vit_mi/Dataset/ILSVRC2012_img_val/ILSVRC2012_val_00011610.JPEG,534,534,534,True,True,clean_correct_blur_correct,14.98487663269043,14.217647552490234,-0.7672290802001953,7.25679874420166,6.587763786315918,-0.6690349578857422,7.25679874420166,6.587763786315918,0.929014265537262,0.9948683977127075,0.9900082945823669,0.34037962555885315,381.43841552734375,349.09735107421875,0.9486339092254639,-0.5809653997421265,2.6614882946014404,42.957133054733276,57.042866945266724
ILSVRC2012_val_00011611.JPEG,/home/dr-yougart/Desktop/vit_mi/Dataset/ILSVRC2012_img_val/ILSVRC2012_val_00011611.JPEG,670,446,446,False,False,clean_wrong_blur_wrong,5.6178178787231445,-0.2700738310813904,-5.88789176940918,-0.6404099464416504,-7.1174235343933105,-6.47701358795166,0.6404099464416504,0.9104189872741699,0.9154894351959229,0.9957347512245178,0.9916833639144897,0.45412927865982056,419.7344055175781,417.6612854003906,1.0323400497436523,-0.06278880685567856,4.0052618980407715,50.41676163673401,49.58323836326599
ILSVRC2012_val_00011612.JPEG,/home/dr-yougart/Desktop/vit_mi/Dataset/ILSVRC2012_img_val/ILSVRC2012_val_00011612.JPEG,153,153,153,True,True,clean_correct_blur_correct,13.343080520629883,12.085859298706055,-1.2572212219238281,3.5247297286987305,1.2799558639526367,-2.2447738647460938,3.5247297286987305,1.2799558639526367,0.9166781306266785,0.9929671883583069,0.9865803718566895,0.4404570162296295,342.0666809082031,360.6075439453125,1.1170070171356201,0.5910865664482117,2.59247088432312,56.68118596076965,43.31881105899811
ILSVRC2012_val_00011613.JPEG,/home/dr-yougart/Desktop/vit_mi/Dataset/ILSVRC2012_img_val/ILSVRC2012_val_00011613.JPEG,726,726,726,True,True,clean_correct_blur_correct,15.072516441345215,14.823784828186035,-0.2487316131591797,12.099764823913574,11.861698150634766,-0.2380666732788086,12.099764823913574,11.861698150634766,0.981402575969696,0.9980522394180298,0.9961838722229004,0.18260858952999115,394.6394958496094,404.5141906738281,1.0391137599945068,0.3667476177215576,1.4303017854690552,57.570087909698486,42.429912090301514
ILSVRC2012_val_00011614.JPEG,/home/dr-yougart/Desktop/vit_mi/Dataset/ILSVRC2012_img_val/ILSVRC2012_val_00011614.JPEG,688,688,688,True,True,clean_correct_blur_correct,13.118682861328125,11.065149307250977,-2.0535335540771484,4.291309356689453,2.208071708679199,-2.083237648010254,4.291309356689453,2.208071708679199,0.9512357711791992,0.9956364035606384,0.992491602897644,0.3942199945449829,360.8883972167969,391.52392578125,1.124585509300232,0.7244778871536255,2.843571186065674,52.48176455497742,47.51823842525482
ILSVRC2012_val_00011615.JPEG,/home/dr-yougart/Desktop/vit_mi/Dataset/ILSVRC2012_img_val/ILSVRC2012_val_00011615.JPEG,433,433,433,True,True,clean_correct_blur_correct,14.364322662353516,11.52566146850586,-2.8386611938476562,6.456551551818848,4.5919413566589355,-1.864610195159912,6.456551551818848,4.5919413566589355,0.9470623731613159,0.9963983297348022,0.993054211139679,0.31615540385246277,452.77655029296875,427.089599609375,0.9712091684341431,-0.7355087399482727,2.9840283393859863,43.67150366306305,56.32849335670471
ILSVRC2012_val_00011616.JPEG,/home/dr-yougart/Desktop/vit_mi/Dataset/ILSVRC2012_img_val/ILSVRC2012_val_00011616.JPEG,358,358,358,True,True,clean_correct_blur_correct,12.93922233581543,11.594529151916504,-1.3446931838989258,0.42083740234375,1.149007797241211,0.7281703948974609,0.42083740234375,1.149007797241211,0.9242218136787415,0.9943966269493103,0.9895640015602112,0.4077298641204834,389.11590576171875,405.4749755859375,1.0904858112335205,0.41075119376182556,2.9376204013824463,54.01611924171448,45.983877778053284
ILSVRC2012_val_00011617.JPEG,/home/dr-yougart/Desktop/vit_mi/Dataset/ILSVRC2012_img_val/ILSVRC2012_val_00011617.JPEG,310,310,26,True,False,clean_correct_blur_wrong,10.756094932556152,5.8799967765808105,-4.876098155975342,1.223546028137207,-3.276803493499756,-4.500349521636963,1.223546028137207,0.4720945358276367,0.8999679684638977,0.9944155812263489,0.989741861820221,0.5678715705871582,359.7829284667969,413.0630187988281,1.2073358297348022,1.5027108192443848,4.085960865020752,60.19435524940491,39.80564475059509
ILSVRC2012_val_00011618.JPEG,/home/dr-yougart/Desktop/vit_mi/Dataset/ILSVRC2012_img_val/ILSVRC2012_val_00011618.JPEG,627,627,627,True,True,clean_correct_blur_correct,13.897587776184082,14.188578605651855,0.29099082946777344,9.475957870483398,9.753982543945312,0.27802467346191406,9.475957870483398,9.753982543945312,0.9289443492889404,0.9935079216957092,0.9870895743370056,0.3664643466472626,392.0058898925781,392.274169921875,1.0417797565460205,-0.1011902242898941,2.4712038040161133,48.300108313560486,51.69989466667175
ILSVRC2012_val_00011619.JPEG,/home/dr-yougart/Desktop/vit_mi/Dataset/ILSVRC2012_img_val/ILSVRC2012_val_00011619.JPEG,809,969,969,False,False,clean_wrong_blur_wrong,4.40496826171875,5.040556907653809,0.6355886459350586,-5.318960189819336,-6.542570114135742,-1.2236099243164062,1.0735712051391602,3.459649085998535,0.9334651231765747,0.9943344593048096,0.9893097877502441,0.35006028413772583,388.2447509765625,372.40118408203125,0.9970554709434509,-0.4368616044521332,2.452017307281494,43.31774711608887,56.68225288391113
ILSVRC2012_val_00011620.JPEG,/home/dr-yougart/Desktop/vit_mi/Dataset/ILSVRC2012_img_val/ILSVRC2012_val_00011620.JPEG,513,513,776,True,False,clean_correct_blur_wrong,13.305122375488281,9.178813934326172,-4.126308441162109,2.2734718322753906,-0.654484748840332,-2.9279565811157227,2.2734718322753906,0.4087982177734375,0.9432383179664612,0.9963973760604858,0.9936581254005432,0.3542429506778717,432.8399963378906,423.5733337402344,1.0126967430114746,-0.45468372106552124,2.9513251781463623,45.0640082359314,54.9359917640686
ILSVRC2012_val_00011621.JPEG,/home/dr-yougart/Desktop/vit_mi/Dataset/ILSVRC2012_img_val/ILSVRC2012_val_00011621.JPEG,80,80,80,True,True,clean_correct_blur_correct,15.974359512329102,16.066547393798828,0.09218788146972656,9.628986358642578,9.576719284057617,-0.05226707458496094,9.628986358642578,9.576719284057617,0.9295102953910828,0.9939013123512268,0.9887354969978333,0.3889572024345398,391.603759765625,409.96630859375,1.119685173034668,0.6342073678970337,2.4409070014953613,58.52300524711609,41.47699773311615
ILSVRC2012_val_00011622.JPEG,/home/dr-yougart/Desktop/vit_mi/Dataset/ILSVRC2012_img_val/ILSVRC2012_val_00011622.JPEG,583,583,583,True,True,clean_correct_blur_correct,13.168313980102539,13.531723022460938,0.36340904235839844,7.662700176239014,6.868356227874756,-0.7943439483642578,7.662700176239014,6.868356227874756,0.9300638437271118,0.9948957562446594,0.9896133542060852,0.41887974739074707,365.419921875,399.0066223144531,1.154044270515442,1.0521401166915894,2.7087626457214355,62.58400082588196,37.4159961938858
ILSVRC2012_val_00011623.JPEG,/home/dr-yougart/Desktop/vit_mi/Dataset/ILSVRC2012_img_val/ILSVRC2012_val_00011623.JPEG,274,274,274,True,True,clean_correct_blur_correct,14.512858390808105,14.530585289001465,0.017726898193359375,6.1608781814575195,4.7389116287231445,-1.421966552734375,6.1608781814575195,4.7389116287231445,0.9156438112258911,0.9932681322097778,0.9874585270881653,0.47823190689086914,319.74652099609375,356.7479553222656,1.182404637336731,1.0449086427688599,2.6402344703674316,61.36000156402588,38.64000141620636
ILSVRC2012_val_00011624.JPEG,/home/dr-yougart/Desktop/vit_mi/Dataset/ILSVRC2012_img_val/ILSVRC2012_val_00011624.JPEG,278,277,278,False,True,clean_wrong_blur_correct,13.176451683044434,11.782363891601562,-1.394087791442871,-0.03427886962890625,0.022011756896972656,0.056290626525878906,0.03427886962890625,0.022011756896972656,0.9100707173347473,0.9922256469726562,0.9857301712036133,0.4074263274669647,371.0544128417969,353.8374938964844,1.0194889307022095,-0.3701712489128113,2.409452438354492,45.68859934806824,54.31140065193176
ILSVRC2012_val_00011625.JPEG,/home/dr-yougart/Desktop/vit_mi/Dataset/ILSVRC2012_img_val/ILSVRC2012_val_00011625.JPEG,874,874,874,True,True,clean_correct_blur_correct,14.883580207824707,9.830741882324219,-5.052838325500488,7.3432512283325195,3.9233527183532715,-3.419898509979248,7.3432512283325195,3.9233527183532715,0.9467427730560303,0.9973829388618469,0.994322657585144,0.32477453351020813,410.64178466796875,387.02410888671875,0.9671995043754578,-0.5547074675559998,2.792827844619751,44.823989272117615,55.176013708114624
ILSVRC2012_val_00011626.JPEG,/home/dr-yougart/Desktop/vit_mi/Dataset/ILSVRC2012_img_val/ILSVRC2012_val_00011626.JPEG,423,423,423,True,True,clean_correct_blur_correct,15.133519172668457,13.50236701965332,-1.6311521530151367,4.531795501708984,3.6399621963500977,-0.8918333053588867,4.531795501708984,3.6399621963500977,0.9282140731811523,0.9953441023826599,0.9904935956001282,0.3901015818119049,377.8955993652344,374.96173095703125,1.0229500532150269,0.028551625087857246,3.0416367053985596,51.38118267059326,48.61881732940674
ILSVRC2012_val_00011627.JPEG,/home/dr-yougart/Desktop/vit_mi/Dataset/ILSVRC2012_img_val/ILSVRC2012_val_00011627.JPEG,789,789,789,True,True,clean_correct_blur_correct,14.228976249694824,14.763335227966309,0.5343589782714844,3.787179946899414,5.2809906005859375,1.4938106536865234,3.787179946899414,5.2809906005859375,0.9307090640068054,0.9937050342559814,0.9881430864334106,0.37703970074653625,380.6320495605469,409.2212219238281,1.1115232706069946,0.7373926639556885,2.676424026489258,56.96064829826355,43.03935170173645
ILSVRC2012_val_00011628.JPEG,/home/dr-yougart/Desktop/vit_mi/Dataset/ILSVRC2012_img_val/ILSVRC2012_val_00011628.JPEG,811,545,811,False,True,clean_wrong_blur_correct,12.26174545288086,9.654273986816406,-2.607471466064453,-2.014603614807129,4.109975337982178,6.124578952789307,2.014603614807129,4.109975337982178,0.9288283586502075,0.9950627088546753,0.9907989501953125,0.37462320923805237,365.02587890625,337.183837890625,0.9653022885322571,-0.6277410387992859,2.7593894004821777,42.848896980285645,57.151103019714355
ILSVRC2012_val_00011629.JPEG,/home/dr-yougart/Desktop/vit_mi/Dataset/ILSVRC2012_img_val/ILSVRC2012_val_00011629.JPEG,79,79,52,True,False,clean_correct_blur_wrong,12.682242393493652,6.901360034942627,-5.780882358551025,5.064993381500244,-5.367208957672119,-10.432202339172363,5.064993381500244,1.4017696380615234,0.9170569777488708,0.9948145151138306,0.9897310733795166,0.44790002703666687,341.8197937011719,361.2587585449219,1.1118988990783691,0.6663933992385864,3.027914524078369,57.02146291732788,42.97853410243988
ILSVRC2012_val_00011630.JPEG,/home/dr-yougart/Desktop/vit_mi/Dataset/ILSVRC2012_img_val/ILSVRC2012_val_00011630.JPEG,436,701,701,False,False,clean_wrong_blur_wrong,2.6880593299865723,1.0967490673065186,-1.5913102626800537,-12.583717346191406,-6.80682373046875,5.776893615722656,7.404289722442627,3.595968246459961,0.9274681210517883,0.9959088563919067,0.990349292755127,0.46064493060112,379.96746826171875,441.0838623046875,1.1900931596755981,1.8911067247390747,3.731060743331909,64.49002623558044,35.509973764419556
ILSVRC2012_val_00011631.JPEG,/home/dr-yougart/Desktop/vit_mi/Dataset/ILSVRC2012_img_val/ILSVRC2012_val_00011631.JPEG,350,350,350,True,True,clean_correct_blur_correct,14.751249313354492,14.801093101501465,0.049843788146972656,9.19495964050293,7.837712287902832,-1.3572473526000977,9.19495964050293,7.837712287902832,0.9264684319496155,0.9932687878608704,0.9873601794242859,0.3742983043193817,366.2157897949219,370.09600830078125,1.0490734577178955,0.28123465180397034,2.5845823287963867,54.146331548690796,45.85367143154144
ILSVRC2012_val_00011632.JPEG,/home/dr-yougart/Desktop/vit_mi/Dataset/ILSVRC2012_img_val/ILSVRC2012_val_00011632.JPEG,969,968,968,False,False,clean_wrong_blur_wrong,5.258014678955078,7.852512836456299,2.5944981575012207,-6.851764678955078,-4.137912273406982,2.7138524055480957,1.009054183959961,0.5222177505493164,0.950249969959259,0.9977660775184631,0.9955152273178101,0.3578885495662689,334.2724304199219,355.5245666503906,1.0905855894088745,0.8387532234191895,2.6200919151306152,58.54704976081848,41.45294725894928
ILSVRC2012_val_00011633.JPEG,/home/dr-yougart/Desktop/vit_mi/Dataset/ILSVRC2012_img_val/ILSVRC2012_val_00011633.JPEG,392,392,392,True,True,clean_correct_blur_correct,15.839178085327148,16.232995986938477,0.3938179016113281,12.546836853027344,12.832916259765625,0.28607940673828125,12.546836853027344,12.832916259765625,0.9806081056594849,0.9984936118125916,0.997412919998169,0.1881895661354065,457.88818359375,437.6346435546875,0.9613395929336548,-0.5294166803359985,1.7928729057312012,40.38760960102081,59.612393379211426
ILSVRC2012_val_00011634.JPEG,/home/dr-yougart/Desktop/vit_mi/Dataset/ILSVRC2012_img_val/ILSVRC2012_val_00011634.JPEG,69,69,738,True,False,clean_correct_blur_wrong,13.850590705871582,1.3339349031448364,-12.516655921936035,7.950697898864746,-4.252283096313477,-12.202980995178223,7.950697898864746,0.3649578094482422,0.902228593826294,0.9935000538825989,0.9877632260322571,0.4681434631347656,383.4561462402344,392.649169921875,1.073490858078003,0.44942644238471985,3.541991949081421,53.97927761077881,46.02072238922119
ILSVRC2012_val_00011635.JPEG,/home/dr-yougart/Desktop/vit_mi/Dataset/ILSVRC2012_img_val/ILSVRC2012_val_00011635.JPEG,821,821,821,True,True,clean_correct_blur_correct,13.04523754119873,8.93170166015625,-4.1135358810424805,2.8022546768188477,1.8521623611450195,-0.9500923156738281,2.8022546768188477,1.8521623611450195,0.9543004631996155,0.9976006150245667,0.9953946471214294,0.30118560791015625,377.61639404296875,385.74554443359375,1.0404549837112427,0.2690638601779938,2.383573293685913,53.38603854179382,46.61395847797394
ILSVRC2012_val_00011636.JPEG,/home/dr-yougart/Desktop/vit_mi/Dataset/ILSVRC2012_img_val/ILSVRC2012_val_00011636.JPEG,625,625,625,True,True,clean_correct_blur_correct,14.673759460449219,13.857007026672363,-0.8167524337768555,9.002264022827148,6.982553958892822,-2.019710063934326,9.002264022827148,6.982553958892822,0.9256186485290527,0.9953882694244385,0.9906014204025269,0.41154050827026367,379.3343505859375,400.01409912109375,1.0898761749267578,0.7181808352470398,3.0009679794311523,57.50734210014343,42.49265491962433
ILSVRC2012_val_00011637.JPEG,/home/dr-yougart/Desktop/vit_mi/Dataset/ILSVRC2012_img_val/ILSVRC2012_val_00011637.JPEG,393,393,393,True,True,clean_correct_blur_correct,13.167396545410156,10.132804870605469,-3.0345916748046875,2.6147069931030273,0.8566389083862305,-1.7580680847167969,2.6147069931030273,0.8566389083862305,0.9390875101089478,0.9965364336967468,0.9932185411453247,0.36973443627357483,329.69866943359375,321.63641357421875,1.0118231773376465,-0.2131638377904892,2.432234287261963,49.09365773200989,50.90634226799011
ILSVRC2012_val_00011638.JPEG,/home/dr-yougart/Desktop/vit_mi/Dataset/ILSVRC2012_img_val/ILSVRC2012_val_00011638.JPEG,73,815,73,False,True,clean_wrong_blur_correct,10.41755199432373,10.061159133911133,-0.35639286041259766,-2.5824174880981445,2.110161304473877,4.6925787925720215,0.19833660125732422,2.110161304473877,0.8847405314445496,0.9931923151016235,0.986667811870575,0.5590075850486755,371.9942321777344,390.1265869140625,1.1169281005859375,0.8022391200065613,4.064462184906006,56.259822845458984,43.740180134773254
ILSVRC2012_val_00011639.JPEG,/home/dr-yougart/Desktop/vit_mi/Dataset/ILSVRC2012_img_val/ILSVRC2012_val_00011639.JPEG,151,163,168,False,False,clean_wrong_blur_wrong,5.248693943023682,4.505063533782959,-0.7436304092407227,-2.010833740234375,-2.439758777618408,-0.4289250373840332,0.22867965698242188,0.04681205749511719,0.9335472583770752,0.9946740865707397,0.9899709820747375,0.3833063542842865,343.578369140625,368.10394287109375,1.1100748777389526,0.4321601092815399,2.3904473781585693,55.57181239128113,44.42818760871887
ILSVRC2012_val_00011640.JPEG,/home/dr-yougart/Desktop/vit_mi/Dataset/ILSVRC2012_img_val/ILSVRC2012_val_00011640.JPEG,411,411,502,True,False,clean_correct_blur_wrong,7.717749118804932,2.5925238132476807,-5.125225067138672,0.9079880714416504,-4.822131156921387,-5.730119228363037,0.9079880714416504,0.3870844841003418,0.9264918565750122,0.9956209063529968,0.9910193681716919,0.4213140308856964,366.1776123046875,385.9039001464844,1.1001607179641724,0.645100474357605,2.995042085647583,57.011282444000244,42.988717555999756
ILSVRC2012_val_00011641.JPEG,/home/dr-yougart/Desktop/vit_mi/Dataset/ILSVRC2012_img_val/ILSVRC2012_val_00011641.JPEG,833,833,833,True,True,clean_correct_blur_correct,14.889744758605957,7.7848358154296875,-7.1049089431762695,10.253618240356445,2.6747193336486816,-7.578898906707764,10.253618240356445,2.6747193336486816,0.8981788158416748,0.992767870426178,0.9857073426246643,0.49957406520843506,409.2076721191406,427.6286315917969,1.1194915771484375,0.6911593675613403,3.641751289367676,54.96776103973389,45.032235980033875
ILSVRC2012_val_00011642.JPEG,/home/dr-yougart/Desktop/vit_mi/Dataset/ILSVRC2012_img_val/ILSVRC2012_val_00011642.JPEG,144,144,144,True,True,clean_correct_blur_correct,13.711113929748535,12.316875457763672,-1.3942384719848633,7.966402053833008,4.436731815338135,-3.529670238494873,7.966402053833008,4.436731815338135,0.9560897350311279,0.9955047965049744,0.9909154176712036,0.2900310158729553,381.8251647949219,388.7731628417969,1.032225489616394,0.31405821442604065,2.132556200027466,54.74333167076111,45.25666832923889
ILSVRC2012_val_00011643.JPEG,/home/dr-yougart/Desktop/vit_mi/Dataset/ILSVRC2012_img_val/ILSVRC2012_val_00011643.JPEG,108,108,973,True,False,clean_correct_blur_wrong,12.595019340515137,9.520525932312012,-3.074493408203125,1.893315315246582,-0.9487094879150391,-2.842024803161621,1.893315315246582,0.9487094879150391,0.9406924843788147,0.9963462948799133,0.9930097460746765,0.3508266806602478,388.4836120605469,383.1308288574219,1.0224237442016602,0.002717586001381278,2.6903934478759766,50.109028816223145,49.890971183776855
ILSVRC2012_val_00011644.JPEG,/home/dr-yougart/Desktop/vit_mi/Dataset/ILSVRC2012_img_val/ILSVRC2012_val_00011644.JPEG,644,644,729,True,False,clean_correct_blur_wrong,13.43861198425293,8.80613899230957,-4.632472991943359,5.359992027282715,-2.227357864379883,-7.587349891662598,5.359992027282715,2.227357864379883,0.9108790755271912,0.9941579103469849,0.9886429309844971,0.5444217920303345,343.0948791503906,393.74774169921875,1.2342898845672607,1.5245343446731567,3.4478609561920166,65.87335467338562,34.12664532661438
ILSVRC2012_val_00011645.JPEG,/home/dr-yougart/Desktop/vit_mi/Dataset/ILSVRC2012_img_val/ILSVRC2012_val_00011645.JPEG,291,291,291,True,True,clean_correct_blur_correct,14.357051849365234,13.293357849121094,-1.0636940002441406,7.595457077026367,6.2025556564331055,-1.3929014205932617,7.595457077026367,6.2025556564331055,0.9397209882736206,0.9944160580635071,0.989924430847168,0.34328943490982056,420.7174072265625,393.2840881347656,0.9591953754425049,-0.8866370320320129,2.6814751625061035,38.66639733314514,61.33360266685486
ILSVRC2012_val_00011646.JPEG,/home/dr-yougart/Desktop/vit_mi/Dataset/ILSVRC2012_img_val/ILSVRC2012_val_00011646.JPEG,14,14,843,True,False,clean_correct_blur_wrong,10.808183670043945,-0.6650267839431763,-11.473210334777832,3.498167037963867,-7.804147243499756,-11.302314758300781,3.498167037963867,1.9471211433410645,0.9045455455780029,0.9925784468650818,0.9856153726577759,0.4782968759536743,408.9706726074219,440.5379333496094,1.146262288093567,1.0715429782867432,3.5570085048675537,58.733707666397095,41.26628935337067
ILSVRC2012_val_00011647.JPEG,/home/dr-yougart/Desktop/vit_mi/Dataset/ILSVRC2012_img_val/ILSVRC2012_val_00011647.JPEG,702,702,409,True,False,clean_correct_blur_wrong,13.802512168884277,0.9224953055381775,-12.880017280578613,0.6719827651977539,-4.958972930908203,-5.630955696105957,0.6719827651977539,0.4155845642089844,0.8623937368392944,0.9908124804496765,0.9841132760047913,0.660700798034668,368.8248596191406,436.3571472167969,1.248923659324646,1.6109076738357544,4.541707515716553,61.1672580242157,38.8327419757843
ILSVRC2012_val_00011648.JPEG,/home/dr-yougart/Desktop/vit_mi/Dataset/ILSVRC2012_img_val/ILSVRC2012_val_00011648.JPEG,653,653,653,True,True,clean_correct_blur_correct,15.493502616882324,15.061859130859375,-0.4316434860229492,7.68723726272583,9.376283645629883,1.6890463829040527,7.68723726272583,9.376283645629883,0.9325876235961914,0.9947469830513,0.9899620413780212,0.37947502732276917,372.8768310546875,395.13946533203125,1.098130464553833,0.7904198169708252,2.811814785003662,58.89080762863159,41.10919237136841
ILSVRC2012_val_00011649.JPEG,/home/dr-yougart/Desktop/vit_mi/Dataset/ILSVRC2012_img_val/ILSVRC2012_val_00011649.JPEG,901,901,901,True,True,clean_correct_blur_correct,12.40342903137207,14.592350006103516,2.1889209747314453,2.865509033203125,5.511272430419922,2.645763397216797,2.865509033203125,5.511272430419922,0.9598276019096375,0.996807336807251,0.993363618850708,0.297932893037796,368.10858154296875,383.4732666015625,1.0701167583465576,0.4487200975418091,2.065082550048828,56.99645280838013,43.003544211387634
ILSVRC2012_val_00011650.JPEG,/home/dr-yougart/Desktop/vit_mi/Dataset/ILSVRC2012_img_val/ILSVRC2012_val_00011650.JPEG,26,26,26,True,True,clean_correct_blur_correct,15.047030448913574,14.066418647766113,-0.9806118011474609,4.926466941833496,4.134014129638672,-0.7924528121948242,4.926466941833496,4.134014129638672,0.9275660514831543,0.994617223739624,0.9896893501281738,0.3974415063858032,357.3240661621094,380.941650390625,1.11781907081604,0.9150370955467224,2.550229549407959,60.45169234275818,39.54830467700958
ILSVRC2012_val_00011651.JPEG,/home/dr-yougart/Desktop/vit_mi/Dataset/ILSVRC2012_img_val/ILSVRC2012_val_00011651.JPEG,115,115,110,True,False,clean_correct_blur_wrong,14.013185501098633,7.90571403503418,-6.107471466064453,2.0765295028686523,-2.200927734375,-4.277457237243652,2.0765295028686523,0.4285411834716797,0.9154205322265625,0.9934105277061462,0.9865319132804871,0.5225579142570496,301.6647644042969,340.02667236328125,1.2204447984695435,1.1772710084915161,2.807602643966675,62.308043241500854,37.69195377826691
ILSVRC2012_val_00011652.JPEG,/home/dr-yougart/Desktop/vit_mi/Dataset/ILSVRC2012_img_val/ILSVRC2012_val_00011652.JPEG,612,612,612,True,True,clean_correct_blur_correct,16.19658660888672,15.238441467285156,-0.9581451416015625,12.181488037109375,10.930728912353516,-1.2507591247558594,12.181488037109375,10.930728912353516,0.9438331127166748,0.9963141679763794,0.9928914904594421,0.3409157693386078,423.8926086425781,425.99359130859375,1.0308486223220825,0.07860506325960159,2.969635248184204,50.04964470863342,49.95035529136658
ILSVRC2012_val_00011653.JPEG,/home/dr-yougart/Desktop/vit_mi/Dataset/ILSVRC2012_img_val/ILSVRC2012_val_00011653.JPEG,666,666,666,True,True,clean_correct_blur_correct,14.542191505432129,13.895133972167969,-0.6470575332641602,7.803647994995117,8.407535552978516,0.6038875579833984,7.803647994995117,8.407535552978516,0.9282737970352173,0.9942944645881653,0.9887517690658569,0.4054282009601593,371.399169921875,398.3894348144531,1.1196924448013306,0.8169596791267395,2.76670241355896,59.372466802597046,40.627530217170715
ILSVRC2012_val_00011654.JPEG,/home/dr-yougart/Desktop/vit_mi/Dataset/ILSVRC2012_img_val/ILSVRC2012_val_00011654.JPEG,800,800,800,True,True,clean_correct_blur_correct,14.621124267578125,8.003137588500977,-6.617986679077148,8.848941802978516,2.8017115592956543,-6.047230243682861,8.848941802978516,2.8017115592956543,0.9135366082191467,0.9948346018791199,0.9900837540626526,0.4254012107849121,415.3591003417969,360.4312744140625,0.9195737242698669,-1.4731217622756958,3.4369096755981445,37.76531219482422,62.23468780517578
ILSVRC2012_val_00011655.JPEG,/home/dr-yougart/Desktop/vit_mi/Dataset/ILSVRC2012_img_val/ILSVRC2012_val_00011655.JPEG,753,686,856,False,False,clean_wrong_blur_wrong,5.29813814163208,5.566857814788818,0.2687196731567383,-1.7832722663879395,-1.4750123023986816,0.3082599639892578,1.276599407196045,0.006075382232666016,0.9235750436782837,0.9956403374671936,0.9914118647575378,0.4277987480163574,356.8484802246094,379.1602783203125,1.093822717666626,0.5096071362495422,3.126598834991455,55.09280562400818,44.90719437599182
ILSVRC2012_val_00011656.JPEG,/home/dr-yougart/Desktop/vit_mi/Dataset/ILSVRC2012_img_val/ILSVRC2012_val_00011656.JPEG,609,609,609,True,True,clean_correct_blur_correct,14.20258617401123,6.9057464599609375,-7.296839714050293,7.715916633605957,1.88014554977417,-5.835771083831787,7.715916633605957,1.88014554977417,0.9403160810470581,0.9967015981674194,0.9928022027015686,0.38040682673454285,341.90777587890625,362.7618408203125,1.0864754915237427,0.7060596346855164,2.7557132244110107,56.99179172515869,43.00820529460907
ILSVRC2012_val_00011657.JPEG,/home/dr-yougart/Desktop/vit_mi/Dataset/ILSVRC2012_img_val/ILSVRC2012_val_00011657.JPEG,28,28,28,True,True,clean_correct_blur_correct,14.756430625915527,8.850038528442383,-5.9063920974731445,5.075395584106445,0.7276544570922852,-4.34774112701416,5.075395584106445,0.7276544570922852,0.912659227848053,0.995830774307251,0.9925053715705872,0.4493683874607086,378.9064025878906,385.2248229980469,1.0454264879226685,0.11372964829206467,3.4128410816192627,50.601667165756226,49.398332834243774
ILSVRC2012_val_00011658.JPEG,/home/dr-yougart/Desktop/vit_mi/Dataset/ILSVRC2012_img_val/ILSVRC2012_val_00011658.JPEG,441,441,503,True,False,clean_correct_blur_wrong,10.75745677947998,4.962265968322754,-5.795190811157227,2.912332057952881,-2.0915169715881348,-5.003849029541016,2.912332057952881,1.6005654335021973,0.9426066875457764,0.9966245293617249,0.9931075572967529,0.3636898994445801,366.3022155761719,384.58514404296875,1.0911304950714111,0.7843783497810364,2.7105259895324707,58.063024282455444,41.936978697776794
ILSVRC2012_val_00011659.JPEG,/home/dr-yougart/Desktop/vit_mi/Dataset/ILSVRC2012_img_val/ILSVRC2012_val_00011659.JPEG,859,859,859,True,True,clean_correct_blur_correct,15.392683982849121,6.209176063537598,-9.183507919311523,8.795438766479492,0.33990955352783203,-8.45552921295166,8.795438766479492,0.33990955352783203,0.9181190133094788,0.995408833026886,0.9914616346359253,0.4237549304962158,417.54449462890625,433.17242431640625,1.0662765502929688,0.34101033210754395,3.4847869873046875,52.225327491760254,47.774675488471985
ILSVRC2012_val_00011660.JPEG,/home/dr-yougart/Desktop/vit_mi/Dataset/ILSVRC2012_img_val/ILSVRC2012_val_00011660.JPEG,449,449,975,True,False,clean_correct_blur_wrong,15.084182739257812,5.651121139526367,-9.433061599731445,4.6482648849487305,-1.207777976989746,-5.856042861938477,4.6482648849487305,1.207777976989746,0.9021310806274414,0.9959070682525635,0.991136908531189,0.5290864109992981,332.9733581542969,370.4606628417969,1.1474121809005737,1.070487141609192,3.6852986812591553,58.01136493682861,41.98863506317139
ILSVRC2012_val_00011661.JPEG,/home/dr-yougart/Desktop/vit_mi/Dataset/ILSVRC2012_img_val/ILSVRC2012_val_00011661.JPEG,25,25,25,True,True,clean_correct_blur_correct,14.282054901123047,11.743549346923828,-2.5385055541992188,2.5235214233398438,0.5240573883056641,-1.9994640350341797,2.5235214233398438,0.5240573883056641,0.9248265027999878,0.994053065776825,0.9891817569732666,0.3766607940196991,374.3057556152344,375.9099426269531,1.0393280982971191,0.24639025330543518,2.741116762161255,53.212326765060425,46.787670254707336
ILSVRC2012_val_00011662.JPEG,/home/dr-yougart/Desktop/vit_mi/Dataset/ILSVRC2012_img_val/ILSVRC2012_val_00011662.JPEG,806,806,806,True,True,clean_correct_blur_correct,13.590642929077148,11.283210754394531,-2.307432174682617,2.927426338195801,2.753342628479004,-0.17408370971679688,2.927426338195801,2.753342628479004,0.9346453547477722,0.9952439069747925,0.9906656742095947,0.39494776725769043,385.81964111328125,399.96319580078125,1.100038766860962,0.5203373432159424,2.690279722213745,55.88796138763428,44.11204159259796
ILSVRC2012_val_00011663.JPEG,/home/dr-yougart/Desktop/vit_mi/Dataset/ILSVRC2012_img_val/ILSVRC2012_val_00011663.JPEG,752,752,752,True,True,clean_correct_blur_correct,13.23817253112793,10.382832527160645,-2.855340003967285,1.6429176330566406,0.4246187210083008,-1.2182989120483398,1.6429176330566406,0.4246187210083008,0.9291081428527832,0.9931419491767883,0.9860343933105469,0.34809401631355286,384.38720703125,359.3686218261719,0.9741747379302979,-0.5285248756408691,2.3528473377227783,42.90437400341034,57.09562301635742
ILSVRC2012_val_00011664.JPEG,/home/dr-yougart/Desktop/vit_mi/Dataset/ILSVRC2012_img_val/ILSVRC2012_val_00011664.JPEG,30,30,30,True,True,clean_correct_blur_correct,14.603859901428223,12.540867805480957,-2.0629920959472656,3.422701835632324,0.3544940948486328,-3.0682077407836914,3.422701835632324,0.3544940948486328,0.9635747671127319,0.9972500205039978,0.9948328733444214,0.28720182180404663,396.8853759765625,415.4665222167969,1.0697239637374878,0.626682460308075,2.350386381149292,58.72834324836731,41.27165377140045
ILSVRC2012_val_00011665.JPEG,/home/dr-yougart/Desktop/vit_mi/Dataset/ILSVRC2012_img_val/ILSVRC2012_val_00011665.JPEG,896,897,117,False,False,clean_wrong_blur_wrong,6.1238555908203125,4.467019081115723,-1.6568365097045898,-4.2973480224609375,-3.4347023963928223,0.8626456260681152,2.8769326210021973,1.942044734954834,0.8804755806922913,0.9916363954544067,0.9838406443595886,0.5557690262794495,365.5605773925781,398.49560546875,1.1702778339385986,1.124840259552002,3.7379555702209473,59.571707248687744,40.428292751312256
ILSVRC2012_val_00011666.JPEG,/home/dr-yougart/Desktop/vit_mi/Dataset/ILSVRC2012_img_val/ILSVRC2012_val_00011666.JPEG,572,739,634,False,False,clean_wrong_blur_wrong,6.819707870483398,1.0464179515838623,-5.773289680480957,-0.852440357208252,-8.341757774353027,-7.489317417144775,0.852440357208252,0.9282665252685547,0.9180541634559631,0.9930915832519531,0.98699951171875,0.42379137873649597,376.33636474609375,373.8355712890625,1.021528959274292,-0.32982540130615234,3.072132110595703,46.074795722961426,53.925204277038574
ILSVRC2012_val_00011667.JPEG,/home/dr-yougart/Desktop/vit_mi/Dataset/ILSVRC2012_img_val/ILSVRC2012_val_00011667.JPEG,867,867,867,True,True,clean_correct_blur_correct,15.109865188598633,7.8020853996276855,-7.307779788970947,5.333086967468262,2.7291617393493652,-2.6039252281188965,5.333086967468262,2.7291617393493652,0.9095546007156372,0.9941993355751038,0.9883167743682861,0.459145724773407,350.4046936035156,367.6991882324219,1.0989001989364624,0.6413139700889587,3.0436389446258545,55.95585107803345,44.04414892196655
ILSVRC2012_val_00011668.JPEG,/home/dr-yougart/Desktop/vit_mi/Dataset/ILSVRC2012_img_val/ILSVRC2012_val_00011668.JPEG,738,738,738,True,True,clean_correct_blur_correct,7.423406600952148,8.069869041442871,0.6464624404907227,3.958219289779663,0.6354103088378906,-3.3228089809417725,3.958219289779663,0.6354103088378906,0.9062888622283936,0.9937947392463684,0.9863957166671753,0.44459468126296997,356.8171691894531,350.0665588378906,1.04987633228302,0.2659447193145752,2.8999929428100586,53.17623019218445,46.82377278804779
ILSVRC2012_val_00011669.JPEG,/home/dr-yougart/Desktop/vit_mi/Dataset/ILSVRC2012_img_val/ILSVRC2012_val_00011669.JPEG,310,310,310,True,True,clean_correct_blur_correct,14.343022346496582,12.053235054016113,-2.2897872924804688,8.348226547241211,7.112041473388672,-1.236185073852539,8.348226547241211,7.112041473388672,0.9371586441993713,0.9933006763458252,0.9870771169662476,0.34276291728019714,392.47802734375,393.89105224609375,1.0459285974502563,0.2895325720310211,2.4927330017089844,53.62589359283447,46.37410342693329
ILSVRC2012_val_00011670.JPEG,/home/dr-yougart/Desktop/vit_mi/Dataset/ILSVRC2012_img_val/ILSVRC2012_val_00011670.JPEG,429,429,429,True,True,clean_correct_blur_correct,15.025949478149414,13.333349227905273,-1.6926002502441406,3.6479196548461914,1.9227733612060547,-1.7251462936401367,3.6479196548461914,1.9227733612060547,0.9531402587890625,0.9956855177879333,0.9903589487075806,0.27991676330566406,404.686279296875,395.49127197265625,1.0020538568496704,0.15101462602615356,2.358771324157715,51.94818377494812,48.05181324481964
ILSVRC2012_val_00011671.JPEG,/home/dr-yougart/Desktop/vit_mi/Dataset/ILSVRC2012_img_val/ILSVRC2012_val_00011671.JPEG,748,748,748,True,True,clean_correct_blur_correct,13.078566551208496,10.254969596862793,-2.823596954345703,4.898747444152832,3.390780448913574,-1.5079669952392578,4.898747444152832,3.390780448913574,0.9465247392654419,0.9964114427566528,0.9926918745040894,0.3095935583114624,353.13409423828125,347.0536193847656,1.0005689859390259,-0.030173994600772858,2.2567007541656494,49.2148756980896,50.7851243019104
ILSVRC2012_val_00011672.JPEG,/home/dr-yougart/Desktop/vit_mi/Dataset/ILSVRC2012_img_val/ILSVRC2012_val_00011672.JPEG,716,552,716,False,True,clean_wrong_blur_correct,8.459012031555176,9.232353210449219,0.773341178894043,-4.011938095092773,0.12083816528320312,4.132776260375977,4.011938095092773,0.12083816528320312,0.9207211136817932,0.9945731163024902,0.989717423915863,0.40728405117988586,399.10638427734375,411.7556457519531,1.0777076482772827,0.428823858499527,3.1395063400268555,53.138214349746704,46.861785650253296
ILSVRC2012_val_00011673.JPEG,/home/dr-yougart/Desktop/vit_mi/Dataset/ILSVRC2012_img_val/ILSVRC2012_val_00011673.JPEG,195,195,195,True,True,clean_correct_blur_correct,11.308262825012207,8.85007381439209,-2.458189010620117,3.4050631523132324,2.262195110321045,-1.1428680419921875,3.4050631523132324,2.262195110321045,0.932994544506073,0.9959002137184143,0.9915268421173096,0.3707171380519867,367.2672119140625,377.4441833496094,1.0690560340881348,0.558683454990387,2.707726001739502,56.28339648246765,43.71660053730011
ILSVRC2012_val_00011674.JPEG,/home/dr-yougart/Desktop/vit_mi/Dataset/ILSVRC2012_img_val/ILSVRC2012_val_00011674.JPEG,601,601,400,True,False,clean_correct_blur_wrong,14.222514152526855,3.6212942600250244,-10.60122013092041,4.6029558181762695,-3.0044138431549072,-7.607369422912598,4.6029558181762695,0.8595032691955566,0.9138554334640503,0.9953526258468628,0.9899874925613403,0.4755152761936188,366.08038330078125,404.37994384765625,1.1663806438446045,1.2856510877609253,3.3309147357940674,63.39629888534546,36.60370111465454
ILSVRC2012_val_00011675.JPEG,/home/dr-yougart/Desktop/vit_mi/Dataset/ILSVRC2012_img_val/ILSVRC2012_val_00011675.JPEG,952,952,952,True,True,clean_correct_blur_correct,15.62260627746582,14.746620178222656,-0.8759860992431641,11.822956085205078,11.8775634765625,0.054607391357421875,11.822956085205078,11.8775634765625,0.9673547744750977,0.99284827709198,0.9875918030738831,0.23341260850429535,452.225830078125,442.35296630859375,0.9944948554039001,-0.16331380605697632,2.27219295501709,47.26385176181793,52.73615121841431
ILSVRC2012_val_00011676.JPEG,/home/dr-yougart/Desktop/vit_mi/Dataset/ILSVRC2012_img_val/ILSVRC2012_val_00011676.JPEG,691,691,712,True,False,clean_correct_blur_wrong,7.325189590454102,6.0288567543029785,-1.296332836151123,1.9856882095336914,-0.811854362487793,-2.7975425720214844,1.9856882095336914,0.28066062927246094,0.9037628173828125,0.9944285154342651,0.9888044595718384,0.5043746829032898,393.4512939453125,446.43194580078125,1.1847494840621948,1.8799409866333008,4.159096717834473,64.36681747436523,35.633185505867004
ILSVRC2012_val_00011677.JPEG,/home/dr-yougart/Desktop/vit_mi/Dataset/ILSVRC2012_img_val/ILSVRC2012_val_00011677.JPEG,73,73,73,True,True,clean_correct_blur_correct,14.39852523803711,13.580011367797852,-0.8185138702392578,3.876129150390625,5.244908332824707,1.368779182434082,3.876129150390625,5.244908332824707,0.9299220442771912,0.9944604635238647,0.9898672103881836,0.390535831451416,355.2595520019531,351.80340576171875,1.0235605239868164,-0.15692096948623657,2.6068785190582275,48.35522472858429,51.64477825164795
ILSVRC2012_val_00011678.JPEG,/home/dr-yougart/Desktop/vit_mi/Dataset/ILSVRC2012_img_val/ILSVRC2012_val_00011678.JPEG,641,641,546,True,False,clean_correct_blur_wrong,13.084918975830078,6.666928768157959,-6.417990207672119,2.460237503051758,-1.1280975341796875,-3.5883350372314453,2.460237503051758,1.1280975341796875,0.9138460755348206,0.9943848252296448,0.9895802736282349,0.5381792187690735,377.08367919921875,423.7808837890625,1.1818732023239136,1.2354565858840942,4.0662150382995605,55.54410219192505,44.45590078830719
ILSVRC2012_val_00011679.JPEG,/home/dr-yougart/Desktop/vit_mi/Dataset/ILSVRC2012_img_val/ILSVRC2012_val_00011679.JPEG,410,410,410,True,True,clean_correct_blur_correct,14.6524019241333,10.340108871459961,-4.31229305267334,7.83932638168335,4.323617458343506,-3.5157089233398438,7.83932638168335,4.323617458343506,0.9174283742904663,0.9946151375770569,0.9889150857925415,0.40263986587524414,402.262451171875,402.33123779296875,1.0347994565963745,0.1376619189977646,3.244204521179199,52.457672357559204,47.542327642440796
ILSVRC2012_val_00011680.JPEG,/home/dr-yougart/Desktop/vit_mi/Dataset/ILSVRC2012_img_val/ILSVRC2012_val_00011680.JPEG,192,192,186,True,False,clean_correct_blur_wrong,12.506760597229004,8.222533226013184,-4.28422737121582,2.0552797317504883,-2.986703872680664,-5.041983604431152,2.0552797317504883,2.986703872680664,0.917201042175293,0.9949665665626526,0.9892298579216003,0.4479982852935791,348.373291015625,362.34893798828125,1.1044533252716064,0.7000622153282166,2.9856395721435547,57.27242827415466,42.72757172584534
ILSVRC2012_val_00011681.JPEG,/home/dr-yougart/Desktop/vit_mi/Dataset/ILSVRC2012_img_val/ILSVRC2012_val_00011681.JPEG,547,547,547,True,True,clean_correct_blur_correct,15.01275634765625,11.812575340270996,-3.200181007385254,6.485231399536133,3.9555349349975586,-2.529696464538574,6.485231399536133,3.9555349349975586,0.9311928749084473,0.9958351850509644,0.9910647869110107,0.3611714839935303,402.231201171875,398.72265625,1.0277172327041626,0.21972964704036713,3.077934503555298,52.87259221076965,47.12740778923035
ILSVRC2012_val_00011682.JPEG,/home/dr-yougart/Desktop/vit_mi/Dataset/ILSVRC2012_img_val/ILSVRC2012_val_00011682.JPEG,210,210,178,True,False,clean_correct_blur_wrong,10.459174156188965,9.069783210754395,-1.3893909454345703,1.5992813110351562,-1.4689970016479492,-3.0682783126831055,1.5992813110351562,1.4689970016479492,0.9363159537315369,0.9961060285568237,0.9923816323280334,0.4698617458343506,357.1742248535156,403.7987060546875,1.1887297630310059,1.5214589834213257,3.387402296066284,62.48447895050049,37.51551806926727
ILSVRC2012_val_00011683.JPEG,/home/dr-yougart/Desktop/vit_mi/Dataset/ILSVRC2012_img_val/ILSVRC2012_val_00011683.JPEG,578,578,982,True,False,clean_correct_blur_wrong,10.891565322875977,7.646889686584473,-3.244675636291504,2.8888092041015625,-0.38648033142089844,-3.275289535522461,2.8888092041015625,0.38648033142089844,0.9115532040596008,0.992647111415863,0.9855502247810364,0.41285020112991333,372.0568542480469,376.6419677734375,1.0776774883270264,0.4022896885871887,2.6061151027679443,55.19816875457764,44.80183124542236
ILSVRC2012_val_00011684.JPEG,/home/dr-yougart/Desktop/vit_mi/Dataset/ILSVRC2012_img_val/ILSVRC2012_val_00011684.JPEG,634,634,634,True,True,clean_correct_blur_correct,8.556591987609863,7.950040817260742,-0.6065511703491211,1.858407974243164,0.36069202423095703,-1.497715950012207,1.858407974243164,0.36069202423095703,0.9171401858329773,0.9935829043388367,0.9881981015205383,0.446193665266037,351.3467102050781,374.9892883300781,1.1151516437530518,0.47960329055786133,2.944812059402466,56.297653913497925,43.702343106269836
ILSVRC2012_val_00011685.JPEG,/home/dr-yougart/Desktop/vit_mi/Dataset/ILSVRC2012_img_val/ILSVRC2012_val_00011685.JPEG,467,467,467,True,True,clean_correct_blur_correct,14.134207725524902,13.643209457397461,-0.4909982681274414,5.595170021057129,3.840606689453125,-1.754563331604004,5.595170021057129,3.840606689453125,0.9375412464141846,0.9957340955734253,0.9920300841331482,0.3608255684375763,443.2550354003906,405.31884765625,0.9346154928207397,-1.1770285367965698,3.3344533443450928,38.4073406457901,61.59265637397766
ILSVRC2012_val_00011686.JPEG,/home/dr-yougart/Desktop/vit_mi/Dataset/ILSVRC2012_img_val/ILSVRC2012_val_00011686.JPEG,83,83,83,True,True,clean_correct_blur_correct,15.799049377441406,10.40441608428955,-5.3946332931518555,5.3296098709106445,0.8222112655639648,-4.50739860534668,5.3296098709106445,0.8222112655639648,0.9037537574768066,0.9950996041297913,0.9904307126998901,0.4991079866886139,374.3584289550781,400.6449279785156,1.1217024326324463,1.1049067974090576,3.7642807960510254,58.48644971847534,41.51355028152466
ILSVRC2012_val_00011687.JPEG,/home/dr-yougart/Desktop/vit_mi/Dataset/ILSVRC2012_img_val/ILSVRC2012_val_00011687.JPEG,451,451,507,True,False,clean_correct_blur_wrong,12.199365615844727,8.347687721252441,-3.851677894592285,3.734696388244629,-0.45439624786376953,-4.189092636108398,3.734696388244629,0.45439624786376953,0.8906252980232239,0.9911527633666992,0.98350989818573,0.49948129057884216,384.467529296875,406.7164001464844,1.120850682258606,0.6582594513893127,3.2833316326141357,55.09207844734192,44.90792155265808
ILSVRC2012_val_00011688.JPEG,/home/dr-yougart/Desktop/vit_mi/Dataset/ILSVRC2012_img_val/ILSVRC2012_val_00011688.JPEG,27,26,26,False,False,clean_wrong_blur_wrong,12.201515197753906,9.289626121520996,-2.91188907623291,-2.5587453842163086,-3.562972068786621,-1.0042266845703125,2.5587453842163086,2.265439987182617,0.9359860420227051,0.995660662651062,0.9916697144508362,0.37165263295173645,372.48736572265625,370.18902587890625,1.019424319267273,-0.0014345914823934436,2.7267603874206543,50.34809708595276,49.651899933815
ILSVRC2012_val_00011689.JPEG,/home/dr-yougart/Desktop/vit_mi/Dataset/ILSVRC2012_img_val/ILSVRC2012_val_00011689.JPEG,210,210,210,True,True,clean_correct_blur_correct,13.571464538574219,13.054760932922363,-0.5167036056518555,2.4540271759033203,3.334735870361328,0.8807086944580078,2.4540271759033203,3.334735870361328,0.9267679452896118,0.9947962164878845,0.9898695945739746,0.4250330924987793,358.84051513671875,392.2226867675781,1.1531949043273926,1.131448745727539,2.9035515785217285,61.908119916915894,38.09187710285187
ILSVRC2012_val_00011690.JPEG,/home/dr-yougart/Desktop/vit_mi/Dataset/ILSVRC2012_img_val/ILSVRC2012_val_00011690.JPEG,692,692,692,True,True,clean_correct_blur_correct,13.11717414855957,11.912874221801758,-1.2042999267578125,6.819516181945801,3.4967479705810547,-3.322768211364746,6.819516181945801,3.4967479705810547,0.9536842703819275,0.9970422983169556,0.9934875965118408,0.30148452520370483,422.3189697265625,422.41485595703125,1.0273334980010986,0.14236114919185638,2.7098464965820312,51.53740644454956,48.4625905752182
ILSVRC2012_val_00011691.JPEG,/home/dr-yougart/Desktop/vit_mi/Dataset/ILSVRC2012_img_val/ILSVRC2012_val_00011691.JPEG,566,776,776,False,False,clean_wrong_blur_wrong,8.649672508239746,3.2062206268310547,-5.443451881408691,-3.6751346588134766,-3.9329800605773926,-0.257845401763916,1.9735002517700195,0.3247499465942383,0.9391472339630127,0.9966155886650085,0.9931360483169556,0.40128737688064575,370.8219909667969,394.6451416015625,1.0928038358688354,0.6347111463546753,2.9045491218566895,55.66195249557495,44.33804750442505
ILSVRC2012_val_00011692.JPEG,/home/dr-yougart/Desktop/vit_mi/Dataset/ILSVRC2012_img_val/ILSVRC2012_val_00011692.JPEG,737,865,675,False,False,clean_wrong_blur_wrong,3.050509452819824,1.60446298122406,-1.4460464715957642,-3.92625093460083,-7.737245082855225,-3.8109941482543945,0.21328210830688477,1.962986946105957,0.918322741985321,0.9953389763832092,0.9911544919013977,0.42036283016204834,357.8984680175781,346.418212890625,1.004115104675293,-0.26233991980552673,3.1292014122009277,46.95709049701691,53.04291248321533
ILSVRC2012_val_00011693.JPEG,/home/dr-yougart/Desktop/vit_mi/Dataset/ILSVRC2012_img_val/ILSVRC2012_val_00011693.JPEG,710,710,710,True,True,clean_correct_blur_correct,15.032463073730469,13.671977996826172,-1.3604850769042969,4.928369522094727,3.06259822845459,-1.8657712936401367,4.928369522094727,3.06259822845459,0.949524998664856,0.9950233101844788,0.99085533618927,0.3191130757331848,428.32080078125,410.3310852050781,0.984886884689331,-0.5481352210044861,2.7409234046936035,44.30598318576813,55.694013833999634
ILSVRC2012_val_00011694.JPEG,/home/dr-yougart/Desktop/vit_mi/Dataset/ILSVRC2012_img_val/ILSVRC2012_val_00011694.JPEG,395,395,389,True,False,clean_correct_blur_wrong,12.15353012084961,10.433232307434082,-1.7202978134155273,2.1260690689086914,-1.022287368774414,-3.1483564376831055,2.1260690689086914,0.6053638458251953,0.9305155277252197,0.9963233470916748,0.9919917583465576,0.40121397376060486,389.8400573730469,415.614013671875,1.1141372919082642,1.2500518560409546,3.3037450313568115,61.62761449813843,38.37238550186157
ILSVRC2012_val_00011695.JPEG,/home/dr-yougart/Desktop/vit_mi/Dataset/ILSVRC2012_img_val/ILSVRC2012_val_00011695.JPEG,966,966,782,True,False,clean_correct_blur_wrong,12.243639945983887,6.015850067138672,-6.227789878845215,4.090188980102539,-1.72645902633667,-5.816648006439209,4.090188980102539,0.909977912902832,0.9352849721908569,0.9956767559051514,0.9914574027061462,0.33681589365005493,362.8100280761719,346.3812255859375,0.9801937937736511,-0.27694952487945557,2.5367164611816406,46.630677580833435,53.369325399398804
ILSVRC2012_val_00011696.JPEG,/home/dr-yougart/Desktop/vit_mi/Dataset/ILSVRC2012_img_val/ILSVRC2012_val_00011696.JPEG,104,104,104,True,True,clean_correct_blur_correct,11.760987281799316,8.462736129760742,-3.298251152038574,5.122166633605957,0.8965411186218262,-4.225625514984131,5.122166633605957,0.8965411186218262,0.9258262515068054,0.9955639839172363,0.9919403195381165,0.39013585448265076,387.4961242675781,371.4290466308594,0.9905194640159607,-0.436191201210022,2.9251623153686523,45.40523290634155,54.59476709365845
ILSVRC2012_val_00011697.JPEG,/home/dr-yougart/Desktop/vit_mi/Dataset/ILSVRC2012_img_val/ILSVRC2012_val_00011697.JPEG,91,95,380,False,False,clean_wrong_blur_wrong,7.228684425354004,5.973578929901123,-1.2551054954528809,-0.47145795822143555,-4.996845722198486,-4.525387763977051,0.07491922378540039,1.3647956848144531,0.9197138547897339,0.9952221512794495,0.990440309047699,0.4482863247394562,351.2189636230469,377.4588928222656,1.1339638233184814,0.9436706900596619,3.0701355934143066,59.59208011627197,40.40791690349579
ILSVRC2012_val_00011698.JPEG,/home/dr-yougart/Desktop/vit_mi/Dataset/ILSVRC2012_img_val/ILSVRC2012_val_00011698.JPEG,231,232,232,False,False,clean_wrong_blur_wrong,12.331134796142578,11.101842880249023,-1.2292919158935547,-1.0076637268066406,-1.549997329711914,-0.5423336029052734,1.0076637268066406,1.549997329711914,0.9348602294921875,0.9939456582069397,0.9883679747581482,0.3458217978477478,373.60626220703125,374.8238220214844,1.048038125038147,0.0834152027964592,2.2171790599823,50.43172836303711,49.56826865673065
ILSVRC2012_val_00011699.JPEG,/home/dr-yougart/Desktop/vit_mi/Dataset/ILSVRC2012_img_val/ILSVRC2012_val_00011699.JPEG,211,211,211,True,True,clean_correct_blur_correct,13.548683166503906,11.083358764648438,-2.4653244018554688,5.40670108795166,3.9206480979919434,-1.4860529899597168,5.40670108795166,3.9206480979919434,0.9162595868110657,0.9932249188423157,0.9873313903808594,0.43889692425727844,369.4123229980469,394.0956726074219,1.1357421875,0.7543817162513733,2.728855609893799,59.278106689453125,40.721893310546875
ILSVRC2012_val_00011700.JPEG,/home/dr-yougart/Desktop/vit_mi/Dataset/ILSVRC2012_img_val/ILSVRC2012_val_00011700.JPEG,570,570,570,True,True,clean_correct_blur_correct,14.662182807922363,13.283411026000977,-1.3787717819213867,3.6049251556396484,0.02100658416748047,-3.583918571472168,3.6049251556396484,0.02100658416748047,0.9389208555221558,0.9968599677085876,0.9944474101066589,0.3745599389076233,458.87835693359375,399.9304504394531,0.8838877081871033,-1.7429996728897095,3.6174745559692383,35.753774642944336,64.24622535705566
ILSVRC2012_val_00011701.JPEG,/home/dr-yougart/Desktop/vit_mi/Dataset/ILSVRC2012_img_val/ILSVRC2012_val_00011701.JPEG,232,232,232,True,True,clean_correct_blur_correct,11.713842391967773,12.441771507263184,0.7279291152954102,1.9822807312011719,2.537907600402832,0.5556268692016602,1.9822807312011719,2.537907600402832,0.9439327716827393,0.996912956237793,0.9937167167663574,0.33075857162475586,333.554443359375,328.3100280761719,1.0177279710769653,-0.02234991081058979,2.289984941482544,49.08260107040405,50.91739892959595
ILSVRC2012_val_00011702.JPEG,/home/dr-yougart/Desktop/vit_mi/Dataset/ILSVRC2012_img_val/ILSVRC2012_val_00011702.JPEG,40,40,40,True,True,clean_correct_blur_correct,14.878222465515137,11.791217803955078,-3.0870046615600586,1.2573566436767578,1.7664823532104492,0.5091257095336914,1.2573566436767578,1.7664823532104492,0.9034616947174072,0.992077112197876,0.9837242960929871,0.5489797592163086,358.66058349609375,409.7916259765625,1.235933780670166,1.7842586040496826,3.5394978523254395,64.84478712081909,35.15520989894867
ILSVRC2012_val_00011703.JPEG,/home/dr-yougart/Desktop/vit_mi/Dataset/ILSVRC2012_img_val/ILSVRC2012_val_00011703.JPEG,862,862,862,True,True,clean_correct_blur_correct,16.577821731567383,15.015759468078613,-1.5620622634887695,9.724370002746582,6.672355651855469,-3.0520143508911133,9.724370002746582,6.672355651855469,0.9225855469703674,0.9940016865730286,0.9886736273765564,0.44048014283180237,434.7002258300781,489.4078063964844,1.1760003566741943,1.5801997184753418,3.6414647102355957,63.9012336730957,36.0987663269043
ILSVRC2012_val_00011704.JPEG,/home/dr-yougart/Desktop/vit_mi/Dataset/ILSVRC2012_img_val/ILSVRC2012_val_00011704.JPEG,79,79,79,True,True,clean_correct_blur_correct,15.528980255126953,15.1576566696167,-0.3713235855102539,9.931123733520508,9.874858856201172,-0.05626487731933594,9.931123733520508,9.874858856201172,0.9088903665542603,0.99265056848526,0.9863981008529663,0.4827912747859955,389.9335632324219,402.96923828125,1.098738193511963,0.4968887269496918,3.532557249069214,53.765106201171875,46.234890818595886
ILSVRC2012_val_00011705.JPEG,/home/dr-yougart/Desktop/vit_mi/Dataset/ILSVRC2012_img_val/ILSVRC2012_val_00011705.JPEG,690,690,345,True,False,clean_correct_blur_wrong,13.8275728225708,13.09886646270752,-0.7287063598632812,0.03455924987792969,-0.03273296356201172,-0.0672922134399414,0.03455924987792969,0.03273296356201172,0.9148079752922058,0.9935134649276733,0.9875016212463379,0.4272570013999939,398.8045959472656,418.86993408203125,1.1019519567489624,0.7744374871253967,3.221719980239868,57.71383047103882,42.28616952896118
ILSVRC2012_val_00011706.JPEG,/home/dr-yougart/Desktop/vit_mi/Dataset/ILSVRC2012_img_val/ILSVRC2012_val_00011706.JPEG,213,213,213,True,True,clean_correct_blur_correct,14.423181533813477,14.040109634399414,-0.3830718994140625,7.541187763214111,4.681479454040527,-2.859708309173584,7.541187763214111,4.681479454040527,0.956653356552124,0.9975804686546326,0.994896411895752,0.28231120109558105,416.42218017578125,421.5801086425781,1.0243414640426636,0.12802037596702576,2.5024349689483643,50.909388065338135,49.09060895442963
ILSVRC2012_val_00011707.JPEG,/home/dr-yougart/Desktop/vit_mi/Dataset/ILSVRC2012_img_val/ILSVRC2012_val_00011707.JPEG,749,749,584,True,False,clean_correct_blur_wrong,12.328948974609375,5.135037899017334,-7.193911075592041,1.5291748046875,-3.998115062713623,-5.527289867401123,1.5291748046875,0.47011852264404297,0.934104859828949,0.9958735704421997,0.9912954568862915,0.3661525249481201,356.308349609375,359.1517028808594,1.047385334968567,0.4188482463359833,2.6170079708099365,55.4195761680603,44.5804238319397
ILSVRC2012_val_00011708.JPEG,/home/dr-yougart/Desktop/vit_mi/Dataset/ILSVRC2012_img_val/ILSVRC2012_val_00011708.JPEG,812,812,812,True,True,clean_correct_blur_correct,15.391940116882324,14.934321403503418,-0.45761871337890625,9.259044647216797,9.779692649841309,0.5206480026245117,9.259044647216797,9.779692649841309,0.9302442669868469,0.9919785261154175,0.9862408638000488,0.36458736658096313,421.3356628417969,410.6853332519531,0.9937750101089478,-0.5038361549377441,2.950247287750244,43.78556311130524,56.214439868927
ILSVRC2012_val_00011709.JPEG,/home/dr-yougart/Desktop/vit_mi/Dataset/ILSVRC2012_img_val/ILSVRC2012_val_00011709.JPEG,828,828,828,True,True,clean_correct_blur_correct,14.73585033416748,8.584015846252441,-6.151834487915039,10.438247680664062,1.3483457565307617,-9.0899019241333,10.438247680664062,1.3483457565307617,0.8993781208992004,0.9951847791671753,0.987267255783081,0.4501906931400299,384.24554443359375,345.0564880371094,0.9186022281646729,-0.9764338731765747,3.685905694961548,42.38385558128357,57.61614441871643
ILSVRC2012_val_00011710.JPEG,/home/dr-yougart/Desktop/vit_mi/Dataset/ILSVRC2012_img_val/ILSVRC2012_val_00011710.JPEG,358,358,358,True,True,clean_correct_blur_correct,12.095634460449219,9.85595703125,-2.2396774291992188,1.9766969680786133,1.3088531494140625,-0.6678438186645508,1.9766969680786133,1.3088531494140625,0.9255462884902954,0.9956564903259277,0.9918128252029419,0.3659009337425232,372.183837890625,343.5501708984375,0.9675111770629883,-0.38586845993995667,2.8265345096588135,46.20923101902008,53.79076600074768
ILSVRC2012_val_00011711.JPEG,/home/dr-yougart/Desktop/vit_mi/Dataset/ILSVRC2012_img_val/ILSVRC2012_val_00011711.JPEG,874,874,874,True,True,clean_correct_blur_correct,14.2999849319458,10.57978343963623,-3.7202014923095703,5.011421203613281,2.16302490234375,-2.8483963012695312,5.011421203613281,2.16302490234375,0.9266090989112854,0.9950035214424133,0.9898191094398499,0.3819008767604828,379.8590087890625,371.02294921875,1.0179082155227661,-0.13567577302455902,2.8045523166656494,48.604220151901245,51.395779848098755
ILSVRC2012_val_00011712.JPEG,/home/dr-yougart/Desktop/vit_mi/Dataset/ILSVRC2012_img_val/ILSVRC2012_val_00011712.JPEG,76,76,76,True,True,clean_correct_blur_correct,14.023784637451172,12.393184661865234,-1.6305999755859375,5.442924499511719,2.3790063858032227,-3.063918113708496,5.442924499511719,2.3790063858032227,0.9176271557807922,0.9930183291435242,0.9865872859954834,0.39606165885925293,409.896728515625,411.6118469238281,1.0563360452651978,0.33522939682006836,2.8495559692382812,52.33706831932068,47.66293466091156
ILSVRC2012_val_00011713.JPEG,/home/dr-yougart/Desktop/vit_mi/Dataset/ILSVRC2012_img_val/ILSVRC2012_val_00011713.JPEG,291,291,291,True,True,clean_correct_blur_correct,13.98263931274414,9.060165405273438,-4.922473907470703,7.6961350440979,2.3609704971313477,-5.335164546966553,7.6961350440979,2.3609704971313477,0.8996118307113647,0.9937876462936401,0.988096296787262,0.4849781095981598,352.6315002441406,337.65533447265625,1.0107685327529907,-0.38683846592903137,3.1649365425109863,46.89483940601349,53.10515761375427
ILSVRC2012_val_00011714.JPEG,/home/dr-yougart/Desktop/vit_mi/Dataset/ILSVRC2012_img_val/ILSVRC2012_val_00011714.JPEG,123,124,124,False,False,clean_wrong_blur_wrong,13.394206047058105,8.406791687011719,-4.987414360046387,-0.41989612579345703,-3.1840763092041016,-2.7641801834106445,0.41989612579345703,1.1339492797851562,0.9019719958305359,0.9941035509109497,0.9892896413803101,0.5219290852546692,398.4063720703125,435.65069580078125,1.1490057706832886,1.0565749406814575,3.9438726902008057,57.18940496444702,42.81059205532074
ILSVRC2012_val_00011715.JPEG,/home/dr-yougart/Desktop/vit_mi/Dataset/ILSVRC2012_img_val/ILSVRC2012_val_00011715.JPEG,654,654,654,True,True,clean_correct_blur_correct,14.74400806427002,8.253998756408691,-6.490009307861328,7.1859588623046875,1.1466026306152344,-6.039356231689453,7.1859588623046875,1.1466026306152344,0.9442313313484192,0.9962086081504822,0.9927511215209961,0.31634944677352905,375.8540344238281,365.1123352050781,0.9899737238883972,-0.23834797739982605,2.5020453929901123,47.12251424789429,52.87748575210571
ILSVRC2012_val_00011716.JPEG,/home/dr-yougart/Desktop/vit_mi/Dataset/ILSVRC2012_img_val/ILSVRC2012_val_00011716.JPEG,351,351,351,True,True,clean_correct_blur_correct,15.475067138671875,15.042258262634277,-0.43280887603759766,6.1281938552856445,6.565816879272461,0.4376230239868164,6.1281938552856445,6.565816879272461,0.9140143394470215,0.993903398513794,0.9885592460632324,0.4543098211288452,362.41455078125,396.2476501464844,1.1522287130355835,0.8970149159431458,2.888061046600342,58.589839935302734,41.410163044929504
ILSVRC2012_val_00011717.JPEG,/home/dr-yougart/Desktop/vit_mi/Dataset/ILSVRC2012_img_val/ILSVRC2012_val_00011717.JPEG,826,826,826,True,True,clean_correct_blur_correct,6.751720428466797,7.002090930938721,0.25037050247192383,0.07589912414550781,0.38505029678344727,0.30915117263793945,0.07589912414550781,0.38505029678344727,0.9441983103752136,0.9963412880897522,0.9927591681480408,0.3503361940383911,330.3514099121094,327.865966796875,1.017462968826294,0.03562210500240326,2.2002885341644287,50.54987072944641,49.44961369037628
ILSVRC2012_val_00011718.JPEG,/home/dr-yougart/Desktop/vit_mi/Dataset/ILSVRC2012_img_val/ILSVRC2012_val_00011718.JPEG,245,245,691,True,False,clean_correct_blur_wrong,9.63709545135498,-0.44397878646850586,-10.081073760986328,2.990719795227051,-7.756037712097168,-10.746757507324219,2.990719795227051,0.6918244361877441,0.9295494556427002,0.9970757365226746,0.9942016005516052,0.47966432571411133,345.7890625,403.7633972167969,1.2100841999053955,1.7354860305786133,3.4793694019317627,66.41968488693237,33.580318093299866
ILSVRC2012_val_00011719.JPEG,/home/dr-yougart/Desktop/vit_mi/Dataset/ILSVRC2012_img_val/ILSVRC2012_val_00011719.JPEG,162,162,162,True,True,clean_correct_blur_correct,14.113574028015137,13.207231521606445,-0.9063425064086914,2.7887210845947266,0.7191686630249023,-2.069552421569824,2.7887210845947266,0.7191686630249023,0.9448754191398621,0.9942019581794739,0.9884456992149353,0.3045212924480438,377.3831787109375,383.0497131347656,1.073050618171692,0.5035194158554077,1.804659128189087,59.98101234436035,40.01898765563965
ILSVRC2012_val_00011720.JPEG,/home/dr-yougart/Desktop/vit_mi/Dataset/ILSVRC2012_img_val/ILSVRC2012_val_00011720.JPEG,427,427,427,True,True,clean_correct_blur_correct,10.713085174560547,12.251849174499512,1.5387639999389648,0.5797786712646484,5.115245819091797,4.535467147827148,0.5797786712646484,5.115245819091797,0.9227509498596191,0.9935287237167358,0.9872579574584961,0.3912341892719269,354.5645446777344,343.0251159667969,1.0269981622695923,-0.20839525759220123,2.401839256286621,47.26667404174805,52.73280739784241
ILSVRC2012_val_00011721.JPEG,/home/dr-yougart/Desktop/vit_mi/Dataset/ILSVRC2012_img_val/ILSVRC2012_val_00011721.JPEG,72,72,72,True,True,clean_correct_blur_correct,13.3455171585083,12.965968132019043,-0.3795490264892578,1.1080732345581055,0.7836332321166992,-0.32444000244140625,1.1080732345581055,0.7836332321166992,0.9558229446411133,0.9966464638710022,0.9924163818359375,0.2869102954864502,400.33447265625,399.35430908203125,1.022163987159729,0.21231293678283691,2.483100414276123,54.85457181930542,45.14542818069458
ILSVRC2012_val_00011722.JPEG,/home/dr-yougart/Desktop/vit_mi/Dataset/ILSVRC2012_img_val/ILSVRC2012_val_00011722.JPEG,505,505,550,True,False,clean_correct_blur_wrong,12.410045623779297,11.23049545288086,-1.1795501708984375,1.234959602355957,-0.003818511962890625,-1.2387781143188477,1.234959602355957,0.003818511962890625,0.93984454870224,0.9942899346351624,0.988969624042511,0.3364001214504242,413.6939697265625,387.11981201171875,0.9712514281272888,-0.7349469661712646,2.6321611404418945,40.29743671417236,59.70256328582764
ILSVRC2012_val_00011723.JPEG,/home/dr-yougart/Desktop/vit_mi/Dataset/ILSVRC2012_img_val/ILSVRC2012_val_00011723.JPEG,825,825,825,True,True,clean_correct_blur_correct,10.825467109680176,5.868056297302246,-4.95741081237793,5.513645172119141,0.5037369728088379,-5.009908199310303,5.513645172119141,0.5037369728088379,0.8938754200935364,0.9920735359191895,0.9848818778991699,0.5414978861808777,349.74871826171875,399.43402099609375,1.2211503982543945,1.5601847171783447,3.4788336753845215,65.16276001930237,34.83723700046539
ILSVRC2012_val_00011724.JPEG,/home/dr-yougart/Desktop/vit_mi/Dataset/ILSVRC2012_img_val/ILSVRC2012_val_00011724.JPEG,32,32,32,True,True,clean_correct_blur_correct,12.469619750976562,13.113880157470703,0.6442604064941406,0.15123367309570312,4.458135604858398,4.306901931762695,0.15123367309570312,4.458135604858398,0.9287697076797485,0.9947120547294617,0.9894647598266602,0.38841843605041504,342.15399169921875,343.9481506347656,1.0305531024932861,0.03425133600831032,2.4862864017486572,49.71320629119873,50.28679370880127
ILSVRC2012_val_00011725.JPEG,/home/dr-yougart/Desktop/vit_mi/Dataset/ILSVRC2012_img_val/ILSVRC2012_val_00011725.JPEG,971,698,862,False,False,clean_wrong_blur_wrong,6.172804355621338,4.687832355499268,-1.4849720001220703,-0.9165854454040527,-2.0174074172973633,-1.1008219718933105,0.708672046661377,0.3117690086364746,0.9376653432846069,0.998072624206543,0.996070146560669,0.4535078704357147,373.90545654296875,434.1232604980469,1.1955652236938477,1.842126727104187,3.786717176437378,65.75049161911011,34.24950838088989
ILSVRC2012_val_00011726.JPEG,/home/dr-yougart/Desktop/vit_mi/Dataset/ILSVRC2012_img_val/ILSVRC2012_val_00011726.JPEG,295,295,295,True,True,clean_correct_blur_correct,12.858837127685547,11.380395889282227,-1.4784412384033203,1.8634109497070312,0.6676702499389648,-1.1957406997680664,1.8634109497070312,0.6676702499389648,0.9568066000938416,0.9964349865913391,0.9930765628814697,0.29813456535339355,345.297607421875,360.50714111328125,1.0756688117980957,0.4371170103549957,1.972055196762085,57.45236277580261,42.54764020442963
ILSVRC2012_val_00011727.JPEG,/home/dr-yougart/Desktop/vit_mi/Dataset/ILSVRC2012_img_val/ILSVRC2012_val_00011727.JPEG,493,493,493,True,True,clean_correct_blur_correct,11.184393882751465,13.409834861755371,2.2254409790039062,2.1276960372924805,6.541731357574463,4.414035320281982,2.1276960372924805,6.541731357574463,0.9108744263648987,0.993259847164154,0.9859291315078735,0.4588833153247833,357.90081787109375,362.2789306640625,1.0781141519546509,0.14458848536014557,2.910780191421509,51.08092427253723,48.91907274723053
ILSVRC2012_val_00011728.JPEG,/home/dr-yougart/Desktop/vit_mi/Dataset/ILSVRC2012_img_val/ILSVRC2012_val_00011728.JPEG,151,151,158,True,False,clean_correct_blur_wrong,14.279041290283203,9.818495750427246,-4.460545539855957,3.8805885314941406,-1.2170381546020508,-5.097626686096191,3.8805885314941406,0.5916328430175781,0.9176931381225586,0.9936650395393372,0.9876975417137146,0.45418456196784973,324.4835510253906,357.5957336425781,1.159598708152771,0.9847707748413086,2.7375614643096924,61.39290928840637,38.60709071159363
ILSVRC2012_val_00011729.JPEG,/home/dr-yougart/Desktop/vit_mi/Dataset/ILSVRC2012_img_val/ILSVRC2012_val_00011729.JPEG,922,922,860,True,False,clean_correct_blur_wrong,8.683789253234863,4.759751796722412,-3.924037456512451,1.5969977378845215,-2.23085355758667,-3.8278512954711914,1.5969977378845215,1.1311511993408203,0.925129771232605,0.9946594834327698,0.9888237118721008,0.37805646657943726,405.01141357421875,405.93414306640625,1.0469610691070557,0.38362759351730347,3.0193159580230713,55.020976066589355,44.97902691364288
ILSVRC2012_val_00011730.JPEG,/home/dr-yougart/Desktop/vit_mi/Dataset/ILSVRC2012_img_val/ILSVRC2012_val_00011730.JPEG,327,327,327,True,True,clean_correct_blur_correct,14.871707916259766,12.799108505249023,-2.072599411010742,9.336740493774414,5.261067867279053,-4.075672626495361,9.336740493774414,5.261067867279053,0.9329985976219177,0.9948855638504028,0.9901018738746643,0.38825884461402893,365.9540100097656,375.4410095214844,1.0891047716140747,0.32833370566368103,2.3822619915008545,53.9176344871521,46.08236253261566
ILSVRC2012_val_00011731.JPEG,/home/dr-yougart/Desktop/vit_mi/Dataset/ILSVRC2012_img_val/ILSVRC2012_val_00011731.JPEG,872,872,872,True,True,clean_correct_blur_correct,11.263236999511719,11.50905990600586,0.24582290649414062,2.134963035583496,4.493245601654053,2.3582825660705566,2.134963035583496,4.493245601654053,0.9337242245674133,0.9958859086036682,0.9926416873931885,0.40998271107673645,361.6910095214844,386.9821472167969,1.1151604652404785,0.8340665102005005,2.9418509006500244,58.34851264953613,41.65148437023163
ILSVRC2012_val_00011732.JPEG,/home/dr-yougart/Desktop/vit_mi/Dataset/ILSVRC2012_img_val/ILSVRC2012_val_00011732.JPEG,286,286,286,True,True,clean_correct_blur_correct,15.174546241760254,14.203985214233398,-0.9705610275268555,8.070858001708984,6.801422119140625,-1.2694358825683594,8.070858001708984,6.801422119140625,0.9349724650382996,0.9940673112869263,0.9875351190567017,0.33990851044654846,369.5193786621094,375.0464782714844,1.055606484413147,0.5176733136177063,2.418076515197754,57.10764527320862,42.89235174655914
ILSVRC2012_val_00011733.JPEG,/home/dr-yougart/Desktop/vit_mi/Dataset/ILSVRC2012_img_val/ILSVRC2012_val_00011733.JPEG,906,834,834,False,False,clean_wrong_blur_wrong,9.15234375,9.514717102050781,0.36237335205078125,-1.5511407852172852,-1.9257793426513672,-0.37463855743408203,1.5511407852172852,1.9257793426513672,0.9223358631134033,0.9940871596336365,0.9889300465583801,0.431082546710968,337.970458984375,347.4829406738281,1.0812522172927856,0.09942888468503952,2.616241693496704,49.96699392795563,50.03300905227661
ILSVRC2012_val_00011734.JPEG,/home/dr-yougart/Desktop/vit_mi/Dataset/ILSVRC2012_img_val/ILSVRC2012_val_00011734.JPEG,342,342,342,True,True,clean_correct_blur_correct,13.264537811279297,12.73022747039795,-0.5343103408813477,0.981837272644043,0.12811565399169922,-0.8537216186523438,0.981837272644043,0.12811565399169922,0.917370080947876,0.9929959177970886,0.9878007769584656,0.42628031969070435,387.34814453125,395.1649475097656,1.0738781690597534,0.03361927717924118,2.777017831802368,49.83507990837097,50.16492009162903
ILSVRC2012_val_00011735.JPEG,/home/dr-yougart/Desktop/vit_mi/Dataset/ILSVRC2012_img_val/ILSVRC2012_val_00011735.JPEG,833,833,833,True,True,clean_correct_blur_correct,13.902620315551758,7.782383918762207,-6.120236396789551,7.384716033935547,2.146857738494873,-5.237858295440674,7.384716033935547,2.146857738494873,0.9216052293777466,0.9952720403671265,0.9907154440879822,0.5843930244445801,331.1308898925781,394.3680725097656,1.2980133295059204,1.7657631635665894,3.552337884902954,63.82498741149902,36.175015568733215
ILSVRC2012_val_00011736.JPEG,/home/dr-yougart/Desktop/vit_mi/Dataset/ILSVRC2012_img_val/ILSVRC2012_val_00011736.JPEG,292,292,292,True,True,clean_correct_blur_correct,12.772245407104492,12.49872875213623,-0.2735166549682617,1.9849538803100586,2.4212818145751953,0.4363279342651367,1.9849538803100586,2.4212818145751953,0.9035158753395081,0.9906272292137146,0.9822763204574585,0.44379985332489014,400.2775573730469,383.68463134765625,1.035644769668579,-0.31903329491615295,2.7831122875213623,47.56674766540527,52.43325233459473
ILSVRC2012_val_00011737.JPEG,/home/dr-yougart/Desktop/vit_mi/Dataset/ILSVRC2012_img_val/ILSVRC2012_val_00011737.JPEG,352,352,352,True,True,clean_correct_blur_correct,15.239782333374023,14.402233123779297,-0.8375492095947266,3.2403993606567383,2.645565986633301,-0.5948333740234375,3.2403993606567383,2.645565986633301,0.8992249369621277,0.9935117363929749,0.9878133535385132,0.5084273815155029,374.3044128417969,406.6022033691406,1.1538715362548828,1.1794003248214722,3.5786166191101074,61.203646659851074,38.79635035991669
ILSVRC2012_val_00011738.JPEG,/home/dr-yougart/Desktop/vit_mi/Dataset/ILSVRC2012_img_val/ILSVRC2012_val_00011738.JPEG,284,284,284,True,True,clean_correct_blur_correct,12.424646377563477,11.309517860412598,-1.115128517150879,6.759739875793457,5.631941795349121,-1.127798080444336,6.759739875793457,5.631941795349121,0.940649688243866,0.9944092035293579,0.9891626238822937,0.33318865299224854,379.0111083984375,394.6290283203125,1.0698802471160889,0.36983299255371094,2.3294923305511475,55.35838603973389,44.64161396026611
ILSVRC2012_val_00011739.JPEG,/home/dr-yougart/Desktop/vit_mi/Dataset/ILSVRC2012_img_val/ILSVRC2012_val_00011739.JPEG,563,563,563,True,True,clean_correct_blur_correct,14.842072486877441,11.94211483001709,-2.8999576568603516,4.826093673706055,2.3842029571533203,-2.4418907165527344,4.826093673706055,2.3842029571533203,0.9222868084907532,0.9921050667762756,0.9853340983390808,0.3932732939720154,358.6974792480469,356.4433288574219,1.0374499559402466,-0.11426972597837448,2.371413469314575,48.76295626163483,51.237040758132935
ILSVRC2012_val_00011740.JPEG,/home/dr-yougart/Desktop/vit_mi/Dataset/ILSVRC2012_img_val/ILSVRC2012_val_00011740.JPEG,607,607,607,True,True,clean_correct_blur_correct,13.381979942321777,11.964619636535645,-1.4173603057861328,9.965787887573242,7.128071308135986,-2.837716579437256,9.965787887573242,7.128071308135986,0.9590826034545898,0.9980273842811584,0.996184229850769,0.34619396924972534,395.0016784667969,423.4022521972656,1.1218247413635254,0.7528789043426514,2.539013624191284,57.69120454788208,42.30879843235016
ILSVRC2012_val_00011741.JPEG,/home/dr-yougart/Desktop/vit_mi/Dataset/ILSVRC2012_img_val/ILSVRC2012_val_00011741.JPEG,433,433,433,True,True,clean_correct_blur_correct,13.777902603149414,10.118587493896484,-3.6593151092529297,2.8481054306030273,1.288346290588379,-1.5597591400146484,2.8481054306030273,1.288346290588379,0.9241795539855957,0.9931159019470215,0.987041711807251,0.3967219293117523,415.3741760253906,431.588623046875,1.083351731300354,0.405309796333313,2.9010143280029297,51.28772258758545,48.71228039264679
ILSVRC2012_val_00011742.JPEG,/home/dr-yougart/Desktop/vit_mi/Dataset/ILSVRC2012_img_val/ILSVRC2012_val_00011742.JPEG,629,629,629,True,True,clean_correct_blur_correct,14.262527465820312,14.519927978515625,0.2574005126953125,4.255587577819824,5.32125186920166,1.065664291381836,4.255587577819824,5.32125186920166,0.9522101879119873,0.9947406053543091,0.9902004599571228,0.30467209219932556,379.74249267578125,385.52777099609375,1.0518169403076172,0.0875336229801178,1.87095308303833,51.19718909263611,48.80281388759613
ILSVRC2012_val_00011743.JPEG,/home/dr-yougart/Desktop/vit_mi/Dataset/ILSVRC2012_img_val/ILSVRC2012_val_00011743.JPEG,543,566,743,False,False,clean_wrong_blur_wrong,3.2794461250305176,1.6616365909576416,-1.617809534072876,-7.471797466278076,-8.148072242736816,-0.6762747764587402,3.4741086959838867,0.6210613250732422,0.9248505234718323,0.995093584060669,0.9905499219894409,0.41033220291137695,349.2091369628906,358.39556884765625,1.0505528450012207,0.07309330254793167,2.8605659008026123,50.56188106536865,49.438121914863586
ILSVRC2012_val_00011744.JPEG,/home/dr-yougart/Desktop/vit_mi/Dataset/ILSVRC2012_img_val/ILSVRC2012_val_00011744.JPEG,306,306,306,True,True,clean_correct_blur_correct,15.110207557678223,12.899162292480469,-2.211045265197754,7.26987886428833,5.271601676940918,-1.998277187347412,7.26987886428833,5.271601676940918,0.9484809041023254,0.9980931282043457,0.9953269958496094,0.34916919469833374,376.51300048828125,386.1617126464844,1.052378535270691,0.503243625164032,2.853694200515747,54.989999532699585,45.009997487068176
ILSVRC2012_val_00011745.JPEG,/home/dr-yougart/Desktop/vit_mi/Dataset/ILSVRC2012_img_val/ILSVRC2012_val_00011745.JPEG,889,889,889,True,True,clean_correct_blur_correct,12.626934051513672,9.233305931091309,-3.3936281204223633,2.724346160888672,1.115407943725586,-1.608938217163086,2.724346160888672,1.115407943725586,0.9304998517036438,0.9958173632621765,0.9922664165496826,0.40701016783714294,393.234375,416.2588806152344,1.0929045677185059,0.4323366582393646,3.157607078552246,54.53311204910278,45.466890931129456
ILSVRC2012_val_00011746.JPEG,/home/dr-yougart/Desktop/vit_mi/Dataset/ILSVRC2012_img_val/ILSVRC2012_val_00011746.JPEG,222,222,257,True,False,clean_correct_blur_wrong,13.221301078796387,6.928412914276123,-6.292888164520264,3.015366554260254,-0.8138761520385742,-3.829242706298828,3.015366554260254,0.711174488067627,0.9247199892997742,0.995847761631012,0.991096556186676,0.40685251355171204,385.84033203125,411.4149475097656,1.1044198274612427,0.9924535751342773,3.1430726051330566,59.90420579910278,40.09579420089722
ILSVRC2012_val_00011747.JPEG,/home/dr-yougart/Desktop/vit_mi/Dataset/ILSVRC2012_img_val/ILSVRC2012_val_00011747.JPEG,439,439,439,True,True,clean_correct_blur_correct,13.648491859436035,15.139761924743652,1.4912700653076172,3.6162338256835938,7.5683183670043945,3.952084541320801,3.6162338256835938,7.5683183670043945,0.9603298902511597,0.9967982769012451,0.9936836957931519,0.26059436798095703,472.72930908203125,490.89727783203125,1.0564286708831787,0.4859921932220459,2.5850138664245605,56.375908851623535,43.624088168144226
ILSVRC2012_val_00011748.JPEG,/home/dr-yougart/Desktop/vit_mi/Dataset/ILSVRC2012_img_val/ILSVRC2012_val_00011748.JPEG,158,151,158,False,True,clean_wrong_blur_correct,10.099176406860352,10.733030319213867,0.6338539123535156,-0.6196918487548828,0.15741634368896484,0.7771081924438477,0.6196918487548828,0.15741634368896484,0.9298118948936462,0.9938583374023438,0.9879679679870605,0.39600715041160583,349.8874816894531,358.4006652832031,1.094242811203003,0.34784233570098877,2.2817647457122803,55.09225130081177,44.907745718955994
ILSVRC2012_val_00011749.JPEG,/home/dr-yougart/Desktop/vit_mi/Dataset/ILSVRC2012_img_val/ILSVRC2012_val_00011749.JPEG,152,152,152,True,True,clean_correct_blur_correct,14.906166076660156,14.935009956359863,0.02884387969970703,6.167798042297363,6.755178451538086,0.5873804092407227,6.167798042297363,6.755178451538086,0.9887749552726746,0.9987598061561584,0.9976649880409241,0.10793808847665787,457.03076171875,460.2090759277344,1.006350040435791,-0.00745556503534317,1.0032531023025513,49.82232451438904,50.17767548561096
ILSVRC2012_val_00011750.JPEG,/home/dr-yougart/Desktop/vit_mi/Dataset/ILSVRC2012_img_val/ILSVRC2012_val_00011750.JPEG,273,273,273,True,True,clean_correct_blur_correct,15.863183975219727,14.938085556030273,-0.9250984191894531,7.360803604125977,5.528495788574219,-1.8323078155517578,7.360803604125977,5.528495788574219,0.8994786739349365,0.9912953972816467,0.9827812910079956,0.439622163772583,349.72491455078125,360.7415466308594,1.0766167640686035,0.4372579753398895,2.6128733158111572,54.85913157463074,45.14086842536926
ILSVRC2012_val_00011751.JPEG,/home/dr-yougart/Desktop/vit_mi/Dataset/ILSVRC2012_img_val/ILSVRC2012_val_00011751.JPEG,157,157,158,True,False,clean_correct_blur_wrong,12.916009902954102,5.105193614959717,-7.810816287994385,3.9555797576904297,-4.473663806915283,-8.429243087768555,3.9555797576904297,1.392460823059082,0.9364820718765259,0.995672881603241,0.991986870765686,0.3534298837184906,360.51055908203125,362.99566650390625,1.023772954940796,-0.06392662227153778,2.5849287509918213,48.94334375858307,51.056140661239624
ILSVRC2012_val_00011752.JPEG,/home/dr-yougart/Desktop/vit_mi/Dataset/ILSVRC2012_img_val/ILSVRC2012_val_00011752.JPEG,443,697,400,False,False,clean_wrong_blur_wrong,3.4280104637145996,-0.11172536760568619,-3.539735794067383,-1.5645170211791992,-9.037995338439941,-7.473478317260742,0.16036510467529297,1.3425726890563965,0.9290738701820374,0.9971101880073547,0.9933954477310181,0.40472492575645447,375.5367431640625,404.326171875,1.1056972742080688,0.9978219270706177,3.220799207687378,59.498387575149536,40.501612424850464
ILSVRC2012_val_00011753.JPEG,/home/dr-yougart/Desktop/vit_mi/Dataset/ILSVRC2012_img_val/ILSVRC2012_val_00011753.JPEG,532,532,532,True,True,clean_correct_blur_correct,13.182522773742676,6.944617748260498,-6.237905025482178,5.508182525634766,1.4037303924560547,-4.104452133178711,5.508182525634766,1.4037303924560547,0.9210082292556763,0.9952827095985413,0.9906787276268005,0.4197673499584198,351.6336975097656,359.34796142578125,1.0719733238220215,0.3658733069896698,2.789797782897949,55.26805520057678,44.73194777965546
ILSVRC2012_val_00011754.JPEG,/home/dr-yougart/Desktop/vit_mi/Dataset/ILSVRC2012_img_val/ILSVRC2012_val_00011754.JPEG,155,155,154,True,False,clean_correct_blur_wrong,11.859529495239258,8.054116249084473,-3.805413246154785,3.079709053039551,-0.057511329650878906,-3.1372203826904297,3.079709053039551,0.057511329650878906,0.9304952621459961,0.9954880475997925,0.9912323951721191,0.3852274715900421,347.8534851074219,357.21026611328125,1.0720576047897339,0.4949411451816559,2.702357053756714,55.24370074272156,44.75629925727844
ILSVRC2012_val_00011755.JPEG,/home/dr-yougart/Desktop/vit_mi/Dataset/ILSVRC2012_img_val/ILSVRC2012_val_00011755.JPEG,363,363,363,True,True,clean_correct_blur_correct,15.410099983215332,7.169793605804443,-8.240306854248047,8.180179595947266,0.665921688079834,-7.514257907867432,8.180179595947266,0.665921688079834,0.8895947337150574,0.9927576184272766,0.9863373041152954,0.575956404209137,376.18304443359375,428.3022155761719,1.2134941816329956,1.4620321989059448,3.9488115310668945,60.95089316368103,39.04910385608673
ILSVRC2012_val_00011756.JPEG,/home/dr-yougart/Desktop/vit_mi/Dataset/ILSVRC2012_img_val/ILSVRC2012_val_00011756.JPEG,352,353,353,False,False,clean_wrong_blur_wrong,11.860100746154785,10.878487586975098,-0.9816131591796875,-2.142030715942383,-2.6446800231933594,-0.5026493072509766,2.142030715942383,2.6446800231933594,0.9252662062644958,0.9932056069374084,0.9865814447402954,0.34506961703300476,436.9947814941406,397.27801513671875,0.9413067698478699,-0.9515941143035889,2.7182886600494385,37.46526539325714,62.53473162651062
ILSVRC2012_val_00011757.JPEG,/home/dr-yougart/Desktop/vit_mi/Dataset/ILSVRC2012_img_val/ILSVRC2012_val_00011757.JPEG,235,235,235,True,True,clean_correct_blur_correct,13.880062103271484,12.579686164855957,-1.3003759384155273,6.437931060791016,5.53921365737915,-0.8987174034118652,6.437931060791016,5.53921365737915,0.9300872683525085,0.9944940805435181,0.9894405007362366,0.34967172145843506,363.17730712890625,366.0205383300781,1.0386536121368408,0.29526597261428833,2.5283615589141846,53.55147123336792,46.44852578639984
ILSVRC2012_val_00011758.JPEG,/home/dr-yougart/Desktop/vit_mi/Dataset/ILSVRC2012_img_val/ILSVRC2012_val_00011758.JPEG,899,868,505,False,False,clean_wrong_blur_wrong,8.820305824279785,8.431458473205566,-0.38884735107421875,-2.3298301696777344,-1.3420352935791016,0.9877948760986328,0.34648895263671875,0.8538074493408203,0.9447898268699646,0.9969760179519653,0.9942147135734558,0.3500611186027527,383.79241943359375,399.3409118652344,1.0668210983276367,0.419179230928421,2.6039011478424072,54.20153737068176,45.79846262931824
ILSVRC2012_val_00011759.JPEG,/home/dr-yougart/Desktop/vit_mi/Dataset/ILSVRC2012_img_val/ILSVRC2012_val_00011759.JPEG,406,497,497,False,False,clean_wrong_blur_wrong,9.595658302307129,9.279406547546387,-0.3162517547607422,-2.5948877334594727,-1.0908451080322266,1.504042625427246,2.5948877334594727,1.0908451080322266,0.9521738290786743,0.9974340200424194,0.9941063523292542,0.30789005756378174,387.50262451171875,388.765869140625,1.0170475244522095,0.19412162899971008,2.5897984504699707,52.37321853637695,47.62678146362305
ILSVRC2012_val_00011760.JPEG,/home/dr-yougart/Desktop/vit_mi/Dataset/ILSVRC2012_img_val/ILSVRC2012_val_00011760.JPEG,454,624,582,False,False,clean_wrong_blur_wrong,11.964284896850586,6.841269493103027,-5.123015403747559,-1.324854850769043,-1.1709480285644531,0.15390682220458984,1.324854850769043,0.36165285110473633,0.9030646681785583,0.9942036867141724,0.9888835549354553,0.49118638038635254,358.232177734375,393.88580322265625,1.1501966714859009,1.1300249099731445,3.535259962081909,60.073721408843994,39.926281571388245
ILSVRC2012_val_00011761.JPEG,/home/dr-yougart/Desktop/vit_mi/Dataset/ILSVRC2012_img_val/ILSVRC2012_val_00011761.JPEG,906,411,473,False,False,clean_wrong_blur_wrong,6.181457042694092,4.635229110717773,-1.5462279319763184,-1.9490132331848145,-4.765473365783691,-2.816460132598877,1.1144280433654785,2.34395694732666,0.9006779789924622,0.9935759902000427,0.9863886833190918,0.5148017406463623,353.3124084472656,378.94219970703125,1.1438108682632446,0.7846798896789551,3.11582088470459,57.09459185600281,42.90540814399719
ILSVRC2012_val_00011762.JPEG,/home/dr-yougart/Desktop/vit_mi/Dataset/ILSVRC2012_img_val/ILSVRC2012_val_00011762.JPEG,781,781,781,True,True,clean_correct_blur_correct,15.229761123657227,12.932164192199707,-2.2975969314575195,9.68535041809082,6.792240142822266,-2.8931102752685547,9.68535041809082,6.792240142822266,0.9097176194190979,0.9941709637641907,0.9885910153388977,0.4507412016391754,376.140625,381.4147033691406,1.0686997175216675,0.2256268411874771,3.1219863891601562,52.2233784198761,47.7766215801239
ILSVRC2012_val_00011763.JPEG,/home/dr-yougart/Desktop/vit_mi/Dataset/ILSVRC2012_img_val/ILSVRC2012_val_00011763.JPEG,712,719,674,False,False,clean_wrong_blur_wrong,5.878224849700928,6.169224739074707,0.2909998893737793,-1.9341015815734863,-2.7086353302001953,-0.774533748626709,0.9485912322998047,2.7086353302001953,0.9313838481903076,0.9950872659683228,0.9907575845718384,0.3621361255645752,357.0469665527344,353.0675354003906,1.0144968032836914,0.006131425965577364,2.651376247406006,49.600449204444885,50.399547815322876
ILSVRC2012_val_00011764.JPEG,/home/dr-yougart/Desktop/vit_mi/Dataset/ILSVRC2012_img_val/ILSVRC2012_val_00011764.JPEG,205,205,205,True,True,clean_correct_blur_correct,12.10552978515625,12.206796646118164,0.10126686096191406,3.8613462448120117,0.5568342208862305,-3.3045120239257812,3.8613462448120117,0.5568342208862305,0.9021732807159424,0.9908099174499512,0.9831324815750122,0.4684610962867737,364.26397705078125,378.4162292480469,1.126888394355774,0.42709070444107056,2.589139223098755,55.6080162525177,44.39198076725006
ILSVRC2012_val_00011765.JPEG,/home/dr-yougart/Desktop/vit_mi/Dataset/ILSVRC2012_img_val/ILSVRC2012_val_00011765.JPEG,227,227,227,True,True,clean_correct_blur_correct,13.314330101013184,12.521843910217285,-0.7924861907958984,2.6655359268188477,2.35031795501709,-0.3152179718017578,2.6655359268188477,2.35031795501709,0.9511297345161438,0.9958528876304626,0.9924102425575256,0.29233694076538086,340.68255615234375,343.0518493652344,1.0395909547805786,-0.0015249719144776464,1.813148856163025,50.2394437789917,49.76055920124054
ILSVRC2012_val_00011766.JPEG,/home/dr-yougart/Desktop/vit_mi/Dataset/ILSVRC2012_img_val/ILSVRC2012_val_00011766.JPEG,36,35,35,False,False,clean_wrong_blur_wrong,10.588229179382324,11.11741828918457,0.5291891098022461,-1.8558015823364258,-1.0894622802734375,0.7663393020629883,1.8558015823364258,1.0894622802734375,0.9249709248542786,0.9923889636993408,0.9858024716377258,0.40530213713645935,351.65277099609375,364.342041015625,1.0769710540771484,0.20140156149864197,2.6457531452178955,52.86228060722351,47.13771641254425
ILSVRC2012_val_00011767.JPEG,/home/dr-yougart/Desktop/vit_mi/Dataset/ILSVRC2012_img_val/ILSVRC2012_val_00011767.JPEG,602,602,602,True,True,clean_correct_blur_correct,14.527338027954102,8.179447174072266,-6.347890853881836,5.247044563293457,0.8050713539123535,-4.4419732093811035,5.247044563293457,0.8050713539123535,0.9297638535499573,0.9948903918266296,0.9897248148918152,0.3959435820579529,396.6515808105469,415.1917724609375,1.0844944715499878,0.6577131152153015,3.06587290763855,55.807411670684814,44.192588329315186
ILSVRC2012_val_00011768.JPEG,/home/dr-yougart/Desktop/vit_mi/Dataset/ILSVRC2012_img_val/ILSVRC2012_val_00011768.JPEG,153,204,212,False,False,clean_wrong_blur_wrong,7.965424537658691,6.847475051879883,-1.1179494857788086,-1.6710529327392578,-2.738802909851074,-1.0677499771118164,1.5684471130371094,1.9551324844360352,0.9223335981369019,0.9942563772201538,0.9888415932655334,0.40143927931785583,345.765380859375,339.1007385253906,1.0468448400497437,-0.031562864780426025,2.4411747455596924,49.111536145210266,50.88846683502197
ILSVRC2012_val_00011769.JPEG,/home/dr-yougart/Desktop/vit_mi/Dataset/ILSVRC2012_img_val/ILSVRC2012_val_00011769.JPEG,554,554,554,True,True,clean_correct_blur_correct,14.738285064697266,13.224523544311523,-1.5137615203857422,7.7959303855896,6.836191654205322,-0.9597387313842773,7.7959303855896,6.836191654205322,0.9529668092727661,0.9976387619972229,0.9952675104141235,0.3735218048095703,357.83038330078125,409.6448974609375,1.1718461513519287,1.5252574682235718,2.8521764278411865,66.9569194316864,33.0430805683136
ILSVRC2012_val_00011770.JPEG,/home/dr-yougart/Desktop/vit_mi/Dataset/ILSVRC2012_img_val/ILSVRC2012_val_00011770.JPEG,692,414,709,False,False,clean_wrong_blur_wrong,4.610313892364502,4.048511981964111,-0.5618019104003906,-2.7491326332092285,-3.626582622528076,-0.8774499893188477,0.32722949981689453,0.5044684410095215,0.8963060975074768,0.9909276366233826,0.9822613596916199,0.4491584300994873,363.2253723144531,351.69561767578125,1.0254405736923218,-0.21975399553775787,2.682297945022583,48.30266833305359,51.69733166694641
ILSVRC2012_val_00011771.JPEG,/home/dr-yougart/Desktop/vit_mi/Dataset/ILSVRC2012_img_val/ILSVRC2012_val_00011771.JPEG,320,320,320,True,True,clean_correct_blur_correct,14.157631874084473,11.106949806213379,-3.0506820678710938,2.5283422470092773,1.3362350463867188,-1.1921072006225586,2.5283422470092773,1.3362350463867188,0.9391887187957764,0.995320200920105,0.9921099543571472,0.3835710883140564,383.87420654296875,396.5145568847656,1.074723720550537,0.23139527440071106,2.855989456176758,51.91437005996704,48.08562994003296
ILSVRC2012_val_00011772.JPEG,/home/dr-yougart/Desktop/vit_mi/Dataset/ILSVRC2012_img_val/ILSVRC2012_val_00011772.JPEG,321,321,321,True,True,clean_correct_blur_correct,12.855489730834961,12.207372665405273,-0.6481170654296875,5.257871627807617,3.4358139038085938,-1.8220577239990234,5.257871627807617,3.4358139038085938,0.9357268810272217,0.9944911599159241,0.9893661141395569,0.43950313329696655,380.4646301269531,424.4434509277344,1.163640022277832,1.0605167150497437,3.139420747756958,58.58573317527771,41.41426682472229
ILSVRC2012_val_00011773.JPEG,/home/dr-yougart/Desktop/vit_mi/Dataset/ILSVRC2012_img_val/ILSVRC2012_val_00011773.JPEG,657,405,405,False,False,clean_wrong_blur_wrong,4.666178226470947,1.7054755687713623,-2.960702657699585,-5.295872211456299,-4.604132652282715,0.691739559173584,0.27076053619384766,0.0006427764892578125,0.925469696521759,0.995091438293457,0.9903600811958313,0.44425609707832336,339.2816162109375,369.8119812011719,1.1439388990402222,1.1993839740753174,2.9783809185028076,61.78269386291504,38.21730613708496
ILSVRC2012_val_00011774.JPEG,/home/dr-yougart/Desktop/vit_mi/Dataset/ILSVRC2012_img_val/ILSVRC2012_val_00011774.JPEG,878,878,810,True,False,clean_correct_blur_wrong,13.504027366638184,13.510087013244629,0.0060596466064453125,0.5714130401611328,-0.9701175689697266,-1.5415306091308594,0.5714130401611328,0.9701175689697266,0.9271112680435181,0.9961304664611816,0.9926553964614868,0.45028090476989746,411.5381774902344,449.86224365234375,1.1565293073654175,1.1449594497680664,3.6157422065734863,59.67729687690735,40.32270610332489
ILSVRC2012_val_00011775.JPEG,/home/dr-yougart/Desktop/vit_mi/Dataset/ILSVRC2012_img_val/ILSVRC2012_val_00011775.JPEG,461,524,461,False,True,clean_wrong_blur_correct,14.267662048339844,14.732963562011719,0.465301513671875,-1.046830177307129,0.0766439437866211,1.12347412109375,1.046830177307129,0.0766439437866211,0.9511085152626038,0.9956191778182983,0.9909736514091492,0.30458733439445496,409.45672607421875,406.7939758300781,1.013561487197876,0.29887011647224426,2.476616382598877,53.770750761032104,46.22924625873566
ILSVRC2012_val_00011776.JPEG,/home/dr-yougart/Desktop/vit_mi/Dataset/ILSVRC2012_img_val/ILSVRC2012_val_00011776.JPEG,60,60,63,True,False,clean_correct_blur_wrong,12.569249153137207,11.098006248474121,-1.471242904663086,1.6123723983764648,-0.20502090454101562,-1.8173933029174805,1.6123723983764648,0.20502090454101562,0.9096043705940247,0.9912603497505188,0.983801543712616,0.4351244568824768,363.46942138671875,388.3749084472656,1.1392617225646973,0.6329140067100525,2.4165008068084717,58.74248147010803,41.25751852989197
ILSVRC2012_val_00011777.JPEG,/home/dr-yougart/Desktop/vit_mi/Dataset/ILSVRC2012_img_val/ILSVRC2012_val_00011777.JPEG,215,215,210,True,False,clean_correct_blur_wrong,13.999832153320312,10.566581726074219,-3.4332504272460938,4.911957740783691,-2.6445322036743164,-7.556489944458008,4.911957740783691,2.606085777282715,0.9367429614067078,0.9958646893501282,0.9914631843566895,0.37305042147636414,364.7227783203125,377.27508544921875,1.0729296207427979,0.4158495366573334,2.6597940921783447,55.0639271736145,44.9360728263855
ILSVRC2012_val_00011778.JPEG,/home/dr-yougart/Desktop/vit_mi/Dataset/ILSVRC2012_img_val/ILSVRC2012_val_00011778.JPEG,97,97,97,True,True,clean_correct_blur_correct,14.44555377960205,11.658883094787598,-2.786670684814453,7.590549945831299,3.107847213745117,-4.482702732086182,7.590549945831299,3.107847213745117,0.9482155442237854,0.9944379925727844,0.9895973801612854,0.38638535141944885,407.93804931640625,457.42498779296875,1.1793097257614136,1.4365707635879517,2.937485456466675,63.801270723342896,36.198729276657104
ILSVRC2012_val_00011779.JPEG,/home/dr-yougart/Desktop/vit_mi/Dataset/ILSVRC2012_img_val/ILSVRC2012_val_00011779.JPEG,766,766,766,True,True,clean_correct_blur_correct,12.164812088012695,11.347199440002441,-0.8176126480102539,3.2424182891845703,2.5656356811523438,-0.6767826080322266,3.2424182891845703,2.5656356811523438,0.9342067241668701,0.997164249420166,0.9948292970657349,0.4147988557815552,354.3194274902344,375.09686279296875,1.090295672416687,0.5365984439849854,3.1516096591949463,54.24378514289856,45.7562118768692
ILSVRC2012_val_00011780.JPEG,/home/dr-yougart/Desktop/vit_mi/Dataset/ILSVRC2012_img_val/ILSVRC2012_val_00011780.JPEG,324,324,324,True,True,clean_correct_blur_correct,14.704145431518555,12.109466552734375,-2.5946788787841797,5.394469261169434,3.8526363372802734,-1.5418329238891602,5.394469261169434,3.8526363372802734,0.9210619330406189,0.9942095875740051,0.989622950553894,0.41735315322875977,380.29840087890625,394.3561096191406,1.0720913410186768,0.30664587020874023,3.059890031814575,53.25939655303955,46.74060344696045
ILSVRC2012_val_00011781.JPEG,/home/dr-yougart/Desktop/vit_mi/Dataset/ILSVRC2012_img_val/ILSVRC2012_val_00011781.JPEG,880,880,880,True,True,clean_correct_blur_correct,14.626416206359863,7.423364162445068,-7.203052043914795,8.56913948059082,1.3365697860717773,-7.232569694519043,8.56913948059082,1.3365697860717773,0.9151285886764526,0.9949243664741516,0.9909042119979858,0.43712884187698364,357.3297119140625,355.5528564453125,1.0557540655136108,-0.05210541933774948,2.894057035446167,49.38916862010956,50.61083436012268
ILSVRC2012_val_00011782.JPEG,/home/dr-yougart/Desktop/vit_mi/Dataset/ILSVRC2012_img_val/ILSVRC2012_val_00011782.JPEG,5,5,5,True,True,clean_correct_blur_correct,16.159997940063477,12.180671691894531,-3.9793262481689453,7.253720283508301,4.653804779052734,-2.5999155044555664,7.253720283508301,4.653804779052734,0.9113616347312927,0.9926244616508484,0.986716628074646,0.4295942783355713,363.25555419921875,335.9739685058594,0.9650326371192932,-0.7951977849006653,2.7846181392669678,39.91995453834534,60.08004546165466
ILSVRC2012_val_00011783.JPEG,/home/dr-yougart/Desktop/vit_mi/Dataset/ILSVRC2012_img_val/ILSVRC2012_val_00011783.JPEG,318,308,59,False,False,clean_wrong_blur_wrong,5.440206050872803,6.650157451629639,1.209951400756836,-1.4296951293945312,-0.7353367805480957,0.6943583488464355,0.4275698661804199,0.7353367805480957,0.9301186203956604,0.9961128234863281,0.9925503730773926,0.4628649353981018,354.94183349609375,407.37371826171875,1.1907248497009277,1.55861496925354,3.4215683937072754,63.5145902633667,36.4854097366333
ILSVRC2012_val_00011784.JPEG,/home/dr-yougart/Desktop/vit_mi/Dataset/ILSVRC2012_img_val/ILSVRC2012_val_00011784.JPEG,247,247,247,True,True,clean_correct_blur_correct,13.22990608215332,14.19067668914795,0.9607706069946289,6.963401794433594,7.968653678894043,1.0052518844604492,6.963401794433594,7.968653678894043,0.9104069471359253,0.994792640209198,0.9901669025421143,0.45109838247299194,371.04193115234375,371.10302734375,1.0540273189544678,-0.07760709524154663,3.079460382461548,50.136035680770874,49.863964319229126
ILSVRC2012_val_00011785.JPEG,/home/dr-yougart/Desktop/vit_mi/Dataset/ILSVRC2012_img_val/ILSVRC2012_val_00011785.JPEG,558,513,558,False,True,clean_wrong_blur_correct,10.205066680908203,6.481468677520752,-3.723598003387451,-0.14847564697265625,0.08327484130859375,0.23175048828125,0.14847564697265625,0.08327484130859375,0.9365425705909729,0.9968485832214355,0.9933505058288574,0.3873034119606018,388.84039306640625,401.980712890625,1.0642523765563965,0.420977920293808,3.1637940406799316,54.03646230697632,45.96353471279144
ILSVRC2012_val_00011786.JPEG,/home/dr-yougart/Desktop/vit_mi/Dataset/ILSVRC2012_img_val/ILSVRC2012_val_00011786.JPEG,708,708,708,True,True,clean_correct_blur_correct,11.526240348815918,7.374300956726074,-4.151939392089844,4.865636825561523,1.788797378540039,-3.0768394470214844,4.865636825561523,1.788797378540039,0.9397301077842712,0.997170090675354,0.9940961599349976,0.37874001264572144,352.0649719238281,375.902587890625,1.0888398885726929,0.7215157151222229,2.8592097759246826,57.607245445251465,42.392757534980774
ILSVRC2012_val_00011787.JPEG,/home/dr-yougart/Desktop/vit_mi/Dataset/ILSVRC2012_img_val/ILSVRC2012_val_00011787.JPEG,81,81,81,True,True,clean_correct_blur_correct,14.6282320022583,8.285420417785645,-6.342811584472656,7.236384391784668,0.9636735916137695,-6.272710800170898,7.236384391784668,0.9636735916137695,0.9002788066864014,0.9930740594863892,0.9865173697471619,0.5396712422370911,328.8514099121094,364.0357971191406,1.1637312173843384,0.8938402533531189,3.2686474323272705,57.21791982650757,42.78208315372467
ILSVRC2012_val_00011788.JPEG,/home/dr-yougart/Desktop/vit_mi/Dataset/ILSVRC2012_img_val/ILSVRC2012_val_00011788.JPEG,485,485,485,True,True,clean_correct_blur_correct,13.412008285522461,12.885202407836914,-0.5268058776855469,3.249958038330078,1.7135095596313477,-1.5364484786987305,3.249958038330078,1.7135095596313477,0.966921329498291,0.9974274635314941,0.9954386949539185,0.26528143882751465,342.9555969238281,350.6197814941406,1.0300540924072266,0.19041916728019714,1.8439573049545288,51.840341091156006,48.159658908843994
ILSVRC2012_val_00011789.JPEG,/home/dr-yougart/Desktop/vit_mi/Dataset/ILSVRC2012_img_val/ILSVRC2012_val_00011789.JPEG,371,371,371,True,True,clean_correct_blur_correct,14.747757911682129,14.302842140197754,-0.444915771484375,6.426423072814941,7.124176979064941,0.69775390625,6.426423072814941,7.124176979064941,0.880003809928894,0.9899002313613892,0.9795407652854919,0.5637397170066833,347.2474060058594,370.22296142578125,1.1599019765853882,0.7348688244819641,3.1796305179595947,56.77480101585388,43.22519898414612
ILSVRC2012_val_00011790.JPEG,/home/dr-yougart/Desktop/vit_mi/Dataset/ILSVRC2012_img_val/ILSVRC2012_val_00011790.JPEG,969,969,969,True,True,clean_correct_blur_correct,11.632790565490723,9.135723114013672,-2.497067451477051,3.1236486434936523,2.047117233276367,-1.0765314102172852,3.1236486434936523,2.047117233276367,0.9170399904251099,0.995133638381958,0.9903804063796997,0.4565598964691162,325.3620910644531,347.2092590332031,1.1194472312927246,0.6049957871437073,2.850597381591797,56.43187761306763,43.56812238693237
ILSVRC2012_val_00011791.JPEG,/home/dr-yougart/Desktop/vit_mi/Dataset/ILSVRC2012_img_val/ILSVRC2012_val_00011791.JPEG,685,685,685,True,True,clean_correct_blur_correct,12.419881820678711,10.739827156066895,-1.6800546646118164,4.524679660797119,3.478846549987793,-1.0458331108093262,4.524679660797119,3.478846549987793,0.9461544752120972,0.9965634346008301,0.9929817914962769,0.31098073720932007,384.05377197265625,366.57763671875,0.9822139143943787,-0.32011452317237854,2.4800915718078613,46.71761095523834,53.2823920249939
ILSVRC2012_val_00011792.JPEG,/home/dr-yougart/Desktop/vit_mi/Dataset/ILSVRC2012_img_val/ILSVRC2012_val_00011792.JPEG,166,167,167,False,False,clean_wrong_blur_wrong,12.118647575378418,12.06425666809082,-0.054390907287597656,-0.23330307006835938,-1.7966880798339844,-1.563385009765625,0.23330307006835938,1.7966880798339844,0.9128357768058777,0.9937925338745117,0.9882885813713074,0.43869084119796753,366.4003601074219,389.45965576171875,1.1245006322860718,0.7528166174888611,2.823496103286743,58.63955616950989,41.36044383049011
ILSVRC2012_val_00011793.JPEG,/home/dr-yougart/Desktop/vit_mi/Dataset/ILSVRC2012_img_val/ILSVRC2012_val_00011793.JPEG,206,221,221,False,False,clean_wrong_blur_wrong,8.99021053314209,8.866811752319336,-0.1233987808227539,-1.8527412414550781,-0.9571104049682617,0.8956308364868164,1.4015798568725586,0.9571104049682617,0.9426819086074829,0.9969276189804077,0.9938662052154541,0.3601978123188019,362.9808654785156,379.0384216308594,1.074022889137268,0.5283453464508057,2.5701308250427246,56.19380474090576,43.80619823932648
ILSVRC2012_val_00011794.JPEG,/home/dr-yougart/Desktop/vit_mi/Dataset/ILSVRC2012_img_val/ILSVRC2012_val_00011794.JPEG,503,503,503,True,True,clean_correct_blur_correct,11.41982650756836,9.35763931274414,-2.0621871948242188,3.576554775238037,2.221648693084717,-1.3549060821533203,3.576554775238037,2.221648693084717,0.9378107786178589,0.9969431161880493,0.9945454001426697,0.39253315329551697,355.64556884765625,367.49359130859375,1.0558316707611084,0.17099182307720184,2.958688259124756,51.37326717376709,48.62673282623291
ILSVRC2012_val_00011795.JPEG,/home/dr-yougart/Desktop/vit_mi/Dataset/ILSVRC2012_img_val/ILSVRC2012_val_00011795.JPEG,429,429,522,True,False,clean_correct_blur_wrong,16.16183090209961,10.291400909423828,-5.870429992675781,8.217585563659668,-1.8241777420043945,-10.041763305664062,8.217585563659668,0.29503345489501953,0.9001452326774597,0.9909884333610535,0.9841006398200989,0.4775409996509552,428.5151062011719,464.8263244628906,1.1446534395217896,0.8408879637718201,3.409586191177368,57.34610557556152,42.653897404670715
ILSVRC2012_val_00011796.JPEG,/home/dr-yougart/Desktop/vit_mi/Dataset/ILSVRC2012_img_val/ILSVRC2012_val_00011796.JPEG,591,591,591,True,True,clean_correct_blur_correct,14.912233352661133,13.772282600402832,-1.1399507522583008,8.130037307739258,5.716403007507324,-2.4136343002319336,8.130037307739258,5.716403007507324,0.916865348815918,0.993709146976471,0.9880660772323608,0.3918105661869049,396.83935546875,373.10626220703125,0.9788965582847595,-0.5087253451347351,2.9464523792266846,44.828903675079346,55.171096324920654
ILSVRC2012_val_00011797.JPEG,/home/dr-yougart/Desktop/vit_mi/Dataset/ILSVRC2012_img_val/ILSVRC2012_val_00011797.JPEG,723,723,723,True,True,clean_correct_blur_correct,14.508879661560059,13.977810859680176,-0.5310688018798828,11.257386207580566,10.123842239379883,-1.1335439682006836,11.257386207580566,10.123842239379883,0.9345281720161438,0.9926334023475647,0.9863408803939819,0.34228959679603577,377.65130615234375,376.1736145019531,1.0337518453598022,0.057489655911922455,2.254952907562256,50.246113538742065,49.75388944149017
ILSVRC2012_val_00011798.JPEG,/home/dr-yougart/Desktop/vit_mi/Dataset/ILSVRC2012_img_val/ILSVRC2012_val_00011798.JPEG,168,213,168,False,True,clean_wrong_blur_correct,10.477364540100098,9.507594108581543,-0.9697704315185547,-1.777827262878418,0.15402889251708984,1.9318561553955078,1.777827262878418,0.15402889251708984,0.9009233713150024,0.9915904402732849,0.9835337996482849,0.48354122042655945,361.779541015625,378.8568115234375,1.1371850967407227,0.6741284132003784,2.8803796768188477,57.9908549785614,42.0091450214386
ILSVRC2012_val_00011799.JPEG,/home/dr-yougart/Desktop/vit_mi/Dataset/ILSVRC2012_img_val/ILSVRC2012_val_00011799.JPEG,841,841,841,True,True,clean_correct_blur_correct,12.8220796585083,12.855125427246094,0.03304576873779297,2.611360549926758,2.3932619094848633,-0.21809864044189453,2.611360549926758,2.3932619094848633,0.9548560380935669,0.9964741468429565,0.9931772947311401,0.3089299201965332,363.2687072753906,369.8983459472656,1.0496937036514282,0.26948273181915283,2.2799453735351562,55.3012490272522,44.698747992515564
ILSVRC2012_val_00011800.JPEG,/home/dr-yougart/Desktop/vit_mi/Dataset/ILSVRC2012_img_val/ILSVRC2012_val_00011800.JPEG,771,771,771,True,True,clean_correct_blur_correct,14.682003021240234,13.946106910705566,-0.735896110534668,7.4243550300598145,6.925434112548828,-0.49892091751098633,7.4243550300598145,6.925434112548828,0.9592496156692505,0.9970537424087524,0.9948468804359436,0.2828844487667084,410.47723388671875,385.1209716796875,0.9472228288650513,-0.5848335027694702,2.3061180114746094,42.404088377952576,57.595908641815186
ILSVRC2012_val_00011801.JPEG,/home/dr-yougart/Desktop/vit_mi/Dataset/ILSVRC2012_img_val/ILSVRC2012_val_00011801.JPEG,715,715,921,True,False,clean_correct_blur_wrong,15.112497329711914,5.303470134735107,-9.809026718139648,7.361892223358154,-2.065124034881592,-9.427016258239746,7.361892223358154,0.9505419731140137,0.8745205998420715,0.9930769205093384,0.986661970615387,0.5401923060417175,382.3909912109375,370.1506652832031,1.0083342790603638,-0.31199702620506287,4.107265949249268,47.28215038776398,52.717846632003784
ILSVRC2012_val_00011802.JPEG,/home/dr-yougart/Desktop/vit_mi/Dataset/ILSVRC2012_img_val/ILSVRC2012_val_00011802.JPEG,249,249,537,True,False,clean_correct_blur_wrong,13.344090461730957,8.426880836486816,-4.917209625244141,1.76922607421875,-3.0343141555786133,-4.803540229797363,1.76922607421875,0.30987548828125,0.9065749645233154,0.9920379519462585,0.9840596318244934,0.4542907476425171,375.0933837890625,407.59991455078125,1.1465916633605957,1.031144618988037,3.056851625442505,61.87174320220947,38.12825679779053
ILSVRC2012_val_00011803.JPEG,/home/dr-yougart/Desktop/vit_mi/Dataset/ILSVRC2012_img_val/ILSVRC2012_val_00011803.JPEG,426,426,426,True,True,clean_correct_blur_correct,15.931489944458008,15.433161735534668,-0.49832820892333984,9.158323287963867,8.429988861083984,-0.7283344268798828,9.158323287963867,8.429988861083984,0.9489991068840027,0.9963729381561279,0.993249773979187,0.31218910217285156,384.8927307128906,398.4942321777344,1.0526238679885864,0.2372126281261444,2.3991310596466064,53.697240352630615,46.302759647369385
ILSVRC2012_val_00011804.JPEG,/home/dr-yougart/Desktop/vit_mi/Dataset/ILSVRC2012_img_val/ILSVRC2012_val_00011804.JPEG,776,776,776,True,True,clean_correct_blur_correct,13.316947937011719,10.282465934753418,-3.034482002258301,5.393126487731934,0.8457050323486328,-4.547421455383301,5.393126487731934,0.8457050323486328,0.9418311715126038,0.9957329630851746,0.9917618632316589,0.34100815653800964,438.45941162109375,435.8286437988281,1.0252540111541748,-0.07180649787187576,2.9767396450042725,49.80654418468475,50.193458795547485
ILSVRC2012_val_00011805.JPEG,/home/dr-yougart/Desktop/vit_mi/Dataset/ILSVRC2012_img_val/ILSVRC2012_val_00011805.JPEG,153,153,743,True,False,clean_correct_blur_wrong,10.339934349060059,3.3248021602630615,-7.015131950378418,0.9831533432006836,-6.234338760375977,-7.21749210357666,0.9831533432006836,2.9673843383789062,0.9308176636695862,0.996239185333252,0.9924977421760559,0.42444339394569397,350.0295104980469,393.84490966796875,1.1659841537475586,1.518149733543396,3.096107244491577,66.07030034065247,33.92970263957977
ILSVRC2012_val_00011806.JPEG,/home/dr-yougart/Desktop/vit_mi/Dataset/ILSVRC2012_img_val/ILSVRC2012_val_00011806.JPEG,913,913,913,True,True,clean_correct_blur_correct,14.065266609191895,13.134325981140137,-0.9309406280517578,9.4552001953125,6.9799885749816895,-2.4752116203308105,9.4552001953125,6.9799885749816895,0.927345871925354,0.9946579337120056,0.9892799258232117,0.38575124740600586,367.0359191894531,328.29425048828125,0.9186449646949768,-0.9635302424430847,2.835767984390259,38.492023944854736,61.507976055145264
ILSVRC2012_val_00011807.JPEG,/home/dr-yougart/Desktop/vit_mi/Dataset/ILSVRC2012_img_val/ILSVRC2012_val_00011807.JPEG,208,208,208,True,True,clean_correct_blur_correct,12.361029624938965,8.973273277282715,-3.38775634765625,3.2660369873046875,0.5554838180541992,-2.7105531692504883,3.2660369873046875,0.5554838180541992,0.9343351125717163,0.9957871437072754,0.9917333722114563,0.3593514561653137,415.75860595703125,391.8615417480469,0.9788391590118408,-0.5088581442832947,2.966550588607788,43.618789315223694,56.38120770454407
ILSVRC2012_val_00011808.JPEG,/home/dr-yougart/Desktop/vit_mi/Dataset/ILSVRC2012_img_val/ILSVRC2012_val_00011808.JPEG,73,77,73,False,True,clean_wrong_blur_correct,10.350083351135254,12.139619827270508,1.789536476135254,-2.9267988204956055,3.460883140563965,6.38768196105957,2.9267988204956055,3.460883140563965,0.9496182799339294,0.9972836971282959,0.9946648478507996,0.33617132902145386,355.60302734375,360.4308166503906,1.0514309406280518,0.30775517225265503,2.401247501373291,54.835325479507446,45.164674520492554
ILSVRC2012_val_00011809.JPEG,/home/dr-yougart/Desktop/vit_mi/Dataset/ILSVRC2012_img_val/ILSVRC2012_val_00011809.JPEG,487,487,590,True,False,clean_correct_blur_wrong,12.916763305664062,9.588210105895996,-3.3285531997680664,3.989614486694336,-1.5050926208496094,-5.494707107543945,3.989614486694336,1.5050926208496094,0.9472308158874512,0.9949672222137451,0.9900746941566467,0.3382697105407715,358.1190490722656,368.957275390625,1.0548206567764282,0.48383209109306335,2.309377908706665,54.612892866134644,45.387107133865356
ILSVRC2012_val_00011810.JPEG,/home/dr-yougart/Desktop/vit_mi/Dataset/ILSVRC2012_img_val/ILSVRC2012_val_00011810.JPEG,556,556,556,True,True,clean_correct_blur_correct,15.592653274536133,15.21522331237793,-0.3774299621582031,6.798776626586914,7.653435707092285,0.8546590805053711,6.798776626586914,7.653435707092285,0.9532870054244995,0.996769905090332,0.9934158325195312,0.2911982536315918,345.39532470703125,339.1872863769531,0.9888854622840881,-0.05636870861053467,2.1692073345184326,49.05103147029877,50.94897150993347
ILSVRC2012_val_00011811.JPEG,/home/dr-yougart/Desktop/vit_mi/Dataset/ILSVRC2012_img_val/ILSVRC2012_val_00011811.JPEG,280,280,280,True,True,clean_correct_blur_correct,14.318859100341797,12.929569244384766,-1.3892898559570312,2.5091333389282227,1.9595403671264648,-0.5495929718017578,2.5091333389282227,1.9595403671264648,0.9065302610397339,0.9946731328964233,0.989988386631012,0.5876238346099854,363.8172912597656,437.79754638671875,1.282426357269287,2.0611937046051025,4.0193772315979,66.26994013786316,33.73006284236908
ILSVRC2012_val_00011812.JPEG,/home/dr-yougart/Desktop/vit_mi/Dataset/ILSVRC2012_img_val/ILSVRC2012_val_00011812.JPEG,410,410,410,True,True,clean_correct_blur_correct,13.526333808898926,13.386946678161621,-0.1393871307373047,6.070636749267578,5.707582950592041,-0.3630537986755371,6.070636749267578,5.707582950592041,0.9465106129646301,0.9964668154716492,0.9927740097045898,0.33629369735717773,448.3978271484375,457.3380126953125,1.0484364032745361,0.4057858884334564,3.1941537857055664,54.13603186607361,45.86396813392639
ILSVRC2012_val_00011813.JPEG,/home/dr-yougart/Desktop/vit_mi/Dataset/ILSVRC2012_img_val/ILSVRC2012_val_00011813.JPEG,589,700,585,False,False,clean_wrong_blur_wrong,6.211318492889404,7.039482593536377,0.8281641006469727,-1.2711372375488281,-1.0028624534606934,0.26827478408813477,0.17070674896240234,1.0028624534606934,0.9284772276878357,0.9953404664993286,0.9908385872840881,0.43358883261680603,350.3658447265625,394.1427307128906,1.1670098304748535,1.3459817171096802,2.9868011474609375,64.48558568954468,35.51441431045532
ILSVRC2012_val_00011814.JPEG,/home/dr-yougart/Desktop/vit_mi/Dataset/ILSVRC2012_img_val/ILSVRC2012_val_00011814.JPEG,869,869,869,True,True,clean_correct_blur_correct,11.898153305053711,9.747818946838379,-2.150334358215332,3.665402412414551,1.2168960571289062,-2.4485063552856445,3.665402412414551,1.2168960571289062,0.9209690690040588,0.9933046698570251,0.9873785972595215,0.40702733397483826,373.63623046875,375.81927490234375,1.053078055381775,0.006078816018998623,2.7578043937683105,49.53685104846954,50.463151931762695
ILSVRC2012_val_00011815.JPEG,/home/dr-yougart/Desktop/vit_mi/Dataset/ILSVRC2012_img_val/ILSVRC2012_val_00011815.JPEG,604,604,604,True,True,clean_correct_blur_correct,15.687101364135742,15.632458686828613,-0.054642677307128906,11.472028732299805,11.506368637084961,0.03433990478515625,11.472028732299805,11.506368637084961,0.9512578248977661,0.9952009320259094,0.9913129210472107,0.316541463136673,375.23712158203125,391.7889709472656,1.0652447938919067,0.3275461196899414,2.093627452850342,55.611634254455566,44.38836872577667
ILSVRC2012_val_00011816.JPEG,/home/dr-yougart/Desktop/vit_mi/Dataset/ILSVRC2012_img_val/ILSVRC2012_val_00011816.JPEG,702,702,702,True,True,clean_correct_blur_correct,15.3223237991333,15.159464836120605,-0.1628589630126953,4.057544708251953,3.2690505981445312,-0.7884941101074219,4.057544708251953,3.2690505981445312,0.9724560379981995,0.9991431832313538,0.9980255365371704,0.251989483833313,368.2985534667969,378.7991027832031,1.0378302335739136,0.3823661506175995,2.1113715171813965,55.2160382270813,44.7839617729187
ILSVRC2012_val_00011817.JPEG,/home/dr-yougart/Desktop/vit_mi/Dataset/ILSVRC2012_img_val/ILSVRC2012_val_00011817.JPEG,893,893,893,True,True,clean_correct_blur_correct,13.09731674194336,10.881052017211914,-2.2162647247314453,1.0806350708007812,1.6084461212158203,0.5278110504150391,1.0806350708007812,1.6084461212158203,0.9261513352394104,0.9935839772224426,0.9885510802268982,0.3832015097141266,380.69207763671875,388.9826354980469,1.0698833465576172,0.4096253216266632,2.6802172660827637,54.883331060409546,45.116668939590454
ILSVRC2012_val_00011818.JPEG,/home/dr-yougart/Desktop/vit_mi/Dataset/ILSVRC2012_img_val/ILSVRC2012_val_00011818.JPEG,993,993,993,True,True,clean_correct_blur_correct,14.788859367370605,15.290467262268066,0.5016078948974609,8.50369644165039,8.116131782531738,-0.38756465911865234,8.50369644165039,8.116131782531738,0.9192826151847839,0.9927835464477539,0.987989604473114,0.42259493470191956,386.6791687011719,390.2001647949219,1.058246374130249,0.037393953651189804,2.8762693405151367,48.927801847457886,51.072198152542114
ILSVRC2012_val_00011819.JPEG,/home/dr-yougart/Desktop/vit_mi/Dataset/ILSVRC2012_img_val/ILSVRC2012_val_00011819.JPEG,755,755,755,True,True,clean_correct_blur_correct,13.284843444824219,12.315742492675781,-0.9691009521484375,2.268681526184082,2.7506418228149414,0.4819602966308594,2.268681526184082,2.7506418228149414,0.9047968983650208,0.9918823838233948,0.9846043586730957,0.44544464349746704,379.78350830078125,376.6480407714844,1.0599631071090698,0.018103893846273422,2.8415310382843018,50.3445029258728,49.6554970741272
ILSVRC2012_val_00011820.JPEG,/home/dr-yougart/Desktop/vit_mi/Dataset/ILSVRC2012_img_val/ILSVRC2012_val_00011820.JPEG,317,317,317,True,True,clean_correct_blur_correct,14.620226860046387,10.754911422729492,-3.8653154373168945,7.1388983726501465,4.500779628753662,-2.6381187438964844,7.1388983726501465,4.500779628753662,0.9276659488677979,0.9940938949584961,0.9877296090126038,0.392395943403244,387.4873962402344,365.103759765625,0.9804084897041321,-0.5565243363380432,2.903987169265747,48.37994575500488,51.62005424499512
ILSVRC2012_val_00011821.JPEG,/home/dr-yougart/Desktop/vit_mi/Dataset/ILSVRC2012_img_val/ILSVRC2012_val_00011821.JPEG,444,444,444,True,True,clean_correct_blur_correct,13.196661949157715,13.487229347229004,0.29056739807128906,6.766756057739258,6.63128137588501,-0.13547468185424805,6.766756057739258,6.63128137588501,0.9487619996070862,0.9980157613754272,0.9960202574729919,0.3452659845352173,340.3644104003906,348.8305969238281,1.0441842079162598,0.2725614905357361,2.602238178253174,53.036779165267944,46.963220834732056
ILSVRC2012_val_00011822.JPEG,/home/dr-yougart/Desktop/vit_mi/Dataset/ILSVRC2012_img_val/ILSVRC2012_val_00011822.JPEG,82,82,86,True,False,clean_correct_blur_wrong,13.53574275970459,11.501843452453613,-2.0338993072509766,2.407008171081543,-0.636570930480957,-3.0435791015625,2.407008171081543,0.636570930480957,0.8924595713615417,0.9912300109863281,0.9824466109275818,0.5243204236030579,348.9291687011719,371.4543151855469,1.1470140218734741,0.6949176788330078,3.0484871864318848,56.870681047439575,43.129318952560425
ILSVRC2012_val_00011823.JPEG,/home/dr-yougart/Desktop/vit_mi/Dataset/ILSVRC2012_img_val/ILSVRC2012_val_00011823.JPEG,440,440,440,True,True,clean_correct_blur_correct,12.611894607543945,9.500585556030273,-3.111309051513672,3.1589956283569336,1.2263336181640625,-1.932662010192871,3.1589956283569336,1.2263336181640625,0.933308482170105,0.9970728158950806,0.9947217702865601,0.3763550817966461,380.09442138671875,362.85809326171875,0.9559247493743896,-0.7366076707839966,2.89896821975708,42.125317454338074,57.874685525894165
ILSVRC2012_val_00011824.JPEG,/home/dr-yougart/Desktop/vit_mi/Dataset/ILSVRC2012_img_val/ILSVRC2012_val_00011824.JPEG,763,763,763,True,True,clean_correct_blur_correct,15.314009666442871,13.697369575500488,-1.6166400909423828,7.6026692390441895,6.461435317993164,-1.1412339210510254,7.6026692390441895,6.461435317993164,0.9137217402458191,0.9947652816772461,0.9913730025291443,0.504341721534729,382.5108337402344,422.5155944824219,1.1660869121551514,0.9934874176979065,3.6355364322662354,58.08016657829285,41.91983640193939
ILSVRC2012_val_00011825.JPEG,/home/dr-yougart/Desktop/vit_mi/Dataset/ILSVRC2012_img_val/ILSVRC2012_val_00011825.JPEG,287,285,285,False,False,clean_wrong_blur_wrong,7.45411491394043,6.194735050201416,-1.2593798637390137,-3.5196266174316406,-5.508656024932861,-1.9890294075012207,2.724116325378418,3.131502151489258,0.9377413392066956,0.9957638382911682,0.9916183352470398,0.3595702648162842,340.5989990234375,349.17803955078125,1.053000807762146,0.1927732527256012,2.393049955368042,52.569782733917236,47.430220246315
ILSVRC2012_val_00011826.JPEG,/home/dr-yougart/Desktop/vit_mi/Dataset/ILSVRC2012_img_val/ILSVRC2012_val_00011826.JPEG,521,521,521,True,True,clean_correct_blur_correct,13.4920654296875,13.796889305114746,0.3048238754272461,4.192116737365723,5.662708282470703,1.4705915451049805,4.192116737365723,5.662708282470703,0.9586378335952759,0.9961894154548645,0.992650032043457,0.26476532220840454,404.117431640625,417.39501953125,1.0596543550491333,0.459785133600235,2.0748343467712402,57.53180980682373,42.46819317340851
ILSVRC2012_val_00011827.JPEG,/home/dr-yougart/Desktop/vit_mi/Dataset/ILSVRC2012_img_val/ILSVRC2012_val_00011827.JPEG,646,646,646,True,True,clean_correct_blur_correct,6.91370964050293,6.1064348220825195,-0.8072748184204102,1.1888046264648438,0.8073396682739258,-0.38146495819091797,1.1888046264648438,0.8073396682739258,0.9238817095756531,0.9934633374214172,0.988232433795929,0.427386611700058,363.3953552246094,402.62420654296875,1.1493850946426392,0.9614133834838867,2.9628145694732666,61.150068044662476,38.849931955337524
ILSVRC2012_val_00011828.JPEG,/home/dr-yougart/Desktop/vit_mi/Dataset/ILSVRC2012_img_val/ILSVRC2012_val_00011828.JPEG,402,402,401,True,False,clean_correct_blur_wrong,11.625094413757324,6.739789962768555,-4.8853044509887695,2.5374250411987305,-0.647148609161377,-3.1845736503601074,2.5374250411987305,0.46579933166503906,0.9171080589294434,0.9941344857215881,0.9882980585098267,0.4786079525947571,334.4530334472656,356.4434509277344,1.1520053148269653,0.7488182783126831,2.8330166339874268,58.89940857887268,41.10058844089508
ILSVRC2012_val_00011829.JPEG,/home/dr-yougart/Desktop/vit_mi/Dataset/ILSVRC2012_img_val/ILSVRC2012_val_00011829.JPEG,399,399,399,True,True,clean_correct_blur_correct,15.449755668640137,14.121438026428223,-1.328317642211914,7.766750812530518,6.371885776519775,-1.3948650360107422,7.766750812530518,6.371885776519775,0.9354928731918335,0.997093915939331,0.9944361448287964,0.37421661615371704,393.3553161621094,403.0886535644531,1.0399399995803833,0.04993487894535065,3.1002566814422607,51.033955812454224,48.96604120731354
ILSVRC2012_val_00011830.JPEG,/home/dr-yougart/Desktop/vit_mi/Dataset/ILSVRC2012_img_val/ILSVRC2012_val_00011830.JPEG,748,748,488,True,False,clean_correct_blur_wrong,11.597031593322754,6.516604900360107,-5.0804266929626465,3.427828788757324,-1.449127197265625,-4.876955986022949,3.427828788757324,1.3186702728271484,0.9333210587501526,0.9965530633926392,0.9934409260749817,0.40154287219047546,360.14117431640625,386.349609375,1.1057007312774658,0.7340698838233948,2.928157091140747,58.429139852523804,41.570860147476196
ILSVRC2012_val_00011831.JPEG,/home/dr-yougart/Desktop/vit_mi/Dataset/ILSVRC2012_img_val/ILSVRC2012_val_00011831.JPEG,969,901,901,False,False,clean_wrong_blur_wrong,8.437015533447266,7.627265930175781,-0.8097496032714844,-1.8809642791748047,-0.6790399551391602,1.2019243240356445,1.8809642791748047,0.6790399551391602,0.9263945817947388,0.9939345717430115,0.9881958961486816,0.3821920156478882,361.25067138671875,374.7257385253906,1.1050784587860107,0.7740447521209717,2.514784336090088,59.707313776016235,40.292686223983765
ILSVRC2012_val_00011832.JPEG,/home/dr-yougart/Desktop/vit_mi/Dataset/ILSVRC2012_img_val/ILSVRC2012_val_00011832.JPEG,802,802,537,True,False,clean_correct_blur_wrong,11.732836723327637,9.874403953552246,-1.8584327697753906,0.31085681915283203,-2.265207290649414,-2.576064109802246,0.31085681915283203,2.265207290649414,0.9422978162765503,0.9956024289131165,0.992006778717041,0.3463672995567322,405.6601257324219,391.28607177734375,0.9716963768005371,-0.651562511920929,2.814619779586792,41.34141504764557,58.65858197212219
ILSVRC2012_val_00011833.JPEG,/home/dr-yougart/Desktop/vit_mi/Dataset/ILSVRC2012_img_val/ILSVRC2012_val_00011833.JPEG,732,732,732,True,True,clean_correct_blur_correct,14.881902694702148,15.097474098205566,0.21557140350341797,7.580870151519775,9.658222198486328,2.0773520469665527,7.580870151519775,9.658222198486328,0.9627393484115601,0.9983873963356018,0.9965901374816895,0.3121728003025055,375.672119140625,397.8697814941406,1.0809634923934937,0.8072000741958618,2.4330732822418213,58.84405970573425,41.15593731403351
ILSVRC2012_val_00011834.JPEG,/home/dr-yougart/Desktop/vit_mi/Dataset/ILSVRC2012_img_val/ILSVRC2012_val_00011834.JPEG,839,839,718,True,False,clean_correct_blur_wrong,12.768783569335938,6.5542216300964355,-6.214561939239502,2.991657257080078,-1.960155963897705,-4.951813220977783,2.991657257080078,0.02370738983154297,0.9443291425704956,0.996285080909729,0.993096113204956,0.3939190208911896,353.4527282714844,387.100830078125,1.1433066129684448,0.9423463344573975,2.6817967891693115,60.58399677276611,39.41600322723389
ILSVRC2012_val_00011835.JPEG,/home/dr-yougart/Desktop/vit_mi/Dataset/ILSVRC2012_img_val/ILSVRC2012_val_00011835.JPEG,572,572,503,True,False,clean_correct_blur_wrong,8.775897026062012,5.342591285705566,-3.4333057403564453,0.48513126373291016,-1.3147268295288086,-1.7998580932617188,0.48513126373291016,0.4418220520019531,0.9355570077896118,0.9962866902351379,0.9924972057342529,0.3935493528842926,350.3476257324219,363.7591247558594,1.0802580118179321,0.5449293851852417,2.6953516006469727,56.32907748222351,43.67092251777649
ILSVRC2012_val_00011836.JPEG,/home/dr-yougart/Desktop/vit_mi/Dataset/ILSVRC2012_img_val/ILSVRC2012_val_00011836.JPEG,832,832,538,True,False,clean_correct_blur_wrong,15.313426971435547,6.6527485847473145,-8.66067886352539,8.355823516845703,-1.0493807792663574,-9.405204772949219,8.355823516845703,0.3563199043273926,0.9270647168159485,0.9962497353553772,0.9916747212409973,0.4580337405204773,382.26409912109375,419.23883056640625,1.1536651849746704,1.3607523441314697,3.476109266281128,62.78773546218872,37.21226751804352
ILSVRC2012_val_00011837.JPEG,/home/dr-yougart/Desktop/vit_mi/Dataset/ILSVRC2012_img_val/ILSVRC2012_val_00011837.JPEG,259,259,157,True,False,clean_correct_blur_wrong,11.32710075378418,9.262752532958984,-2.0643482208251953,0.2734556198120117,-0.6672601699829102,-0.9407157897949219,0.2734556198120117,0.6444005966186523,0.9307536482810974,0.9939847588539124,0.9887099862098694,0.3891430199146271,353.89892578125,353.3728332519531,1.0607712268829346,0.08405276387929916,2.3419620990753174,49.06173348426819,50.93826651573181
ILSVRC2012_val_00011838.JPEG,/home/dr-yougart/Desktop/vit_mi/Dataset/ILSVRC2012_img_val/ILSVRC2012_val_00011838.JPEG,663,884,708,False,False,clean_wrong_blur_wrong,8.915491104125977,5.105175495147705,-3.8103156089782715,-0.7476043701171875,-1.431016445159912,-0.6834120750427246,0.7476043701171875,0.8404245376586914,0.9049232602119446,0.9927334189414978,0.9859738945960999,0.48732835054397583,344.6501159667969,358.2879943847656,1.1099746227264404,0.36361953616142273,2.8839335441589355,52.86419987678528,47.13580012321472
ILSVRC2012_val_00011839.JPEG,/home/dr-yougart/Desktop/vit_mi/Dataset/ILSVRC2012_img_val/ILSVRC2012_val_00011839.JPEG,581,581,867,True,False,clean_correct_blur_wrong,12.34684944152832,9.03445816040039,-3.3123912811279297,1.512129783630371,-0.1072845458984375,-1.6194143295288086,1.512129783630371,0.1072845458984375,0.9133519530296326,0.9931403994560242,0.9865524768829346,0.4182068109512329,357.8650817871094,346.136962890625,1.0090203285217285,-0.3501545190811157,2.7933926582336426,46.459802985191345,53.540194034576416
ILSVRC2012_val_00011840.JPEG,/home/dr-yougart/Desktop/vit_mi/Dataset/ILSVRC2012_img_val/ILSVRC2012_val_00011840.JPEG,696,696,696,True,True,clean_correct_blur_correct,16.30596923828125,13.921016693115234,-2.3849525451660156,8.346126556396484,5.509858131408691,-2.836268424987793,8.346126556396484,5.509858131408691,0.9614325761795044,0.9958628416061401,0.9921132922172546,0.28890755772590637,412.81732177734375,428.96563720703125,1.0750893354415894,0.4275474548339844,2.2104084491729736,55.54518103599548,44.45481896400452
ILSVRC2012_val_00011841.JPEG,/home/dr-yougart/Desktop/vit_mi/Dataset/ILSVRC2012_img_val/ILSVRC2012_val_00011841.JPEG,13,13,13,True,True,clean_correct_blur_correct,14.156447410583496,12.229759216308594,-1.9266881942749023,8.738365173339844,6.351422309875488,-2.3869428634643555,8.738365173339844,6.351422309875488,0.9473618268966675,0.9968872666358948,0.9935165643692017,0.3454134166240692,423.0310363769531,458.3168029785156,1.115128993988037,1.3697474002838135,3.0363616943359375,64.57056999206543,35.42943000793457
ILSVRC2012_val_00011842.JPEG,/home/dr-yougart/Desktop/vit_mi/Dataset/ILSVRC2012_img_val/ILSVRC2012_val_00011842.JPEG,494,494,494,True,True,clean_correct_blur_correct,13.166279792785645,10.426441192626953,-2.7398386001586914,5.551249980926514,4.518251895904541,-1.0329980850219727,5.551249980926514,4.518251895904541,0.9386070370674133,0.9948845505714417,0.989037811756134,0.3510098457336426,396.3215026855469,415.0412902832031,1.092801809310913,0.8163701891899109,2.434783697128296,61.179304122924805,38.820695877075195
ILSVRC2012_val_00011843.JPEG,/home/dr-yougart/Desktop/vit_mi/Dataset/ILSVRC2012_img_val/ILSVRC2012_val_00011843.JPEG,434,434,434,True,True,clean_correct_blur_correct,12.098335266113281,8.142638206481934,-3.9556970596313477,4.497194290161133,1.4180150032043457,-3.079179286956787,4.497194290161133,1.4180150032043457,0.9422005414962769,0.9955570697784424,0.9913849234580994,0.3451058268547058,369.1349182128906,380.0787353515625,1.0639939308166504,0.4236900806427002,2.3724896907806396,54.67652082443237,45.323482155799866
ILSVRC2012_val_00011844.JPEG,/home/dr-yougart/Desktop/vit_mi/Dataset/ILSVRC2012_img_val/ILSVRC2012_val_00011844.JPEG,946,946,946,True,True,clean_correct_blur_correct,12.524201393127441,11.208541870117188,-1.315659523010254,6.25124454498291,5.992657661437988,-0.2585868835449219,6.25124454498291,5.992657661437988,0.9447418451309204,0.9956634044647217,0.9919841289520264,0.3302273154258728,402.8565979003906,368.00311279296875,0.9414176940917969,-0.9540985822677612,2.662698984146118,39.47503864765167,60.52495837211609
ILSVRC2012_val_00011845.JPEG,/home/dr-yougart/Desktop/vit_mi/Dataset/ILSVRC2012_img_val/ILSVRC2012_val_00011845.JPEG,304,301,946,False,False,clean_wrong_blur_wrong,8.952783584594727,4.824250221252441,-4.128533363342285,-3.469074249267578,-4.355154037475586,-0.8860797882080078,3.469074249267578,0.8509082794189453,0.9054837226867676,0.9921055436134338,0.9848589301109314,0.45362043380737305,358.37255859375,360.5467224121094,1.0610536336898804,0.05960472300648689,2.8717665672302246,50.192415714263916,49.807584285736084
ILSVRC2012_val_00011846.JPEG,/home/dr-yougart/Desktop/vit_mi/Dataset/ILSVRC2012_img_val/ILSVRC2012_val_00011846.JPEG,389,389,389,True,True,clean_correct_blur_correct,11.058631896972656,11.50908374786377,0.4504518508911133,3.2997522354125977,3.396800994873047,0.09704875946044922,3.2997522354125977,3.396800994873047,0.9604696035385132,0.9963162541389465,0.9915457963943481,0.28952670097351074,370.4375,375.38031005859375,1.0295792818069458,0.05614008381962776,2.0504848957061768,51.086682081222534,48.913317918777466
ILSVRC2012_val_00011847.JPEG,/home/dr-yougart/Desktop/vit_mi/Dataset/ILSVRC2012_img_val/ILSVRC2012_val_00011847.JPEG,863,733,733,False,False,clean_wrong_blur_wrong,12.905501365661621,8.854947090148926,-4.050554275512695,-0.1581583023071289,-2.355687141418457,-2.197528839111328,0.1581583023071289,2.355687141418457,0.9366814494132996,0.9969152212142944,0.9932587146759033,0.49870985746383667,385.9720153808594,459.9815368652344,1.2478337287902832,2.2364370822906494,3.974257469177246,69.2073106765747,30.792686343193054
ILSVRC2012_val_00011848.JPEG,/home/dr-yougart/Desktop/vit_mi/Dataset/ILSVRC2012_img_val/ILSVRC2012_val_00011848.JPEG,127,127,127,True,True,clean_correct_blur_correct,13.842101097106934,13.010895729064941,-0.8312053680419922,6.236278533935547,2.189244270324707,-4.04703426361084,6.236278533935547,2.189244270324707,0.9110738039016724,0.9917323589324951,0.9829287528991699,0.43368253111839294,410.902099609375,432.2506408691406,1.0875301361083984,0.7653951644897461,3.421818971633911,57.96127915382385,42.038723826408386
ILSVRC2012_val_00011849.JPEG,/home/dr-yougart/Desktop/vit_mi/Dataset/ILSVRC2012_img_val/ILSVRC2012_val_00011849.JPEG,735,735,841,True,False,clean_correct_blur_wrong,14.605278968811035,9.001723289489746,-5.603555679321289,5.0489044189453125,-0.31865406036376953,-5.367558479309082,5.0489044189453125,0.31865406036376953,0.919124186038971,0.9954699277877808,0.9912805557250977,0.40525534749031067,368.8083801269531,344.8545227050781,0.9610837697982788,-0.5545318722724915,3.0737688541412354,44.90065276622772,55.09935021400452
ILSVRC2012_val_00011850.JPEG,/home/dr-yougart/Desktop/vit_mi/Dataset/ILSVRC2012_img_val/ILSVRC2012_val_00011850.JPEG,520,669,831,False,False,clean_wrong_blur_wrong,6.51235294342041,4.78087043762207,-1.7314825057983398,-3.3917922973632812,-4.545234680175781,-1.1534423828125,0.778355598449707,2.5311789512634277,0.9116721153259277,0.9936451315879822,0.9873204231262207,0.45560070872306824,318.9017028808594,340.4468994140625,1.1401745080947876,0.8899045586585999,2.7056186199188232,60.361623764038086,39.638373255729675
ILSVRC2012_val_00011851.JPEG,/home/dr-yougart/Desktop/vit_mi/Dataset/ILSVRC2012_img_val/ILSVRC2012_val_00011851.JPEG,86,82,82,False,False,clean_wrong_blur_wrong,9.62176513671875,7.1164703369140625,-2.5052947998046875,-3.416396141052246,-2.179610252380371,1.236785888671875,3.416396141052246,2.1286420822143555,0.9335451722145081,0.9980557560920715,0.9953738451004028,0.40570613741874695,337.128173828125,359.2060852050781,1.082192301750183,0.7052363753318787,2.9967563152313232,57.46292471885681,42.53707528114319
ILSVRC2012_val_00011852.JPEG,/home/dr-yougart/Desktop/vit_mi/Dataset/ILSVRC2012_img_val/ILSVRC2012_val_00011852.JPEG,827,827,827,True,True,clean_correct_blur_correct,13.798957824707031,13.63061809539795,-0.16833972930908203,5.939545154571533,5.185410499572754,-0.7541346549987793,5.939545154571533,5.185410499572754,0.9390566945075989,0.9966103434562683,0.9937915205955505,0.34821945428848267,373.9407653808594,362.0338134765625,0.9946327805519104,-0.3493662178516388,2.7253003120422363,46.82893753051758,53.17106246948242
ILSVRC2012_val_00011853.JPEG,/home/dr-yougart/Desktop/vit_mi/Dataset/ILSVRC2012_img_val/ILSVRC2012_val_00011853.JPEG,73,73,73,True,True,clean_correct_blur_correct,13.667520523071289,13.391321182250977,-0.2761993408203125,3.871567726135254,4.279829978942871,0.4082622528076172,3.871567726135254,4.279829978942871,0.9699299335479736,0.9973856210708618,0.9947820901870728,0.20586565136909485,392.9032897949219,381.1536560058594,0.9809614419937134,-0.2436346709728241,1.6669834852218628,45.552825927734375,54.447174072265625
ILSVRC2012_val_00011854.JPEG,/home/dr-yougart/Desktop/vit_mi/Dataset/ILSVRC2012_img_val/ILSVRC2012_val_00011854.JPEG,282,285,285,False,False,clean_wrong_blur_wrong,8.66561222076416,7.557218551635742,-1.108393669128418,-1.3704376220703125,-1.168893814086914,0.20154380798339844,0.6618051528930664,0.8198947906494141,0.9418271780014038,0.9968699812889099,0.9931772351264954,0.37453994154930115,352.88177490234375,372.9109802246094,1.1083731651306152,1.0190900564193726,2.6280996799468994,62.7028226852417,37.29717433452606
ILSVRC2012_val_00011855.JPEG,/home/dr-yougart/Desktop/vit_mi/Dataset/ILSVRC2012_img_val/ILSVRC2012_val_00011855.JPEG,791,791,556,True,False,clean_correct_blur_wrong,10.064465522766113,3.5939440727233887,-6.470521450042725,1.9330949783325195,-6.424567699432373,-8.357662200927734,1.9330949783325195,1.0783405303955078,0.8981698751449585,0.9920030832290649,0.986336350440979,0.4859694242477417,410.0235595703125,431.4205627441406,1.0937438011169434,0.19569945335388184,3.770421028137207,51.26567482948303,48.73432517051697
ILSVRC2012_val_00011856.JPEG,/home/dr-yougart/Desktop/vit_mi/Dataset/ILSVRC2012_img_val/ILSVRC2012_val_00011856.JPEG,341,341,341,True,True,clean_correct_blur_correct,14.390393257141113,14.39895248413086,0.008559226989746094,1.4688596725463867,2.4305477142333984,0.9616880416870117,1.4688596725463867,2.4305477142333984,0.9326723217964172,0.9932395815849304,0.9872227907180786,0.35672909021377563,402.824951171875,392.469482421875,1.0308016538619995,-0.20663699507713318,2.3980917930603027,48.25487434864044,51.74512267112732
ILSVRC2012_val_00011857.JPEG,/home/dr-yougart/Desktop/vit_mi/Dataset/ILSVRC2012_img_val/ILSVRC2012_val_00011857.JPEG,329,329,329,True,True,clean_correct_blur_correct,11.251126289367676,9.18210506439209,-2.069021224975586,0.09501457214355469,0.06838512420654297,-0.02662944793701172,0.09501457214355469,0.06838512420654297,0.8960142135620117,0.9925269484519958,0.9864600300788879,0.4928372800350189,370.64141845703125,367.69793701171875,1.0453331470489502,-0.23183180391788483,3.2644808292388916,47.01385796070099,52.98614501953125
ILSVRC2012_val_00011858.JPEG,/home/dr-yougart/Desktop/vit_mi/Dataset/ILSVRC2012_img_val/ILSVRC2012_val_00011858.JPEG,514,514,514,True,True,clean_correct_blur_correct,15.34744644165039,14.646590232849121,-0.7008562088012695,9.275136947631836,7.385049343109131,-1.890087604522705,9.275136947631836,7.385049343109131,0.928888738155365,0.9948366284370422,0.9897786974906921,0.39156222343444824,365.6532897949219,354.4165344238281,1.0128315687179565,-0.2418198436498642,2.5702672004699707,47.00663685798645,52.99336314201355
ILSVRC2012_val_00011859.JPEG,/home/dr-yougart/Desktop/vit_mi/Dataset/ILSVRC2012_img_val/ILSVRC2012_val_00011859.JPEG,614,614,614,True,True,clean_correct_blur_correct,14.946784973144531,10.932504653930664,-4.014280319213867,9.125998497009277,6.00093412399292,-3.1250643730163574,9.125998497009277,6.00093412399292,0.9262105226516724,0.9949988722801208,0.9900350570678711,0.3888765573501587,377.70806884765625,383.9316711425781,1.0702791213989258,0.44638487696647644,2.680290460586548,55.26702404022217,44.73297894001007
ILSVRC2012_val_00011860.JPEG,/home/dr-yougart/Desktop/vit_mi/Dataset/ILSVRC2012_img_val/ILSVRC2012_val_00011860.JPEG,107,107,107,True,True,clean_correct_blur_correct,15.999738693237305,10.684394836425781,-5.315343856811523,10.873687744140625,4.015742778778076,-6.857944965362549,10.873687744140625,4.015742778778076,0.9185477495193481,0.9958908557891846,0.9918022751808167,0.4682716727256775,383.4361572265625,409.5837097167969,1.1209354400634766,0.822250485420227,3.33848237991333,57.832980155944824,42.16701686382294
ILSVRC2012_val_00011861.JPEG,/home/dr-yougart/Desktop/vit_mi/Dataset/ILSVRC2012_img_val/ILSVRC2012_val_00011861.JPEG,79,79,68,True,False,clean_correct_blur_wrong,15.322690963745117,4.381858825683594,-10.940832138061523,8.659438133239746,-6.09977912902832,-14.759217262268066,8.659438133239746,0.8133001327514648,0.897548258304596,0.9946699142456055,0.9900057911872864,0.4955666661262512,375.6910400390625,372.2774963378906,1.0372395515441895,-0.282002717256546,3.6756985187530518,48.59147369861603,51.40852928161621
ILSVRC2012_val_00011862.JPEG,/home/dr-yougart/Desktop/vit_mi/Dataset/ILSVRC2012_img_val/ILSVRC2012_val_00011862.JPEG,645,645,645,True,True,clean_correct_blur_correct,15.174166679382324,14.13711929321289,-1.0370473861694336,9.947880744934082,9.33538818359375,-0.612492561340332,9.947880744934082,9.33538818359375,0.9212356209754944,0.9941503405570984,0.9889205098152161,0.38774996995925903,384.7071838378906,373.0459289550781,1.0239418745040894,-0.12213687598705292,2.6849942207336426,48.496654629707336,51.503342390060425
ILSVRC2012_val_00011863.JPEG,/home/dr-yougart/Desktop/vit_mi/Dataset/ILSVRC2012_img_val/ILSVRC2012_val_00011863.JPEG,964,930,964,False,True,clean_wrong_blur_correct,9.953656196594238,12.484600067138672,2.5309438705444336,-0.3363323211669922,3.237154006958008,3.573486328125,0.3363323211669922,3.237154006958008,0.942785918712616,0.9967433214187622,0.9931696653366089,0.3637387156486511,349.53399658203125,363.4158020019531,1.0754432678222656,0.49555522203445435,2.640031099319458,56.60232901573181,43.39767396450043
ILSVRC2012_val_00011864.JPEG,/home/dr-yougart/Desktop/vit_mi/Dataset/ILSVRC2012_img_val/ILSVRC2012_val_00011864.JPEG,911,735,735,False,False,clean_wrong_blur_wrong,8.640090942382812,6.486588001251221,-2.153502941131592,-2.851046562194824,-4.331832408905029,-1.480785846710205,1.3048219680786133,1.8399648666381836,0.9153006672859192,0.9934448599815369,0.9874173998832703,0.45751941204071045,350.949951171875,355.12420654296875,1.0698153972625732,0.18633896112442017,2.9375264644622803,49.919670820236206,50.080329179763794
ILSVRC2012_val_00011865.JPEG,/home/dr-yougart/Desktop/vit_mi/Dataset/ILSVRC2012_img_val/ILSVRC2012_val_00011865.JPEG,978,973,976,False,False,clean_wrong_blur_wrong,8.05533504486084,7.321606159210205,-0.7337288856506348,-2.201663017272949,-1.1332907676696777,1.0683722496032715,1.354074478149414,1.1332907676696777,0.9343708753585815,0.9950057864189148,0.9912919998168945,0.38604268431663513,343.89764404296875,351.650390625,1.0603699684143066,0.23759667575359344,2.6410834789276123,52.11905837059021,47.88094162940979
ILSVRC2012_val_00011866.JPEG,/home/dr-yougart/Desktop/vit_mi/Dataset/ILSVRC2012_img_val/ILSVRC2012_val_00011866.JPEG,922,922,860,True,False,clean_correct_blur_wrong,12.562816619873047,5.858936786651611,-6.7038798332214355,6.9388837814331055,-0.7175774574279785,-7.656461238861084,6.9388837814331055,0.7175774574279785,0.877610445022583,0.9914853572845459,0.9840812683105469,0.5445422530174255,410.152587890625,446.8122253417969,1.137392520904541,1.0084660053253174,4.322029113769531,57.14477896690369,42.85522103309631
ILSVRC2012_val_00011867.JPEG,/home/dr-yougart/Desktop/vit_mi/Dataset/ILSVRC2012_img_val/ILSVRC2012_val_00011867.JPEG,309,599,654,False,False,clean_wrong_blur_wrong,5.5148606300354,-0.42340534925460815,-5.938265800476074,-2.553739070892334,-8.077461242675781,-5.523722171783447,0.4444465637207031,0.5439682006835938,0.9297760128974915,0.9944577813148499,0.9898141622543335,0.40388789772987366,393.5918884277344,403.4410400390625,1.0628533363342285,0.1985572725534439,3.131474494934082,50.902628898620605,49.097368121147156
ILSVRC2012_val_00011868.JPEG,/home/dr-yougart/Desktop/vit_mi/Dataset/ILSVRC2012_img_val/ILSVRC2012_val_00011868.JPEG,518,518,796,True,False,clean_correct_blur_wrong,12.198418617248535,9.655295372009277,-2.543123245239258,1.6636247634887695,-2.251248359680176,-3.9148731231689453,1.6636247634887695,2.251248359680176,0.9598293900489807,0.9957261085510254,0.9914730787277222,0.23424354195594788,415.0451354980469,418.2760009765625,1.029868721961975,0.27339455485343933,1.908854603767395,53.10311317443848,46.89688682556152
ILSVRC2012_val_00011869.JPEG,/home/dr-yougart/Desktop/vit_mi/Dataset/ILSVRC2012_img_val/ILSVRC2012_val_00011869.JPEG,155,155,155,True,True,clean_correct_blur_correct,11.505918502807617,11.013919830322266,-0.49199867248535156,2.4637222290039062,0.5598659515380859,-1.9038562774658203,2.4637222290039062,0.5598659515380859,0.8856883645057678,0.9901331663131714,0.9812481999397278,0.6139355301856995,359.798583984375,404.4020690917969,1.2705799341201782,1.3084793090820312,3.2130212783813477,63.161736726760864,36.8382602930069
ILSVRC2012_val_00011870.JPEG,/home/dr-yougart/Desktop/vit_mi/Dataset/ILSVRC2012_img_val/ILSVRC2012_val_00011870.JPEG,779,779,779,True,True,clean_correct_blur_correct,15.18244743347168,13.712835311889648,-1.4696121215820312,8.724356651306152,9.221869468688965,0.4975128173828125,8.724356651306152,9.221869468688965,0.9171947836875916,0.9936618208885193,0.9879394173622131,0.40472668409347534,366.8826904296875,372.5764465332031,1.0544499158859253,0.13824018836021423,2.674633264541626,50.79261660575867,49.207380414009094
ILSVRC2012_val_00011871.JPEG,/home/dr-yougart/Desktop/vit_mi/Dataset/ILSVRC2012_img_val/ILSVRC2012_val_00011871.JPEG,888,888,888,True,True,clean_correct_blur_correct,16.4028263092041,8.069528579711914,-8.333297729492188,10.662487983703613,3.6325745582580566,-7.029913425445557,10.662487983703613,3.6325745582580566,0.9150350093841553,0.9954130053520203,0.9896065592765808,0.5572358965873718,363.640380859375,442.6317443847656,1.2781968116760254,2.520564079284668,4.206214904785156,68.19735765457153,31.802642345428467
ILSVRC2012_val_00011872.JPEG,/home/dr-yougart/Desktop/vit_mi/Dataset/ILSVRC2012_img_val/ILSVRC2012_val_00011872.JPEG,544,544,544,True,True,clean_correct_blur_correct,12.088702201843262,10.148898124694824,-1.9398040771484375,2.193706512451172,1.0124235153198242,-1.1812829971313477,2.193706512451172,1.0124235153198242,0.9248045086860657,0.9947996139526367,0.9894779920578003,0.38422179222106934,392.3695068359375,393.7587585449219,1.0352264642715454,0.08659592270851135,3.037271499633789,50.20765662193298,49.792346358299255
ILSVRC2012_val_00011873.JPEG,/home/dr-yougart/Desktop/vit_mi/Dataset/ILSVRC2012_img_val/ILSVRC2012_val_00011873.JPEG,223,223,151,True,False,clean_correct_blur_wrong,11.754871368408203,6.948841094970703,-4.8060302734375,4.570060729980469,-0.15848541259765625,-4.728546142578125,4.570060729980469,0.15848541259765625,0.9145706295967102,0.9944420456886292,0.9889248609542847,0.43634310364723206,370.52777099609375,393.0011291503906,1.095757007598877,0.6579628586769104,3.26560115814209,55.85771203041077,44.142284989356995
ILSVRC2012_val_00011874.JPEG,/home/dr-yougart/Desktop/vit_mi/Dataset/ILSVRC2012_img_val/ILSVRC2012_val_00011874.JPEG,98,98,98,True,True,clean_correct_blur_correct,15.3767671585083,15.027846336364746,-0.3489208221435547,8.303482055664062,7.642008304595947,-0.6614737510681152,8.303482055664062,7.642008304595947,0.8887072801589966,0.990338146686554,0.9771993160247803,0.5036396980285645,372.2231750488281,374.9572448730469,1.079684853553772,0.27050864696502686,3.1747779846191406,53.88113856315613,46.11886143684387
ILSVRC2012_val_00011875.JPEG,/home/dr-yougart/Desktop/vit_mi/Dataset/ILSVRC2012_img_val/ILSVRC2012_val_00011875.JPEG,839,718,718,False,False,clean_wrong_blur_wrong,9.562647819519043,8.351746559143066,-1.2109012603759766,-1.0758914947509766,-1.8042783737182617,-0.7283868789672852,1.0758914947509766,1.3589000701904297,0.9258010983467102,0.9936594367027283,0.9873501658439636,0.3699360191822052,369.61041259765625,346.543701171875,0.9898369312286377,-0.3358813524246216,2.3419299125671387,46.9485342502594,53.0514657497406
ILSVRC2012_val_00011876.JPEG,/home/dr-yougart/Desktop/vit_mi/Dataset/ILSVRC2012_img_val/ILSVRC2012_val_00011876.JPEG,480,480,480,True,True,clean_correct_blur_correct,14.889997482299805,10.516315460205078,-4.373682022094727,8.589059829711914,2.6282777786254883,-5.960782051086426,8.589059829711914,2.6282777786254883,0.9142415523529053,0.9929631352424622,0.9856176376342773,0.41075098514556885,394.9803771972656,386.7140808105469,1.0223193168640137,0.00437722634524107,2.8649353981018066,50.64186453819275,49.35813546180725
ILSVRC2012_val_00011877.JPEG,/home/dr-yougart/Desktop/vit_mi/Dataset/ILSVRC2012_img_val/ILSVRC2012_val_00011877.JPEG,360,360,360,True,True,clean_correct_blur_correct,12.05123519897461,10.574474334716797,-1.4767608642578125,1.9990272521972656,0.5155057907104492,-1.4835214614868164,1.9990272521972656,0.5155057907104492,0.9162556529045105,0.9939391613006592,0.9883435368537903,0.4253242015838623,366.6950378417969,389.4908752441406,1.112288475036621,0.7684083580970764,2.8109962940216064,59.35906767845154,40.64093232154846
ILSVRC2012_val_00011878.JPEG,/home/dr-yougart/Desktop/vit_mi/Dataset/ILSVRC2012_img_val/ILSVRC2012_val_00011878.JPEG,164,164,164,True,True,clean_correct_blur_correct,15.1845064163208,14.131608963012695,-1.0528974533081055,5.781442642211914,4.504860877990723,-1.2765817642211914,5.781442642211914,4.504860877990723,0.9246695637702942,0.993100643157959,0.9876805543899536,0.40303483605384827,370.8025207519531,329.2380676269531,0.9391915202140808,-1.15834641456604,2.655869245529175,36.547404527664185,63.452595472335815
ILSVRC2012_val_00011879.JPEG,/home/dr-yougart/Desktop/vit_mi/Dataset/ILSVRC2012_img_val/ILSVRC2012_val_00011879.JPEG,900,900,900,True,True,clean_correct_blur_correct,14.885041236877441,14.511394500732422,-0.37364673614501953,10.294384002685547,9.375617027282715,-0.918766975402832,10.294384002685547,9.375617027282715,0.9465100765228271,0.997138500213623,0.9943137764930725,0.3177645802497864,402.99310302734375,397.476806640625,1.0190232992172241,0.1380072385072708,2.601503610610962,51.17740035057068,48.82259964942932
ILSVRC2012_val_00011880.JPEG,/home/dr-yougart/Desktop/vit_mi/Dataset/ILSVRC2012_img_val/ILSVRC2012_val_00011880.JPEG,703,112,63,False,False,clean_wrong_blur_wrong,0.6187034249305725,0.2139165699481964,-0.4047868549823761,-6.574956893920898,-5.84206485748291,0.7328920364379883,0.8873991966247559,0.3455657958984375,0.8813825845718384,0.9922910928726196,0.9856770038604736,0.5090054273605347,377.6911926269531,372.9179382324219,1.03007972240448,-0.21870091557502747,3.719966411590576,47.72118031978607,52.27881669998169
ILSVRC2012_val_00011881.JPEG,/home/dr-yougart/Desktop/vit_mi/Dataset/ILSVRC2012_img_val/ILSVRC2012_val_00011881.JPEG,944,944,926,True,False,clean_correct_blur_wrong,12.231794357299805,5.8379340171813965,-6.393860340118408,5.118865013122559,-4.7636542320251465,-9.882518768310547,5.118865013122559,1.5297775268554688,0.9264135360717773,0.9961323738098145,0.9904808402061462,0.4035080075263977,365.4968566894531,375.9591064453125,1.0591779947280884,0.42518776655197144,2.9662158489227295,55.26876449584961,44.73123848438263
ILSVRC2012_val_00011882.JPEG,/home/dr-yougart/Desktop/vit_mi/Dataset/ILSVRC2012_img_val/ILSVRC2012_val_00011882.JPEG,418,418,418,True,True,clean_correct_blur_correct,11.349166870117188,10.895601272583008,-0.4535655975341797,1.386378288269043,0.9448938369750977,-0.4414844512939453,1.386378288269043,0.9448938369750977,0.940234899520874,0.9949703812599182,0.990003764629364,0.3894560635089874,378.6597900390625,395.7460632324219,1.0824759006500244,0.526915967464447,2.72489070892334,53.13953757286072,46.86046242713928
ILSVRC2012_val_00011883.JPEG,/home/dr-yougart/Desktop/vit_mi/Dataset/ILSVRC2012_img_val/ILSVRC2012_val_00011883.JPEG,715,715,715,True,True,clean_correct_blur_correct,16.114028930664062,14.353083610534668,-1.7609453201293945,7.795495986938477,4.509407043457031,-3.2860889434814453,7.795495986938477,4.509407043457031,0.9295888543128967,0.9960934519767761,0.9927359819412231,0.40068909525871277,379.6786804199219,388.79962158203125,1.0607821941375732,0.19069145619869232,2.9558427333831787,51.59158706665039,48.40840995311737
ILSVRC2012_val_00011884.JPEG,/home/dr-yougart/Desktop/vit_mi/Dataset/ILSVRC2012_img_val/ILSVRC2012_val_00011884.JPEG,102,102,102,True,True,clean_correct_blur_correct,13.450862884521484,13.298358917236328,-0.15250396728515625,6.662967205047607,6.475642681121826,-0.18732452392578125,6.662967205047607,6.475642681121826,0.913366436958313,0.9919105768203735,0.9849780201911926,0.40818697214126587,438.42919921875,443.7134094238281,1.0611584186553955,0.3758554756641388,3.142545700073242,52.23512053489685,47.76487946510315
ILSVRC2012_val_00011885.JPEG,/home/dr-yougart/Desktop/vit_mi/Dataset/ILSVRC2012_img_val/ILSVRC2012_val_00011885.JPEG,931,712,930,False,False,clean_wrong_blur_wrong,5.014509201049805,4.253913402557373,-0.7605957984924316,-2.7386531829833984,-2.123885154724121,0.6147680282592773,0.31650400161743164,0.9278349876403809,0.9447563290596008,0.9969474077224731,0.9940658807754517,0.33974194526672363,358.8791198730469,373.53753662109375,1.066223382949829,0.4344618022441864,2.4409711360931396,54.1049599647522,45.8950400352478
ILSVRC2012_val_00011886.JPEG,/home/dr-yougart/Desktop/vit_mi/Dataset/ILSVRC2012_img_val/ILSVRC2012_val_00011886.JPEG,449,449,0,True,False,clean_correct_blur_wrong,12.895319938659668,3.0526630878448486,-9.842657089233398,4.880361557006836,-2.89072585105896,-7.771087646484375,4.880361557006836,0.9189133644104004,0.916266918182373,0.9950218796730042,0.9898879528045654,0.48229894042015076,343.933349609375,393.1381530761719,1.1965478658676147,1.426100254058838,3.1438488960266113,64.1292929649353,35.8707070350647
ILSVRC2012_val_00011887.JPEG,/home/dr-yougart/Desktop/vit_mi/Dataset/ILSVRC2012_img_val/ILSVRC2012_val_00011887.JPEG,841,841,841,True,True,clean_correct_blur_correct,10.316023826599121,8.863720893859863,-1.4523029327392578,1.3149003982543945,0.7360925674438477,-0.5788078308105469,1.3149003982543945,0.7360925674438477,0.9670219421386719,0.9984814524650574,0.9966444969177246,0.2805722951889038,365.348388671875,384.33880615234375,1.065845012664795,0.49105575680732727,2.100534439086914,55.881673097610474,44.118326902389526
ILSVRC2012_val_00011888.JPEG,/home/dr-yougart/Desktop/vit_mi/Dataset/ILSVRC2012_img_val/ILSVRC2012_val_00011888.JPEG,317,317,317,True,True,clean_correct_blur_correct,13.658002853393555,12.429824829101562,-1.2281780242919922,1.9428987503051758,2.78897762298584,0.8460788726806641,1.9428987503051758,2.78897762298584,0.9693913459777832,0.9967238903045654,0.9928494095802307,0.20141297578811646,435.7012939453125,410.22698974609375,0.9462606310844421,-0.5511810779571533,1.7516180276870728,41.095346212387085,58.904653787612915
ILSVRC2012_val_00011889.JPEG,/home/dr-yougart/Desktop/vit_mi/Dataset/ILSVRC2012_img_val/ILSVRC2012_val_00011889.JPEG,313,313,535,True,False,clean_correct_blur_wrong,14.614419937133789,-1.607835054397583,-16.22225570678711,8.060707092285156,-8.374861717224121,-16.435569763183594,8.060707092285156,0.8669915199279785,0.886786699295044,0.9952244162559509,0.989873468875885,0.5858436226844788,340.95281982421875,369.25701904296875,1.1687421798706055,0.8348889946937561,4.08313512802124,59.166646003723145,40.833353996276855
ILSVRC2012_val_00011890.JPEG,/home/dr-yougart/Desktop/vit_mi/Dataset/ILSVRC2012_img_val/ILSVRC2012_val_00011890.JPEG,757,757,757,True,True,clean_correct_blur_correct,13.07332992553711,11.731476783752441,-1.341853141784668,6.604160785675049,4.021768569946289,-2.5823922157287598,6.604160785675049,4.021768569946289,0.9529731273651123,0.9969670176506042,0.9940637350082397,0.30640432238578796,393.6993103027344,371.4033508300781,0.9551501274108887,-0.6176626086235046,2.5327963829040527,41.7461633682251,58.2538366317749
ILSVRC2012_val_00011891.JPEG,/home/dr-yougart/Desktop/vit_mi/Dataset/ILSVRC2012_img_val/ILSVRC2012_val_00011891.JPEG,336,336,336,True,True,clean_correct_blur_correct,14.273566246032715,13.082663536071777,-1.1909027099609375,7.115817070007324,4.458122253417969,-2.6576948165893555,7.115817070007324,4.458122253417969,0.9442058205604553,0.9957420229911804,0.9915260672569275,0.312045693397522,403.4813537597656,380.1839904785156,0.9671227335929871,-0.536031186580658,2.416597366333008,42.995041608810425,57.004958391189575
ILSVRC2012_val_00011892.JPEG,/home/dr-yougart/Desktop/vit_mi/Dataset/ILSVRC2012_img_val/ILSVRC2012_val_00011892.JPEG,341,341,341,True,True,clean_correct_blur_correct,13.452722549438477,14.55093002319336,1.0982074737548828,3.528618812561035,5.5648698806762695,2.0362510681152344,3.528618812561035,5.5648698806762695,0.9210038185119629,0.9922258257865906,0.9839637279510498,0.38419291377067566,386.1671447753906,407.9619445800781,1.1091502904891968,0.8535536527633667,2.6962242126464844,60.564595460891724,39.43540155887604
ILSVRC2012_val_00011893.JPEG,/home/dr-yougart/Desktop/vit_mi/Dataset/ILSVRC2012_img_val/ILSVRC2012_val_00011893.JPEG,187,219,168,False,False,clean_wrong_blur_wrong,4.228115081787109,1.3710960149765015,-2.8570189476013184,-4.725673675537109,-4.020166873931885,0.7055068016052246,0.14700698852539062,0.11962509155273438,0.9111937880516052,0.9946572184562683,0.9901801347732544,0.46119076013565063,373.76171875,395.3096618652344,1.1000165939331055,0.5631308555603027,3.47176456451416,54.77399230003357,45.22600769996643
ILSVRC2012_val_00011894.JPEG,/home/dr-yougart/Desktop/vit_mi/Dataset/ILSVRC2012_img_val/ILSVRC2012_val_00011894.JPEG,94,94,95,True,False,clean_correct_blur_wrong,14.31425952911377,10.220738410949707,-4.0935211181640625,6.439820766448975,-0.43227100372314453,-6.872091770172119,6.439820766448975,0.43227100372314453,0.9396552443504333,0.9955184459686279,0.9913211464881897,0.34117886424064636,388.78826904296875,387.947998046875,1.0303882360458374,0.18846985697746277,2.4553565979003906,53.13522219657898,46.86477780342102
ILSVRC2012_val_00011895.JPEG,/home/dr-yougart/Desktop/vit_mi/Dataset/ILSVRC2012_img_val/ILSVRC2012_val_00011895.JPEG,200,200,200,True,True,clean_correct_blur_correct,13.690229415893555,9.897046089172363,-3.7931833267211914,3.6030044555664062,1.5689802169799805,-2.034024238586426,3.6030044555664062,1.5689802169799805,0.9156166911125183,0.9933682680130005,0.9873051643371582,0.40930289030075073,358.3127746582031,357.1827697753906,1.0654572248458862,0.318839430809021,2.409121036529541,54.78275418281555,45.21724283695221
ILSVRC2012_val_00011896.JPEG,/home/dr-yougart/Desktop/vit_mi/Dataset/ILSVRC2012_img_val/ILSVRC2012_val_00011896.JPEG,690,690,690,True,True,clean_correct_blur_correct,15.693042755126953,15.389910697937012,-0.3031320571899414,3.95554256439209,2.8400678634643555,-1.1154747009277344,3.95554256439209,2.8400678634643555,0.9408043622970581,0.9972684383392334,0.9936533570289612,0.3635752499103546,409.30364990234375,418.6611633300781,1.0549824237823486,0.5632468461990356,3.171069383621216,55.28315305709839,44.71684694290161
ILSVRC2012_val_00011897.JPEG,/home/dr-yougart/Desktop/vit_mi/Dataset/ILSVRC2012_img_val/ILSVRC2012_val_00011897.JPEG,754,754,754,True,True,clean_correct_blur_correct,12.127350807189941,8.026409149169922,-4.1009416580200195,5.072319984436035,2.06494140625,-3.007378578186035,5.072319984436035,2.06494140625,0.9347829818725586,0.9948099851608276,0.9900917410850525,0.3695053458213806,376.1220397949219,385.8907775878906,1.0627578496932983,0.4917776584625244,2.812061309814453,55.98403811454773,44.01595890522003
ILSVRC2012_val_00011898.JPEG,/home/dr-yougart/Desktop/vit_mi/Dataset/ILSVRC2012_img_val/ILSVRC2012_val_00011898.JPEG,381,381,381,True,True,clean_correct_blur_correct,12.046831130981445,10.289939880371094,-1.7568912506103516,0.1356334686279297,0.2443866729736328,0.10875320434570312,0.1356334686279297,0.2443866729736328,0.8779177069664001,0.9912740588188171,0.9838088750839233,0.5459482073783875,374.2923583984375,389.2213134765625,1.110063076019287,0.4787948727607727,3.566704511642456,53.77705097198486,46.22294902801514
ILSVRC2012_val_00011899.JPEG,/home/dr-yougart/Desktop/vit_mi/Dataset/ILSVRC2012_img_val/ILSVRC2012_val_00011899.JPEG,306,306,306,True,True,clean_correct_blur_correct,15.206664085388184,13.389622688293457,-1.8170413970947266,7.238844394683838,3.881129264831543,-3.357715129852295,7.238844394683838,3.881129264831543,0.9274254441261292,0.994844913482666,0.9900866746902466,0.4036084711551666,373.5079040527344,372.9294738769531,1.0353742837905884,-0.006128295790404081,2.8297088146209717,50.47106742858887,49.528929591178894
ILSVRC2012_val_00011900.JPEG,/home/dr-yougart/Desktop/vit_mi/Dataset/ILSVRC2012_img_val/ILSVRC2012_val_00011900.JPEG,151,158,158,False,False,clean_wrong_blur_wrong,8.993563652038574,9.274456977844238,0.28089332580566406,-0.7368974685668945,-4.250310897827148,-3.513413429260254,0.7368974685668945,4.250310897827148,0.9460958242416382,0.9982436299324036,0.9960429668426514,0.37617382407188416,349.9696960449219,381.52423095703125,1.1165151596069336,0.9895483255386353,2.76777720451355,60.24852395057678,39.75147604942322
ILSVRC2012_val_00011901.JPEG,/home/dr-yougart/Desktop/vit_mi/Dataset/ILSVRC2012_img_val/ILSVRC2012_val_00011901.JPEG,989,989,989,True,True,clean_correct_blur_correct,11.091986656188965,9.02630615234375,-2.065680503845215,4.575121879577637,4.849898815155029,0.2747769355773926,4.575121879577637,4.849898815155029,0.9368695616722107,0.9966771006584167,0.9927374124526978,0.4292147159576416,363.69085693359375,406.06768798828125,1.166387677192688,1.451237678527832,3.206361770629883,63.19845914840698,36.80154085159302
ILSVRC2012_val_00011902.JPEG,/home/dr-yougart/Desktop/vit_mi/Dataset/ILSVRC2012_img_val/ILSVRC2012_val_00011902.JPEG,348,348,348,True,True,clean_correct_blur_correct,12.049068450927734,8.979217529296875,-3.0698509216308594,6.678859710693359,3.2868566513061523,-3.392003059387207,6.678859710693359,3.2868566513061523,0.9168582558631897,0.9918551445007324,0.9837562441825867,0.4293975532054901,363.3125915527344,381.81170654296875,1.12359619140625,0.639345645904541,2.5893239974975586,57.61721134185791,42.38278865814209
ILSVRC2012_val_00011903.JPEG,/home/dr-yougart/Desktop/vit_mi/Dataset/ILSVRC2012_img_val/ILSVRC2012_val_00011903.JPEG,435,435,876,True,False,clean_correct_blur_wrong,12.575018882751465,10.345361709594727,-2.2296571731567383,0.6754121780395508,-0.30437469482421875,-0.9797868728637695,0.6754121780395508,0.30437469482421875,0.96151202917099,0.9976688027381897,0.9954795241355896,0.353464275598526,374.89215087890625,399.5960998535156,1.1123011112213135,0.8307210206985474,2.6587700843811035,56.09496235847473,43.90503764152527
ILSVRC2012_val_00011904.JPEG,/home/dr-yougart/Desktop/vit_mi/Dataset/ILSVRC2012_img_val/ILSVRC2012_val_00011904.JPEG,376,376,376,True,True,clean_correct_blur_correct,15.72714900970459,10.60460376739502,-5.12254524230957,8.470853805541992,3.297628402709961,-5.173225402832031,8.470853805541992,3.297628402709961,0.9050651788711548,0.9928006529808044,0.9861529469490051,0.45353344082832336,389.2696228027344,395.600341796875,1.067832112312317,0.21774622797966003,3.187584638595581,52.0372748374939,47.9627251625061
ILSVRC2012_val_00011905.JPEG,/home/dr-yougart/Desktop/vit_mi/Dataset/ILSVRC2012_img_val/ILSVRC2012_val_00011905.JPEG,759,759,613,True,False,clean_correct_blur_wrong,8.663553237915039,6.376540660858154,-2.2870125770568848,0.7866215705871582,-2.8617806434631348,-3.648402214050293,0.7866215705871582,0.530949592590332,0.9175874590873718,0.9938693046569824,0.9882240295410156,0.4656083881855011,380.02783203125,403.188232421875,1.114639401435852,0.7165866494178772,3.238736391067505,56.02942109107971,43.97057890892029
ILSVRC2012_val_00011906.JPEG,/home/dr-yougart/Desktop/vit_mi/Dataset/ILSVRC2012_img_val/ILSVRC2012_val_00011906.JPEG,652,652,413,True,False,clean_correct_blur_wrong,8.158126831054688,6.526245594024658,-1.6318812370300293,0.2052631378173828,-0.8976588249206543,-1.102921962738037,0.2052631378173828,0.8976588249206543,0.9275285601615906,0.9947651624679565,0.9901587963104248,0.37343117594718933,400.1914978027344,385.96600341796875,1.0028116703033447,-0.2123543620109558,2.9969754219055176,47.47075438499451,52.52924561500549
ILSVRC2012_val_00011907.JPEG,/home/dr-yougart/Desktop/vit_mi/Dataset/ILSVRC2012_img_val/ILSVRC2012_val_00011907.JPEG,642,642,642,True,True,clean_correct_blur_correct,15.145221710205078,14.977784156799316,-0.16743755340576172,11.220677375793457,10.83881950378418,-0.38185787200927734,11.220677375793457,10.83881950378418,0.9430338144302368,0.9935369491577148,0.9883033633232117,0.30248329043388367,411.1888427734375,412.8368225097656,1.024997353553772,0.009731781668961048,2.546527147293091,50.817859172821045,49.182137846946716
ILSVRC2012_val_00011908.JPEG,/home/dr-yougart/Desktop/vit_mi/Dataset/ILSVRC2012_img_val/ILSVRC2012_val_00011908.JPEG,883,883,883,True,True,clean_correct_blur_correct,14.917887687683105,10.393120765686035,-4.52476692199707,7.961008548736572,2.665092945098877,-5.295915603637695,7.961008548736572,2.665092945098877,0.9222493767738342,0.9944044351577759,0.9887286424636841,0.44184941053390503,333.0384521484375,361.49066162109375,1.1328647136688232,0.8034347295761108,2.581827402114868,59.540724754333496,40.459272265434265
ILSVRC2012_val_00011909.JPEG,/home/dr-yougart/Desktop/vit_mi/Dataset/ILSVRC2012_img_val/ILSVRC2012_val_00011909.JPEG,597,597,597,True,True,clean_correct_blur_correct,14.084375381469727,13.645038604736328,-0.43933677673339844,5.535791397094727,4.090472221374512,-1.4453191757202148,5.535791397094727,4.090472221374512,0.923195481300354,0.9919467568397522,0.9854993224143982,0.41455116868019104,334.201171875,346.9316101074219,1.1022146940231323,0.3271738588809967,2.2849678993225098,54.35560345649719,45.64439654350281
ILSVRC2012_val_00011910.JPEG,/home/dr-yougart/Desktop/vit_mi/Dataset/ILSVRC2012_img_val/ILSVRC2012_val_00011910.JPEG,780,780,780,True,True,clean_correct_blur_correct,13.896652221679688,13.382113456726074,-0.5145387649536133,5.053872108459473,5.145246505737305,0.09137439727783203,5.053872108459473,5.145246505737305,0.9459262490272522,0.9942166209220886,0.9886341691017151,0.2800392806529999,362.44049072265625,355.69891357421875,1.0314682722091675,0.07158266752958298,1.5779569149017334,50.906264781951904,49.09373223781586
ILSVRC2012_val_00011911.JPEG,/home/dr-yougart/Desktop/vit_mi/Dataset/ILSVRC2012_img_val/ILSVRC2012_val_00011911.JPEG,322,322,322,True,True,clean_correct_blur_correct,15.923929214477539,14.290407180786133,-1.6335220336914062,7.734624862670898,8.126457214355469,0.3918323516845703,7.734624862670898,8.126457214355469,0.9464324116706848,0.997050404548645,0.9946820735931396,0.3620244264602661,397.584716796875,409.2199401855469,1.0574398040771484,0.3721163868904114,3.0097689628601074,52.48445272445679,47.515544295310974
ILSVRC2012_val_00011912.JPEG,/home/dr-yougart/Desktop/vit_mi/Dataset/ILSVRC2012_img_val/ILSVRC2012_val_00011912.JPEG,649,649,649,True,True,clean_correct_blur_correct,15.19786262512207,9.46849536895752,-5.729367256164551,11.015810012817383,5.296140193939209,-5.719669818878174,11.015810012817383,5.296140193939209,0.9293250441551208,0.9959740042686462,0.9906722903251648,0.44692686200141907,376.7931213378906,420.7818908691406,1.1589540243148804,1.4295347929000854,3.411062479019165,62.71136403083801,37.28863298892975
ILSVRC2012_val_00011913.JPEG,/home/dr-yougart/Desktop/vit_mi/Dataset/ILSVRC2012_img_val/ILSVRC2012_val_00011913.JPEG,377,377,377,True,True,clean_correct_blur_correct,14.123397827148438,12.920686721801758,-1.2027111053466797,1.2851791381835938,0.08443450927734375,-1.20074462890625,1.2851791381835938,0.08443450927734375,0.9533381462097168,0.9962370991706848,0.9915837049484253,0.3051348626613617,383.0492248535156,405.15234375,1.0880141258239746,1.0388081073760986,2.526759147644043,63.749855756759644,36.25014126300812
ILSVRC2012_val_00011914.JPEG,/home/dr-yougart/Desktop/vit_mi/Dataset/ILSVRC2012_img_val/ILSVRC2012_val_00011914.JPEG,1,1,664,True,False,clean_correct_blur_wrong,11.998296737670898,5.843032360076904,-6.155264377593994,4.82568359375,-0.9462528228759766,-5.771936416625977,4.82568359375,0.1798391342163086,0.9283442497253418,0.9959222674369812,0.9929637312889099,0.4020855128765106,331.5821533203125,343.0584411621094,1.0462586879730225,0.12186578661203384,2.8120081424713135,50.69260001182556,49.30740296840668
ILSVRC2012_val_00011915.JPEG,/home/dr-yougart/Desktop/vit_mi/Dataset/ILSVRC2012_img_val/ILSVRC2012_val_00011915.JPEG,13,13,13,True,True,clean_correct_blur_correct,14.569117546081543,8.913081169128418,-5.656036376953125,8.114145278930664,1.7292733192443848,-6.384871959686279,8.114145278930664,1.7292733192443848,0.9357335567474365,0.9948056936264038,0.9903523921966553,0.3446192145347595,376.69647216796875,384.29461669921875,1.0600223541259766,0.458579957485199,2.3667314052581787,56.21216297149658,43.78784000873566
ILSVRC2012_val_00011916.JPEG,/home/dr-yougart/Desktop/vit_mi/Dataset/ILSVRC2012_img_val/ILSVRC2012_val_00011916.JPEG,475,475,475,True,True,clean_correct_blur_correct,12.344727516174316,10.918522834777832,-1.4262046813964844,7.389707088470459,5.306118488311768,-2.0835886001586914,7.389707088470459,5.306118488311768,0.9669629335403442,0.9984968304634094,0.9974077343940735,0.27227023243904114,344.7038879394531,360.26141357421875,1.0508131980895996,0.3572307825088501,2.023829698562622,54.76953983306885,45.23046016693115
ILSVRC2012_val_00011917.JPEG,/home/dr-yougart/Desktop/vit_mi/Dataset/ILSVRC2012_img_val/ILSVRC2012_val_00011917.JPEG,233,233,221,True,False,clean_correct_blur_wrong,13.51964282989502,8.819731712341309,-4.699911117553711,2.492015838623047,-3.5329856872558594,-6.025001525878906,2.492015838623047,2.4130401611328125,0.9108223915100098,0.9946558475494385,0.9892743825912476,0.44745850563049316,358.1239929199219,377.74761962890625,1.1112043857574463,0.743675172328949,2.92376446723938,58.264464139938354,41.73553287982941
ILSVRC2012_val_00011918.JPEG,/home/dr-yougart/Desktop/vit_mi/Dataset/ILSVRC2012_img_val/ILSVRC2012_val_00011918.JPEG,130,130,130,True,True,clean_correct_blur_correct,11.333170890808105,10.098098754882812,-1.235072135925293,1.101902961730957,0.37380409240722656,-0.7280988693237305,1.101902961730957,0.37380409240722656,0.9425486922264099,0.9942032098770142,0.9887397885322571,0.33622801303863525,360.14019775390625,377.1171875,1.0751436948776245,0.4239361882209778,2.0634026527404785,57.05634355545044,42.94365346431732
ILSVRC2012_val_00011919.JPEG,/home/dr-yougart/Desktop/vit_mi/Dataset/ILSVRC2012_img_val/ILSVRC2012_val_00011919.JPEG,709,709,902,True,False,clean_correct_blur_wrong,10.866729736328125,5.886554718017578,-4.980175018310547,2.0444984436035156,-3.655893325805664,-5.70039176940918,2.0444984436035156,1.8764266967773438,0.8873467445373535,0.990893542766571,0.9823135733604431,0.5298861861228943,364.13360595703125,398.0923156738281,1.1726787090301514,1.1432324647903442,3.3119122982025146,61.271125078201294,38.728877902030945
ILSVRC2012_val_00011920.JPEG,/home/dr-yougart/Desktop/vit_mi/Dataset/ILSVRC2012_img_val/ILSVRC2012_val_00011920.JPEG,838,929,680,False,False,clean_wrong_blur_wrong,7.552629470825195,6.405234336853027,-1.147395133972168,-0.7052669525146484,-1.7954931259155273,-1.090226173400879,0.7052669525146484,0.9078311920166016,0.9366689920425415,0.9961399435997009,0.9927385449409485,0.40948566794395447,377.5132751464844,403.58880615234375,1.1186997890472412,0.69854336977005,2.9968323707580566,56.658124923706055,43.341875076293945
ILSVRC2012_val_00011921.JPEG,/home/dr-yougart/Desktop/vit_mi/Dataset/ILSVRC2012_img_val/ILSVRC2012_val_00011921.JPEG,242,242,242,True,True,clean_correct_blur_correct,12.67440128326416,11.951836585998535,-0.722564697265625,4.796962738037109,3.8347015380859375,-0.9622611999511719,4.796962738037109,3.8347015380859375,0.9581782221794128,0.9965007305145264,0.992841899394989,0.2805316746234894,369.75030517578125,369.3141784667969,1.0237451791763306,0.1008453220129013,2.0150837898254395,50.47000050544739,49.53000247478485
ILSVRC2012_val_00011922.JPEG,/home/dr-yougart/Desktop/vit_mi/Dataset/ILSVRC2012_img_val/ILSVRC2012_val_00011922.JPEG,120,120,120,True,True,clean_correct_blur_correct,15.251327514648438,14.767680168151855,-0.48364734649658203,8.915897369384766,8.121525764465332,-0.7943716049194336,8.915897369384766,8.121525764465332,0.96145099401474,0.998869001865387,0.9972513318061829,0.3071584701538086,362.8614501953125,387.39593505859375,1.089624047279358,0.822960615158081,2.393813371658325,59.63032245635986,40.369680523872375
ILSVRC2012_val_00011923.JPEG,/home/dr-yougart/Desktop/vit_mi/Dataset/ILSVRC2012_img_val/ILSVRC2012_val_00011923.JPEG,620,681,590,False,False,clean_wrong_blur_wrong,10.709867477416992,5.138352394104004,-5.571515083312988,-0.4961366653442383,-4.484097480773926,-3.9879608154296875,0.4961366653442383,2.963278293609619,0.9244782328605652,0.9962409734725952,0.9916757941246033,0.43014025688171387,374.4800720214844,373.785888671875,1.031564474105835,0.33192846179008484,3.377655506134033,52.891916036605835,47.108086943626404
ILSVRC2012_val_00011924.JPEG,/home/dr-yougart/Desktop/vit_mi/Dataset/ILSVRC2012_img_val/ILSVRC2012_val_00011924.JPEG,764,764,413,True,False,clean_correct_blur_wrong,13.03709888458252,10.239803314208984,-2.797295570373535,0.1255321502685547,-1.337834358215332,-1.4633665084838867,0.1255321502685547,1.337834358215332,0.9296281933784485,0.995560884475708,0.9913555979728699,0.3794953227043152,415.3402404785156,420.18121337890625,1.025846004486084,0.1727871149778366,3.387653112411499,50.089359283447266,49.91064369678497
ILSVRC2012_val_00011925.JPEG,/home/dr-yougart/Desktop/vit_mi/Dataset/ILSVRC2012_img_val/ILSVRC2012_val_00011925.JPEG,179,179,179,True,True,clean_correct_blur_correct,14.06967544555664,12.886123657226562,-1.1835517883300781,3.7243566513061523,3.495396614074707,-0.2289600372314453,3.7243566513061523,3.495396614074707,0.905291736125946,0.9919723868370056,0.9842864274978638,0.4444652497768402,352.07470703125,342.8868103027344,1.058052659034729,0.0036536939442157745,2.4810991287231445,49.915146827697754,50.084853172302246
ILSVRC2012_val_00011926.JPEG,/home/dr-yougart/Desktop/vit_mi/Dataset/ILSVRC2012_img_val/ILSVRC2012_val_00011926.JPEG,447,447,447,True,True,clean_correct_blur_correct,14.586771011352539,11.039679527282715,-3.547091484069824,8.924467086791992,5.7523956298828125,-3.1720714569091797,8.924467086791992,5.7523956298828125,0.9462534785270691,0.9959079027175903,0.9913763999938965,0.341668963432312,424.92864990234375,423.86468505859375,1.038827657699585,0.20990592241287231,2.9004266262054443,52.38860249519348,47.61139452457428
ILSVRC2012_val_00011927.JPEG,/home/dr-yougart/Desktop/vit_mi/Dataset/ILSVRC2012_img_val/ILSVRC2012_val_00011927.JPEG,48,48,273,True,False,clean_correct_blur_wrong,11.517537117004395,4.81243371963501,-6.705103397369385,4.783950328826904,-4.078782558441162,-8.862732887268066,4.783950328826904,2.718745708465576,0.9017420411109924,0.993568480014801,0.9870946407318115,0.5105237364768982,387.264892578125,414.943115234375,1.1395312547683716,0.9877906441688538,3.8727102279663086,58.700162172317505,41.299837827682495
ILSVRC2012_val_00011928.JPEG,/home/dr-yougart/Desktop/vit_mi/Dataset/ILSVRC2012_img_val/ILSVRC2012_val_00011928.JPEG,782,526,527,False,False,clean_wrong_blur_wrong,9.90777587890625,10.134001731872559,0.2262258529663086,-1.5570745468139648,-1.576873779296875,-0.019799232482910156,0.4931039810180664,0.8494606018066406,0.9383715987205505,0.9959170818328857,0.9917727708816528,0.35374370217323303,350.8044738769531,346.9493103027344,1.0249027013778687,0.03253566473722458,2.4828014373779297,51.09801888465881,48.90198111534119
ILSVRC2012_val_00011929.JPEG,/home/dr-yougart/Desktop/vit_mi/Dataset/ILSVRC2012_img_val/ILSVRC2012_val_00011929.JPEG,888,888,888,True,True,clean_correct_blur_correct,15.62650203704834,12.194751739501953,-3.4317502975463867,8.151138305664062,5.709766387939453,-2.4413719177246094,8.151138305664062,5.709766387939453,0.9381042122840881,0.9964426755905151,0.9929357171058655,0.3457941710948944,388.55731201171875,382.46966552734375,0.9995677471160889,-0.07612214237451553,2.723705530166626,47.35192656517029,52.64807343482971
ILSVRC2012_val_00011930.JPEG,/home/dr-yougart/Desktop/vit_mi/Dataset/ILSVRC2012_img_val/ILSVRC2012_val_00011930.JPEG,789,789,789,True,True,clean_correct_blur_correct,14.534316062927246,14.861918449401855,0.3276023864746094,4.445069313049316,5.421921730041504,0.9768524169921875,4.445069313049316,5.421921730041504,0.9437620043754578,0.9949778318405151,0.9905527234077454,0.30747056007385254,409.3060302734375,397.15673828125,1.0048788785934448,-0.2047894150018692,2.170257568359375,43.72340142726898,56.27660155296326
ILSVRC2012_val_00011931.JPEG,/home/dr-yougart/Desktop/vit_mi/Dataset/ILSVRC2012_img_val/ILSVRC2012_val_00011931.JPEG,584,584,748,True,False,clean_correct_blur_wrong,11.23278522491455,7.642039775848389,-3.590745449066162,2.9788856506347656,-2.1459622383117676,-5.124847888946533,2.9788856506347656,1.580552101135254,0.944452702999115,0.9972383379936218,0.993537187576294,0.3744167387485504,376.29559326171875,413.8429260253906,1.1400041580200195,1.4327847957611084,2.890550374984741,66.4846420288086,33.515360951423645
ILSVRC2012_val_00011932.JPEG,/home/dr-yougart/Desktop/vit_mi/Dataset/ILSVRC2012_img_val/ILSVRC2012_val_00011932.JPEG,315,315,315,True,True,clean_correct_blur_correct,13.195198059082031,10.068838119506836,-3.1263599395751953,3.9795637130737305,3.486746311187744,-0.49281740188598633,3.9795637130737305,3.486746311187744,0.9232925176620483,0.9939088821411133,0.989826500415802,0.413769394159317,424.8601989746094,382.2484436035156,0.9418571591377258,-1.1329208612442017,3.3836677074432373,41.3148432970047,58.68515968322754
ILSVRC2012_val_00011933.JPEG,/home/dr-yougart/Desktop/vit_mi/Dataset/ILSVRC2012_img_val/ILSVRC2012_val_00011933.JPEG,414,861,897,False,False,clean_wrong_blur_wrong,2.6214358806610107,1.0622364282608032,-1.5591994524002075,-4.25142765045166,-7.609720706939697,-3.358293056488037,0.2108297348022461,0.7991390228271484,0.9369657635688782,0.995099663734436,0.9905672073364258,0.3335471749305725,395.2718505859375,392.52874755859375,1.0222238302230835,-0.027792198583483696,2.658092975616455,50.084489583969116,49.915510416030884
ILSVRC2012_val_00011934.JPEG,/home/dr-yougart/Desktop/vit_mi/Dataset/ILSVRC2012_img_val/ILSVRC2012_val_00011934.JPEG,528,528,528,True,True,clean_correct_blur_correct,14.018524169921875,13.332446098327637,-0.6860780715942383,5.6558074951171875,4.156736373901367,-1.4990711212158203,5.6558074951171875,4.156736373901367,0.920459508895874,0.9936742186546326,0.9869198799133301,0.4085383415222168,396.2369384765625,402.9778747558594,1.0822604894638062,0.717887282371521,2.838400363922119,58.53944420814514,41.46055579185486
ILSVRC2012_val_00011935.JPEG,/home/dr-yougart/Desktop/vit_mi/Dataset/ILSVRC2012_img_val/ILSVRC2012_val_00011935.JPEG,447,447,447,True,True,clean_correct_blur_correct,11.273946762084961,9.77159595489502,-1.5023508071899414,6.5675740242004395,5.52172327041626,-1.0458507537841797,6.5675740242004395,5.52172327041626,0.9446835517883301,0.9969528913497925,0.9930168986320496,0.4056805968284607,392.9669189453125,452.731201171875,1.194262981414795,1.8141050338745117,3.23339581489563,68.52509379386902,31.47490620613098
ILSVRC2012_val_00011936.JPEG,/home/dr-yougart/Desktop/vit_mi/Dataset/ILSVRC2012_img_val/ILSVRC2012_val_00011936.JPEG,762,762,762,True,True,clean_correct_blur_correct,14.845626831054688,8.623297691345215,-6.222329139709473,7.356751441955566,2.47855806350708,-4.878193378448486,7.356751441955566,2.47855806350708,0.9206568002700806,0.9957950115203857,0.991626501083374,0.410338819026947,386.4278564453125,400.7185363769531,1.0593023300170898,0.4432699680328369,3.352640390396118,53.69061231613159,46.30938768386841
ILSVRC2012_val_00011937.JPEG,/home/dr-yougart/Desktop/vit_mi/Dataset/ILSVRC2012_img_val/ILSVRC2012_val_00011937.JPEG,963,963,963,True,True,clean_correct_blur_correct,11.433777809143066,9.718265533447266,-1.7155122756958008,4.830114364624023,3.3416075706481934,-1.48850679397583,4.830114364624023,3.3416075706481934,0.9381659626960754,0.99480140209198,0.9897146224975586,0.363223135471344,390.7959289550781,409.4287414550781,1.0981509685516357,0.760183572769165,2.6590981483459473,59.54177379608154,40.45822322368622
ILSVRC2012_val_00011938.JPEG,/home/dr-yougart/Desktop/vit_mi/Dataset/ILSVRC2012_img_val/ILSVRC2012_val_00011938.JPEG,893,893,893,True,True,clean_correct_blur_correct,14.21580696105957,12.470916748046875,-1.7448902130126953,4.1817626953125,3.2806015014648438,-0.9011611938476562,4.1817626953125,3.2806015014648438,0.9291210770606995,0.9943361878395081,0.9896447062492371,0.37011781334877014,359.4117126464844,337.0877990722656,0.9730483293533325,-0.6173143982887268,2.54425311088562,42.63899624347687,57.36100673675537
ILSVRC2012_val_00011939.JPEG,/home/dr-yougart/Desktop/vit_mi/Dataset/ILSVRC2012_img_val/ILSVRC2012_val_00011939.JPEG,610,747,747,False,False,clean_wrong_blur_wrong,5.026352882385254,6.068367958068848,1.0420150756835938,-5.663461685180664,-4.263822555541992,1.3996391296386719,2.1156444549560547,1.3132686614990234,0.9490510821342468,0.9958582520484924,0.9919081926345825,0.31605425477027893,382.64373779296875,398.585693359375,1.076481819152832,0.4722749888896942,2.2309775352478027,56.8356454372406,43.16435158252716
ILSVRC2012_val_00011940.JPEG,/home/dr-yougart/Desktop/vit_mi/Dataset/ILSVRC2012_img_val/ILSVRC2012_val_00011940.JPEG,888,977,447,False,False,clean_wrong_blur_wrong,3.1915013790130615,1.1844874620437622,-2.0070137977600098,-6.372381210327148,-4.095925807952881,2.2764554023742676,0.012310981750488281,0.09365367889404297,0.9318342208862305,0.9954534769058228,0.9907993674278259,0.40686747431755066,336.530517578125,339.59716796875,1.0388247966766357,0.06791415810585022,2.627451181411743,48.480769991874695,51.519232988357544
ILSVRC2012_val_00011941.JPEG,/home/dr-yougart/Desktop/vit_mi/Dataset/ILSVRC2012_img_val/ILSVRC2012_val_00011941.JPEG,502,502,502,True,True,clean_correct_blur_correct,13.219435691833496,14.29845142364502,1.0790157318115234,0.13654422760009766,2.7988100051879883,2.6622657775878906,0.13654422760009766,2.7988100051879883,0.9705355167388916,0.9967735409736633,0.9941230416297913,0.24058063328266144,367.65557861328125,378.78167724609375,1.0473341941833496,0.26943865418434143,1.6684613227844238,54.92296814918518,45.07703185081482
ILSVRC2012_val_00011942.JPEG,/home/dr-yougart/Desktop/vit_mi/Dataset/ILSVRC2012_img_val/ILSVRC2012_val_00011942.JPEG,895,895,895,True,True,clean_correct_blur_correct,8.950247764587402,9.958871841430664,1.0086240768432617,0.2006521224975586,2.467174530029297,2.2665224075317383,0.2006521224975586,2.467174530029297,0.9646543264389038,0.9970560669898987,0.9912093877792358,0.2708035707473755,443.1922912597656,424.9369812011719,0.9716382622718811,-0.4205246567726135,2.5355284214019775,45.96953094005585,54.03047204017639
ILSVRC2012_val_00011943.JPEG,/home/dr-yougart/Desktop/vit_mi/Dataset/ILSVRC2012_img_val/ILSVRC2012_val_00011943.JPEG,84,84,84,True,True,clean_correct_blur_correct,14.160687446594238,8.476195335388184,-5.684492111206055,9.804485321044922,3.4606456756591797,-6.343839645385742,9.804485321044922,3.4606456756591797,0.9169829487800598,0.9948915243148804,0.9897477030754089,0.40748974680900574,414.7716979980469,403.2140808105469,0.9999260902404785,-0.3162297010421753,3.3495306968688965,47.74383306503296,52.25616693496704
ILSVRC2012_val_00011944.JPEG,/home/dr-yougart/Desktop/vit_mi/Dataset/ILSVRC2012_img_val/ILSVRC2012_val_00011944.JPEG,891,891,891,True,True,clean_correct_blur_correct,16.592275619506836,14.505935668945312,-2.0863399505615234,11.432013511657715,8.354780197143555,-3.07723331451416,11.432013511657715,8.354780197143555,0.9446923136711121,0.9966034889221191,0.9925202131271362,0.33616405725479126,389.1372375488281,405.4688720703125,1.0778026580810547,0.856458842754364,2.776158332824707,60.41640043258667,39.58360254764557
ILSVRC2012_val_00011945.JPEG,/home/dr-yougart/Desktop/vit_mi/Dataset/ILSVRC2012_img_val/ILSVRC2012_val_00011945.JPEG,942,942,942,True,True,clean_correct_blur_correct,15.459600448608398,15.037378311157227,-0.4222221374511719,7.593567371368408,5.888338088989258,-1.7052292823791504,7.593567371368408,5.888338088989258,0.9561592936515808,0.9960991144180298,0.9911501407623291,0.2747489809989929,414.1226806640625,427.6647033691406,1.056954264640808,0.6483137011528015,2.3530313968658447,59.422147274017334,40.57784974575043
ILSVRC2012_val_00011946.JPEG,/home/dr-yougart/Desktop/vit_mi/Dataset/ILSVRC2012_img_val/ILSVRC2012_val_00011946.JPEG,664,664,851,True,False,clean_correct_blur_wrong,12.843816757202148,7.183480739593506,-5.660336017608643,1.5110979080200195,-2.4005818367004395,-3.911679744720459,1.5110979080200195,0.891545295715332,0.9325116276741028,0.9960168600082397,0.9925297498703003,0.37640026211738586,350.9261474609375,355.7696533203125,1.037370204925537,0.015990717336535454,2.6228723526000977,49.76717233657837,50.23282766342163
ILSVRC2012_val_00011947.JPEG,/home/dr-yougart/Desktop/vit_mi/Dataset/ILSVRC2012_img_val/ILSVRC2012_val_00011947.JPEG,238,238,241,True,False,clean_correct_blur_wrong,13.72925853729248,11.80617904663086,-1.923079490661621,1.110300064086914,-2.0145111083984375,-3.1248111724853516,1.110300064086914,2.0145111083984375,0.9100550413131714,0.9923713803291321,0.9854314923286438,0.4359893500804901,357.699462890625,371.847412109375,1.1185890436172485,0.4305621087551117,2.3477938175201416,55.492693185806274,44.507309794425964
ILSVRC2012_val_00011948.JPEG,/home/dr-yougart/Desktop/vit_mi/Dataset/ILSVRC2012_img_val/ILSVRC2012_val_00011948.JPEG,769,769,769,True,True,clean_correct_blur_correct,11.733359336853027,11.487629890441895,-0.2457294464111328,6.113882064819336,6.3287763595581055,0.21489429473876953,6.113882064819336,6.3287763595581055,0.9434036016464233,0.996660053730011,0.9931206107139587,0.34777283668518066,366.7283630371094,381.372314453125,1.0693230628967285,0.5861146450042725,2.653085470199585,56.984347105026245,43.015655875205994
ILSVRC2012_val_00011949.JPEG,/home/dr-yougart/Desktop/vit_mi/Dataset/ILSVRC2012_img_val/ILSVRC2012_val_00011949.JPEG,884,884,884,True,True,clean_correct_blur_correct,14.405281066894531,12.271932601928711,-2.1333484649658203,6.043130874633789,3.880887985229492,-2.162242889404297,6.043130874633789,3.880887985229492,0.9415168166160583,0.9973774552345276,0.9949686527252197,0.40892910957336426,356.5410461425781,393.952880859375,1.137147307395935,1.0984995365142822,3.1869280338287354,60.71920990943909,39.28079307079315
ILSVRC2012_val_00011950.JPEG,/home/dr-yougart/Desktop/vit_mi/Dataset/ILSVRC2012_img_val/ILSVRC2012_val_00011950.JPEG,777,777,777,True,True,clean_correct_blur_correct,13.266854286193848,12.136234283447266,-1.130620002746582,3.509524345397949,2.9608983993530273,-0.5486259460449219,3.509524345397949,2.9608983993530273,0.9499080181121826,0.9955530166625977,0.9910765886306763,0.29841989278793335,341.56414794921875,347.88031005859375,1.0522938966751099,0.29100915789604187,1.8492112159729004,54.52811121940613,45.47188878059387
ILSVRC2012_val_00011951.JPEG,/home/dr-yougart/Desktop/vit_mi/Dataset/ILSVRC2012_img_val/ILSVRC2012_val_00011951.JPEG,491,491,491,True,True,clean_correct_blur_correct,12.207975387573242,11.758576393127441,-0.4493989944458008,0.9887657165527344,0.6860284805297852,-0.3027372360229492,0.9887657165527344,0.6860284805297852,0.9617805480957031,0.9970172047615051,0.9942072033882141,0.2847934663295746,370.92633056640625,388.7777404785156,1.078640341758728,0.6001384258270264,1.957601547241211,58.41066837310791,41.58881604671478
ILSVRC2012_val_00011952.JPEG,/home/dr-yougart/Desktop/vit_mi/Dataset/ILSVRC2012_img_val/ILSVRC2012_val_00011952.JPEG,285,285,280,True,False,clean_correct_blur_wrong,11.53346061706543,7.683517932891846,-3.849942684173584,3.4928808212280273,-0.8463091850280762,-4.3391900062561035,3.4928808212280273,0.3826408386230469,0.9241487383842468,0.995802104473114,0.9918477535247803,0.40950727462768555,340.454833984375,351.43310546875,1.0671935081481934,0.46279433369636536,2.8012819290161133,55.07393479347229,44.92606520652771
ILSVRC2012_val_00011953.JPEG,/home/dr-yougart/Desktop/vit_mi/Dataset/ILSVRC2012_img_val/ILSVRC2012_val_00011953.JPEG,399,399,399,True,True,clean_correct_blur_correct,11.58066177368164,12.942964553833008,1.3623027801513672,1.0053987503051758,5.961454391479492,4.956055641174316,1.0053987503051758,5.961454391479492,0.913544774055481,0.9936599731445312,0.987238883972168,0.4382287561893463,352.34112548828125,372.3821716308594,1.1223381757736206,0.7827473282814026,2.699761390686035,58.92608165740967,41.07391834259033
ILSVRC2012_val_00011954.JPEG,/home/dr-yougart/Desktop/vit_mi/Dataset/ILSVRC2012_img_val/ILSVRC2012_val_00011954.JPEG,732,732,732,True,True,clean_correct_blur_correct,15.122790336608887,13.9778413772583,-1.144948959350586,6.426602363586426,4.480612754821777,-1.9459896087646484,6.426602363586426,4.480612754821777,0.9360460042953491,0.9955728650093079,0.9909144639968872,0.35079503059387207,377.70062255859375,374.94287109375,1.0107263326644897,0.025159036740660667,2.605639934539795,50.19949674606323,49.80050325393677
ILSVRC2012_val_00011955.JPEG,/home/dr-yougart/Desktop/vit_mi/Dataset/ILSVRC2012_img_val/ILSVRC2012_val_00011955.JPEG,475,475,475,True,True,clean_correct_blur_correct,12.808786392211914,10.105048179626465,-2.703738212585449,9.348573684692383,2.338400363922119,-7.010173320770264,9.348573684692383,2.338400363922119,0.9364460706710815,0.9952054023742676,0.9911592602729797,0.35274451971054077,355.9122314453125,354.7329406738281,1.0267767906188965,0.002802639501169324,2.449570655822754,48.39533865451813,51.60466432571411
ILSVRC2012_val_00011956.JPEG,/home/dr-yougart/Desktop/vit_mi/Dataset/ILSVRC2012_img_val/ILSVRC2012_val_00011956.JPEG,918,918,854,True,False,clean_correct_blur_wrong,10.165909767150879,1.9278502464294434,-8.238059997558594,4.636368751525879,-3.6865110397338867,-8.322879791259766,4.636368751525879,0.21162080764770508,0.9222310781478882,0.9942903518676758,0.9894176125526428,0.43417614698410034,351.5289001464844,380.7562561035156,1.1320832967758179,0.7264788746833801,2.7532191276550293,57.53775238990784,42.4622505903244
ILSVRC2012_val_00011957.JPEG,/home/dr-yougart/Desktop/vit_mi/Dataset/ILSVRC2012_img_val/ILSVRC2012_val_00011957.JPEG,892,892,409,True,False,clean_correct_blur_wrong,12.508810043334961,8.602378845214844,-3.906431198120117,0.33910465240478516,-0.2862672805786133,-0.6253719329833984,0.33910465240478516,0.2862672805786133,0.9084116220474243,0.9935884475708008,0.9869077205657959,0.4649437963962555,393.4980773925781,419.26409912109375,1.1132516860961914,0.8785580396652222,3.403275966644287,57.210773229599,42.78922975063324
ILSVRC2012_val_00011958.JPEG,/home/dr-yougart/Desktop/vit_mi/Dataset/ILSVRC2012_img_val/ILSVRC2012_val_00011958.JPEG,684,684,684,True,True,clean_correct_blur_correct,12.153462409973145,14.026764869689941,1.8733024597167969,3.6378602981567383,7.5101237297058105,3.8722634315490723,3.6378602981567383,7.5101237297058105,0.9125752449035645,0.992964506149292,0.9864653944969177,0.4601740539073944,377.94842529296875,408.55120849609375,1.1388474702835083,0.9112138152122498,3.1127617359161377,60.29948592185974,39.70051407814026
ILSVRC2012_val_00011959.JPEG,/home/dr-yougart/Desktop/vit_mi/Dataset/ILSVRC2012_img_val/ILSVRC2012_val_00011959.JPEG,800,800,800,True,True,clean_correct_blur_correct,13.319944381713867,12.751392364501953,-0.5685520172119141,9.139883995056152,7.97574520111084,-1.1641387939453125,9.139883995056152,7.97574520111084,0.9207897782325745,0.9940412640571594,0.9876511096954346,0.416789710521698,387.3056335449219,409.58282470703125,1.102616310119629,0.7469682097434998,3.146695137023926,58.22991132736206,41.7700856924057
ILSVRC2012_val_00011960.JPEG,/home/dr-yougart/Desktop/vit_mi/Dataset/ILSVRC2012_img_val/ILSVRC2012_val_00011960.JPEG,577,577,577,True,True,clean_correct_blur_correct,14.444587707519531,14.643991470336914,0.1994037628173828,0.7153749465942383,0.5445690155029297,-0.1708059310913086,0.7153749465942383,0.5445690155029297,0.9552975296974182,0.9973853230476379,0.9941833019256592,0.3426167666912079,440.4267883300781,430.52593994140625,1.0152403116226196,-0.020173145458102226,3.113607168197632,45.9683895111084,54.0316104888916
ILSVRC2012_val_00011961.JPEG,/home/dr-yougart/Desktop/vit_mi/Dataset/ILSVRC2012_img_val/ILSVRC2012_val_00011961.JPEG,641,641,722,True,False,clean_correct_blur_wrong,10.636985778808594,9.04134750366211,-1.5956382751464844,1.0331850051879883,-2.9796037673950195,-4.012788772583008,1.0331850051879883,1.7752962112426758,0.9523897767066956,0.9963120222091675,0.9928608536720276,0.29321926832199097,404.23382568359375,413.3687438964844,1.0507465600967407,0.5479304790496826,2.416290044784546,57.519739866256714,42.480263113975525
ILSVRC2012_val_00011962.JPEG,/home/dr-yougart/Desktop/vit_mi/Dataset/ILSVRC2012_img_val/ILSVRC2012_val_00011962.JPEG,680,470,644,False,False,clean_wrong_blur_wrong,6.536879539489746,5.068950176239014,-1.4679293632507324,-3.9284048080444336,-0.7285952568054199,3.1998095512390137,3.6723170280456543,0.2644014358520508,0.8465716242790222,0.9880778193473816,0.9787343144416809,0.5977177023887634,402.24884033203125,400.3533935546875,1.0865296125411987,0.15136872231960297,4.210626125335693,51.740050315856934,48.25942814350128
ILSVRC2012_val_00011963.JPEG,/home/dr-yougart/Desktop/vit_mi/Dataset/ILSVRC2012_img_val/ILSVRC2012_val_00011963.JPEG,424,424,424,True,True,clean_correct_blur_correct,13.64846134185791,7.2121663093566895,-6.436295032501221,4.158620834350586,1.9071640968322754,-2.2514567375183105,4.158620834350586,1.9071640968322754,0.9044265747070312,0.994457483291626,0.9882471561431885,0.5357756018638611,390.7635192871094,443.58251953125,1.2226276397705078,1.9679957628250122,4.025008201599121,65.9559965133667,34.04400050640106
ILSVRC2012_val_00011964.JPEG,/home/dr-yougart/Desktop/vit_mi/Dataset/ILSVRC2012_img_val/ILSVRC2012_val_00011964.JPEG,453,453,453,True,True,clean_correct_blur_correct,11.95324420928955,12.01968765258789,0.06644344329833984,3.303203582763672,3.435732841491699,0.13252925872802734,3.303203582763672,3.435732841491699,0.9157674312591553,0.9942843317985535,0.9891507625579834,0.449499249458313,360.8616943359375,339.4375915527344,0.9715275764465332,-0.9080222845077515,3.1123640537261963,39.26598131656647,60.734015703201294
ILSVRC2012_val_00011965.JPEG,/home/dr-yougart/Desktop/vit_mi/Dataset/ILSVRC2012_img_val/ILSVRC2012_val_00011965.JPEG,602,602,602,True,True,clean_correct_blur_correct,16.315418243408203,15.12696361541748,-1.1884546279907227,4.6815290451049805,2.301372528076172,-2.3801565170288086,4.6815290451049805,2.301372528076172,0.9268997311592102,0.9948232173919678,0.9890672564506531,0.3834667503833771,401.1592102050781,406.9772033691406,1.0585455894470215,0.34739959239959717,2.940840005874634,53.498148918151855,46.50185406208038
ILSVRC2012_val_00011966.JPEG,/home/dr-yougart/Desktop/vit_mi/Dataset/ILSVRC2012_img_val/ILSVRC2012_val_00011966.JPEG,301,301,301,True,True,clean_correct_blur_correct,13.28014087677002,9.860613822937012,-3.419527053833008,4.063955307006836,3.1241226196289062,-0.9398326873779297,4.063955307006836,3.1241226196289062,0.9239698648452759,0.9943150281906128,0.9886422157287598,0.48499515652656555,368.77197265625,421.5146179199219,1.217807412147522,1.591888189315796,3.3069701194763184,66.26012325286865,33.73987674713135
ILSVRC2012_val_00011967.JPEG,/home/dr-yougart/Desktop/vit_mi/Dataset/ILSVRC2012_img_val/ILSVRC2012_val_00011967.JPEG,294,294,294,True,True,clean_correct_blur_correct,14.288778305053711,13.063377380371094,-1.2254009246826172,6.9162797927856445,6.905825138092041,-0.010454654693603516,6.9162797927856445,6.905825138092041,0.917486846446991,0.993806779384613,0.9875994324684143,0.4132784605026245,361.5525207519531,353.2222900390625,1.0161151885986328,-0.13859227299690247,2.575641632080078,48.31129312515259,51.688188314437866
ILSVRC2012_val_00011968.JPEG,/home/dr-yougart/Desktop/vit_mi/Dataset/ILSVRC2012_img_val/ILSVRC2012_val_00011968.JPEG,755,755,755,True,True,clean_correct_blur_correct,13.663433074951172,10.866540908813477,-2.7968921661376953,4.916637420654297,3.447072982788086,-1.469564437866211,4.916637420654297,3.447072982788086,0.9219037294387817,0.9943404197692871,0.9893592000007629,0.40674975514411926,417.00244140625,374.5918273925781,0.9252904653549194,-1.2756119966506958,3.3792059421539307,39.25848305225372,60.74151396751404
ILSVRC2012_val_00011969.JPEG,/home/dr-yougart/Desktop/vit_mi/Dataset/ILSVRC2012_img_val/ILSVRC2012_val_00011969.JPEG,731,731,645,True,False,clean_correct_blur_wrong,10.931417465209961,7.054657459259033,-3.8767600059509277,2.2360763549804688,-0.032462120056152344,-2.268538475036621,2.2360763549804688,0.032462120056152344,0.9382794499397278,0.9958431720733643,0.9925364851951599,0.3492661416530609,388.55126953125,369.3537902832031,0.9859715104103088,-0.5015157461166382,2.7295761108398438,44.51059103012085,55.48940896987915
ILSVRC2012_val_00011970.JPEG,/home/dr-yougart/Desktop/vit_mi/Dataset/ILSVRC2012_img_val/ILSVRC2012_val_00011970.JPEG,633,745,600,False,False,clean_wrong_blur_wrong,3.8990135192871094,3.8426992893218994,-0.05631422996520996,-7.224671363830566,-5.860128402709961,1.3645429611206055,0.6254262924194336,3.135924816131592,0.9005259871482849,0.9906626343727112,0.9827792048454285,0.46137166023254395,371.0848083496094,347.780517578125,0.9922111630439758,-0.6992143392562866,2.920121192932129,42.41975545883179,57.58024454116821
ILSVRC2012_val_00011971.JPEG,/home/dr-yougart/Desktop/vit_mi/Dataset/ILSVRC2012_img_val/ILSVRC2012_val_00011971.JPEG,62,62,62,True,True,clean_correct_blur_correct,13.397544860839844,11.606559753417969,-1.790985107421875,4.203978538513184,0.3953866958618164,-3.808591842651367,4.203978538513184,0.3953866958618164,0.9470981955528259,0.996787428855896,0.9936831593513489,0.3286471366882324,325.9195251464844,321.2706298828125,1.0264743566513062,0.12705807387828827,2.112924575805664,52.498918771743774,47.50107824802399
ILSVRC2012_val_00011972.JPEG,/home/dr-yougart/Desktop/vit_mi/Dataset/ILSVRC2012_img_val/ILSVRC2012_val_00011972.JPEG,854,794,827,False,False,clean_wrong_blur_wrong,8.661755561828613,6.3814473152160645,-2.280308246612549,-0.8654928207397461,-1.7613091468811035,-0.8958163261413574,0.07791900634765625,0.9653840065002441,0.9285652041435242,0.9950019121170044,0.9900045394897461,0.3857841491699219,418.67803955078125,443.81109619140625,1.0830594301223755,0.8693570494651794,3.308176040649414,58.11830759048462,41.88169240951538
ILSVRC2012_val_00011973.JPEG,/home/dr-yougart/Desktop/vit_mi/Dataset/ILSVRC2012_img_val/ILSVRC2012_val_00011973.JPEG,302,302,302,True,True,clean_correct_blur_correct,12.253506660461426,12.913649559020996,0.6601428985595703,3.9998064041137695,4.758771896362305,0.7589654922485352,3.9998064041137695,4.758771896362305,0.9478783011436462,0.9956222176551819,0.9912797808647156,0.2919701635837555,416.8087463378906,424.8843688964844,1.0574764013290405,0.5569343566894531,2.326815605163574,57.70469903945923,42.29530096054077
ILSVRC2012_val_00011974.JPEG,/home/dr-yougart/Desktop/vit_mi/Dataset/ILSVRC2012_img_val/ILSVRC2012_val_00011974.JPEG,422,422,981,True,False,clean_correct_blur_wrong,12.1692476272583,5.053689956665039,-7.115557670593262,3.7625885009765625,-2.0789294242858887,-5.841517925262451,3.7625885009765625,0.45871448516845703,0.9352215528488159,0.9970268607139587,0.9937952756881714,0.3900587558746338,399.57965087890625,417.5347900390625,1.0730053186416626,0.7263239622116089,3.4668400287628174,56.63957595825195,43.36042404174805
ILSVRC2012_val_00011975.JPEG,/home/dr-yougart/Desktop/vit_mi/Dataset/ILSVRC2012_img_val/ILSVRC2012_val_00011975.JPEG,708,708,862,True,False,clean_correct_blur_wrong,10.61704158782959,5.119166374206543,-5.497875213623047,4.008784770965576,-0.2844581604003906,-4.293242931365967,4.008784770965576,0.2844581604003906,0.9312085509300232,0.9964027404785156,0.9927603006362915,0.4675174355506897,382.8359069824219,430.51593017578125,1.1896663904190063,1.5014644861221313,3.675983190536499,64.03324604034424,35.96675097942352
ILSVRC2012_val_00011976.JPEG,/home/dr-yougart/Desktop/vit_mi/Dataset/ILSVRC2012_img_val/ILSVRC2012_val_00011976.JPEG,450,450,421,True,False,clean_correct_blur_wrong,13.008779525756836,5.5034871101379395,-7.5052924156188965,4.038817405700684,-3.8980660438537598,-7.936883449554443,4.038817405700684,3.8980660438537598,0.9158090353012085,0.9958651661872864,0.9918702840805054,0.5464237928390503,390.350830078125,471.13232421875,1.273053526878357,2.3655102252960205,4.21001672744751,69.42406296730042,30.575940012931824
ILSVRC2012_val_00011977.JPEG,/home/dr-yougart/Desktop/vit_mi/Dataset/ILSVRC2012_img_val/ILSVRC2012_val_00011977.JPEG,350,350,350,True,True,clean_correct_blur_correct,15.323766708374023,12.079633712768555,-3.2441329956054688,7.357964992523193,2.5110092163085938,-4.8469557762146,7.357964992523193,2.5110092163085938,0.8920483589172363,0.9941230416297913,0.9875292181968689,0.5617326498031616,356.53216552734375,408.550048828125,1.221763014793396,1.788460612297058,3.8420422077178955,66.59231781959534,33.40768218040466
ILSVRC2012_val_00011978.JPEG,/home/dr-yougart/Desktop/vit_mi/Dataset/ILSVRC2012_img_val/ILSVRC2012_val_00011978.JPEG,124,124,124,True,True,clean_correct_blur_correct,14.868406295776367,10.995628356933594,-3.8727779388427734,3.430424690246582,2.8985633850097656,-0.5318613052368164,3.430424690246582,2.8985633850097656,0.9283201098442078,0.9963989853858948,0.9927037954330444,0.4111078977584839,365.6451721191406,388.5826721191406,1.083853840827942,0.5667656660079956,3.0119776725769043,54.691845178604126,45.30815780162811
ILSVRC2012_val_00011979.JPEG,/home/dr-yougart/Desktop/vit_mi/Dataset/ILSVRC2012_img_val/ILSVRC2012_val_00011979.JPEG,326,326,326,True,True,clean_correct_blur_correct,14.494928359985352,14.286276817321777,-0.20865154266357422,9.61982250213623,9.264942169189453,-0.35488033294677734,9.61982250213623,9.264942169189453,0.9512670040130615,0.9950396418571472,0.9903655648231506,0.29883649945259094,368.2691345214844,371.1492004394531,1.0420762300491333,0.21974053978919983,2.108124017715454,54.287898540496826,45.712101459503174
ILSVRC2012_val_00011980.JPEG,/home/dr-yougart/Desktop/vit_mi/Dataset/ILSVRC2012_img_val/ILSVRC2012_val_00011980.JPEG,982,982,601,True,False,clean_correct_blur_wrong,13.990287780761719,6.094598293304443,-7.895689487457275,5.906304359436035,-4.654250621795654,-10.560554504394531,5.906304359436035,2.853182792663574,0.9137669205665588,0.9956911206245422,0.991258978843689,0.4123155176639557,375.4308166503906,375.8575134277344,1.047774076461792,0.44012007117271423,3.2063210010528564,54.378122091293335,45.621874928474426
ILSVRC2012_val_00011981.JPEG,/home/dr-yougart/Desktop/vit_mi/Dataset/ILSVRC2012_img_val/ILSVRC2012_val_00011981.JPEG,479,468,660,False,False,clean_wrong_blur_wrong,6.3753981590271,3.4859583377838135,-2.889439821243286,-3.2834677696228027,-4.300764083862305,-1.017296314239502,0.17975902557373047,1.1842231750488281,0.9280346632003784,0.994756817817688,0.9905779957771301,0.3907763361930847,363.555419921875,346.2669677734375,1.001985788345337,-0.5545393228530884,2.712494134902954,42.88178086280823,57.11821913719177
ILSVRC2012_val_00011982.JPEG,/home/dr-yougart/Desktop/vit_mi/Dataset/ILSVRC2012_img_val/ILSVRC2012_val_00011982.JPEG,662,662,662,True,True,clean_correct_blur_correct,13.403470039367676,10.119729995727539,-3.2837400436401367,6.8279924392700195,2.5371041297912598,-4.29088830947876,6.8279924392700195,2.5371041297912598,0.9422459006309509,0.9968490600585938,0.993188202381134,0.3561060130596161,358.765869140625,373.39599609375,1.0575529336929321,0.421583890914917,2.6065611839294434,54.9352765083313,45.0647234916687
ILSVRC2012_val_00011983.JPEG,/home/dr-yougart/Desktop/vit_mi/Dataset/ILSVRC2012_img_val/ILSVRC2012_val_00011983.JPEG,574,574,574,True,True,clean_correct_blur_correct,14.979320526123047,14.45848560333252,-0.5208349227905273,8.987046241760254,6.639090061187744,-2.3479561805725098,8.987046241760254,6.639090061187744,0.9010650515556335,0.9901583790779114,0.9823203682899475,0.5246772170066833,380.8059997558594,439.0135498046875,1.2393274307250977,1.399967908859253,3.133589029312134,64.47678804397583,35.52321493625641
ILSVRC2012_val_00011984.JPEG,/home/dr-yougart/Desktop/vit_mi/Dataset/ILSVRC2012_img_val/ILSVRC2012_val_00011984.JPEG,887,887,400,True,False,clean_correct_blur_wrong,15.330326080322266,10.485069274902344,-4.845256805419922,6.20664119720459,-0.4106893539428711,-6.617330551147461,6.20664119720459,0.4106893539428711,0.933393657207489,0.9952450394630432,0.9912174940109253,0.36394986510276794,368.43988037109375,363.0247802734375,1.0123753547668457,-0.2210349291563034,2.6404614448547363,48.5161155462265,51.48388147354126
ILSVRC2012_val_00011985.JPEG,/home/dr-yougart/Desktop/vit_mi/Dataset/ILSVRC2012_img_val/ILSVRC2012_val_00011985.JPEG,152,152,152,True,True,clean_correct_blur_correct,15.215240478515625,15.380702018737793,0.16546154022216797,5.8367204666137695,6.3972930908203125,0.560572624206543,5.8367204666137695,6.3972930908203125,0.9611937999725342,0.9962428212165833,0.9928054809570312,0.2420853227376938,423.0730895996094,436.6035461425781,1.0559494495391846,0.348876416683197,1.8016877174377441,56.643807888031006,43.35619509220123
ILSVRC2012_val_00011986.JPEG,/home/dr-yougart/Desktop/vit_mi/Dataset/ILSVRC2012_img_val/ILSVRC2012_val_00011986.JPEG,579,579,579,True,True,clean_correct_blur_correct,14.103377342224121,10.5742769241333,-3.5291004180908203,2.991374969482422,2.092291831970215,-0.899083137512207,2.991374969482422,2.092291831970215,0.9157183170318604,0.9949399828910828,0.9896352291107178,0.47786152362823486,351.2130126953125,393.1341247558594,1.1568063497543335,1.1723337173461914,3.387605905532837,60.9044075012207,39.09558951854706
ILSVRC2012_val_00011987.JPEG,/home/dr-yougart/Desktop/vit_mi/Dataset/ILSVRC2012_img_val/ILSVRC2012_val_00011987.JPEG,627,627,627,True,True,clean_correct_blur_correct,14.711068153381348,7.987618446350098,-6.72344970703125,9.673786163330078,2.0757651329040527,-7.598021030426025,9.673786163330078,2.0757651329040527,0.8773778676986694,0.9927157163619995,0.9851778745651245,0.5324065685272217,367.8205871582031,352.4145812988281,1.0225045680999756,-0.15438836812973022,3.702064275741577,49.208736419677734,50.791263580322266
ILSVRC2012_val_00011988.JPEG,/home/dr-yougart/Desktop/vit_mi/Dataset/ILSVRC2012_img_val/ILSVRC2012_val_00011988.JPEG,689,689,996,True,False,clean_correct_blur_wrong,9.534591674804688,3.3224892616271973,-6.21210241317749,0.8389768600463867,-3.197524070739746,-4.036500930786133,0.8389768600463867,1.2941503524780273,0.9093820452690125,0.9953484535217285,0.991241991519928,0.452935129404068,350.7999572753906,358.026611328125,1.0487693548202515,0.17761170864105225,3.3098297119140625,50.87609887123108,49.12390112876892
ILSVRC2012_val_00011989.JPEG,/home/dr-yougart/Desktop/vit_mi/Dataset/ILSVRC2012_img_val/ILSVRC2012_val_00011989.JPEG,225,235,168,False,False,clean_wrong_blur_wrong,7.74860143661499,6.56694221496582,-1.18165922164917,-2.0329880714416504,-2.9018735885620117,-0.8688855171203613,1.890394687652588,0.49083709716796875,0.9350681900978088,0.9962058663368225,0.9913920164108276,0.3589790463447571,329.04742431640625,319.431396484375,1.0149234533309937,0.0038957346696406603,2.3006436824798584,50.24498105049133,49.755021929740906
ILSVRC2012_val_00011990.JPEG,/home/dr-yougart/Desktop/vit_mi/Dataset/ILSVRC2012_img_val/ILSVRC2012_val_00011990.JPEG,538,668,538,False,True,clean_wrong_blur_correct,13.196117401123047,7.1281938552856445,-6.067923545837402,-0.6118402481079102,0.48824548721313477,1.100085735321045,0.6118402481079102,0.48824548721313477,0.8915038108825684,0.990703284740448,0.9833129048347473,0.5256203413009644,376.50360107421875,415.2156677246094,1.1738396883010864,0.9558492302894592,3.2248966693878174,57.73900747299194,42.26098954677582
ILSVRC2012_val_00011991.JPEG,/home/dr-yougart/Desktop/vit_mi/Dataset/ILSVRC2012_img_val/ILSVRC2012_val_00011991.JPEG,598,598,598,True,True,clean_correct_blur_correct,12.685999870300293,10.684138298034668,-2.001861572265625,1.0188770294189453,0.13242053985595703,-0.8864564895629883,1.0188770294189453,0.13242053985595703,0.9579089283943176,0.9970130920410156,0.9943867921829224,0.2819719910621643,373.6766662597656,369.11956787109375,0.9978739619255066,-0.11091094464063644,2.166785717010498,48.64112734794617,51.35887265205383
ILSVRC2012_val_00011992.JPEG,/home/dr-yougart/Desktop/vit_mi/Dataset/ILSVRC2012_img_val/ILSVRC2012_val_00011992.JPEG,845,845,845,True,True,clean_correct_blur_correct,13.486451148986816,12.633975982666016,-0.8524751663208008,3.505679130554199,5.235746383666992,1.730067253112793,3.505679130554199,5.235746383666992,0.9270290732383728,0.9937520027160645,0.9882166981697083,0.39523836970329285,387.5958251953125,405.0618896484375,1.0922675132751465,0.5931849479675293,2.7755870819091797,55.43188452720642,44.56811845302582
ILSVRC2012_val_00011993.JPEG,/home/dr-yougart/Desktop/vit_mi/Dataset/ILSVRC2012_img_val/ILSVRC2012_val_00011993.JPEG,0,0,0,True,True,clean_correct_blur_correct,15.985064506530762,15.906805038452148,-0.07825946807861328,9.049521446228027,9.087835311889648,0.038313865661621094,9.049521446228027,9.087835311889648,0.9343720078468323,0.9932745099067688,0.9870035648345947,0.33280235528945923,430.90899658203125,417.7368469238281,0.9916228652000427,-0.45398715138435364,2.6424331665039062,44.26690638065338,55.73309659957886
ILSVRC2012_val_00011994.JPEG,/home/dr-yougart/Desktop/vit_mi/Dataset/ILSVRC2012_img_val/ILSVRC2012_val_00011994.JPEG,596,596,596,True,True,clean_correct_blur_correct,13.839937210083008,14.071281433105469,0.23134422302246094,3.9817657470703125,4.9034624099731445,0.921696662902832,3.9817657470703125,4.9034624099731445,0.9334537982940674,0.9920781850814819,0.9866883158683777,0.41354140639305115,356.73358154296875,370.66510009765625,1.0855406522750854,0.3015565276145935,2.555084466934204,50.88377594947815,49.11622107028961
ILSVRC2012_val_00011995.JPEG,/home/dr-yougart/Desktop/vit_mi/Dataset/ILSVRC2012_img_val/ILSVRC2012_val_00011995.JPEG,403,403,447,True,False,clean_correct_blur_wrong,14.792195320129395,5.1281914710998535,-9.664003372192383,8.71387767791748,-0.5356540679931641,-9.249531745910645,8.71387767791748,0.5356540679931641,0.9220275282859802,0.9954642653465271,0.9909560680389404,0.5024430155754089,356.48211669921875,398.5887145996094,1.1763923168182373,1.1282504796981812,3.585646390914917,58.72613191604614,41.27386808395386
ILSVRC2012_val_00011996.JPEG,/home/dr-yougart/Desktop/vit_mi/Dataset/ILSVRC2012_img_val/ILSVRC2012_val_00011996.JPEG,34,34,33,True,False,clean_correct_blur_wrong,14.576705932617188,8.14055061340332,-6.436155319213867,1.8134183883666992,-0.7625656127929688,-2.575984001159668,1.8134183883666992,0.7625656127929688,0.9395795464515686,0.9973047971725464,0.9944604635238647,0.5239595174789429,363.4329528808594,438.373291015625,1.2668447494506836,2.315608263015747,4.060018539428711,66.2044107913971,33.795592188835144
ILSVRC2012_val_00011997.JPEG,/home/dr-yougart/Desktop/vit_mi/Dataset/ILSVRC2012_img_val/ILSVRC2012_val_00011997.JPEG,831,831,831,True,True,clean_correct_blur_correct,13.23976993560791,11.630581855773926,-1.6091880798339844,6.677298545837402,4.7558913230896,-1.9214072227478027,6.677298545837402,4.7558913230896,0.9346491098403931,0.9942594170570374,0.9883697032928467,0.36564090847969055,331.6300964355469,335.67327880859375,1.0486195087432861,0.13954035937786102,2.2914810180664062,52.04569101333618,47.95379042625427
ILSVRC2012_val_00011998.JPEG,/home/dr-yougart/Desktop/vit_mi/Dataset/ILSVRC2012_img_val/ILSVRC2012_val_00011998.JPEG,376,376,376,True,True,clean_correct_blur_correct,15.405303955078125,15.284546852111816,-0.1207571029663086,7.737323760986328,5.875293731689453,-1.862030029296875,7.737323760986328,5.875293731689453,0.9177518486976624,0.9946128726005554,0.9904668927192688,0.4108377993106842,358.1923522949219,355.7638244628906,1.0221666097640991,-0.3498331904411316,2.7964344024658203,45.23111879825592,54.76888418197632
ILSVRC2012_val_00011999.JPEG,/home/dr-yougart/Desktop/vit_mi/Dataset/ILSVRC2012_img_val/ILSVRC2012_val_00011999.JPEG,561,561,561,True,True,clean_correct_blur_correct,14.71324348449707,12.690411567687988,-2.022831916809082,9.071768760681152,5.315223693847656,-3.756545066833496,9.071768760681152,5.315223693847656,0.9427992105484009,0.996274471282959,0.9920989274978638,0.32481148838996887,402.4375,394.0618591308594,1.0053584575653076,-0.030183501541614532,2.685077428817749,50.2837598323822,49.71623718738556
ILSVRC2012_val_00012000.JPEG,/home/dr-yougart/Desktop/vit_mi/Dataset/ILSVRC2012_img_val/ILSVRC2012_val_00012000.JPEG,359,359,358,True,False,clean_correct_blur_wrong,14.253418922424316,12.571734428405762,-1.6816844940185547,2.5859203338623047,-0.34067440032958984,-2.9265947341918945,2.5859203338623047,0.34067440032958984,0.9473273754119873,0.9972935914993286,0.9941269755363464,0.36450377106666565,364.76239013671875,384.6033020019531,1.1062713861465454,0.9488949775695801,2.615737199783325,62.14008927345276,37.85991370677948
