feature_index,valid_sample_count,mean_clean_activation,mean_blur_activation,mean_signed_change,mean_absolute_change,mean_change_correct_to_correct,mean_change_correct_to_wrong,group_change_difference,clean_activation_frequency,blur_activation_frequency,pearson_with_delta_margin,pearson_pvalue,pearson_qvalue,spearman_with_delta_margin,spearman_pvalue,spearman_qvalue
19861,50,10.269134273529053,11.673170928955079,1.4040364027023315,1.788632869720459,1.3566464185714722,0.8620365262031555,-0.49460989236831665,0.9984693877551021,0.9997959183673469,0.3599092432640156,0.0102511984323509,0.9833011361316991,0.46314525810324125,0.000706743089599205,0.7590420782295462
3867,50,11.005920028686523,11.711063346862794,0.7051432728767395,1.5651081800460815,0.4231969714164734,0.1842820644378662,-0.23891490697860718,0.9988775510204082,0.9990816326530613,0.34854219611252113,0.013117691870641372,0.9833011361316991,0.37565426170468186,0.007180961463516408,0.9952762198263317
3405,50,10.535805778503418,10.662528266906738,0.12672246992588043,1.3626227378845215,-0.0793716087937355,-0.4302668273448944,-0.3508952260017395,0.9994897959183674,0.9953061224489796,0.352783953253614,0.011976583527479469,0.9833011361316991,0.3522208883553421,0.012122973568062655,0.9952762198263317
20361,50,10.076674823760987,10.761985511779786,0.6853107213973999,1.3377299308776855,0.5160641074180603,1.984879493713379,1.4688153266906738,0.9977551020408163,0.9983673469387755,-0.34744231535061376,0.013428343602487638,0.9833011361316991,-0.34501800720288117,0.014135362467007482,0.9952762198263317
22143,50,8.953975849151611,9.680710334777832,0.726734459400177,1.3512028455734253,0.4042324423789978,1.9418201446533203,1.5375876426696777,0.9387755102040817,0.9422448979591836,-0.3297321396649883,0.019366443734171398,0.9833011361316991,-0.3443457382953181,0.014336964011880272,0.9952762198263317
10100,50,10.1267041015625,10.4964568901062,0.3697526454925537,1.5149693489074707,-0.08082538098096848,1.7314437627792358,1.8122690916061401,0.9976530612244898,0.9993877551020408,-0.3772493347299728,0.0069199805114322395,0.9833011361316991,-0.34012004801920764,0.015661240466766816,0.9952762198263317
4488,50,7.9427170753479,8.409155921936035,0.46643880009651184,1.0584039688110352,0.06879537552595139,1.6094045639038086,1.5406092405319214,0.9985714285714286,0.9986734693877551,-0.34547866627357526,0.013998621634978649,0.9833011361316991,-0.3380072028811525,0.016361543963245597,0.9952762198263317
10585,50,10.056933937072754,10.706904258728027,0.6499701142311096,1.342627763748169,-0.0370846651494503,2.356884241104126,2.3939688205718994,0.9970408163265306,0.9986734693877551,-0.370612608566212,0.00806290891372971,0.9833011361316991,-0.3366626650660264,0.016820919561932605,0.9952762198263317
7341,50,9.807091598510743,10.52576955795288,0.7186779975891113,1.298988938331604,0.42726853489875793,1.3998035192489624,0.9725350141525269,0.9988775510204082,0.9992857142857143,-0.24220456804892468,0.09013938117746215,0.9833011361316991,-0.3362785114045618,0.01695416579500534,0.9952762198263317
8068,50,9.824607734680177,11.526874389648437,1.7022663354873657,1.9927140474319458,0.9790872931480408,3.3561437129974365,2.377056360244751,0.9986734693877551,0.9990816326530613,-0.35413443573508174,0.011631644395960435,0.9833011361316991,-0.3302280912364946,0.019174048424877698,0.9952762198263317
8012,50,7.873283443450927,8.879169101715087,1.0058856010437012,1.386765718460083,0.6180754899978638,2.087871789932251,1.4697962999343872,0.9396938775510204,0.9455102040816327,-0.31240426689088363,0.02719091382439407,0.9833011361316991,-0.3200480192076831,0.0234635250302679,0.9952762198263317
18473,50,8.447237701416016,8.907699756622314,0.46046197414398193,0.910662055015564,0.5150994062423706,0.09703858941793442,-0.4180608093738556,0.9444897959183673,0.9496938775510204,0.3272455432986969,0.020355874592508448,0.9833011361316991,0.3182232893157263,0.024311847498337553,0.9952762198263317
10528,50,8.54413164138794,9.317001285552978,0.772869348526001,1.1149004697799683,0.5520793199539185,1.4001001119613647,0.8480207920074463,0.9989795918367347,0.9997959183673469,-0.28505491744517825,0.04480255044210218,0.9833011361316991,-0.3176470588235294,0.024585027875334915,0.9952762198263317
3457,50,9.7025270652771,10.365878772735595,0.6633517742156982,1.1006197929382324,0.5648297071456909,0.5170473456382751,-0.04778236150741577,0.9994897959183674,0.9992857142857143,0.11548181914790068,0.4245205177172406,0.9901066683689362,0.312172869147659,0.02731105081561385,0.9952762198263317
10312,50,10.14658567428589,11.269427185058595,1.1228415966033936,1.837186336517334,0.8390387296676636,1.2287670373916626,0.389728307723999,0.9985714285714286,0.9977551020408163,0.21100077102478965,0.14132330889843078,0.9833011361316991,0.3112124849939976,0.02781441253826002,0.9952762198263317
23808,50,8.690859127044678,9.695395832061768,1.0045366287231445,1.6213700771331787,0.5332346558570862,2.497600793838501,1.9643661975860596,0.9834693877551021,0.9895918367346939,-0.2847705081230157,0.04502569928887453,0.9833011361316991,-0.3105402160864345,0.02817135463246212,0.9952762198263317
1486,50,9.747541217803954,11.140601692199708,1.3930604457855225,1.8224284648895264,1.0144093036651611,1.3782634735107422,0.36385416984558105,0.9972448979591837,0.9986734693877551,0.18130037174737265,0.20765679741449997,0.9833011361316991,0.30929171668667466,0.02884438870660877,0.9952762198263317
23307,50,9.94101640701294,10.713935890197753,0.7729194760322571,1.4398102760314941,0.680311381816864,1.5165433883666992,0.8362320065498352,0.9965306122448979,0.9989795918367347,-0.2848848621259912,0.044935867790562425,0.9833011361316991,-0.30679471788715484,0.03023070527190132,0.9952762198263317
22313,50,9.169748268127442,10.262673835754395,1.092925786972046,1.320336937904358,0.7706276178359985,1.4959659576416016,0.725338339805603,0.9993877551020408,0.9997959183673469,0.25013468099356684,0.07978202400456583,0.9833011361316991,0.3024729891956782,0.032760974243291066,0.9952762198263317
4294,50,10.604456195831299,11.53093111038208,0.9264750480651855,1.8392916917800903,0.3190494477748871,2.8662002086639404,2.5471508502960205,0.9995918367346939,0.9988775510204082,-0.3487595097378889,0.013057047035213543,0.9833011361316991,-0.30045618247298916,0.03400049515185494,0.9952762198263317
23543,50,0.29198515295982364,0.28858776926994323,-0.003397382562980056,0.05694076046347618,-0.006563794333487749,0.014606482349336147,0.021170277148485184,0.05857142857142857,0.05663265306122449,-0.24626622320675337,0.08471091172792894,0.9833011361316991,-0.29584633853541414,0.03697991691970869,0.9952762198263317
397,50,9.09878402709961,10.181338691711426,1.0825546979904175,1.4245883226394653,0.6489429473876953,2.126969575881958,1.4780266284942627,0.9989795918367347,0.9983673469387755,-0.283120709337235,0.046338103477728904,0.9833011361316991,-0.29517406962785114,0.03743187773002154,0.9952762198263317
19514,50,7.682827587127686,8.45823802947998,0.7754104733467102,1.2084298133850098,0.4934120774269104,1.3313056230545044,0.837893545627594,0.996734693877551,0.9991836734693877,-0.2082567208027437,0.146691303464489,0.9833011361316991,-0.28797118847539016,0.042566123666693774,0.9952762198263317
13024,50,11.112264862060547,12.392334976196288,1.2800700664520264,1.7288310527801514,0.6200512647628784,3.0584676265716553,2.4384164810180664,0.9976530612244898,0.9993877551020408,-0.276691371074818,0.051753301714893535,0.9833011361316991,-0.28720288115246095,0.043146258409119315,0.9952762198263317
5411,50,10.518262786865234,11.870586776733399,1.3523242473602295,1.7775988578796387,0.8614813685417175,2.7704038619995117,1.9089224338531494,0.9985714285714286,0.9983673469387755,-0.3479565056450582,0.013282340310181238,0.9833011361316991,-0.28624249699879956,0.043880508173314646,0.9952762198263317
12018,50,10.263362159729004,11.565302639007568,1.3019404411315918,1.708043098449707,1.1630878448486328,1.9330047369003296,0.7699168920516968,0.9978571428571429,0.9991836734693877,-0.16171588806766693,0.26186840859273147,0.9833011361316991,-0.28528211284513805,0.04462494150408548,0.9952762198263317
15824,50,10.078352794647216,10.683870124816895,0.6055172681808472,1.2274823188781738,0.3063601553440094,1.669934630393982,1.363574504852295,0.9987755102040816,0.9994897959183674,-0.4106049696332671,0.0030583888775453406,0.9833011361316991,-0.284609843937575,0.045152157685187246,0.9952762198263317
7814,50,9.908509292602538,10.926186294555665,1.017676830291748,1.3331407308578491,0.7141947746276855,1.9611161947250366,1.246921420097351,0.9978571428571429,0.9992857142857143,-0.3369410054801919,0.016724932317898837,0.9833011361316991,-0.2838415366146458,0.045760904897916524,0.9952762198263317
22123,25,0.1823102419450879,0.1704453295469284,-0.011864912696182728,0.0674641877412796,-0.03602331504225731,0.0059879072941839695,0.04201122373342514,0.018367346938775512,0.017244897959183672,-0.0735593556612866,0.726758339291515,0.9989285729703453,0.28307692307692306,0.1703248410308103,0.9952762198263317
18791,50,10.71038745880127,11.480852279663086,0.7704648375511169,1.2221715450286865,0.6439779996871948,0.8465579152107239,0.20257991552352905,0.938469387755102,0.9419387755102041,0.16631170403559564,0.24837002057714533,0.9833011361316991,0.28268907563025214,0.04668656337270081,0.9952762198263317
20288,50,10.232750282287597,10.770206146240234,0.5374559164047241,1.572912335395813,0.12999224662780762,0.41498371958732605,0.28499147295951843,0.9987755102040816,0.9991836734693877,0.2477317313676778,0.08281634925582615,0.9833011361316991,0.2802881152460984,0.048664042328694083,0.9952762198263317
9220,50,8.77642972946167,9.61467041015625,0.8382406830787659,1.127566933631897,0.585957407951355,1.6182432174682617,1.0322858095169067,0.9396938775510204,0.9430612244897959,-0.32569387084391577,0.02099466925872956,0.9833011361316991,-0.2751020408163265,0.05316807849876854,0.9952762198263317
2614,50,10.660487117767333,11.362485103607177,0.7019979953765869,1.4015820026397705,0.20879651606082916,1.01112699508667,0.802330493927002,0.9962244897959184,0.996938775510204,0.2121516412129134,0.13911598026858196,0.9833011361316991,0.27385354141656665,0.05430125997895698,0.9952762198263317
2932,50,10.580969314575196,10.92402614593506,0.3430567979812622,1.3169333934783936,0.03673376515507698,1.1006007194519043,1.0638669729232788,0.9998979591836735,0.9989795918367347,-0.11173578820245995,0.4397997414076396,0.9901066683689362,-0.268859543817527,0.05903058455193177,0.9952762198263317
19148,50,10.352783660888672,10.974653301239014,0.621869683265686,1.264461636543274,0.6652577519416809,0.08482512086629868,-0.580432653427124,0.9973469387755102,0.9976530612244898,0.2751142344376404,0.05315710621179053,0.9833011361316991,0.26626650660264106,0.06161366531996931,0.9952762198263317
2425,50,0.33075294017791745,0.32217913150787353,-0.008573809638619423,0.0665614902973175,-0.03157540038228035,0.013927911408245564,0.04550331085920334,0.059387755102040814,0.056428571428571425,-0.10833057240654106,0.45394998371101175,0.9901066683689362,-0.26569027611044416,0.062199808887774335,0.9952762198263317
11676,50,9.034685611724854,9.610735626220704,0.5760501623153687,1.430173397064209,0.03615038841962814,1.8550008535385132,1.8188505172729492,0.9990816326530613,0.998265306122449,-0.20334247589845642,0.1566797051868723,0.9833011361316991,-0.26482593037214885,0.06308739069885355,0.9952762198263317
16103,50,8.298644714355468,9.103619728088379,0.8049749732017517,1.2498910427093506,0.8350534439086914,1.2798418998718262,0.44478845596313477,0.9981632653061224,0.9994897959183674,-0.3317248534150837,0.018603185769578815,0.9833011361316991,-0.2647298919567827,0.0631866334343195,0.9952762198263317
12002,50,10.451438102722168,11.344509429931641,0.8930711150169373,1.4245837926864624,0.8888601064682007,1.2597404718399048,0.3708803653717041,0.9989795918367347,0.9990816326530613,-0.276181642993598,0.05220368569168088,0.9833011361316991,-0.2638655462184874,0.0640854507661199,0.9952762198263317
15650,50,8.561719074249268,9.464954471588134,0.9032354950904846,1.3951499462127686,0.6218022704124451,1.6566146612167358,1.0348124504089355,0.9988775510204082,0.9989795918367347,-0.20759553636864897,0.14800701697327964,0.9833011361316991,-0.2632893157262905,0.0646903202290035,0.9952762198263317
1317,50,8.549052677154542,9.380917701721192,0.831865131855011,1.2945233583450317,0.4790058135986328,1.8346999883651733,1.3556941747665405,1.0,0.9993877551020408,-0.3761318614352274,0.0071019356003330335,0.9833011361316991,-0.26319327731092435,0.06479157382599328,0.9952762198263317
1871,50,9.324003067016601,10.02803367614746,0.704030454158783,1.15596342086792,0.6846634745597839,0.4337950050830841,-0.25086846947669983,0.9958163265306123,0.9997959183673469,0.3032061823262568,0.0323197460312816,0.9833011361316991,0.261656662665066,0.06642891656266883,0.9952762198263317
10437,50,9.734071884155274,10.693346176147461,0.9592742919921875,1.3808990716934204,0.5099001526832581,2.130742311477661,1.6208422183990479,0.9974489795918368,0.9988775510204082,-0.1555100079993047,0.2808614000821062,0.9833011361316991,-0.2611764705882353,0.06694729922761215,0.9952762198263317
14984,50,65.0112582397461,66.50520858764648,1.4939510822296143,5.152890682220459,-0.02344444766640663,3.320579767227173,3.344024181365967,1.0,0.9996938775510205,-0.1700780843524609,0.23766531203432073,0.9833011361316991,-0.2606002400960384,0.06757360929381802,0.9952762198263317
24117,50,10.213704795837403,10.668168334960937,0.45446354150772095,1.448868989944458,-0.1410645991563797,2.196152925491333,2.3372175693511963,0.9995918367346939,0.9990816326530613,-0.3029863529751065,0.032451516601239606,0.9833011361316991,-0.26002400960384153,0.06820457812968254,0.9952762198263317
17130,50,10.083653869628906,10.735731239318847,0.652077317237854,1.296854853630066,0.47736141085624695,1.2642381191253662,0.7868766784667969,0.9977551020408163,0.9993877551020408,-0.29458602121225314,0.03783094074842842,0.9833011361316991,-0.25935174069627853,0.06894662692349268,0.9952762198263317
2215,50,8.983858776092529,9.485342979431152,0.5014840960502625,1.4576727151870728,-0.061947327107191086,1.6807317733764648,1.7426791191101074,0.9993877551020408,0.9966326530612245,-0.24398331039075732,0.08772962387938037,0.9833011361316991,-0.25791116446578627,0.07055835617440333,0.9952762198263317
20309,50,0.27359570145606993,0.3409139198064804,0.06731821596622467,0.0772593766450882,0.05847734585404396,0.08353925496339798,0.02506190910935402,0.05887755102040816,0.05653061224489796,-0.1381684745664169,0.3386240520745854,0.9833011361316991,-0.2564705882352941,0.07219986568361518,0.9952762198263317
16242,50,10.241551494598388,11.091650848388673,0.8500992059707642,1.4685691595077515,0.1039014533162117,2.3678863048553467,2.2639849185943604,0.998265306122449,0.9997959183673469,-0.1497846323951319,0.2991676448376838,0.9833011361316991,-0.2562785114045618,0.07242100276516225,0.9952762198263317
1297,50,6.1269433975219725,6.4269571876525875,0.30001378059387207,0.7325379848480225,0.36002078652381897,-0.14530539512634277,-0.5053261518478394,0.9385714285714286,0.9418367346938775,0.3093208807302291,0.02882851559953634,0.9833011361316991,0.2560864345738295,0.07264267642935449,0.9952762198263317
2686,50,10.432796230316162,10.527295570373536,0.09449934959411621,1.3092410564422607,-0.29721805453300476,0.31765690445899963,0.6148749589920044,0.9993877551020408,0.998265306122449,0.257130558969082,0.07144412236357117,0.9833011361316991,0.25474189675870346,0.0742094870889407,0.9952762198263317
20683,50,9.274763107299805,10.560124702453614,1.285361647605896,1.5249192714691162,0.7900956273078918,2.3074731826782227,1.5173776149749756,0.9994897959183674,0.9998979591836735,-0.21713712806980057,0.12985008537001594,0.9833011361316991,-0.2546458583433373,0.07432241743299782,0.9952762198263317
17082,50,7.824473400115966,8.901378688812256,1.0769054889678955,1.3683710098266602,0.7646064758300781,1.567013144493103,0.8024066686630249,0.9971428571428571,0.998061224489796,0.1736857706641156,0.22771166592268466,0.9833011361316991,0.25406962785114046,0.07500285778726266,0.9952762198263317
7238,50,10.085648651123046,10.897804107666015,0.8121553659439087,1.359169602394104,0.3355925977230072,0.9288751482963562,0.5932825803756714,0.9957142857142857,0.9990816326530613,0.21669572305872775,0.13065124730674368,0.9833011361316991,0.25224489795918364,0.07719012781215712,0.9952762198263317
6955,50,9.698521747589112,11.10704511642456,1.4085232019424438,1.708187222480774,1.5462645292282104,0.6201027035713196,-0.9261618256568909,0.9893877551020408,0.9955102040816326,0.23021870394933752,0.1077463938167536,0.9833011361316991,0.25157262905162064,0.07800853491691731,0.9952762198263317
22359,50,10.073279075622558,11.374571075439453,1.301291823387146,1.7773501873016357,1.1331970691680908,1.6058645248413086,0.4726674556732178,0.998265306122449,0.9994897959183674,-0.08786852422138447,0.5439937923984802,0.9933406819150514,-0.2514765906362545,0.07812600655866078,0.9952762198263317
10066,50,10.464240798950195,10.766064224243165,0.3018234670162201,1.6534854173660278,0.161752849817276,-0.2813364267349243,-0.4430892765522003,0.998061224489796,0.9988775510204082,0.28483328409570313,0.04497636709956502,0.9833011361316991,0.25138055222088834,0.07824361760042567,0.9952762198263317
7331,50,11.093010387420655,11.759225463867187,0.6662151217460632,1.4826370477676392,0.19455812871456146,1.8136135339736938,1.6190553903579712,0.9989795918367347,0.9993877551020408,-0.250733888397061,0.07903917562823091,0.9833011361316991,-0.25090036014405764,0.07883376748050858,0.9952762198263317
3020,50,9.393284225463868,10.870403633117675,1.4771195650100708,1.7220593690872192,0.748114287853241,2.9478371143341064,2.1997227668762207,0.9993877551020408,0.9997959183673469,-0.2130923831908859,0.13733084660108935,0.9833011361316991,-0.24897959183673468,0.08122950527786901,0.9952762198263317
21417,50,11.02411117553711,11.31362319946289,0.28951218724250793,1.0971938371658325,-0.0068061864003539085,1.4052238464355469,1.4120299816131592,0.9993877551020408,0.9994897959183674,-0.29320349876341395,0.038782968312211556,0.9833011361316991,-0.2469627851140456,0.08380622897778385,0.9952762198263317
13473,50,8.117015113830567,8.74551212310791,0.6284970641136169,1.1485586166381836,0.5055420994758606,1.0794650316238403,0.5739229321479797,0.9612244897959183,0.9669387755102041,-0.21152504226317156,0.1403145650564257,0.9833011361316991,-0.246578631452581,0.08430421976111703,0.9952762198263317
18939,50,9.879773483276367,10.574809894561767,0.6950362920761108,1.2894800901412964,0.7016753554344177,0.4004705250263214,-0.3012048304080963,0.9990816326530613,0.9995918367346939,0.13241837999023953,0.35929865462433747,0.9833011361316991,0.24619447779111645,0.08480452628286793,0.9952762198263317
2431,50,8.448542881011964,9.039720840454102,0.5911779999732971,1.136104941368103,0.45746928453445435,1.0424894094467163,0.585020124912262,0.9987755102040816,0.9996938775510205,-0.26547128944778914,0.06242373072588923,0.9833011361316991,-0.24504201680672266,0.08631940691953587,0.9952762198263317
19117,50,0.34456513047218323,0.32119500041008,-0.023370128124952316,0.07472904026508331,-0.050442393869161606,-0.004705410450696945,0.04573698341846466,0.05887755102040816,0.05581632653061225,-0.08348200563766142,0.5643556530838028,0.9933406819150514,-0.2428331332533013,0.08928200659805167,0.9952762198263317
6107,50,4.280592002868652,4.145331535339356,-0.13526049256324768,0.42235738039016724,-0.14592978358268738,-0.14853322505950928,-0.0026034414768218994,0.06051020408163265,0.05755102040816327,-0.17653386924224085,0.22005971477969263,0.9833011361316991,-0.242641056422569,0.08954332540735466,0.9952762198263317
11577,50,10.07945592880249,11.40885726928711,1.3294012546539307,1.6693872213363647,1.1347464323043823,2.238877296447754,1.1041308641433716,0.9976530612244898,0.9985714285714286,-0.18120634145419479,0.207896623386969,0.9833011361316991,-0.241968787515006,0.09046263982568437,0.9952762198263317
23925,50,7.233221626281738,7.684043350219727,0.45082172751426697,1.006872296333313,0.051047902554273605,1.1554104089736938,1.1043624877929688,0.9430612244897959,0.9445918367346938,-0.27467552618561075,0.05355302687208928,0.9833011361316991,-0.24187274909963982,0.09059456847961313,0.9952762198263317
13349,50,8.538906707763672,9.81409013748169,1.2751834392547607,1.6629618406295776,1.0892022848129272,1.8403633832931519,0.7511610984802246,0.9371428571428572,0.9437755102040817,-0.30401783038645674,0.03183706508638516,0.9833011361316991,-0.24168067226890755,0.09085887533648027,0.9952762198263317
22340,50,10.142680282592773,10.734168090820312,0.59148770570755,1.1948275566101074,0.21611908078193665,1.4760431051254272,1.259924054145813,0.9984693877551021,0.9997959183673469,-0.0683423336408778,0.6372248598659441,0.9989285729703453,-0.24129651860744294,0.09138929013326061,0.9952762198263317
3425,50,8.762958946228027,9.445051956176759,0.6820930242538452,1.1199856996536255,0.6456605195999146,1.1431928873062134,0.49753236770629883,0.9942857142857143,0.9987755102040816,-0.2500703650110637,0.07986208313405915,0.9833011361316991,-0.23966386554621846,0.09367048501769662,0.9952762198263317
18821,50,6.829794750213623,7.166397380828857,0.3366025686264038,0.9915444254875183,0.020338227972388268,0.6272278428077698,0.6068896055221558,0.948469387755102,0.9512244897959183,0.13389225812607286,0.3539275094707698,0.9833011361316991,0.23841536614645856,0.09544457665223652,0.9952762198263317
9913,50,9.83064374923706,10.104399642944337,0.2737559378147125,1.2665352821350098,0.2519143521785736,-0.0017700990429148078,-0.25368446111679077,0.9965306122448979,0.9974489795918368,0.15713956228645626,0.27578873906617835,0.9833011361316991,0.23505402160864344,0.10035055369507438,0.9952762198263317
21676,50,7.90369909286499,8.634040374755859,0.7303411364555359,1.2730506658554077,0.41984882950782776,0.5546334385871887,0.13478460907936096,0.9395918367346939,0.9410204081632653,0.26753015646185974,0.06034377444159357,0.9833011361316991,0.23409363745498196,0.1017874113284312,0.9952762198263317
2637,50,8.103333797454834,9.059244041442872,0.9559102654457092,1.3546441793441772,0.5561848282814026,2.201753854751587,1.645569086074829,0.9962244897959184,0.9993877551020408,-0.22300474775603224,0.1195480639402046,0.9833011361316991,-0.2327490996398559,0.10382559084781909,0.9952762198263317
14655,50,11.035184898376464,12.412400550842285,1.3772157430648804,1.9845012426376343,0.7329409718513489,2.870624303817749,2.137683391571045,0.9984693877551021,0.9991836734693877,-0.2312925503866384,0.10606884871623089,0.9833011361316991,-0.2322689075630252,0.10456107303396185,0.9952762198263317
14773,50,10.873847999572753,11.713664665222169,0.839816689491272,1.3137731552124023,0.810430109500885,0.6764796376228333,-0.13395047187805176,0.9987755102040816,0.9997959183673469,0.16057283993724228,0.265300452582284,0.9833011361316991,0.23178871548619448,0.1053005546601327,0.9952762198263317
10320,50,6.071605911254883,5.858613748550415,-0.21299228072166443,0.587200939655304,-0.22386468946933746,-0.20573563873767853,0.018129050731658936,0.06051020408163265,0.05744897959183674,-0.15245176191215665,0.29054605285627394,0.9833011361316991,-0.23111644657863145,0.10634257172415776,0.9952762198263317
19801,50,10.379169731140136,11.451993293762207,1.0728235244750977,1.4651201963424683,0.6401166319847107,2.018705129623413,1.3785884380340576,0.9985714285714286,0.9995918367346939,-0.3300376031655139,0.019247752575484216,0.9833011361316991,-0.23111644657863145,0.10634257172415776,0.9952762198263317
7422,50,10.22557460784912,11.117255859375,0.8916811943054199,1.5364874601364136,1.1556589603424072,1.4170960187911987,0.2614370584487915,0.9988775510204082,0.998265306122449,-0.21019980297901744,0.14287484758953775,0.9833011361316991,-0.2304441776710684,0.1073924862338599,0.9952762198263317
17225,50,0.32549107730388643,0.34606590211391447,0.020574824884533882,0.06923585385084152,0.023809079080820084,0.031373362988233566,0.007564283907413483,0.059081632653061225,0.05653061224489796,-0.16766108397182744,0.24449793484028445,0.9833011361316991,-0.22957983193277312,0.10875403545139356,0.9952762198263317
15982,50,13.265804977416993,15.250744972229004,1.9849400520324707,2.3148245811462402,1.6802269220352173,3.013948678970337,1.3337217569351196,0.9987755102040816,0.9988775510204082,-0.2340472394840529,0.10185722811313148,0.9833011361316991,-0.2292917166866747,0.10921081124247119,0.9952762198263317
9969,50,8.568076229095459,9.214141731262208,0.6460654735565186,1.0429654121398926,0.4593462646007538,1.0013099908828735,0.5419636964797974,0.9357142857142857,0.9446938775510204,0.1468532016906223,0.3088323235004023,0.9833011361316991,0.22823529411764704,0.11089823095836394,0.9952762198263317
2015,50,11.467000331878662,12.727110595703126,1.2601102590560913,1.5931237936019897,1.1287223100662231,2.0959813594818115,0.9672590494155884,0.9981632653061224,0.998061224489796,-0.17036899357236693,0.2368518355004066,0.9833011361316991,-0.22785114045618246,0.11151675520937382,0.9952762198263317
6405,50,0.3022328621149063,0.30576547265052795,0.0035326106008142233,0.05867844447493553,-0.024581432342529297,0.0472014844417572,0.0717829167842865,0.05887755102040816,0.05622448979591837,-0.1594617690604872,0.26866511413135746,0.9833011361316991,-0.22785114045618246,0.11151675520937382,0.9952762198263317
8715,50,8.376148185729981,8.582485237121581,0.20633698999881744,1.0570740699768066,0.11530470848083496,-0.08068954944610596,-0.19599425792694092,0.9985714285714286,0.9994897959183674,0.19479634121573308,0.17522449671268267,0.9833011361316991,0.22785114045618246,0.11151675520937382,0.9952762198263317
14852,50,10.809464683532715,11.94856258392334,1.139098048210144,1.6772329807281494,0.7277014851570129,2.5240697860717773,1.7963683605194092,0.998265306122449,0.9972448979591837,-0.20253053067568133,0.15837695388316256,0.9833011361316991,-0.2276590636254502,0.11182700408126084,0.9952762198263317
2046,50,11.730950508117676,12.665454139709473,0.9345037341117859,1.5522994995117188,0.47098585963249207,1.863551139831543,1.3925652503967285,1.0,1.0,-0.1862158601274671,0.19538920867891996,0.9833011361316991,-0.22756302521008404,0.11198237554583138,0.9952762198263317
19662,50,9.238468627929688,10.270491790771484,1.0320234298706055,1.240837812423706,0.8051708936691284,1.1829954385757446,0.3778245449066162,0.9993877551020408,0.9997959183673469,0.26658869935282736,0.061287864700471074,0.9833011361316991,0.22746698679471786,0.11213791182631927,0.9952762198263317
24165,50,9.61333288192749,10.201199951171875,0.5878669619560242,1.131408452987671,0.4729573130607605,0.5833953619003296,0.11043804883956909,0.9994897959183674,0.9989795918367347,0.1896474917030204,0.1871357016908581,0.9833011361316991,0.22660264105642255,0.11354517114815992,0.9952762198263317
1483,50,9.67617115020752,10.480957069396972,0.8047859072685242,1.2515788078308105,0.35011181235313416,1.849561095237732,1.4994492530822754,0.9974489795918368,0.9992857142857143,-0.3987623450424399,0.004125758554015677,0.9833011361316991,-0.22593037214885953,0.11464898673512432,0.9952762198263317
16881,50,10.308543167114259,10.749024925231934,0.44048184156417847,1.2627886533737183,0.047795314341783524,1.1473039388656616,1.0995086431503296,0.9961224489795918,0.9978571428571429,-0.17178858465014518,0.23290954905598954,0.9833011361316991,-0.22429771908763504,0.11736370668289967,0.9952762198263317
13502,50,9.110319442749024,9.791818656921386,0.681499183177948,1.3656421899795532,0.15169639885425568,2.1353302001953125,1.9836337566375732,0.9985714285714286,0.9992857142857143,-0.28717533199824685,0.043167179816354435,0.9833011361316991,-0.22391356542617047,0.1180095072038705,0.9952762198263317
920,50,10.016037673950196,10.629215869903565,0.6131780743598938,1.1722849607467651,0.2827851176261902,1.8249378204345703,1.5421526432037354,0.9978571428571429,0.9979591836734694,-0.21784474864512493,0.1285734482666028,0.9833011361316991,-0.2238175270108043,0.11817137831176079,0.9952762198263317
13197,50,8.807501831054687,9.33292953491211,0.5254277586936951,1.208984613418579,0.5064763426780701,0.0700974091887474,-0.43637892603874207,0.998061224489796,0.9984693877551021,0.20888067590353976,0.14545763755652205,0.9833011361316991,0.22343337334933971,0.11882054952015228,0.9952762198263317
3275,50,8.891686401367188,9.827703437805177,0.9360169768333435,1.4297045469284058,0.35753560066223145,1.2679485082626343,0.9104129076004028,0.9988775510204082,0.9979591836734694,0.16078557187714484,0.2646594557311418,0.9833011361316991,0.2225690276110444,0.1202910783963517,0.9952762198263317
6761,50,9.412227420806884,10.195540943145751,0.7833133935928345,1.1605157852172852,0.6449083685874939,0.7648150324821472,0.11990666389465332,0.9970408163265306,0.9977551020408163,0.3112036157946101,0.027819096957024784,0.9833011361316991,0.22237695078031214,0.12061972816489207,0.9952762198263317
3413,50,0.2686370009183884,0.2799659359455109,0.011328935623168945,0.05627429112792015,0.008856622502207756,0.01394892018288374,0.005092297680675983,0.05795918367346939,0.05551020408163265,-0.03043996297424122,0.8337867097369077,0.9989285729703453,-0.2221848739495798,0.12094905796724006,0.9952762198263317
13216,50,10.245971298217773,11.994510688781737,1.7485394477844238,1.9638259410858154,0.9614485502243042,2.9688003063201904,2.007351875305176,0.9934693877551021,0.9959183673469387,-0.024497981313731692,0.8658983099627824,0.9989285729703453,-0.22064825930372148,0.12360826820453569,0.9952762198263317
18655,50,10.594049587249756,11.3358207321167,0.7417711019515991,1.4973688125610352,0.36793237924575806,1.1863175630569458,0.8183851838111877,0.9992857142857143,0.9992857142857143,0.1365320943121786,0.34443093976102324,0.9833011361316991,0.22026410564225687,0.1242799238462067,0.9952762198263317
11788,50,10.129729766845703,10.942722282409669,0.8129923939704895,1.4810190200805664,0.2315039336681366,1.8767131567001343,1.6452091932296753,0.9966326530612245,0.9987755102040816,-0.1334091604446777,0.35568258752901705,0.9833011361316991,-0.2186314525810324,0.1271652478428133,0.9952762198263317
10055,50,10.575990600585937,11.498892288208008,0.9229018688201904,1.3805437088012695,0.5985106825828552,0.893820583820343,0.2953099012374878,0.9407142857142857,0.9441836734693878,0.30178823435788854,0.03317755145831902,0.9833011361316991,0.21843937575030012,0.12750798834415739,0.9952762198263317
13552,49,0.2917481255531311,0.28798327445983884,-0.003764851950109005,0.05977005884051323,-0.012007980607450008,-0.004559377674013376,0.007448602933436632,0.05959183673469388,0.056428571428571425,-0.10736282917359159,0.4627872881947914,0.9901066683689362,-0.2180612244897959,0.13227195469614908,0.9952762198263317
22613,50,9.059179592132569,10.048664245605469,0.9894847273826599,1.4542601108551025,0.5830525159835815,1.650455117225647,1.0674026012420654,0.9993877551020408,0.9993877551020408,-0.1421302120882973,0.32481917022230117,0.9833011361316991,-0.21786314525810324,0.12854038488388025,0.9952762198263317
24070,50,11.265383453369141,12.475716133117675,1.2103328704833984,1.602921485900879,0.7514705657958984,1.690557837486267,0.9390872716903687,0.9991836734693877,0.9970408163265306,0.09790462693909313,0.4987815994647326,0.9912198009847464,0.21776710684273706,0.12871306079804815,0.9952762198263317
3659,50,10.146298599243163,10.925471916198731,0.7791732549667358,1.4121224880218506,0.4988323748111725,1.7432562112808228,1.2444238662719727,0.9991836734693877,0.9990816326530613,-0.3318666734848741,0.0185498505226165,0.9833011361316991,-0.2167106842737095,0.1306240316511706,0.9952762198263317
19131,50,17.986347427368162,17.390463256835936,-0.5958840847015381,1.6672629117965698,-0.5933960676193237,-0.6382302641868591,-0.0448341965675354,0.0613265306122449,0.057755102040816325,-0.15698973494038285,0.2762525954270552,0.9833011361316991,-0.2166146458583433,0.13079880735499003,0.9952762198263317
9047,50,9.633001556396485,10.71229965209961,1.0792982578277588,1.4778144359588623,0.7825013399124146,1.875478744506836,1.0929774045944214,0.9992857142857143,0.9998979591836735,-0.22798479406331104,0.11130126179445753,0.9833011361316991,-0.21613445378151258,0.131675321304232,0.9952762198263317
20477,50,9.974320907592773,11.576161651611327,1.601840615272522,1.7447960376739502,1.2556679248809814,2.6247594356536865,1.369091510772705,0.9996938775510205,0.9997959183673469,-0.22523384086049192,0.11580124355842418,0.9833011361316991,-0.21575030012004803,0.13237970041298197,0.9952762198263317
10169,50,0.3467421025037766,0.324090536236763,-0.022651568055152893,0.07619845122098923,-0.022988077253103256,-0.015370011329650879,0.007618065923452377,0.05959183673469388,0.056938775510204084,-0.21095400293911562,0.14141355628005037,0.9833011361316991,-0.21565426170468185,0.1325562359361283,0.9952762198263317
18203,50,9.460445938110352,10.165330295562745,0.70488440990448,1.316001296043396,0.7615679502487183,0.9449718594551086,0.18340390920639038,0.9990816326530613,0.9984693877551021,-0.2534792641833155,0.07570508613699775,0.9833011361316991,-0.21469387755102037,0.13433131232947138,0.9952762198263317
12698,50,8.915708923339844,9.722197151184082,0.8064880967140198,1.3844974040985107,0.3734908699989319,1.7222810983657837,1.348790168762207,0.996938775510204,0.9985714285714286,-0.19677216138031225,0.17080235027318963,0.9833011361316991,-0.21440576230492195,0.13486729000197914,0.9952762198263317
13714,50,10.039027099609376,10.448183803558349,0.4091567099094391,1.8354438543319702,0.1939517706632614,0.659416913986206,0.46546512842178345,0.9985714285714286,0.9954081632653061,0.13069922738433692,0.36562592349448225,0.9833011361316991,0.21373349339735895,0.1361241262482076,0.9952762198263317
11450,50,7.151108169555664,6.89220552444458,-0.2589026093482971,0.6716858148574829,-0.2721564471721649,-0.26903653144836426,0.003119915723800659,0.060408163265306125,0.05755102040816327,-0.16213012929126247,0.2606320016550606,0.9833011361316991,-0.21315726290516207,0.13720836565864944,0.9952762198263317
11546,50,8.769726085662843,9.197303295135498,0.42757704854011536,1.099395990371704,-0.1368105113506317,1.461438775062561,1.5982493162155151,0.9408163265306122,0.9425510204081633,-0.13738466954362602,0.34139784092657943,0.9833011361316991,-0.2130612244897959,0.13738969749809185,0.9952762198263317
11075,50,9.855531387329101,10.252633895874023,0.3971025049686432,1.1445116996765137,0.4210761487483978,0.33656561374664307,-0.08451053500175476,0.9985714285714286,0.9971428571428571,0.1576190154413404,0.2743078404504632,0.9833011361316991,0.2114285714285714,0.14049977964381596,0.9952762198263317
20097,50,0.33711351454257965,0.3311440801620483,-0.005969434976577759,0.052660174667835236,-0.006330951116979122,-0.007860460318624973,-0.0015295092016458511,0.05826530612244898,0.055204081632653064,-0.11670098707025384,0.4196134087910897,0.9901066683689362,-0.21066026410564226,0.14198135857415423,0.9952762198263317
16124,50,9.45093276977539,10.634619941711426,1.1836869716644287,1.3510476350784302,0.9423457980155945,1.9305353164672852,0.9881895184516907,0.9986734693877551,0.9993877551020408,-0.2240632008248456,0.11775763502873432,0.9833011361316991,-0.2103721488595438,0.14253993581962382,0.9952762198263317
6545,50,8.426051845550537,9.192109317779542,0.7660574913024902,1.2913622856140137,0.6669217348098755,0.698130190372467,0.031208455562591553,0.9987755102040816,0.9976530612244898,0.113823978065121,0.43124509330240435,0.9901066683689362,0.2101800720288115,0.14291322710570956,0.9952762198263317
15621,50,8.365362911224365,8.966985626220703,0.6016227602958679,1.2543790340423584,0.27341681718826294,1.3408595323562622,1.0674426555633545,0.9953061224489796,0.996938775510204,-0.1315345624978829,0.36254314117145336,0.9833011361316991,-0.2101800720288115,0.14291322710570956,0.9952762198263317
24140,50,9.61570463180542,11.361693534851074,1.7459889650344849,2.0066545009613037,1.3920930624008179,2.3975937366485596,1.0055006742477417,0.9956122448979592,0.9986734693877551,-0.14526953637457712,0.31413574943112677,0.9833011361316991,-0.2101800720288115,0.14291322710570956,0.9952762198263317
4706,50,7.795886154174805,8.678830547332764,0.8829444050788879,1.3530068397521973,0.7182260155677795,1.1154251098632812,0.3971990942955017,0.9371428571428572,0.941734693877551,0.17290424647069735,0.2298430931862362,0.9833011361316991,0.20989195678271308,0.1434745254343839,0.9952762198263317
12739,50,8.271409645080567,8.588188285827636,0.3167785406112671,1.0183367729187012,0.16509869694709778,0.7328389286994934,0.5677402019500732,0.9979591836734694,0.9975510204081632,-0.10925081850836414,0.450101620140434,0.9901066683689362,-0.20969987995198078,0.1438496329184168,0.9952762198263317
1156,50,9.621055011749268,10.300237197875976,0.6791821122169495,1.25757896900177,0.22332653403282166,1.3100864887237549,1.0867599248886108,0.9977551020408163,0.9988775510204082,-0.21265529151820478,0.1381581237955612,0.9833011361316991,-0.20950780312124848,0.14422546807816897,0.9952762198263317
18659,50,9.413199882507325,9.547462997436524,0.1342630833387375,1.1028157472610474,-0.18252798914909363,0.27453091740608215,0.4570589065551758,0.9988775510204082,0.9974489795918368,0.11450078874878937,0.4284926019208711,0.9901066683689362,0.20883553421368548,0.14554663141453614,0.9952762198263317
18527,50,8.243794612884521,8.926678524017333,0.6828839778900146,1.2289366722106934,0.6318687796592712,0.7084489464759827,0.07658016681671143,0.9976530612244898,0.9985714285714286,0.1934191308761395,0.1783554156651426,0.9833011361316991,0.207875150060024,0.14744954283139192,0.9952762198263317
6114,50,8.341732501983643,8.998996715545655,0.6572643518447876,0.9513217806816101,0.5366905331611633,0.6529183983802795,0.11622786521911621,0.9971428571428571,0.9989795918367347,0.19357061359275046,0.17800907868022187,0.9833011361316991,0.20691476590636257,0.14937080663844932,0.9952762198263317
6490,50,9.168581523895263,9.769892082214355,0.6013105511665344,1.1042653322219849,0.37946367263793945,0.7540293335914612,0.37456566095352173,0.9974489795918368,0.9993877551020408,0.1397730923865041,0.33298934855395135,0.9833011361316991,0.2062424969987995,0.15072665560143492,0.9952762198263317
10306,50,10.431585922241212,11.052608375549317,0.6210222840309143,1.270686149597168,0.5937463045120239,0.5532878637313843,-0.04045844078063965,0.9990816326530613,1.0,0.22806165832321212,0.11117747563331516,0.9833011361316991,0.2062424969987995,0.15072665560143492,0.9952762198263317
24552,50,9.938617706298828,10.414146614074706,0.4755289554595947,1.1164984703063965,0.5677714943885803,0.18136270344257355,-0.38640880584716797,0.998061224489796,0.9996938775510205,0.13211223006285888,0.36042052264197505,0.9833011361316991,0.20605042016806724,0.15111570419875842,0.9952762198263317
20816,50,9.009302158355712,10.14050952911377,1.1312075853347778,1.4473155736923218,0.7769192457199097,1.6058629751205444,0.8289437294006348,0.9955102040816326,0.9992857142857143,0.1416671799194258,0.32641406206243695,0.9833011361316991,0.20557022809123648,0.1520915663626583,0.9952762198263317
4978,50,9.439607887268066,9.807575187683106,0.36796724796295166,1.3459057807922363,0.29343748092651367,-0.06881340593099594,-0.3622508943080902,0.9392857142857143,0.9420408163265306,0.19995986602117155,0.16383940552957216,0.9833011361316991,0.20460984393757503,0.15405721397377636,0.9952762198263317
1680,50,8.118681144714355,8.776429462432862,0.6577483415603638,1.154700517654419,1.0882329940795898,-0.2728123664855957,-1.3610453605651855,0.9978571428571429,0.9978571428571429,0.22575067508237676,0.11494541616049235,0.9833011361316991,0.20441776710684276,0.15445257674330956,0.9952762198263317
24085,50,9.871488227844239,10.581269721984864,0.7097814083099365,1.2102913856506348,0.5055708885192871,1.410980224609375,0.9054093360900879,0.9952040816326531,0.9977551020408163,-0.2778739638420719,0.050720507673192534,0.9833011361316991,-0.20384153661464588,0.15564314316445846,0.9952762198263317
9515,50,0.2899953982234001,0.2770811712741852,-0.01291422825306654,0.061118461191654205,-0.027715150266885757,-0.0012786717852577567,0.02643647789955139,0.05897959183673469,0.05591836734693877,-0.08052370152432914,0.5782853132161474,0.9975316992255066,-0.2035534213685474,0.1562409492830142,0.9952762198263317
24356,49,0.3619125336408615,0.3865698933601379,0.024657361209392548,0.08246803283691406,0.013255191035568714,0.03843219205737114,0.025177001953125,0.05857142857142857,0.055714285714285716,-0.016538947664713657,0.91019579924361,0.9989285729703453,-0.20285714285714282,0.16213549065482896,0.9952762198263317
8777,50,10.528713855743408,11.96695037841797,1.4382365942001343,1.8256597518920898,0.7753061652183533,2.572615623474121,1.797309398651123,0.9991836734693877,0.9995918367346939,-0.10867883482704278,0.4524914812177566,0.9901066683689362,-0.20240096038415364,0.15864904332820887,0.9952762198263317
4553,50,10.012769432067872,9.98756290435791,-0.025206422433257103,1.0746488571166992,0.06583171337842941,0.11183389276266098,0.04600217938423157,0.9993877551020408,0.9996938775510205,-0.1560766182264903,0.27909068155478745,0.9833011361316991,-0.20211284513805522,0.15925529490958065,0.9952762198263317
15564,50,7.969163150787353,8.230536575317382,0.261373370885849,1.2920904159545898,0.07858310639858246,0.978621780872345,0.9000386595726013,0.9521428571428572,0.9547959183673469,-0.16439643293136652,0.25393692769284104,0.9833011361316991,-0.20192076830732295,0.15966040442903717,0.9952762198263317
3681,50,10.265003662109375,10.840325126647949,0.5753214359283447,1.3887385129928589,0.06487502157688141,1.8257776498794556,1.7609026432037354,0.9994897959183674,0.9989795918367347,-0.18484832033911947,0.19874927222140595,0.9833011361316991,-0.2016326530612245,0.16026948296871255,0.9952762198263317
22281,50,9.835473461151123,10.846274223327637,1.0108006000518799,1.4594311714172363,0.848854660987854,1.6753792762756348,0.8265246152877808,0.9988775510204082,0.9994897959183674,-0.24268530577304764,0.08948307176007185,0.9833011361316991,-0.20144057623049216,0.16067647907755725,0.9952762198263317
4329,50,10.849311332702637,11.390628337860107,0.5413168668746948,1.5378868579864502,0.12571468949317932,1.517788290977478,1.392073631286621,0.9972448979591837,0.9992857142857143,-0.2702767642375103,0.05765602911455474,0.9833011361316991,-0.2010564225690276,0.16149273908744236,0.9952762198263317
22537,50,16.243939361572266,15.664739685058594,-0.5791994333267212,1.5482635498046875,-0.5994898676872253,-0.6294497847557068,-0.029959917068481445,0.06316326530612244,0.059387755102040814,-0.1411876894367841,0.32807082771228135,0.9833011361316991,-0.20096038415366146,0.1616972769979981,0.9952762198263317
20357,50,9.379775314331054,9.948935718536378,0.5691602826118469,1.4096004962921143,0.18349294364452362,1.315937876701355,1.132444977760315,0.9990816326530613,0.9994897959183674,-0.1531908544870218,0.288185850741979,0.9833011361316991,-0.2004801920768307,0.16272280785347154,0.9952762198263317
725,50,10.688731327056885,11.08281063079834,0.3940791189670563,1.321909785270691,-0.08068016916513443,1.4705432653427124,1.5512233972549438,0.9994897959183674,0.9994897959183674,-0.190344606454189,0.185489987014505,0.9833011361316991,-0.1996158463385354,0.16458072099769272,0.9952762198263317
6537,50,10.155116081237793,10.84273853302002,0.6876223087310791,1.2351493835449219,0.5574805736541748,0.7157049179077148,0.15822434425354004,0.9993877551020408,0.9994897959183674,0.12558585935159727,0.38483992103989445,0.9833011361316991,0.1991356542617047,0.16561955495194555,0.9952762198263317
9555,50,10.697870483398438,11.46694221496582,0.769071638584137,1.389082908630371,0.5766095519065857,0.5717539191246033,-0.004855632781982422,0.9991836734693877,0.9996938775510205,0.23580202694931846,0.09924232771547294,0.9833011361316991,0.1991356542617047,0.16561955495194555,0.9952762198263317
18727,50,10.023764266967774,10.75577823638916,0.7320139408111572,1.3000036478042603,0.5294102430343628,1.2264584302902222,0.6970481872558594,0.9998979591836735,0.9991836734693877,-0.1715142873702658,0.23366775316060684,0.9833011361316991,-0.19894357743097235,0.16603642335249538,0.9952762198263317
11320,50,10.062320613861084,11.172019824981689,1.1096992492675781,1.5619254112243652,0.8561996817588806,1.8891805410385132,1.0329809188842773,0.9990816326530613,0.9989795918367347,-0.09953820295482052,0.4916101040911872,0.9912198009847464,-0.19884753901560623,0.16624514388599015,0.9952762198263317
17469,50,9.600099334716797,10.878585166931153,1.278485894203186,1.8599443435668945,0.6479067802429199,2.277099370956421,1.629192590713501,0.9975510204081632,0.9986734693877551,-0.21155638062653825,0.14025443760623293,0.9833011361316991,-0.1985594237695078,0.16687245171780948,0.9952762198263317
66,50,7.221849374771118,7.943473625183105,0.7216243147850037,1.0282245874404907,0.21094311773777008,1.7844924926757812,1.5735493898391724,0.9369387755102041,0.9414285714285714,-0.27486333324793194,0.05338324591682617,0.9833011361316991,-0.19807923169267705,0.16792179001726606,0.9952762198263317
19599,50,11.151601905822753,12.899082641601563,1.747480869293213,2.0671520233154297,1.0634273290634155,3.1956710815429688,2.1322436332702637,0.9987755102040816,0.9994897959183674,-0.18854492281943228,0.18975986450114532,0.9833011361316991,-0.19807923169267705,0.16792179001726606,0.9952762198263317
13731,50,10.644849967956542,12.221538581848144,1.5766886472702026,1.7852561473846436,1.434222936630249,1.7594925165176392,0.32526957988739014,0.9994897959183674,0.9996938775510205,0.03723435269642967,0.7973977544157996,0.9989285729703453,0.19759903961584632,0.16897591791597652,0.9952762198263317
13755,50,11.089221305847168,11.878307647705078,0.789086103439331,1.6043113470077515,0.3546653389930725,1.6163004636764526,1.2616350650787354,0.9995918367346939,0.9993877551020408,-0.08786235783240758,0.544022165963321,0.9933406819150514,-0.1975030012004802,0.1691873190601222,0.9952762198263317
8379,50,6.697950820922852,7.422668161392212,0.7247173190116882,1.2343937158584595,0.41707131266593933,1.1779838800430298,0.7609125375747681,0.941734693877551,0.9460204081632653,-0.029876653760609558,0.8368202959067449,0.9989285729703453,-0.19721488595438177,0.16982267494431666,0.9952762198263317
16983,50,8.13314208984375,9.183884677886963,1.050742745399475,1.2864123582839966,0.6540313959121704,1.284415364265442,0.6303839683532715,0.9968367346938776,0.9995918367346939,0.116017818636257,0.4223591494680679,0.9901066683689362,0.1971188475390156,0.1700348446337496,0.9952762198263317
14927,50,13.191524276733398,13.721021423339844,0.5294971466064453,1.7894494533538818,-0.028347935527563095,0.6179702281951904,0.6463181376457214,0.9992857142857143,0.9988775510204082,0.10854842264591993,0.4530373392608505,0.9901066683689362,0.1956782713085234,0.17324050891322645,0.9952762198263317
8485,50,9.23554988861084,10.039326324462891,0.8037763833999634,1.1658430099487305,0.620336651802063,1.3945890665054321,0.7742524147033691,0.9992857142857143,0.9988775510204082,-0.1995055416507119,0.16481892960138614,0.9833011361316991,-0.19529411764705884,0.17410269198124426,0.9952762198263317
15396,50,9.304282665252686,10.22743101119995,0.9231483340263367,1.2815905809402466,0.7360233664512634,0.8250822424888611,0.08905887603759766,0.9970408163265306,0.9994897959183674,-0.03378723222418897,0.8158114961092036,0.9989285729703453,-0.19529411764705884,0.17410269198124426,0.9952762198263317
21874,50,9.588161716461181,10.006684131622315,0.418522447347641,1.283442497253418,-0.10434380918741226,1.45465886592865,1.5590026378631592,0.9987755102040816,0.9975510204081632,-0.17975196796786264,0.2116308205630573,0.9833011361316991,-0.1951020408163265,0.1745349453487769,0.9952762198263317
8346,50,9.222058067321777,9.538290328979492,0.31623217463493347,1.0470705032348633,0.10357264429330826,0.7070913910865784,0.6035187244415283,0.9988775510204082,0.9990816326530613,0.14914393703124,0.3012630852824021,0.9833011361316991,0.1950060024009604,0.17475136273908423,0.9952762198263317
18934,50,7.48252872467041,8.126127758026122,0.6435990929603577,1.0896333456039429,0.21109570562839508,1.6706498861312866,1.4595541954040527,0.9368367346938775,0.941734693877551,-0.23560303456648005,0.0995362223297872,0.9833011361316991,-0.1950060024009604,0.17475136273908423,0.9952762198263317
23032,50,10.10741075515747,11.14140796661377,1.0339970588684082,1.4519844055175781,0.6188384294509888,1.1236964464187622,0.5048580169677734,0.9989795918367347,0.9984693877551021,0.19778709116626386,0.1685625319788039,0.9833011361316991,0.1950060024009604,0.17475136273908423,0.9952762198263317
12848,50,10.749868450164795,12.05870231628418,1.3088337182998657,1.7848643064498901,0.7462000250816345,2.1384291648864746,1.3922290802001953,0.9989795918367347,0.9994897959183674,-0.24832077220079618,0.08206428997188665,0.9833011361316991,-0.19452581032412963,0.17583635957902605,0.9952762198263317
21351,50,9.36050609588623,9.899970779418945,0.5394646525382996,1.161097764968872,0.3262975513935089,0.7539076805114746,0.4276101291179657,0.9992857142857143,0.9994897959183674,0.15987393566255373,0.2674136528237292,0.9833011361316991,0.19394957983193276,0.1771447668064979,0.9952762198263317
3002,50,7.559474048614502,8.083253498077392,0.5237793922424316,0.9084758758544922,0.284697562456131,0.8509039878845215,0.5662064552307129,0.9466326530612245,0.9495918367346938,-0.038285603879967336,0.7918033711957247,0.9989285729703453,0.1938535414165666,0.17736351561198896,0.9952762198263317
4885,50,8.48799264907837,9.540724811553956,1.0527321100234985,1.3602932691574097,0.9821791648864746,1.5957732200622559,0.6135940551757812,0.9971428571428571,0.9977551020408163,-0.2580368522226351,0.07041655495121714,0.9833011361316991,-0.19375750300120048,0.17758245915537438,0.9952762198263317
23518,50,9.082070484161378,9.809646492004395,0.7275758385658264,1.2785868644714355,0.33038654923439026,1.2726002931594849,0.942213773727417,0.9957142857142857,0.9990816326530613,-0.12553088711268898,0.3850496777149903,0.9833011361316991,-0.19375750300120048,0.17758245915537438,0.9952762198263317
3213,50,8.138803024291992,8.893568420410157,0.7547654509544373,1.2311595678329468,0.49606698751449585,1.763975739479065,1.2679088115692139,0.9988775510204082,0.9994897959183674,-0.18194449630670234,0.2060191698881368,0.9833011361316991,-0.19289315726290512,0.1795617256352061,0.9952762198263317
507,50,11.258974914550782,11.377610969543458,0.11863602697849274,1.798933506011963,0.08315932750701904,-0.15353520214557648,-0.23669452965259552,0.9996938775510205,0.9981632653061224,0.21243219166793856,0.13858181246135817,0.9833011361316991,0.1926050420168067,0.18022499631510364,0.9952762198263317
22876,50,9.924591503143311,10.916391258239747,0.9917998313903809,1.5504237413406372,0.4486250877380371,2.0899901390075684,1.6413650512695312,0.998265306122449,0.9994897959183674,-0.3116476531145942,0.027585378513861964,0.9833011361316991,-0.1925090036014406,0.18044647770914116,0.9952762198263317
16168,50,8.801901931762695,9.275832901000976,0.47393080592155457,1.110685110092163,0.32666951417922974,1.0297960042953491,0.7031264901161194,0.940204081632653,0.9431632653061225,0.012869422929094047,0.9293183359273072,0.9989285729703453,0.19145258103241294,0.18289570385026438,0.9952762198263317
1663,50,9.732556304931641,10.15093162536621,0.4183754026889801,1.0886543989181519,0.3086448311805725,0.5707440376281738,0.2620992064476013,0.9968367346938776,0.9988775510204082,-0.2879728390547515,0.042564884255026185,0.9833011361316991,-0.1908763505402161,0.18424165784599358,0.9952762198263317
18372,50,9.361304168701173,9.50646957397461,0.1451653242111206,1.2149311304092407,-0.320261150598526,1.3594073057174683,1.6796684265136719,0.9988775510204082,0.9996938775510205,-0.18136348680159567,0.20749593034976435,0.9833011361316991,-0.19058823529411767,0.1849172911700519,0.9952762198263317
12284,50,9.769868431091309,10.134497928619385,0.36462950706481934,1.1447250843048096,0.45653343200683594,-0.06609141826629639,-0.5226248502731323,0.9997959183673469,0.9990816326530613,0.1229300384700064,0.39505086179468984,0.9901066683689362,0.19020408163265307,0.18582089429122148,0.9952762198263317
22727,50,9.434678916931153,10.124658031463623,0.689979076385498,1.456709623336792,0.5487693548202515,0.9885943531990051,0.43982499837875366,0.9994897959183674,0.9989795918367347,0.12786575768792172,0.37620025231646453,0.9833011361316991,0.19020408163265307,0.18582089429122148,0.9952762198263317
6408,50,9.404805068969727,10.597075119018555,1.192270040512085,1.4348331689834595,0.6603100895881653,2.139832019805908,1.4795219898223877,0.9951020408163266,0.9966326530612245,-0.11229051241619112,0.43751806305246516,0.9901066683689362,-0.1901080432172869,0.18604728812923674,0.9952762198263317
19206,50,10.584544486999512,11.77977991104126,1.1952354907989502,1.4992380142211914,0.724746584892273,1.9068187475204468,1.1820721626281738,0.9978571428571429,0.9979591836734694,-0.028760969188339952,0.8428354859680418,0.9989285729703453,-0.18981992797118846,0.1867276540198339,0.9952762198263317
2179,50,10.648797073364257,11.178298683166505,0.5295015573501587,1.3618539571762085,-0.03280758857727051,1.3583396673202515,1.391147255897522,0.998265306122449,0.9996938775510205,-0.1193909445160741,0.4089013974717097,0.9901066683689362,-0.18933973589435774,0.18786554896210128,0.9952762198263317
19124,50,9.988868083953857,11.133313331604004,1.1444454193115234,1.4702937602996826,0.8227807879447937,1.667464256286621,0.8446834683418274,0.9390816326530612,0.9422448979591836,-0.15539418596584773,0.28122426371083253,0.9833011361316991,-0.18914765906362543,0.1883220915630907,0.9952762198263317
94,50,8.77694766998291,9.933959770202637,1.1570121049880981,1.6578880548477173,0.4673123061656952,1.9226270914077759,1.4553147554397583,0.9401020408163265,0.9430612244897959,0.18099679213655098,0.20843178226725523,0.9833011361316991,0.18828331332533013,0.1903863413266607,0.9952762198263317
10050,50,11.064556961059571,11.361261730194093,0.29670488834381104,1.5910820960998535,-0.11760827153921127,0.44150057435035706,0.5591088533401489,0.9984693877551021,0.9979591836734694,0.17420246537918524,0.22631001264460773,0.9833011361316991,0.18789915966386553,0.19130894556269,0.9952762198263317
16709,50,9.574850730895996,10.663269157409667,1.0884184837341309,1.4448819160461426,0.45120009779930115,2.4016354084014893,1.9504352807998657,0.9966326530612245,0.9985714285714286,-0.1907974024753429,0.18442661562404203,0.9833011361316991,-0.18713085234093638,0.19316370092803667,0.9952762198263317
21171,50,9.374395790100097,9.647732734680176,0.2733369469642639,1.4266510009765625,-0.10692490637302399,1.3898316621780396,1.4967565536499023,0.9988775510204082,0.9954081632653061,-0.1513637300365479,0.2940434008230516,0.9833011361316991,-0.18684273709483792,0.19386252101312865,0.9952762198263317
886,50,8.373944969177247,8.854043693542481,0.48009857535362244,1.0625920295715332,0.35633260011672974,1.4526687860488892,1.0963361263275146,0.9996938775510205,0.9998979591836735,-0.25832233252087117,0.07009531637095341,0.9833011361316991,-0.18617046818727492,0.1955000860451825,0.9952762198263317
23673,50,10.730933780670165,11.197398319244385,0.46646469831466675,1.3445236682891846,0.044507794082164764,1.5531110763549805,1.5086033344268799,1.0,0.9993877551020408,-0.1785742175881018,0.21468897920188493,0.9833011361316991,-0.1859783913565426,0.195969760037935,0.9952762198263317
8444,50,9.7863277053833,10.291934051513671,0.5056064128875732,1.4399043321609497,0.17652741074562073,0.47311219573020935,0.2965847849845886,0.9993877551020408,0.9992857142857143,0.23406096315791813,0.10183657373793525,0.9833011361316991,0.18578631452581032,0.19644023413884767,0.9952762198263317
17760,50,9.74602382659912,10.344409790039062,0.5983859300613403,1.2712090015411377,0.3288966715335846,1.2912200689315796,0.9623234272003174,0.9986734693877551,0.9997959183673469,-0.22226811165293003,0.12080625728227884,0.9833011361316991,-0.18578631452581032,0.19644023413884767,0.9952762198263317
11406,50,11.05948833465576,12.33958683013916,1.280098557472229,1.7261450290679932,0.7455902695655823,2.4921796321868896,1.7465894222259521,1.0,0.9994897959183674,-0.08962465388686101,0.5359423961805284,0.9933406819150514,-0.18559423769507805,0.1969115088232141,0.9952762198263317
15039,50,9.021762199401856,9.9265718460083,0.9048095941543579,1.3540856838226318,0.5007334351539612,1.906992793083191,1.406259298324585,0.9990816326530613,0.9998979591836735,-0.0812560505309905,0.5748223837352605,0.9975316992255066,-0.18559423769507805,0.1969115088232141,0.9952762198263317
20869,50,10.528882675170898,11.291840362548829,0.7629576921463013,1.525404453277588,0.7267726063728333,0.7444241046905518,0.017651498317718506,0.9977551020408163,0.9989795918367347,0.06994518893571294,0.6293304063483901,0.9989285729703453,0.18559423769507805,0.1969115088232141,0.9952762198263317
7842,50,9.721444339752198,10.245225791931153,0.5237815976142883,1.2282565832138062,0.37597838044166565,1.0431431531906128,0.6671648025512695,0.9970408163265306,0.9988775510204082,-0.34539481277050976,0.01402342799392885,0.9833011361316991,-0.18530612244897962,0.1976199229784789,0.9952762198263317
17384,50,9.775541152954101,10.839246978759766,1.0637058019638062,1.4154181480407715,0.541941225528717,2.0737698078155518,1.5318286418914795,0.996734693877551,0.996734693877551,-0.09421157496024046,0.5151905836758064,0.9933406819150514,-0.18511404561824726,0.19809320118763882,0.9952762198263317
16923,50,4.210306301116943,4.130781841278076,-0.07952440530061722,0.4069090783596039,-0.09461425989866257,-0.10279502719640732,-0.008180767297744751,0.06061224489795918,0.057346938775510205,-0.10707168809841379,0.4592434692088276,0.9901066683689362,-0.1845378151260504,0.1995178510641445,0.9952762198263317
10955,50,8.686888103485108,9.344152221679687,0.6572641730308533,1.3330905437469482,0.25740161538124084,1.5842746496200562,1.3268730640411377,0.9979591836734694,0.9989795918367347,-0.18292820577431196,0.20353574442917596,0.9833011361316991,-0.18434573829531814,0.19999434098642774,0.9952762198263317
5536,50,10.532412872314453,12.078524932861328,1.546112060546875,1.853493332862854,1.0081915855407715,2.3281986713409424,1.320007085800171,0.9984693877551021,0.9991836734693877,-0.16204406230650684,0.2608885677736268,0.9833011361316991,-0.18396158463385354,0.20094973353944637,0.9952762198263317
778,50,6.478715019226074,6.948577880859375,0.4698629379272461,0.8908467888832092,0.231172114610672,0.7579414248466492,0.5267692804336548,0.9411224489795919,0.9435714285714286,0.11301056978722727,0.43456620366253484,0.9901066683689362,0.1833853541416567,0.20238886097880232,0.9952762198263317
4877,50,10.30307065963745,12.203088912963867,1.900018334388733,2.0384879112243652,1.579451322555542,2.651578664779663,1.072127342224121,0.9994897959183674,0.9993877551020408,-0.17132492804555127,0.23419216180572144,0.9833011361316991,-0.18319327731092436,0.20287018223037157,0.9952762198263317
22127,50,9.391702060699464,10.106653289794922,0.7149513363838196,1.2811737060546875,0.2945248782634735,1.126006007194519,0.8314810991287231,0.9989795918367347,0.9983673469387755,0.13808542061110227,0.3389173043608968,0.9833011361316991,0.1829051620648259,0.20359367699762285,0.9952762198263317
5338,50,0.3158429145812988,0.30605032056570053,-0.009792599827051163,0.060711074620485306,-0.022125380113720894,0.00015490750956814736,0.022280286997556686,0.05918367346938776,0.05551020408163265,-0.04005302490767051,0.7824212813531902,0.9989285729703453,-0.18261704681872748,0.20431898856696412,0.9952762198263317
7212,50,10.152628364562988,11.528792610168457,1.3761639595031738,1.839545726776123,1.1614586114883423,1.5273641347885132,0.3659055233001709,0.9958163265306123,0.9987755102040816,0.1383222570895308,0.3380814833010591,0.9833011361316991,0.1824249699879952,0.20480353968454698,0.9952762198263317
18537,50,9.676513271331787,10.502851581573486,0.8263383507728577,1.496190071105957,0.2952447831630707,1.0736206769943237,0.7783758640289307,0.9998979591836735,0.9992857142857143,0.2160259514992426,0.1318739840099687,0.9833011361316991,0.18232893157262903,0.20504611842965187,0.9952762198263317
6095,50,9.748447818756103,11.803725719451904,2.0552778244018555,2.3784027099609375,1.1674987077713013,3.985546350479126,2.818047523498535,0.9951020408163266,0.9970408163265306,-0.24730851483499544,0.08336002275880655,0.9833011361316991,-0.1807923169267707,0.20895491396373986,0.9952762198263317
19674,50,8.450198936462403,9.098758392333984,0.6485593318939209,1.2466920614242554,0.48108211159706116,1.1608432531356812,0.6797611713409424,0.9963265306122449,0.9990816326530613,-0.18210528206211088,0.20561180760321765,0.9833011361316991,-0.1804081632653061,0.209940226530125,0.9952762198263317
5174,50,6.4764664840698245,7.089964094161988,0.6134976744651794,0.9750309586524963,0.3051905632019043,1.2494021654129028,0.9442116022109985,0.998061224489796,0.9985714285714286,-0.2228417485009208,0.11982561075128732,0.9833011361316991,-0.18021608643457382,0.21043410218481773,0.9952762198263317
6926,50,8.976705951690674,9.743218460083007,0.7665125131607056,1.3130874633789062,0.2315843552350998,2.1918437480926514,1.9602594375610352,0.9986734693877551,0.9986734693877551,-0.25393309381735246,0.07516480326986186,0.9833011361316991,-0.1799279711884754,0.21117644104816882,0.9952762198263317
13314,50,8.304966926574707,8.854632492065429,0.5496658086776733,1.0295722484588623,0.14111603796482086,1.4040946960449219,1.2629786729812622,0.998061224489796,0.9989795918367347,-0.10235113484855532,0.4793879296172552,0.9912198009847464,-0.1799279711884754,0.21117644104816882,0.9952762198263317
13657,50,9.659757766723633,10.482060813903809,0.822303056716919,1.4928704500198364,0.7658601403236389,1.1144256591796875,0.3485655188560486,0.9984693877551021,0.998265306122449,0.19484227103734858,0.17512076964593778,0.9833011361316991,0.1793517406962785,0.21266661523171232,0.9952762198263317
18000,50,9.368946533203125,10.1013041305542,0.7323575615882874,1.1520557403564453,0.6435815691947937,1.4860877990722656,0.8425062298774719,0.9975510204081632,0.9983673469387755,-0.1972137967702576,0.1698250801103626,0.9833011361316991,-0.17810324129651858,0.2159205129310096,0.9952762198263317
10020,50,9.596859951019287,9.672202758789062,0.07534284889698029,1.1337965726852417,-0.08580616861581802,0.272476464509964,0.3582826256752014,0.9971428571428571,0.9961224489795918,0.16327003755319958,0.2572498716381741,0.9833011361316991,0.17791116446578628,0.21642417694250513,0.9952762198263317
24401,50,10.297526779174804,11.202460632324218,0.9049338698387146,1.2682346105575562,0.4643630385398865,1.8909845352172852,1.426621437072754,0.9994897959183674,0.9998979591836735,-0.185669916558554,0.19672572953883996,0.9833011361316991,-0.1775270108043217,0.21743396017003636,0.9952762198263317
6810,50,10.691468715667725,12.613790626525878,1.9223216772079468,2.1444547176361084,1.7790321111679077,2.8838961124420166,1.1048640012741089,0.9995918367346939,0.9997959183673469,-0.21998183852293898,0.12477519508031759,0.9833011361316991,-0.17723889555822328,0.21819344740912322,0.9952762198263317
4094,50,10.470968608856202,10.894744052886963,0.42377540469169617,1.144790530204773,0.04198862984776497,0.7951979637145996,0.7532093524932861,0.9992857142857143,0.9994897959183674,-0.007451343657318125,0.9590410657309284,0.9989285729703453,-0.1771428571428571,0.2184470195659289,0.9952762198263317
16756,50,10.030090065002442,11.499857387542725,1.4697670936584473,1.7574284076690674,1.08440363407135,1.406711459159851,0.322307825088501,0.9987755102040816,0.9997959183673469,0.22713827349669374,0.11267151889521047,0.9833011361316991,0.1771428571428571,0.2184470195659289,0.9952762198263317
14980,50,10.288673667907714,10.998180770874024,0.7095069885253906,1.469069480895996,0.6743784546852112,1.0883151292800903,0.41393667459487915,0.9991836734693877,0.9994897959183674,-0.25579372957768903,0.07298151769410954,0.9833011361316991,-0.17647058823529413,0.22022776592241,0.9952762198263317
21588,50,12.003271980285644,14.35024887084961,2.3469769954681396,2.6985855102539062,1.6186884641647339,3.7059619426727295,2.087273597717285,0.9946938775510205,0.9993877551020408,-0.107356658710995,0.4580422723786203,0.9901066683689362,-0.17637454981992798,0.22048297900021754,0.9952762198263317
8858,50,10.547802886962891,10.97398365020752,0.4261806607246399,1.2991467714309692,0.23936176300048828,0.36335113644599915,0.12398937344551086,0.9984693877551021,0.9990816326530613,0.05026982628886782,0.7288241972360241,0.9989285729703453,0.1761824729891957,0.22099402117559355,0.9952762198263317
17506,50,9.053876533508301,9.357558250427246,0.30368173122406006,1.1920722723007202,0.10474789887666702,0.43815937638282776,0.33341148495674133,0.9407142857142857,0.9424489795918367,0.18380408768303957,0.20134235992339364,0.9833011361316991,0.17503001200480192,0.22407754193573215,0.9952762198263317
12958,50,7.985573463439941,8.341100978851319,0.3555275797843933,1.0953582525253296,-0.024429883807897568,0.9327533841133118,0.9571832418441772,0.9491836734693877,0.9504081632653061,-0.24546633608321053,0.08575920753052864,0.9833011361316991,-0.17493397358943577,0.22433583965437123,0.9952762198263317
14811,50,10.982871150970459,11.843993835449218,0.8611229062080383,1.5191895961761475,0.5424985885620117,1.5994466543197632,1.0569480657577515,0.9998979591836735,0.9996938775510205,0.02027239875710739,0.8888684871965792,0.9989285729703453,-0.17483793517406962,0.22459434337361328,0.9952762198263317
3265,50,10.095602378845214,10.938357238769532,0.8427548408508301,1.5124279260635376,0.17135126888751984,2.0403947830200195,1.8690434694290161,0.998061224489796,0.9994897959183674,-0.06239192314913163,0.6668765683151114,0.9989285729703453,-0.17474189675870347,0.22485305313737888,0.9952762198263317
6579,50,8.720660057067871,9.656513557434081,0.9358536005020142,1.5242916345596313,0.42046332359313965,2.345669984817505,1.9252066612243652,0.9985714285714286,0.9992857142857143,-0.23544844256082686,0.0997650050692746,0.9833011361316991,-0.1741656662665066,0.22640964109625428,0.9952762198263317
4802,50,11.83201400756836,14.16509780883789,2.3330838680267334,2.720597267150879,1.3180757761001587,4.70415735244751,3.3860816955566406,0.9990816326530613,0.9987755102040816,-0.21977488384317004,0.12513926750680038,0.9833011361316991,-0.173781512605042,0.2274514927826903,0.9952762198263317
17582,50,9.135802268981934,9.941095390319823,0.8052931427955627,1.4853630065917969,0.7413249611854553,1.2046061754226685,0.46328121423721313,0.9935714285714285,0.9979591836734694,-0.05861790133750274,0.6859513195080328,0.9989285729703453,-0.1736854741896759,0.22771247189348962,0.9952762198263317
16519,50,9.670930919647217,10.412079601287841,0.741148829460144,1.216631293296814,0.6704099774360657,1.0579885244369507,0.387578547000885,0.9977551020408163,0.998265306122449,0.07331465461544627,0.6128688913546427,0.9989285729703453,0.17349339735894356,0.22823504983785659,0.9952762198263317
21607,50,9.182971744537353,10.27470645904541,1.0917348861694336,1.4419152736663818,0.9313968420028687,1.6833018064498901,0.7519049644470215,0.9993877551020408,0.9985714285714286,-0.14725929560558965,0.30748167347049943,0.9833011361316991,-0.1727250900360144,0.23033363070140087,0.9952762198263317
14190,50,10.316614742279052,11.387256507873536,1.0706417560577393,1.7421653270721436,0.6566231846809387,2.0734646320343018,1.4168415069580078,0.9968367346938776,0.9998979591836735,-0.21762545323866953,0.12896807076828937,0.9833011361316991,-0.17243697478991593,0.23112401246788994,0.9952762198263317
20336,50,8.42912576675415,8.98574821472168,0.556622326374054,1.106131911277771,0.3930779993534088,0.7325875163078308,0.339509516954422,0.9965306122448979,0.9990816326530613,0.17860041486717146,0.2146206214240434,0.9833011361316991,0.17243697478991593,0.23112401246788994,0.9952762198263317
23356,50,10.823993225097656,11.309829616546631,0.4858364164829254,1.336850881576538,0.3254725933074951,0.7131285667419434,0.38765597343444824,0.9985714285714286,0.9983673469387755,-0.022204060980439238,0.8783556374407429,0.9989285729703453,0.17205282112845138,0.23218075434077382,0.9952762198263317
14287,50,11.165473594665528,12.310309867858887,1.1448363065719604,1.5460625886917114,1.1704093217849731,1.207237720489502,0.03682839870452881,0.9971428571428571,0.9995918367346939,-0.07851685813095315,0.5878230567059495,0.9989285729703453,-0.17138055222088835,0.23403803343160617,0.9952762198263317
12604,50,10.240193672180176,11.543136749267578,1.302943229675293,2.0198724269866943,0.6993431448936462,2.513076066970825,1.8137328624725342,0.9976530612244898,0.9993877551020408,-0.12275535664694182,0.3957279790022303,0.9901066683689362,-0.17042016806722687,0.2367089323651823,0.9952762198263317
13267,50,7.750023136138916,8.13462121963501,0.38459816575050354,0.9329455494880676,-0.08091485500335693,1.2053004503250122,1.2862153053283691,0.9571428571428572,0.9536734693877551,-0.18069398884121626,0.20920680536298933,0.9833011361316991,-0.17042016806722687,0.2367089323651823,0.9952762198263317
8109,50,9.108236255645751,10.265259056091308,1.1570228338241577,1.7317173480987549,1.128006935119629,0.9180984497070312,-0.20990848541259766,0.9978571428571429,0.9983673469387755,0.1609679415063637,0.2641107691379671,0.9833011361316991,0.16993997599039612,0.23805217596147046,0.9952762198263317
15714,50,9.499179000854491,10.06411008834839,0.5649310946464539,1.3047239780426025,0.4266473948955536,0.7678201794624329,0.3411727845668793,0.9984693877551021,0.9993877551020408,0.09938169111698042,0.49229487032677094,0.9912198009847464,0.16974789915966385,0.23859092977027568,0.9952762198263317
7183,50,9.961544361114502,10.744598999023438,0.7830546498298645,1.6568659543991089,0.12530241906642914,1.8997470140457153,1.774444580078125,0.9985714285714286,0.9993877551020408,-0.11440028570409028,0.4289007064462041,0.9901066683689362,-0.16907563025210082,0.24048312706659125,0.9952762198263317
17554,50,9.527050533294677,10.586586036682128,1.0595355033874512,1.57094144821167,0.8455975651741028,1.4945374727249146,0.6489399075508118,0.9979591836734694,0.9986734693877551,-0.11890228686100757,0.41083553621823876,0.9901066683689362,-0.16830732292917167,0.24265814350062784,0.9952762198263317
22662,50,9.153352603912353,9.732870426177978,0.5795178413391113,1.3541502952575684,0.1445901244878769,1.151950716972351,1.007360577583313,0.9973469387755102,0.9959183673469387,-0.14957745293318264,0.2998442073415782,0.9833011361316991,-0.16811524609843936,0.24320398376925975,0.9952762198263317
19095,50,9.909396095275879,11.249913291931152,1.340517282485962,1.5549720525741577,1.1212457418441772,1.158249020576477,0.037003278732299805,0.9979591836734694,0.9996938775510205,0.25285609219700655,0.07645196503251331,0.9833011361316991,0.16782713085234094,0.24402430988776036,0.9952762198263317
19461,50,8.877967224121093,9.7028293800354,0.8248622417449951,1.3369402885437012,0.31473585963249207,1.8575019836425781,1.5427660942077637,0.998265306122449,0.998061224489796,-0.08903095675847854,0.5386578283834897,0.9933406819150514,-0.16763505402160866,0.24457223816359275,0.9952762198263317
14782,50,10.383188648223877,11.372321815490723,0.9891331195831299,1.4452840089797974,0.6314862966537476,1.8901901245117188,1.2587038278579712,0.9987755102040816,0.9996938775510205,-0.23374674691010572,0.10231028468467031,0.9833011361316991,-0.1675390156062425,0.24484651565900278,0.9952762198263317
8970,50,11.239375381469726,12.168788223266601,0.9294127821922302,1.6890677213668823,0.8131862878799438,1.86396062374115,1.050774335861206,0.9991836734693877,0.9990816326530613,-0.10904514675869667,0.45096015895076796,0.9901066683689362,-0.16744297719087634,0.24512100210279833,0.9952762198263317
15948,50,7.387163372039795,8.013930206298829,0.6267670392990112,1.136387825012207,0.2762034833431244,1.470047116279602,1.1938436031341553,0.9957142857142857,0.9944897959183674,-0.32209347668742144,0.02254229340971638,0.9833011361316991,-0.1673469387755102,0.24539569752732665,0.9952762198263317
7392,50,9.575768432617188,9.62066930770874,0.04490085691213608,1.039237141609192,-0.14486631751060486,0.10116938501596451,0.24603569507598877,0.9975510204081632,0.9965306122448979,0.17769017726398573,0.21700466205969035,0.9833011361316991,0.16667466986794718,0.24732441964392562,0.9952762198263317
810,50,6.964203834533691,7.415082168579102,0.45087841153144836,0.9913284182548523,0.29035812616348267,0.852222740650177,0.5618646144866943,0.9986734693877551,0.9964285714285714,-0.1258373096765072,0.38388132894661353,0.9833011361316991,-0.1655222088835534,0.25065465880940485,0.9952762198263317
682,50,18.577216873168947,17.432302627563477,-1.1449142694473267,2.242563486099243,-0.4941830039024353,-2.7045650482177734,-2.2103819847106934,0.9994897959183674,0.9983673469387755,0.24902185791958284,0.0811761789491077,0.9833011361316991,0.16465786314525807,0.2531721419877248,0.9952762198263317
13947,50,9.353177604675293,9.8844038772583,0.5312263369560242,1.280234932899475,0.13108022511005402,1.11126708984375,0.9801868796348572,0.9995918367346939,0.9995918367346939,0.013482767711569903,0.9259588798961663,0.9989285729703453,0.16456182472989198,0.2534529112186822,0.9952762198263317
6190,50,10.094065361022949,10.95093994140625,0.8568747043609619,1.4240715503692627,0.389963835477829,1.7112478017807007,1.3212839365005493,0.9993877551020408,0.9998979591836735,-0.21039480907347266,0.14249594472052898,0.9833011361316991,-0.1644657863145258,0.25373389032758953,0.9952762198263317
23047,50,12.467903366088867,13.753638381958007,1.2857351303100586,2.654317855834961,0.3179938793182373,1.7306307554244995,1.4126368761062622,0.9988775510204082,0.9995918367346939,0.1772110651963015,0.21826690738501042,0.9833011361316991,0.16398559423769507,0.2551419349962814,0.9952762198263317
16721,50,11.712599754333496,13.439686470031738,1.7270867824554443,1.8147704601287842,1.5032709836959839,1.8144408464431763,0.3111698627471924,0.9973469387755102,0.9989795918367347,0.06567386114776513,0.6504562482131105,0.9989285729703453,0.1632172869147659,0.25740572990427285,0.9952762198263317
24207,50,9.411254997253417,9.823500995635987,0.4122460186481476,1.1110302209854126,0.3324885666370392,0.41897574067115784,0.08648717403411865,0.9985714285714286,0.9994897959183674,0.1811484647654341,0.2080443355997347,0.9833011361316991,0.1632172869147659,0.25740572990427285,0.9952762198263317
16298,50,8.19321804046631,8.735511627197265,0.5422936081886292,1.1724320650100708,0.3174445331096649,0.5875931978225708,0.2701486647129059,0.9986734693877551,0.9981632653061224,0.1134991213939035,0.43256975627765165,0.9901066683689362,0.16312124849939974,0.2576896501128772,0.9952762198263317
4381,50,8.921259670257568,9.848113536834717,0.9268537759780884,1.2366756200790405,0.5289778709411621,1.5075173377990723,0.9785394668579102,0.9977551020408163,0.9986734693877551,-0.1672169418159322,0.24576785636850937,0.9833011361316991,-0.1630252100840336,0.2579737805941781,0.9952762198263317
12090,50,9.835587253570557,11.012859573364258,1.177272081375122,1.566856861114502,0.8879846930503845,1.8254064321517944,0.9374217391014099,0.9981632653061224,0.9997959183673469,-0.22897760637413236,0.10971047154904028,0.9833011361316991,-0.16273709483793514,0.2588274339236773,0.9952762198263317
175,50,9.212585868835449,9.00596529006958,-0.20662042498588562,0.8845915198326111,-0.4220921993255615,0.1694907695055008,0.5915829539299011,0.9993877551020408,0.996938775510204,-0.26088034514002395,0.06726858013074456,0.9833011361316991,-0.16225690276110444,0.26025439723024896,0.9952762198263317
8106,50,10.100380973815918,10.93535737991333,0.8349764347076416,1.3265669345855713,0.6086087226867676,1.4073500633239746,0.798741340637207,0.9983673469387755,0.9987755102040816,-0.14735500044026237,0.30716391570704143,0.9833011361316991,-0.16225690276110444,0.26025439723024896,0.9952762198263317
11470,50,9.231862926483155,9.31983030319214,0.08796737343072891,1.0770156383514404,0.05859037861227989,0.3858779966831207,0.32728761434555054,0.9992857142857143,0.9990816326530613,-0.21211003547062326,0.1391953280929549,0.9833011361316991,-0.16148859543817526,0.2625484853019811,0.9952762198263317
13321,50,9.970246257781982,11.405997791290282,1.4357514381408691,1.6706225872039795,0.765252947807312,2.2729897499084473,1.5077368021011353,0.996938775510204,0.9986734693877551,-0.10766256204830786,0.45675474266253757,0.9901066683689362,-0.16139255702280914,0.2628361941146103,0.9952762198263317
5217,50,8.438402137756349,9.53325668334961,1.094854474067688,1.6323922872543335,0.5419039726257324,1.9332958459854126,1.3913918733596802,0.9990816326530613,0.9992857142857143,-0.15802081484741873,0.2730708515436859,0.9833011361316991,-0.16062424969987996,0.26514545158225816,0.9952762198263317
7739,50,9.483133239746094,10.2837544631958,0.8006212711334229,1.7377740144729614,0.06956134736537933,2.520442485809326,2.450881242752075,0.9984693877551021,0.9990816326530613,-0.16457726842184078,0.2534077472761138,0.9833011361316991,-0.16043217286914768,0.2657248742266917,0.9952762198263317
16037,50,9.692870807647704,10.101367645263672,0.4084967374801636,1.1998642683029175,0.14654342830181122,0.8164424896240234,0.669899046421051,0.9996938775510205,0.9995918367346939,0.006357834385998132,0.9650478793936101,0.9989285729703453,0.16043217286914768,0.2657248742266917,0.9952762198263317
18035,50,10.478348903656006,11.064648475646973,0.5862996578216553,1.2656090259552002,0.1549452692270279,1.2888480424880981,1.1339027881622314,0.9993877551020408,0.9993877551020408,0.006875464197771496,0.9622041999879701,0.9989285729703453,0.1603361344537815,0.2660149019058255,0.9952762198263317
15292,50,9.112870235443115,10.166785888671875,1.0539156198501587,1.245786428451538,0.7806130647659302,1.6593822240829468,0.8787691593170166,0.9987755102040816,0.9992857142857143,-0.1832244448527784,0.20279202532430796,0.9833011361316991,-0.1594717887154862,0.26863464534916126,0.9952762198263317
17986,50,10.06280466079712,10.392878303527832,0.33007365465164185,1.2816346883773804,0.2583319842815399,0.6620749831199646,0.4037429988384247,0.9984693877551021,0.9985714285714286,-0.15749169832246135,0.27470057396810926,0.9833011361316991,-0.15899159663865545,0.2700974462519893,0.9952762198263317
17489,50,9.29077579498291,10.460738487243653,1.169962763786316,1.5002741813659668,0.9550909399986267,1.2435046434402466,0.2884137034416199,0.9990816326530613,0.9983673469387755,0.14482998331150854,0.3156179595162346,0.9833011361316991,0.15879951980792315,0.27068404488745834,0.9952762198263317
13320,50,9.883562927246095,10.22072027206421,0.33715733885765076,1.0714558362960815,0.300171434879303,1.1183531284332275,0.8181816935539246,0.9978571428571429,0.9983673469387755,-0.29728555863943124,0.03602745806754543,0.9833011361316991,-0.15860744297719087,0.2712714884666112,0.9952762198263317
8697,50,9.016096229553222,9.453713855743409,0.4376174807548523,1.4238659143447876,-0.07101142406463623,1.4475250244140625,1.5185364484786987,0.9981632653061224,0.9983673469387755,-0.19894115562173884,0.1660416843299314,0.9833011361316991,-0.15831932773109242,0.27215423841017305,0.9952762198263317
15215,50,10.163335075378418,10.682588539123536,0.5192534327507019,1.2658637762069702,0.16004298627376556,1.3522814512252808,1.192238450050354,0.9996938775510205,0.9995918367346939,-0.17766389884615472,0.21707376180979177,0.9833011361316991,-0.15793517406962787,0.2733341969214869,0.9952762198263317
4951,50,9.632365245819091,11.63532413482666,2.0029590129852295,2.059577226638794,1.7113847732543945,2.712412118911743,1.0010273456573486,0.998061224489796,0.9990816326530613,-0.20798318195543472,0.14723457317819122,0.9833011361316991,-0.15764705882352942,0.2742213853217726,0.9952762198263317
8349,50,8.126826343536377,9.55582368850708,1.4289973974227905,1.5236139297485352,0.9198283553123474,1.9813876152038574,1.0615592002868652,0.9968367346938776,0.9993877551020408,-0.19526918966152418,0.1741587466346848,0.9833011361316991,-0.1568787515006002,0.2765965253464571,0.9952762198263317
8519,50,10.327047958374024,11.26274242401123,0.9356944561004639,1.6904487609863281,0.4434494078159332,1.8484033346176147,1.404953956604004,0.9991836734693877,0.9975510204081632,-0.16439070326982386,0.25395370661341315,0.9833011361316991,-0.15659063625450179,0.2774906931161745,0.9952762198263317
1353,50,9.653644351959228,10.68670810699463,1.0330636501312256,1.2439459562301636,0.88563072681427,1.4475113153457642,0.5618805885314941,0.995,0.9940816326530613,-0.15208725681824634,0.2917146790041217,0.9833011361316991,-0.1562064825930372,0.27868587923533067,0.9952762198263317
3469,50,11.773791999816895,12.344153175354004,0.5703611969947815,1.4685920476913452,0.16157697141170502,1.3526577949523926,1.1910808086395264,0.9984693877551021,0.9989795918367347,-0.15138870769856813,0.2939628078649539,0.9833011361316991,-0.15591836734693876,0.2795844911139434,0.9952762198263317
9690,50,11.203014450073242,11.514202995300293,0.3111884593963623,1.3363128900527954,0.033354077488183975,0.1299106329679489,0.09655655920505524,0.9978571428571429,0.9995918367346939,0.08087364655208026,0.5766294049825775,0.9975316992255066,0.15591836734693876,0.2795844911139434,0.9952762198263317
14024,50,12.740698585510254,14.834020385742187,2.0933220386505127,2.528310775756836,1.3817592859268188,2.402738094329834,1.0209788084030151,0.9988775510204082,0.9995918367346939,0.08117210911128168,0.5752188203394417,0.9975316992255066,0.15466986794717885,0.2835004957845426,0.9952762198263317
19468,50,10.51635232925415,10.488621101379394,-0.027731094509363174,1.316129446029663,-0.3002360463142395,-0.22750647366046906,0.07272957265377045,0.9988775510204082,0.9989795918367347,0.2051052672805509,0.15304089432436943,0.9833011361316991,0.15380552220888358,0.28623254637859175,0.9952762198263317
3599,50,0.2935573661327362,0.2874461805820465,-0.006111186929047108,0.05605527013540268,-0.007131020538508892,-0.015969740226864815,-0.008838719688355923,0.059081632653061225,0.055204081632653064,-0.151299070444378,0.2942520981887429,0.9833011361316991,-0.1537094837935174,0.28653716705399784,0.9952762198263317
676,50,9.46026927947998,10.350321197509766,0.8900520205497742,1.4155269861221313,0.6011987924575806,1.815494418144226,1.2142956256866455,0.998061224489796,0.9976530612244898,-0.11010389021232483,0.44655022137111383,0.9901066683689362,-0.15361344537815122,0.2868419996620879,0.9952762198263317
23055,50,9.654300651550294,10.408893604278564,0.7545931339263916,1.2664469480514526,0.6450042724609375,0.33113881945610046,-0.31386545300483704,0.9946938775510205,0.9984693877551021,0.2295852452296942,0.10874546727800119,0.9833011361316991,0.15342136854741897,0.2874523007100789,0.9952762198263317
20311,50,7.636246452331543,8.666352634429932,1.0301060676574707,1.296204686164856,0.8092634081840515,1.1904693841934204,0.3812059760093689,0.9958163265306123,0.9985714285714286,0.09622091099574699,0.506229162587297,0.9912198009847464,0.1528451380552221,0.28928829108469883,0.9952762198263317
2860,50,9.76295669555664,10.380070400238036,0.6171138286590576,1.495267629623413,0.1307891309261322,1.8565073013305664,1.7257181406021118,0.9985714285714286,0.9994897959183674,-0.2406138107397683,0.09233787343796844,0.9833011361316991,-0.15274909963985592,0.2895950314476937,0.9952762198263317
13159,50,8.519831771850585,9.35828842163086,0.8384566307067871,1.425626516342163,0.6877971291542053,1.6492767333984375,0.9614796042442322,0.9977551020408163,0.9989795918367347,-0.16211582090113533,0.2606746433204702,0.9833011361316991,-0.15274909963985592,0.2895950314476937,0.9952762198263317
3933,50,8.422679042816162,9.114211139678956,0.6915321350097656,1.1615065336227417,0.43104854226112366,1.008104920387268,0.5770564079284668,0.9968367346938776,0.9962244897959184,0.04123675950262428,0.7761546091363793,0.9989285729703453,-0.15236494597839134,0.29082411306245165,0.9952762198263317
22857,50,10.623647117614746,11.338518333435058,0.7148712277412415,1.3117194175720215,0.33460521697998047,0.8623425960540771,0.5277373790740967,0.998265306122449,0.9994897959183674,-0.10189198909970898,0.48137188233847067,0.9912198009847464,-0.1510204081632653,0.29515261746694305,0.9952762198263317
7818,50,8.79275484085083,9.305606956481933,0.5128520727157593,1.2269645929336548,0.24523012340068817,1.1632423400878906,0.9180122017860413,0.9975510204081632,0.9990816326530613,-0.188335886345074,0.19026032634860704,0.9833011361316991,-0.15082833133253298,0.2957743686259785,0.9952762198263317
5491,50,10.216278972625732,11.000468368530273,0.7841894626617432,1.356956958770752,0.36665698885917664,1.3333473205566406,0.9666903018951416,0.9985714285714286,0.9993877551020408,0.0522617651988896,0.7185135694147373,0.9989285729703453,0.1506362545018007,0.29639696822747547,0.9952762198263317
24152,50,9.163283214569091,10.087690658569336,0.9244076013565063,1.373552680015564,0.9844876527786255,0.5326568484306335,-0.45183080434799194,0.9356122448979591,0.9410204081632653,0.23755031515575442,0.09668899766497063,0.9833011361316991,0.1497719087635054,0.29920916650742924,0.9952762198263317
3521,50,9.782265720367432,10.409055404663086,0.6267896890640259,1.3201769590377808,0.037634558975696564,1.5039218664169312,1.4662872552871704,0.9978571428571429,0.9986734693877551,-0.20730523982153384,0.14858743802525531,0.9833011361316991,-0.14929171668667465,0.30077892354943686,0.9952762198263317
18857,50,9.672623310089111,10.074474716186524,0.4018513560295105,1.112676739692688,0.3073495328426361,0.7484859824180603,0.4411364495754242,0.9974489795918368,0.9996938775510205,-0.21334806007492016,0.1368486484922668,0.9833011361316991,-0.14900360144057623,0.30172332345074987,0.9952762198263317
23181,50,10.09436201095581,11.632702922821045,1.5383411645889282,1.9898009300231934,1.3124135732650757,1.9316574335098267,0.619243860244751,0.9947959183673469,0.9992857142857143,-0.19588887179780382,0.17276915694052963,0.9833011361316991,-0.14881152460984393,0.30235398408797354,0.9952762198263317
13598,50,8.147845973968506,9.183512077331542,1.0356662273406982,1.475748896598816,0.8610094785690308,1.0627280473709106,0.20171856880187988,0.9989795918367347,0.9987755102040816,0.18871121170448774,0.1893624174826792,0.9833011361316991,0.14852340936374547,0.30330156609218906,0.9952762198263317
14582,50,10.196921501159668,10.866995162963867,0.6700736880302429,1.3471893072128296,0.5444954037666321,0.7449964880943298,0.20050108432769775,0.9973469387755102,0.9968367346938776,0.0678012567054791,0.6398988788065748,0.9989285729703453,0.1470828331332533,0.30806811377271087,0.9952762198263317
10265,50,9.926747188568115,10.556770496368408,0.6300233006477356,1.3385041952133179,0.2721409201622009,0.9655156135559082,0.6933746933937073,0.9992857142857143,0.9988775510204082,0.034845428438656574,0.8101478723334669,0.9989285729703453,0.14679471788715487,0.3090271503893748,0.9952762198263317
21305,50,10.052828884124756,10.713790321350098,0.6609613299369812,1.2504154443740845,0.372520387172699,1.2966349124908447,0.9241145253181458,0.9979591836734694,0.9983673469387755,-0.06519177564224986,0.6528582013321248,0.9989285729703453,-0.14660264105642254,0.309667568589861,0.9952762198263317
8265,50,9.378838882446288,10.504593849182129,1.1257548332214355,1.3564797639846802,1.1909817457199097,0.5568539500236511,-0.6341277956962585,0.9962244897959184,0.9988775510204082,0.25506274283629127,0.07383319257715906,0.9833011361316991,0.14650660264105642,0.3099880958137484,0.9952762198263317
7424,50,7.576024208068848,7.64436113357544,0.06833691895008087,0.8956505060195923,-0.25464341044425964,0.5285976529121399,0.7832410335540771,0.9968367346938776,0.9964285714285714,0.06143145343946895,0.6717118393257475,0.9989285729703453,0.14612244897959184,0.31127232542051414,0.9952762198263317
6200,50,9.304087944030762,10.317970657348633,1.0138826370239258,1.4983590841293335,0.4761287569999695,1.4466150999069214,0.9704863429069519,0.9990816326530613,0.9983673469387755,0.1852965018309605,0.19764360914898405,0.9833011361316991,0.14593037214885954,0.3119157125770148,0.9952762198263317
13749,50,10.734829025268555,12.24752342224121,1.512694239616394,1.7333598136901855,1.1097896099090576,2.642503499984741,1.5327138900756836,0.9983673469387755,0.9987755102040816,-0.047306311650402666,0.7442516788033726,0.9989285729703453,-0.14583433373349342,0.31223772422385965,0.9952762198263317
16438,50,9.27715997695923,9.600447406768799,0.32328739762306213,1.1886889934539795,0.6471291780471802,-0.11375673860311508,-0.7608858942985535,0.9953061224489796,0.9996938775510205,0.0158728368624966,0.9128805449187006,0.9989285729703453,0.14573829531812724,0.31255994790844666,0.9952762198263317
10119,50,8.301240253448487,9.28964687347412,0.9884065389633179,1.2647122144699097,0.8014055490493774,1.3274568319320679,0.5260512828826904,0.9970408163265306,0.9985714285714286,0.08906100151400423,0.5385202503660633,0.9933406819150514,0.1456422569027611,0.31288238362455484,0.9952762198263317
12564,50,1.784549789428711,1.6727104663848877,-0.11183933913707733,0.19840724766254425,-0.11948512494564056,-0.15139295160770416,-0.0319078266620636,0.06030612244897959,0.056938775510204084,-0.06689566649336541,0.644384470831422,0.9989285729703453,-0.1456422569027611,0.31288238362455484,0.9952762198263317
22068,50,8.664451503753662,9.339703063964844,0.6752516031265259,1.1690794229507446,0.6102332472801208,1.3974887132644653,0.7872554659843445,0.9991836734693877,0.9994897959183674,-0.15687349322655822,0.2766128273797167,0.9833011361316991,-0.1456422569027611,0.31288238362455484,0.9952762198263317
3768,50,10.673210792541504,10.918721809387208,0.24551093578338623,1.3860483169555664,-0.018763337284326553,0.7048038840293884,0.7235672473907471,0.9984693877551021,0.998061224489796,-0.06470068747910572,0.6553085975414453,0.9989285729703453,-0.14496998799519806,0.31514536995882747,0.9952762198263317
17669,50,10.40402452468872,11.76224552154541,1.3582212924957275,1.5988998413085938,0.9063960313796997,2.0199105739593506,1.1135145425796509,0.9984693877551021,0.9993877551020408,-0.15107660829552774,0.2949708585273878,0.9833011361316991,-0.14487394957983193,0.3154695016811231,0.9952762198263317
14476,50,10.02400676727295,10.258001289367677,0.23399457335472107,1.3913463354110718,-0.3416738510131836,1.582746982574463,1.9244208335876465,0.9916326530612245,0.993061224489796,-0.21855522172058106,0.12730119046221702,0.9833011361316991,-0.14410564225690276,0.31807018558063355,0.9952762198263317
3050,50,9.962005443572998,11.279665985107421,1.3176606893539429,1.5803806781768799,1.118463397026062,1.7191301584243774,0.6006667613983154,0.9988775510204082,0.9990816326530613,0.11606260014393543,0.42217885528876303,0.9901066683689362,0.14391356542617048,0.3187224757126388,0.9952762198263317
8622,50,8.656234836578369,9.487931766510009,0.8316969871520996,1.314632534980774,0.5878652930259705,1.3829482793807983,0.7950829863548279,0.9991836734693877,0.998061224489796,-0.13109882874045686,0.3641492334634786,0.9833011361316991,-0.14391356542617048,0.3187224757126388,0.9952762198263317
10681,50,8.711264190673829,8.731378746032714,0.020114632323384285,1.0681263208389282,0.07754741609096527,-0.256518691778183,-0.33406609296798706,0.9405102040816327,0.9438775510204082,0.0637285304722699,0.660169989481579,0.9989285729703453,0.1438175270108043,0.31904893860101285,0.9952762198263317
9423,50,0.342805392742157,0.29606406927108764,-0.04674132913351059,0.07917767018079758,-0.052708376199007034,-0.002827933756634593,0.04988044127821922,0.059489795918367346,0.05510204081632653,-0.10993834487384908,0.4472381882404341,0.9901066683689362,-0.1431452581032413,0.3213401105572278,0.9952762198263317
6447,50,9.108656978607177,10.340765266418456,1.2321083545684814,1.7442060708999634,0.6192366480827332,2.32593035697937,1.7066936492919922,0.9988775510204082,0.998265306122449,-0.1776143574211298,0.21720407389439647,0.9833011361316991,-0.14304921968787515,0.3216682680999299,0.9952762198263317
1603,50,8.927926139831543,9.49579195022583,0.5678657293319702,1.1165367364883423,0.0595732145011425,1.143884539604187,1.0843113660812378,0.9981632653061224,0.9975510204081632,0.028079945240509958,0.8465116043519086,0.9989285729703453,-0.14285714285714285,0.3223252185211164,0.9952762198263317
15256,50,7.125763454437256,7.8027193641662596,0.6769558787345886,1.0246578454971313,0.3592032790184021,1.3086261749267578,0.9494228959083557,0.9981632653061224,0.9990816326530613,-0.02588791061238323,0.8583656509845652,0.9989285729703453,-0.14285714285714285,0.3223252185211164,0.9952762198263317
11125,50,8.795770988464355,9.31491325378418,0.5191423296928406,1.1039035320281982,0.32225993275642395,0.8340442180633545,0.5117843151092529,0.9989795918367347,0.9988775510204082,-0.025954657623555293,0.8580042270818984,0.9989285729703453,-0.14266506602641055,0.3229830159785235,0.9952762198263317
17350,50,9.767939682006835,10.083266296386718,0.3153265416622162,1.3945187330245972,-0.09316868335008621,1.1501845121383667,1.243353247642517,0.9993877551020408,0.9979591836734694,-0.09803131798802923,0.4982234991023347,0.9912198009847464,-0.14208883553421367,0.32496148958915244,0.9952762198263317
8904,50,11.983380279541016,13.501419639587402,1.518039584159851,2.0312371253967285,1.3545236587524414,1.027421236038208,-0.3271024227142334,0.9988775510204082,0.9994897959183674,0.16275785887344407,0.2587658491025856,0.9833011361316991,0.14180072028811525,0.3259535839553246,0.9952762198263317
24450,50,9.388709754943848,10.052263927459716,0.6635542511940002,1.2896820306777954,0.42928868532180786,1.5347251892089844,1.1054365634918213,0.998061224489796,0.9994897959183674,-0.19052364110678235,0.18506900850758906,0.9833011361316991,-0.14160864345738294,0.3266160383087073,0.9952762198263317
1397,50,9.888471126556396,10.889095573425292,1.000624418258667,1.4091134071350098,0.745395839214325,1.8104146718978882,1.065018892288208,0.9376530612244898,0.9418367346938775,-0.20796893886020568,0.14726290182992488,0.9833011361316991,-0.1415126050420168,0.32694758287613984,0.9952762198263317
5481,50,8.916308269500732,9.58909429550171,0.6727861166000366,1.2589783668518066,0.4366757571697235,0.8041184544563293,0.36744269728660583,0.9981632653061224,0.9981632653061224,0.11047693039308555,0.44500209559492365,0.9901066683689362,0.14122448979591837,0.3279434859681824,0.9952762198263317
10577,50,9.1959698677063,9.357206935882568,0.16123704612255096,0.9666141271591187,-0.0973300114274025,0.6862732768058777,0.783603310585022,0.9985714285714286,0.998061224489796,-0.21772350286168712,0.12879151781826934,0.9833011361316991,-0.14122448979591837,0.3279434859681824,0.9952762198263317
7852,50,10.27680627822876,11.383160362243652,1.1063541173934937,1.3821521997451782,0.8371532559394836,1.760451316833496,0.9232980608940125,0.9963265306122449,0.9987755102040816,-0.18779656981046977,0.19155586892359705,0.9833011361316991,-0.14103241296518607,0.32860847903956075,0.9952762198263317
2481,50,9.565214138031006,10.571923637390137,1.0067094564437866,1.4806312322616577,0.3311963975429535,1.8209433555603027,1.4897469282150269,0.9987755102040816,0.9995918367346939,0.028146313982155755,0.8461532070393555,0.9989285729703453,-0.1407442977190876,0.32960755485698967,0.9952762198263317
21194,50,10.188361511230468,11.189232902526856,1.0008713006973267,1.4378077983856201,0.7806717753410339,1.1326998472213745,0.3520280718803406,0.9978571428571429,0.9994897959183674,0.05659471898417736,0.6962582244008775,0.9989285729703453,0.1402641056422569,0.3312769100573533,0.9952762198263317
4999,50,10.065005702972412,10.921836700439453,0.8568310737609863,1.6205737590789795,0.2667042315006256,2.200698137283325,1.933993935585022,0.9988775510204082,0.9998979591836735,0.003439749593738915,0.981085871846337,0.9989285729703453,0.14016806722689074,0.33161141527585847,0.9952762198263317
21082,50,9.839739513397216,10.523384170532227,0.6836446523666382,1.3045178651809692,0.5525389909744263,1.0600545406341553,0.507515549659729,0.9955102040816326,0.9944897959183674,-0.05524441659292325,0.7031676955201719,0.9989285729703453,-0.14016806722689074,0.33161141527585847,0.9952762198263317
9580,50,9.94931936264038,10.709131355285644,0.7598121166229248,1.1014041900634766,0.45683375000953674,1.2319046258926392,0.7750709056854248,0.9978571428571429,0.9992857142857143,-0.10801303454908893,0.4552820478710468,0.9901066683689362,-0.13997599039615843,0.33228105975625044,0.9952762198263317
10777,50,10.570457153320312,11.278481330871582,0.7080241441726685,1.6557822227478027,0.7432128190994263,0.40225228667259216,-0.3409605324268341,0.9989795918367347,0.9989795918367347,0.09248255184109039,0.522965179266553,0.9933406819150514,0.13997599039615843,0.33228105975625044,0.9952762198263317
12483,50,10.956602745056152,11.649743041992188,0.6931403279304504,1.4820501804351807,0.2648654580116272,1.1051499843597412,0.840284526348114,0.9985714285714286,0.9998979591836735,0.10021777543794771,0.4886426090989348,0.9912198009847464,0.1398799519807923,0.33261619898352457,0.9952762198263317
11467,50,9.558713111877442,10.721607666015625,1.162894606590271,1.618693232536316,0.8857184648513794,1.3096247911453247,0.4239063262939453,0.9981632653061224,0.9971428571428571,0.14492246568411163,0.31530573228968,0.9833011361316991,0.13968787515006,0.3332871113242814,0.9952762198263317
7779,50,9.943707942962646,10.317035484313966,0.3733276426792145,1.3164253234863281,0.02582475170493126,0.9693129658699036,0.9434882402420044,0.9935714285714285,0.998061224489796,-0.21148662324560125,0.1403883040187307,0.9833011361316991,-0.1392076830732293,0.3349680890027997,0.9952762198263317
8779,50,9.803862457275391,10.528411178588867,0.7245488166809082,1.3446879386901855,0.3627625107765198,0.8489211201667786,0.4861586093902588,0.9997959183673469,0.9989795918367347,0.03710989028834383,0.7980607725133136,0.9989285729703453,0.13911164465786313,0.335304918132302,0.9952762198263317
12159,50,10.69640495300293,11.39319938659668,0.696794331073761,1.3861167430877686,0.43825599551200867,0.8724539875984192,0.4341979920864105,0.9988775510204082,0.9994897959183674,0.18324436005075265,0.2027420963437993,0.9833011361316991,0.139015606242497,0.3356419584156024,0.9952762198263317
16622,50,8.204652805328369,8.72831386566162,0.5236610174179077,1.058824896812439,0.5150638818740845,0.488019198179245,-0.027044683694839478,0.9985714285714286,0.9981632653061224,-0.09306188403620559,0.5203537151074622,0.9933406819150514,-0.13863145258103243,0.3369922306980508,0.9952762198263317
9433,50,6.803909530639649,7.378505668640137,0.5745960474014282,0.993462085723877,0.6481140851974487,0.39079177379608154,-0.2573223114013672,0.9358163265306122,0.9394897959183673,0.08710547502334769,0.5475102323126776,0.9933406819150514,0.13853541416566625,0.3373303264571294,0.9952762198263317
2446,50,10.715536289215088,11.777315483093261,1.0617791414260864,1.5695075988769531,0.7843930125236511,1.1205345392227173,0.33614152669906616,0.9998979591836735,0.9992857142857143,0.05436855651568058,0.7076622239267019,0.9989285729703453,0.13805522208883553,0.33902397036873705,0.9952762198263317
11449,50,10.257986087799072,10.821927108764648,0.5639410614967346,1.312448263168335,0.31539565324783325,0.8425111174583435,0.5271154642105103,0.996938775510204,0.9979591836734694,0.10133779847657186,0.48377227229291847,0.9912198009847464,0.13786314525810325,0.3397029045981781,0.9952762198263317
15296,50,9.092073421478272,10.816574020385742,1.7245005369186401,1.8679497241973877,1.4552792310714722,2.1679887771606445,0.7127095460891724,0.9987755102040816,0.9998979591836735,0.14985586142634455,0.29893526831017064,0.9833011361316991,0.13767106842737095,0.34038268238000874,0.9952762198263317
21688,50,8.882472877502442,9.4242604637146,0.5417875051498413,1.3615792989730835,0.21737851202487946,1.0944218635559082,0.8770433664321899,0.9981632653061224,0.9996938775510205,-0.051731185926620696,0.7212551840625383,0.9989285729703453,-0.13747899159663865,0.34106330353932296,0.9952762198263317
5206,50,0.36853657245635985,0.29708740234375,-0.0714491680264473,0.08431389182806015,-0.06496007740497589,-0.08280722796916962,-0.017847150564193726,0.05928571428571429,0.05591836734693877,-0.07073837386160026,0.6254388247313009,0.9989285729703453,-0.1373829531812725,0.34140393033004307,0.9952762198263317
7064,50,10.090581378936768,10.65065954208374,0.5600780248641968,1.3591511249542236,0.21736779808998108,1.3422495126724243,1.1248817443847656,0.9995918367346939,0.9988775510204082,-0.07275063904449289,0.6156115350921891,0.9989285729703453,-0.1373829531812725,0.34140393033004307,0.9952762198263317
3756,50,9.687505512237548,10.352346229553223,0.6648407578468323,1.4602700471878052,0.25383567810058594,1.8396319150924683,1.5857962369918823,0.9971428571428571,0.9993877551020408,-0.11844345913735542,0.4126563859482031,0.9901066683689362,-0.13661464585834332,0.34413653070929584,0.9952762198263317
7989,50,9.580319938659668,10.477981777191163,0.8976617455482483,1.421754002571106,0.3269675672054291,1.6749496459960938,1.3479820489883423,0.9992857142857143,0.9974489795918368,0.11232577216588872,0.4373732568280678,0.9901066683689362,0.13584633853541417,0.34688260880067673,0.9952762198263317
13231,50,10.553527221679687,11.179043655395509,0.625516414642334,1.4380090236663818,0.37411242723464966,0.9269949793815613,0.5528825521469116,0.9991836734693877,0.9987755102040816,0.18170410663743167,0.20662927270838624,0.9833011361316991,0.13584633853541417,0.34688260880067673,0.9952762198263317
14921,50,10.515632438659669,10.933969688415527,0.41833731532096863,1.0332002639770508,0.4031526446342468,0.6647968888282776,0.26164424419403076,0.9986734693877551,0.9990816326530613,-0.10462884877071316,0.46961021803247105,0.9912198009847464,-0.13546218487394956,0.3482606980309429,0.9952762198263317
12288,50,10.563503684997558,11.244386558532716,0.6808828711509705,1.4988590478897095,0.9397434592247009,0.24806971848011017,-0.691673755645752,0.9991836734693877,0.9992857142857143,-0.04060849631685924,0.7794788950155183,0.9989285729703453,0.13517406962785114,0.34929647305286216,0.9952762198263317
5062,50,11.562172355651855,12.549116516113282,0.9869441986083984,1.8398661613464355,0.8164025545120239,1.775692105293274,0.95928955078125,0.9983673469387755,0.9992857142857143,-0.16899961795842858,0.24069771695764858,0.9833011361316991,-0.135078031212485,0.3496421518419179,0.9952762198263317
5761,50,11.068020038604736,11.404732131958008,0.33671218156814575,1.2758512496948242,0.027689406648278236,0.9519578814506531,0.9242684841156006,0.9988775510204082,0.9988775510204082,-0.06648869205461307,0.6464044099651508,0.9989285729703453,-0.135078031212485,0.3496421518419179,0.9952762198263317
19714,50,8.87547290802002,9.335800991058349,0.46032801270484924,1.1246976852416992,0.2531289756298065,0.5264808535575867,0.27335187792778015,0.9983673469387755,0.9984693877551021,0.19620397774720538,0.17206564293548476,0.9833011361316991,0.1348859543817527,0.3503341399301127,0.9952762198263317
18410,50,9.091916027069091,10.055038890838624,0.9631227850914001,1.3671718835830688,0.7621787190437317,0.8352755904197693,0.0730968713760376,0.9948979591836735,0.9994897959183674,0.12948462918725812,0.37013653366308075,0.9833011361316991,0.13363745498199278,0.3548525395175445,0.9952762198263317
23385,50,10.728505668640137,11.12479522705078,0.39628952741622925,1.17864990234375,0.08649139851331711,0.8568882942199707,0.770396888256073,0.9994897959183674,0.9991836734693877,-0.17468071433837032,0.22501797474741797,0.9833011361316991,-0.1330612244897959,0.3569499142902921,0.9952762198263317
5184,50,8.871148738861084,9.814615859985352,0.9434670805931091,1.1614910364151,0.6272649168968201,1.3903703689575195,0.7631054520606995,0.9975510204081632,0.9976530612244898,-0.021942871873369994,0.8797759561350027,0.9989285729703453,-0.13296518607442975,0.3573002104093528,0.9952762198263317
3542,50,10.369590187072754,10.833796730041504,0.4642065763473511,1.1808372735977173,0.24261654913425446,0.8734797835350037,0.6308632493019104,0.9991836734693877,0.9983673469387755,-0.05918679112248394,0.6830632301305778,0.9989285729703453,-0.13277310924369748,0.35800143121546146,0.9952762198263317
16283,50,11.324461517333985,12.276199378967284,0.9517378211021423,1.8807330131530762,0.5993342399597168,0.6492612957954407,0.04992705583572388,0.9991836734693877,0.9991836734693877,0.2131931125401871,0.13714072315782921,0.9833011361316991,0.13277310924369748,0.35800143121546146,0.9952762198263317
7067,50,9.072326984405517,9.426993312835693,0.35466626286506653,1.3361315727233887,0.3060607612133026,0.6355686187744141,0.32950785756111145,0.9508163265306122,0.948469387755102,-0.1103111841228761,0.4456895804639938,0.9901066683689362,-0.13267707082833133,0.35835235583913505,0.9952762198263317
10480,50,9.937405776977538,10.97535882949829,1.0379528999328613,1.3611520528793335,0.6351906061172485,1.8293596506118774,1.194169044494629,0.9979591836734694,0.9991836734693877,-0.21691830186961658,0.13024679796985209,0.9833011361316991,-0.13267707082833133,0.35835235583913505,0.9952762198263317
14619,50,9.79722038269043,10.35764305114746,0.5604228377342224,1.0508366823196411,0.33046954870224,0.6052019000053406,0.2747323513031006,0.9988775510204082,0.9989795918367347,0.14872418064657392,0.302641047912137,0.9833011361316991,0.13267707082833133,0.35835235583913505,0.9952762198263317
2516,50,0.3425693815946579,0.31356879889965056,-0.02900058589875698,0.0728737935423851,-0.052206628024578094,-0.019163310527801514,0.03304331749677658,0.05897959183673469,0.05612244897959184,-0.13805090612020043,0.3390392167632101,0.9833011361316991,-0.13258103241296518,0.3587034899006481,0.9952762198263317
11018,50,9.691819896697998,10.600828819274902,0.9090088605880737,1.3177711963653564,0.8239555358886719,1.1004718542099,0.276516318321228,0.9998979591836735,0.9993877551020408,-0.01227721951458987,0.9325631534334657,0.9989285729703453,0.13258103241296518,0.3587034899006481,0.9952762198263317
18042,50,9.922296962738038,11.035734272003173,1.1134371757507324,1.5320260524749756,0.9125751852989197,1.397931456565857,0.48535627126693726,0.9978571428571429,0.9992857142857143,0.03481765516850139,0.8102963974192107,0.9989285729703453,0.13258103241296518,0.3587034899006481,0.9952762198263317
7681,50,12.425317344665528,13.800730934143067,1.375413417816162,1.837609887123108,0.8451560139656067,2.7618701457977295,1.9167141914367676,0.9960204081632653,0.9977551020408163,-0.41422257314698324,0.0027851158398618098,0.9833011361316991,-0.13238895558223288,0.35940638620830534,0.9952762198263317
15058,50,10.699085807800293,11.245970535278321,0.5468848347663879,1.2873691320419312,0.39357709884643555,0.7145335078239441,0.32095640897750854,0.9995918367346939,0.998061224489796,0.12531887533202504,0.385859281200621,0.9833011361316991,0.13238895558223288,0.35940638620830534,0.9952762198263317
24269,50,9.923063182830811,10.369365062713623,0.4463019073009491,1.316057562828064,0.6643596291542053,-0.698371410369873,-1.3627309799194336,0.9974489795918368,0.9986734693877551,0.10140770555305807,0.48346913457189894,0.9912198009847464,0.13238895558223288,0.35940638620830534,0.9952762198263317
12843,50,10.764722061157226,11.662389488220215,0.897667407989502,1.7053152322769165,0.4515233039855957,2.3976552486419678,1.946131944656372,0.9962244897959184,0.9984693877551021,-0.22905717666163317,0.10958373267062396,0.9833011361316991,-0.13219687875150057,0.3601101198787131,0.9952762198263317
7947,50,10.172242889404297,10.79616050720215,0.6239175200462341,1.3145010471343994,0.17022253572940826,1.189319133758545,1.0190966129302979,0.9991836734693877,0.9996938775510205,0.04338618535187918,0.7648118351639889,0.9989285729703453,0.13190876350540215,0.36116728986368035,0.9952762198263317
18368,50,9.153477516174316,9.303543605804443,0.15006619691848755,1.1487150192260742,-0.01265968568623066,0.4583747684955597,0.4710344672203064,0.9987755102040816,0.9991836734693877,-0.1694264936108527,0.23949429850801585,0.9833011361316991,-0.13142857142857142,0.3629334228844201,0.9952762198263317
13358,50,8.646417179107665,9.679292011260987,1.0328749418258667,1.6481354236602783,0.6912193298339844,1.237379789352417,0.5461604595184326,0.9955102040816326,0.9989795918367347,0.09739817860699902,0.5010158195547333,0.9912198009847464,0.1300840336134454,0.36790637879392696,0.9952762198263317
7030,50,8.488281135559083,9.532939052581787,1.0446580648422241,1.618199110031128,0.5422975420951843,1.223894476890564,0.6815969347953796,0.9528571428571428,0.9526530612244898,0.08676259451779378,0.5490939016191035,0.9933406819150514,0.12960384153661464,0.36969234346578334,0.9952762198263317
408,50,10.25399751663208,10.774828453063964,0.5208309888839722,1.4424351453781128,0.3946276009082794,0.0023747284431010485,-0.3922528624534607,0.9981632653061224,0.9972448979591837,0.13766840295513008,0.3403921216677999,0.9833011361316991,0.1295078031212485,0.37005016148708225,0.9952762198263317
16489,50,10.585148162841797,11.401144638061524,0.8159963488578796,1.522403597831726,0.7135185599327087,0.9322535395622253,0.2187349796295166,0.9998979591836735,0.9996938775510205,0.10864308825279663,0.45264106759209843,0.9901066683689362,0.1289315726290516,0.3722014419914518,0.9952762198263317
12839,50,9.1203985786438,9.82662654876709,0.7062279582023621,1.1900280714035034,0.5557565093040466,1.5655971765518188,1.009840726852417,0.9987755102040816,0.9985714285714286,-0.014342900465249173,0.921249864776325,0.9989285729703453,-0.12854741896758703,0.3736397902834096,0.9952762198263317
23174,50,7.877185935974121,7.701315174102783,-0.17587074637413025,1.058443307876587,-0.21510367095470428,-0.06998249143362045,0.14512118697166443,0.9393877551020409,0.9406122448979591,0.08456976187779765,0.5592734100561613,0.9933406819150514,0.12845138055222088,0.3739998971522333,0.9952762198263317
10891,50,9.81342960357666,10.525177497863769,0.7117478251457214,1.5607523918151855,0.5705219507217407,1.2580249309539795,0.6875029802322388,0.9996938775510205,0.9993877551020408,-0.06378214148568355,0.6599015364134935,0.9989285729703453,-0.12835534213685473,0.37436021185850993,0.9952762198263317
6250,50,10.534015560150147,11.513930969238281,0.9799156785011292,1.3206849098205566,0.5453504323959351,1.3462672233581543,0.8009167909622192,0.9976530612244898,0.9994897959183674,-0.08225473594364122,0.5701154456664186,0.9975316992255066,-0.12825930372148858,0.3747207343614542,0.9952762198263317
17378,50,11.025384788513184,11.134162673950195,0.10877776890993118,1.1036454439163208,-0.1134566217660904,0.7755590081214905,0.8890156149864197,0.9993877551020408,0.9988775510204082,-0.17056951583760183,0.23629222101405908,0.9833011361316991,-0.12825930372148858,0.3747207343614542,0.9952762198263317
9814,50,8.328020439147949,8.618225021362305,0.29020455479621887,1.1410012245178223,-0.26136454939842224,1.303959846496582,1.5653244256973267,0.9395918367346939,0.9421428571428572,-0.2421140296722552,0.09026340402297295,0.9833011361316991,-0.12816326530612243,0.3750814646200842,0.9952762198263317
11770,50,8.107076644897461,8.96623622894287,0.859159529209137,1.2628684043884277,0.7417622804641724,0.98820561170578,0.24644333124160767,0.9993877551020408,0.9991836734693877,0.10678048776818393,0.4604726883760739,0.9901066683689362,0.1280672268907563,0.3754424025932207,0.9952762198263317
17327,50,10.101975345611573,11.406515579223633,1.3045402765274048,1.9434080123901367,0.9510028958320618,2.2126519680023193,1.2616491317749023,0.9991836734693877,0.9978571428571429,-0.12221693150519752,0.39781933751146425,0.9901066683689362,-0.127875150060024,0.3761649015173141,0.9952762198263317
4698,50,7.787219390869141,8.465286979675293,0.678067684173584,1.2404305934906006,0.22989843785762787,1.512960433959961,1.2830619812011719,0.9985714285714286,0.9988775510204082,-0.17051313757845507,0.2364494690210052,0.9833011361316991,-0.1276830732292917,0.3768882308003621,0.9952762198263317
5529,50,9.567461204528808,10.45638355255127,0.8889222145080566,1.2905263900756836,0.37198522686958313,1.9047597646713257,1.532774567604065,0.9970408163265306,0.9962244897959184,-0.19623463454008444,0.17199730870533195,0.9833011361316991,-0.1276830732292917,0.3768882308003621,0.9952762198263317
8153,50,8.766389598846436,9.888701725006104,1.122312068939209,1.6154758930206299,0.5639100074768066,2.134312391281128,1.5704023838043213,0.9968367346938776,0.9965306122448979,-0.03080513579823256,0.8318214228117443,0.9989285729703453,-0.12739495798319328,0.3779747809109607,0.9952762198263317
17592,50,0.28760464072227476,0.3185674250125885,0.030962780117988586,0.05310419574379921,0.02920854650437832,0.02977573685348034,0.0005671903491020203,0.05836734693877551,0.05663265306122449,-0.05021822568135726,0.7290919324798256,0.9989285729703453,-0.12710684273709483,0.3790631974221936,0.9952762198263317
20234,50,9.504691276550293,10.272241725921631,0.7675502896308899,1.412949800491333,0.6137648224830627,1.439398169517517,0.8256333470344543,0.9994897959183674,0.9995918367346939,-0.17895596887837356,0.21369436005443404,0.9833011361316991,-0.12681872749099637,0.38015347916898373,0.9952762198263317
24426,50,9.168627605438232,9.925341358184815,0.7567135691642761,1.3825894594192505,0.5197044014930725,1.5823607444763184,1.0626564025878906,0.9997959183673469,0.9993877551020408,-0.23445666173169738,0.10124242769513653,0.9833011361316991,-0.12633853541416568,0.38197475716643303,0.9952762198263317
17000,50,10.541022987365723,11.105600681304931,0.5645777583122253,1.4775078296661377,-0.018447604030370712,1.2965062856674194,1.3149539232254028,0.9960204081632653,0.9989795918367347,-0.05248536849071614,0.7173592120100174,0.9989285729703453,-0.12614645858343337,0.38270471694091557,0.9952762198263317
22874,50,9.931036052703858,10.604210472106933,0.6731744408607483,1.4180325269699097,0.4956600069999695,0.5254850387573242,0.029825031757354736,0.9988775510204082,0.9990816326530613,0.14955383545615736,0.29992139494603837,0.9833011361316991,0.12509003601440577,0.38673427233504143,0.9952762198263317
23667,50,8.15890172958374,8.495287399291993,0.3363856375217438,0.8680732250213623,0.2802809774875641,0.3718491792678833,0.09156820178031921,0.9928571428571429,0.9929591836734694,0.13220607058320344,0.36007642364907133,0.9833011361316991,0.1249939975990396,0.3871018342489891,0.9952762198263317
24172,50,9.917534942626952,10.211492099761962,0.2939571142196655,1.3541923761367798,-0.34952494502067566,1.3633934259414673,1.7129184007644653,0.9985714285714286,0.998265306122449,-0.26745048736450605,0.06042321151576622,0.9833011361316991,-0.12480192076830732,0.3878375767634351,0.9952762198263317
14791,50,10.573592071533204,11.132450180053711,0.5588582158088684,1.665041446685791,0.5432612299919128,0.18069951236248016,-0.3625617027282715,0.9989795918367347,0.9993877551020408,0.05773084130453556,0.6904635308771092,0.9989285729703453,0.12460984393757503,0.3885741438729452,0.9952762198263317
13442,50,10.570038032531738,11.694072284698485,1.1240341663360596,1.606846570968628,0.853664219379425,1.409117341041565,0.5554531216621399,0.9392857142857143,0.9425510204081633,0.12824148579047864,0.3747876446645907,0.9833011361316991,0.12422569027611044,0.3900497503252511,0.9952762198263317
7730,50,10.247992687225342,10.92737102508545,0.6793784499168396,1.2936054468154907,0.14048853516578674,1.738804817199707,1.5983163118362427,0.9981632653061224,0.9987755102040816,-0.11679665063253197,0.4192297375924579,0.9901066683689362,-0.12297719087635053,0.3948682017736102,0.9952762198263317
4611,50,9.76752763748169,10.114774227142334,0.3472464680671692,1.2897295951843262,-0.08521701395511627,1.3502217531204224,1.4354387521743774,0.9996938775510205,0.9991836734693877,-0.055921534555328896,0.6996998867385448,0.9989285729703453,-0.1228811524609844,0.3952402897023939,0.9952762198263317
12569,50,11.06703525543213,11.466611137390137,0.39957594871520996,1.3990044593811035,-0.009345190599560738,1.1432240009307861,1.1525691747665405,0.9988775510204082,0.998061224489796,-0.18626292829278837,0.1952742840090393,0.9833011361316991,-0.12278511404561823,0.3956125827762635,0.9952762198263317
5826,50,9.791005096435548,10.519548110961914,0.7285431623458862,1.3194787502288818,0.40111806988716125,1.3092761039733887,0.9081580638885498,0.9976530612244898,0.9986734693877551,-0.14902969699419147,0.3016377073858754,0.9833011361316991,-0.1221128451380552,0.398224373939506,0.9952762198263317
6078,50,9.83503553390503,10.54705961227417,0.7120239734649658,1.5974043607711792,0.32245245575904846,1.2379895448684692,0.9155371189117432,0.9984693877551021,1.0,0.07774237733830408,0.5915226031018401,0.9989285729703453,0.12192076830732293,0.39897244327874054,0.9952762198263317
3414,50,8.593330917358399,9.95785400390625,1.36452317237854,1.6550049781799316,1.1642824411392212,1.7884855270385742,0.624203085899353,0.9988775510204082,0.9994897959183674,-0.1270560526049173,0.3792552613508202,0.9833011361316991,-0.12172869147659063,0.39972133107122926,0.9952762198263317
21685,50,9.77601873397827,10.054123725891113,0.2781049609184265,1.2347595691680908,-0.25189176201820374,0.985798180103302,1.2376899719238281,0.9979591836734694,0.9971428571428571,0.11103858265129068,0.4426768254815473,0.9901066683689362,0.12134453781512604,0.4012215602729835,0.9952762198263317
8319,50,7.934635848999023,8.952756080627442,1.0181201696395874,1.3668757677078247,0.6573626399040222,1.5782146453857422,0.92085200548172,0.9984693877551021,0.9986734693877551,-0.009852945024752334,0.9458570641519679,0.9989285729703453,-0.12115246098439375,0.4019729008027754,0.9952762198263317
23037,50,10.642830505371094,11.557134437561036,0.9143040180206299,1.4602270126342773,0.8094289898872375,1.1279829740524292,0.31855398416519165,0.9984693877551021,0.9992857142857143,-0.12438393720872436,0.3894414949794376,0.9841415661362728,-0.12057623049219686,0.4042318207639,0.9952762198263317
6639,50,10.672047843933106,11.748763008117676,1.076715350151062,1.4745688438415527,0.23234863579273224,2.0407278537750244,1.8083791732788086,0.9983673469387755,0.9994897959183674,-0.06866874116427793,0.6356139500010796,0.9989285729703453,-0.12048019207683074,0.4046090211786623,0.9952762198263317
7919,50,10.07298225402832,10.91226619720459,0.8392840027809143,1.293872356414795,0.5618498921394348,1.1573734283447266,0.5955235362052917,0.9988775510204082,0.9995918367346939,0.017193275335144368,0.9056647379848602,0.9989285729703453,-0.12038415366146459,0.4049864253717989,0.9952762198263317
3389,50,9.274215469360351,9.87744197845459,0.6032264232635498,1.0863107442855835,0.2810240387916565,1.151269555091858,0.8702455163002014,0.9992857142857143,0.9990816326530613,-0.11293433628972481,0.4348781930021485,0.9901066683689362,-0.12028811524609842,0.405364033286046,0.9952762198263317
4789,50,9.291551036834717,9.969555988311768,0.6780051589012146,1.342128872871399,0.42088979482650757,0.7701756358146667,0.3492858409881592,0.9968367346938776,0.9975510204081632,0.16296945797450382,0.2581388201664125,0.9833011361316991,0.11932773109243697,0.4091513043486383,0.9952762198263317
24184,50,10.06109853744507,11.042438049316406,0.9813395142555237,1.4910527467727661,0.4902620315551758,2.0210821628570557,1.5308201313018799,0.9976530612244898,0.9989795918367347,-0.2992287658612692,0.034773682367157825,0.9833011361316991,-0.11932773109243697,0.4091513043486383,0.9952762198263317
8272,50,10.37625509262085,11.140962734222413,0.7647075653076172,1.3460520505905151,0.5050257444381714,1.450992226600647,0.9459664821624756,0.9983673469387755,0.9994897959183674,-0.1672584180390485,0.24564907550059445,0.9833011361316991,-0.11923169267707083,0.40953114935851725,0.9952762198263317
12364,50,0.2651286745071411,0.25981737971305846,-0.005311295855790377,0.05731085315346718,-0.025992540642619133,0.028459696099162102,0.054452236741781235,0.059081632653061225,0.056428571428571425,-0.01024895461906548,0.9436843862937161,0.9989285729703453,-0.11903961584633853,0.41029144837346176,0.9952762198263317
20820,50,10.186543197631837,11.080203628540039,0.8936606049537659,1.4736136198043823,0.7998366951942444,1.015311360359192,0.2154746651649475,0.9986734693877551,0.9998979591836735,-0.13311434007993508,0.3567562673886292,0.9833011361316991,-0.11884753901560624,0.4110525589818975,0.9952762198263317
18769,50,9.985207118988036,10.915583000183105,0.9303758144378662,1.5456619262695312,0.8843761682510376,0.7906827926635742,-0.09369337558746338,0.9975510204081632,0.9972448979591837,0.13123940215426416,0.36363061707190497,0.9833011361316991,0.11865546218487394,0.4118144807009121,0.9952762198263317
4638,50,8.59334867477417,8.995120372772217,0.40177178382873535,0.8903527855873108,0.13440299034118652,0.7583106160163879,0.6239076256752014,0.9398979591836735,0.9422448979591836,-0.01506867633806023,0.9172784927003383,0.9989285729703453,0.1185594237695078,0.4121957455751007,0.9952762198263317
7075,50,10.08542766571045,10.57068696975708,0.4852592349052429,1.431089162826538,0.17955327033996582,1.2209504842758179,1.041397213935852,0.9953061224489796,0.996938775510204,-0.07498087917695434,0.6047972481214725,0.9989285729703453,-0.1185594237695078,0.4121957455751007,0.9952762198263317
10300,50,14.236358299255372,15.479833908081055,1.2434756755828857,1.8760266304016113,0.9692835807800293,1.5974454879760742,0.6281619071960449,0.9997959183673469,0.9993877551020408,0.07185264802214444,0.6199889410278628,0.9989285729703453,0.1183673469387755,0.41295888304751754,0.9952762198263317
14915,50,11.100190658569336,11.884384994506837,0.7841943502426147,1.3011724948883057,0.6655707955360413,0.8737075924873352,0.20813679695129395,0.9993877551020408,0.9992857142857143,-0.016321384621783733,0.9104285541933136,0.9989285729703453,-0.11807923169267706,0.4141051076442627,0.9952762198263317
15929,50,9.179514961242676,9.481327285766602,0.3018123507499695,1.375108003616333,-0.15014006197452545,0.8846948742866516,1.0348349809646606,0.9985714285714286,0.9992857142857143,0.011138446407481635,0.9388057566840654,0.9989285729703453,-0.11779111644657862,0.41525315282077235,0.9952762198263317
7546,50,9.852698230743409,11.435664596557617,1.5829663276672363,1.8699051141738892,0.9272653460502625,2.4902193546295166,1.5629539489746094,0.9396938775510204,0.9431632653061225,-0.20028602254810118,0.16313883552126435,0.9833011361316991,-0.11769507803121249,0.4156362388285128,0.9952762198263317
6888,50,10.93063060760498,11.491882629394532,0.5612518191337585,1.2526646852493286,0.4425745904445648,0.36524367332458496,-0.07733091711997986,0.9995918367346939,0.9996938775510205,0.11266616606545224,0.4359766872871118,0.9901066683689362,0.11750300120048018,0.41640301689044495,0.9952762198263317
11232,50,10.153225479125977,10.647808780670166,0.49458327889442444,1.2959823608398438,0.5855540037155151,0.4294635057449341,-0.15609049797058105,0.9992857142857143,0.9990816326530613,0.06344325699233047,0.6615991865144486,0.9989285729703453,0.1173109243697479,0.4171706025928589,0.9952762198263317
23984,50,10.262585315704346,10.969421463012695,0.7068361043930054,1.337945818901062,0.5113909244537354,1.07716703414917,0.5657761096954346,0.9991836734693877,0.9984693877551021,-0.19660839788566215,0.17116576797339889,0.9833011361316991,-0.11683073229291716,0.41909309693074437,0.9952762198263317
20279,50,8.02256658554077,8.840041351318359,0.8174747228622437,1.2030192613601685,0.5892882943153381,0.8652645945549011,0.275976300239563,0.9973469387755102,0.9985714285714286,0.14871327210343105,0.3026769121501543,0.9833011361316991,0.11654261704681872,0.42024901158821093,0.9952762198263317
7698,50,6.6560682106018065,7.380225658416748,0.7241575121879578,1.1029365062713623,0.5227576494216919,0.895179033279419,0.37242138385772705,0.9945918367346939,0.995,-0.048226311529445294,0.7394513675349368,0.9989285729703453,-0.11644657863145258,0.4206347190939247,0.9952762198263317
12530,50,8.48014492034912,9.685389575958252,1.205244779586792,1.6315253973007202,0.6347688436508179,1.882977843284607,1.248208999633789,0.9990816326530613,0.9994897959183674,0.08792105179565406,0.5437521248103856,0.9933406819150514,0.11644657863145258,0.4206347190939247,0.9952762198263317
14194,50,9.284840698242187,10.961353874206543,1.6765130758285522,1.85504949092865,1.3317238092422485,2.5327703952789307,1.2010465860366821,0.9996938775510205,0.9998979591836735,-0.15930836409659732,0.26913189041278823,0.9833011361316991,-0.11635054021608643,0.42102062780062915,0.9952762198263317
24197,50,10.132778968811035,10.653660087585449,0.5208812952041626,1.3700697422027588,0.11771142482757568,1.0863107442855835,0.9685993194580078,0.9995918367346939,0.9991836734693877,-0.05347947090502593,0.7122347294796052,0.9989285729703453,-0.11625450180072029,0.4214067376426501,0.9952762198263317
17759,50,11.737222003936768,12.408605651855469,0.6713835000991821,1.4992963075637817,0.6052567362785339,0.5228638052940369,-0.08239293098449707,0.9992857142857143,0.9984693877551021,0.1278737124035579,0.37617031240773396,0.9833011361316991,0.11615846338535413,0.42179304855411365,0.9952762198263317
16353,50,9.822944145202637,10.84178726196289,1.0188430547714233,1.7081849575042725,0.340461403131485,2.1064696311950684,1.7660082578659058,0.9983673469387755,0.9993877551020408,-0.13237908522518887,0.3594425289477455,0.9833011361316991,-0.11606242496998799,0.4221795604689442,0.9952762198263317
7234,50,10.897549114227296,12.070513877868652,1.1729646921157837,1.7592549324035645,0.7472817301750183,2.339301824569702,1.592020034790039,0.9985714285714286,0.9990816326530613,-0.2200436636383475,0.12466658830814306,0.9833011361316991,-0.11596638655462185,0.4225662733208663,0.9952762198263317
16848,50,8.97463092803955,9.44163106918335,0.4670000970363617,1.1544249057769775,0.3271872401237488,1.096299409866333,0.7691121697425842,0.9992857142857143,0.9995918367346939,-0.19276093063625116,0.1798659063336323,0.9833011361316991,-0.11519807923169266,0.4256672018522843,0.9952762198263317
249,50,9.835742568969726,10.443854560852051,0.6081118583679199,1.4186078310012817,0.1890045553445816,1.5853933095932007,1.3963887691497803,0.9976530612244898,0.9986734693877551,-0.22047404112963576,0.12391253109067087,0.9833011361316991,-0.11471788715486195,0.42761179515073633,0.9952762198263317
5543,50,11.104619369506835,11.768621253967286,0.6640019416809082,1.523207426071167,0.3712945282459259,1.4071979522705078,1.0359034538269043,0.9981632653061224,0.9971428571428571,-0.15061448811315475,0.29646757552148517,0.9833011361316991,-0.11471788715486195,0.42761179515073633,0.9952762198263317
9116,50,0.2715633708238602,0.262037350833416,-0.009526018984615803,0.05705273151397705,-0.018118834123015404,-0.02539009600877762,-0.007271261885762215,0.05918367346938776,0.05653061224489796,0.17292044185129016,0.2297987850725304,0.9833011361316991,0.11462184873949578,0.42800131405067177,0.9952762198263317
3158,50,10.200069942474364,10.749377098083496,0.549307107925415,1.1922727823257446,-0.018174920231103897,1.5113744735717773,1.5295493602752686,0.9998979591836735,0.9998979591836735,-0.05273554641386877,0.7160684030553898,0.9989285729703453,-0.1142376950780312,0.42956138814340433,0.9952762198263317
17139,50,9.938363647460937,10.798575191497802,0.8602115511894226,1.4744844436645508,0.5259789824485779,2.1750528812408447,1.649073839187622,0.9987755102040816,0.9991836734693877,-0.18544750634393334,0.197272064710315,0.9833011361316991,-0.1140456182472989,0.4303426233078499,0.9952762198263317
21813,50,10.24458969116211,10.706089820861816,0.4615000784397125,1.3416218757629395,0.08887582272291183,1.3598037958145142,1.2709280252456665,0.998061224489796,0.9987755102040816,-0.11571286019987577,0.42358809947033094,0.9901066683689362,-0.1140456182472989,0.4303426233078499,0.9952762198263317
16612,50,11.345269355773926,11.694825630187989,0.3495563268661499,1.370206356048584,-0.03650786355137825,1.6975406408309937,1.7340484857559204,0.9992857142857143,0.9992857142857143,-0.0959878032302389,0.5072647103623636,0.9912198009847464,-0.11385354141656662,0.4311246564679396,0.9952762198263317
19186,50,9.257185935974121,9.915582885742188,0.6583968997001648,1.180662989616394,0.20610234141349792,1.0593746900558472,0.8532723188400269,0.9964285714285714,0.9935714285714285,0.11012156218841701,0.44647681533239525,0.9901066683689362,0.11375750300120048,0.4315159721195012,0.9952762198263317
4252,50,10.082996997833252,10.512970428466797,0.4299735128879547,1.51667058467865,0.0494660809636116,0.5519935488700867,0.5025274753570557,0.9993877551020408,0.9994897959183674,0.1385093938081102,0.3374219654338782,0.9833011361316991,0.11346938775510206,0.4326911145065587,0.9952762198263317
8935,50,6.184965534210205,6.455663433074951,0.2706978917121887,0.7949382066726685,0.05506255105137825,0.80804842710495,0.7529858946800232,0.9929591836734694,0.9986734693877551,-0.1384027951434864,0.33779754830567027,0.9833011361316991,-0.11327731092436974,0.4334755382428147,0.9952762198263317
16319,50,10.07936580657959,11.32320728302002,1.243841528892517,1.4871541261672974,0.7096418738365173,1.8609029054641724,1.1512610912322998,0.9997959183673469,0.9994897959183674,-0.02131179043962953,0.8832092479307244,0.9989285729703453,0.11318127250900359,0.43386804853872624,0.9952762198263317
15468,50,10.004444675445557,11.002201156616211,0.9977564215660095,1.4187350273132324,0.977203369140625,1.083243489265442,0.1060401201248169,0.9993877551020408,0.9996938775510205,0.02967586841981729,0.8379021548298785,0.9989285729703453,0.11298919567827131,0.43465366562464114,0.9952762198263317
22170,50,10.501337280273438,11.05141004562378,0.5500730276107788,1.2808787822723389,0.3400280177593231,0.9334947466850281,0.5934667587280273,0.9991836734693877,0.9989795918367347,0.08022496048042518,0.5797006395968013,0.9975316992255066,0.11222088835534214,0.43780407652388664,0.9952762198263317
11331,50,10.395173377990723,10.825295314788818,0.4301220774650574,1.3542512655258179,-0.12085400521755219,0.8852841854095459,1.0061382055282593,0.9991836734693877,0.9995918367346939,0.08621801229831841,0.5516136638399088,0.9933406819150514,0.11212484993997598,0.4381987702102287,0.9952762198263317
7371,50,11.809659423828125,12.860614128112793,1.0509546995162964,1.5447571277618408,0.6518614888191223,1.826730728149414,1.1748692989349365,0.9992857142857143,0.9997959183673469,-0.20755057874116586,0.1480967956461491,0.9833011361316991,-0.1119327731092437,0.438988751649318,0.9952762198263317
20300,50,9.661359443664551,10.224815731048585,0.5634562969207764,1.2468928098678589,0.3121894896030426,0.27033427357673645,-0.04185521602630615,0.9975510204081632,0.9984693877551021,0.13681798976062523,0.34341199557889035,0.9833011361316991,0.1119327731092437,0.438988751649318,0.9952762198263317
2036,50,8.977964096069336,9.584440460205078,0.6064763069152832,1.0472395420074463,0.585057258605957,0.2870141565799713,-0.2980431020259857,0.9398979591836735,0.9391836734693878,0.07645481856636561,0.5976958345212497,0.9989285729703453,0.11183673469387755,0.4393840392524579,0.9952762198263317
1506,50,10.400484714508057,11.658613929748535,1.2581291198730469,1.7112308740615845,0.48637670278549194,2.7722320556640625,2.285855293273926,0.9996938775510205,0.9984693877551021,-0.11061256871488369,0.4444399288921999,0.9901066683689362,-0.1117406962785114,0.4397795246779218,0.9952762198263317
385,50,10.222194538116455,10.833858070373536,0.6116635203361511,1.1278876066207886,0.483476847410202,0.9540524482727051,0.47057560086250305,0.9993877551020408,0.9996938775510205,-0.04986004082769281,0.7309512930317951,0.9989285729703453,-0.11164465786314526,0.44017520785040437,0.9952762198263317
310,50,9.355581130981445,10.97655502319336,1.620974063873291,1.9109618663787842,1.177902102470398,1.823330044746399,0.645427942276001,0.998061224489796,0.9989795918367347,0.09078970369507848,0.5306332076230479,0.9933406819150514,0.11135654261704682,0.4413634430939008,0.9952762198263317
20195,50,8.342560634613037,9.038851203918457,0.6962907314300537,1.196855902671814,0.49581655859947205,1.3477798700332642,0.8519632816314697,0.9995918367346939,0.9972448979591837,-0.215100165594757,0.13357821133549885,0.9833011361316991,-0.11116446578631452,0.4421565872683654,0.9952762198263317
2573,50,9.045809650421143,9.47368423461914,0.42787468433380127,1.0448262691497803,0.1974400132894516,0.7632052302360535,0.5657652020454407,0.9985714285714286,0.9985714285714286,-0.22095057731922646,0.12308162631270919,0.9833011361316991,-0.11010804321728691,0.44653296997788233,0.9952762198263317
10763,50,9.8924582862854,10.625929565429688,0.7334714531898499,1.2608338594436646,0.9134728312492371,0.569433867931366,-0.3440389633178711,0.9989795918367347,0.9995918367346939,0.0608050727699466,0.6748723307738858,0.9989285729703453,0.11010804321728691,0.44653296997788233,0.9952762198263317
7211,50,9.985084991455079,11.010845680236816,1.025760531425476,1.5699622631072998,0.3676239550113678,2.0547678470611572,1.6871439218521118,0.9984693877551021,0.9995918367346939,-0.09058967950788292,0.5315428858827613,0.9933406819150514,-0.10981992797118847,0.447730658437478,0.9952762198263317
6966,50,17.04437515258789,23.53436882019043,6.489993095397949,6.66224479675293,4.088575839996338,10.510666847229004,6.422091007232666,0.9993877551020408,1.0,-0.16883443518028915,0.24116449376208932,0.9833011361316991,-0.10953181272509004,0.4489301126849485,0.9952762198263317
22232,50,10.304458293914795,11.279646034240722,0.9751876592636108,1.4841479063034058,0.39913472533226013,1.9707527160644531,1.5716179609298706,0.9995918367346939,0.9997959183673469,-0.16399896079398815,0.2551026698379189,0.9833011361316991,-0.10943577430972388,0.44933032279319635,0.9952762198263317
16323,50,8.297168941497803,9.460063209533692,1.1628942489624023,1.372115969657898,0.9057437181472778,1.2831875085830688,0.377443790435791,0.9404081632653061,0.9462244897959183,0.13034768712775074,0.3669279961942989,0.9833011361316991,0.10905162064825931,0.4509331212171475,0.9952762198263317
24101,50,9.0727956199646,9.826449012756347,0.7536534070968628,1.343054175376892,0.5701500773429871,1.4341716766357422,0.8640215992927551,0.9981632653061224,0.9991836734693877,-0.19156435434636335,0.18263544408697904,0.9833011361316991,-0.10885954381752701,0.45173569409432485,0.9952762198263317
11472,50,0.2786270907521248,0.2769445365667343,-0.0016825527418404818,0.05899329110980034,-0.01109751220792532,-0.0032599300611764193,0.007837582379579544,0.05857142857142857,0.05551020408163265,-0.03100253283275797,0.8307594945469876,0.9989285729703453,-0.1086674669867947,0.4525390485496858,0.9952762198263317
21178,50,10.724639110565185,11.046297836303712,0.3216587007045746,1.4009850025177002,-0.13418933749198914,0.41526365280151367,0.5494530200958252,0.9985714285714286,0.9993877551020408,0.08707619236200896,0.547645395266234,0.9933406819150514,0.1086674669867947,0.4525390485496858,0.9952762198263317
9549,50,10.69477481842041,11.032364177703858,0.33758941292762756,1.383152961730957,0.4088307023048401,0.3097377121448517,-0.0990929901599884,0.9976530612244898,0.9979591836734694,-0.10559831252754084,0.46548115764218523,0.9901068665102456,-0.10837935174069627,0.4537455442625739,0.9952762198263317
4178,50,0.3083048889040947,0.2764841839671135,-0.03182070329785347,0.06442196667194366,-0.03357763960957527,-0.057613834738731384,-0.024036195129156113,0.058673469387755105,0.05540816326530612,-0.04338663862322651,0.7648094482500156,0.9989285729703453,-0.10828331332533012,0.45414809957987473,0.9952762198263317
3908,50,9.110890693664551,9.730570068359375,0.61967933177948,1.382394552230835,0.13714060187339783,1.1479839086532593,1.010843276977539,0.9984693877551021,0.9990816326530613,0.020787935110917474,0.8860608115264681,0.9989285729703453,-0.10818727490996398,0.4545508497996411,0.9952762198263317
11478,50,10.487610855102538,10.667310981750488,0.1797000914812088,1.2325907945632935,0.005506157875061035,0.509633481502533,0.5041273236274719,0.9988775510204082,0.9976530612244898,-0.029687159693913133,0.8378413080033312,0.9989285729703453,-0.10799519807923168,0.455356934615479,0.9952762198263317
11087,50,10.372742652893066,10.958234367370606,0.5854917168617249,1.3152799606323242,0.4230068027973175,1.2975348234176636,0.8745280504226685,0.9955102040816326,0.9972448979591837,-0.1492615053860723,0.300877862197058,0.9833011361316991,-0.10703481392557021,0.4593990245177139,0.9952762198263317
14722,50,13.35046157836914,13.638685264587401,0.28822359442710876,1.9650958776474,-0.5533458590507507,1.094936728477478,1.648282527923584,0.9977551020408163,0.998265306122449,0.08396707064604512,0.5620866616512719,0.9933406819150514,0.10693877551020407,0.4598043008689106,0.9952762198263317
24537,50,11.300435752868653,11.983011856079102,0.6825760006904602,1.2765153646469116,0.6507204174995422,1.0160191059112549,0.36529868841171265,0.9986734693877551,0.9995918367346939,-0.13205253735477882,0.3606395107333995,0.9833011361316991,-0.10693877551020407,0.4598043008689106,0.9952762198263317
14119,50,11.439249305725097,12.180824432373047,0.7415750622749329,1.5660505294799805,0.4780871570110321,1.2524665594100952,0.7743793725967407,0.9988775510204082,0.9990816326530613,-0.13402333447739218,0.3534522289324599,0.9833011361316991,-0.1065546218487395,0.4614273426788213,0.9952762198263317
24531,50,9.176677322387695,9.191106624603272,0.014429149217903614,1.0188586711883545,0.10707119852304459,0.18247008323669434,0.07539888471364975,0.9988775510204082,0.9966326530612245,-0.15404686797084935,0.2854679661774414,0.9833011361316991,-0.10626650660264104,0.4626466548557736,0.9952762198263317
15162,50,9.436931991577149,10.270270309448243,0.8333383202552795,1.295054316520691,0.5925965905189514,1.109944462776184,0.5173478722572327,0.9987755102040816,0.9997959183673469,0.1482246194530595,0.30428627264695957,0.9833011361316991,0.1061704681872749,0.46305347861019874,0.9952762198263317
4889,50,8.740705184936523,9.61802812576294,0.8773229718208313,1.3599724769592285,0.5109361410140991,1.347232699394226,0.836296558380127,0.9546938775510204,0.9611224489795919,-0.002252287371023885,0.9876147206983421,0.9989285729703453,-0.10588235294117646,0.4642751077428797,0.9952762198263317
10418,50,10.45192123413086,11.417859115600585,0.9659377932548523,1.483229637145996,0.9791247248649597,1.1560336351394653,0.17690891027450562,0.9991836734693877,0.9995918367346939,-0.08332034340899643,0.5651128087989725,0.9933406819150514,-0.10569027611044417,0.4650904911821157,0.9952762198263317
626,50,7.803362255096435,8.79111171722412,0.987749457359314,1.1626770496368408,0.9905734658241272,1.4380855560302734,0.44751209020614624,0.9422448979591836,0.9453061224489796,-0.14699462341655087,0.30836153085063667,0.9833011361316991,-0.10521008403361343,0.4671323187125351,0.9952762198263317
1512,50,9.925826988220216,11.257983322143554,1.3321561813354492,1.8845760822296143,1.0004818439483643,1.5789294242858887,0.5784475803375244,0.9947959183673469,0.9984693877551021,0.08184916255261017,0.572024820575013,0.9975316992255066,0.1051140456182473,0.46754126104211347,0.9952762198263317
24063,50,9.795265102386475,10.471126251220703,0.6758610606193542,1.3051726818084717,0.4463193416595459,1.195000171661377,0.748680830001831,0.9383673469387755,0.9413265306122449,-0.13732014415713897,0.34162681390001576,0.9833011361316991,-0.1051140456182473,0.46754126104211347,0.9952762198263317
3506,50,5.727850179672242,6.308726329803466,0.5808761119842529,0.9007996320724487,0.4179907441139221,0.5980361104011536,0.18004536628723145,0.946530612244898,0.9470408163265306,0.0028397505493898347,0.9843846315617024,0.9989285729703453,0.10482593037214885,0.4687692400754971,0.9952762198263317
12873,50,10.269232482910157,11.208902893066407,0.9396703839302063,1.5804344415664673,0.30198922753334045,1.5475329160690308,1.2455437183380127,0.9968367346938776,0.9994897959183674,0.08491341513002347,0.5576722684460381,0.9933406819150514,0.10482593037214885,0.4687692400754971,0.9952762198263317
24149,50,10.11393632888794,10.894797401428223,0.7808610796928406,1.4080828428268433,0.1828874796628952,1.837459921836853,1.6545724868774414,0.9993877551020408,0.9994897959183674,-0.009014249177449562,0.9504597765074154,0.9989285729703453,-0.10482593037214885,0.4687692400754971,0.9952762198263317
7003,50,0.38760802656412124,0.3995728200674057,0.011964797973632812,0.07912547886371613,0.0019146507838740945,0.03280134126543999,0.030886691063642502,0.05969387755102041,0.05704081632653061,0.005636927253647156,0.9690090039165314,0.9989285729703453,-0.10444177671068428,0.4704092302099475,0.9952762198263317
9837,50,10.290687847137452,10.582803916931152,0.29211610555648804,1.4104934930801392,-0.38362932205200195,1.448075771331787,1.831705093383789,0.998265306122449,0.9959183673469387,-0.23159988623022287,0.10559244445717351,0.9833011361316991,-0.10444177671068428,0.4704092302099475,0.9952762198263317
19969,50,9.170930194854737,10.195106353759765,1.0241761207580566,1.6013703346252441,0.8404973149299622,1.3062199354171753,0.46572262048721313,0.9991836734693877,0.9959183673469387,0.11388784438860762,0.4309849347785875,0.9901066683689362,0.10434573829531814,0.47081970656361094,0.9952762198263317
23896,50,7.540514278411865,8.069765758514404,0.5292514562606812,1.1534018516540527,0.21603156626224518,1.3865447044372559,1.1705131530761719,0.9981632653061224,0.9963265306122449,-0.2330604220445022,0.10335088761402178,0.9833011361316991,-0.10434573829531814,0.47081970656361094,0.9952762198263317
24128,50,10.646477222442627,11.321796989440918,0.6753199100494385,1.4450149536132812,0.4844379127025604,1.3056797981262207,0.8212418556213379,0.9988775510204082,0.9989795918367347,-0.17619925006726264,0.22094935111329433,0.9833011361316991,-0.10415366146458584,0.47164123322070106,0.9952762198263317
21016,50,9.191784629821777,10.665654678344726,1.4738702774047852,1.7152825593948364,0.9263228178024292,2.4087793827056885,1.4824565649032593,0.9976530612244898,0.9993877551020408,-0.15914666092975668,0.26962449944770495,0.9833011361316991,-0.10376950780312125,0.4732865797814025,0.9952762198263317
17158,50,0.26609336912631987,0.23956604421138764,-0.026527320966124535,0.06146397441625595,-0.03790530934929848,-0.01635274477303028,0.021552564576268196,0.05918367346938776,0.05622448979591837,-0.06841792622335974,0.6368516418419199,0.9989285729703453,-0.10338535414165667,0.4749349791129632,0.9952762198263317
11394,50,10.340614128112794,11.36308982849121,1.0224757194519043,1.3788926601409912,0.8221067190170288,1.4255825281143188,0.60347580909729,0.9994897959183674,0.9997959183673469,-0.16526046390547436,0.2514152210520842,0.9833011361316991,-0.10290516206482593,0.47699976222200124,0.9952762198263317
469,50,8.457296638488769,9.426442718505859,0.969146192073822,1.5283969640731812,0.4632384777069092,1.4867782592773438,1.0235397815704346,0.9393877551020409,0.9427551020408164,-0.05307159848415485,0.714335757484831,0.9989285729703453,0.10252100840336134,0.4786550085874233,0.9952762198263317
2448,50,9.04756971359253,10.28007848739624,1.232508897781372,1.6084309816360474,0.7898992300033569,2.054466724395752,1.264567494392395,0.9940816326530613,0.9955102040816326,-0.11581818090499761,0.42316343938770057,0.9901066683689362,-0.10242496998799519,0.47906929437855555,0.9952762198263317
3369,50,10.211628189086914,11.380978183746338,1.169350028038025,1.779840111732483,0.9395235776901245,1.7372859716415405,0.797762393951416,0.9990816326530613,0.9990816326530613,-0.1590955613818988,0.26978029248505764,0.9833011361316991,-0.10184873949579833,0.481558985104554,0.9952762198263317
21863,50,0.26553548395633697,0.2694092643260956,0.0038737806025892496,0.0581398531794548,-0.005621911026537418,-0.015501645393669605,-0.009879734367132187,0.05806122448979592,0.05540816326530612,0.06353245572632588,0.6611521794454964,0.9989285729703453,-0.10175270108043216,0.4819745953318135,0.9952762198263317
6397,50,0.3685502690076828,0.3050731074810028,-0.06347716599702835,0.08185673505067825,-0.06345956027507782,-0.07771024107933044,-0.014250680804252625,0.05928571428571429,0.05653061224489796,0.021437357410382354,0.8825259507009745,0.9989285729703453,-0.1007923169267707,0.48614106688628117,0.9952762198263317
3763,50,9.778529987335205,10.465404434204101,0.6868743896484375,1.0873043537139893,0.5467819571495056,0.5154396891593933,-0.031342267990112305,0.9974489795918368,0.9985714285714286,0.12941963606175585,0.37037883593526283,0.9833011361316991,0.10031212484993997,0.4882313531546815,0.9952762198263317
6366,50,9.59327377319336,10.615300483703614,1.022026777267456,1.385422945022583,0.7828330993652344,1.6049305200576782,0.8220974206924438,0.9986734693877551,0.9988775510204082,-0.17003394696307284,0.2377889012413287,0.9833011361316991,-0.10012004801920767,0.48906877985610225,0.9952762198263317
20304,50,10.273908920288086,10.907600898742675,0.6336920857429504,1.5314527750015259,0.5348610877990723,1.3949726819992065,0.8601115942001343,0.9991836734693877,0.998061224489796,-0.1869998273906821,0.19348127789815028,0.9833011361316991,-0.10002400960384153,0.48948777399465676,0.9952762198263317
23237,50,10.58206615447998,11.168389854431153,0.5863237380981445,1.3968887329101562,0.6356090903282166,0.6926435828208923,0.05703449249267578,0.9988775510204082,0.9993877551020408,-0.10656343338215127,0.4613900794272487,0.9901066683689362,-0.09887154861944776,0.49453026557183116,0.9952762198263317
16426,50,13.48721887588501,14.25222686767578,0.7650079131126404,1.643524169921875,0.5513799786567688,0.9943116307258606,0.4429316520690918,0.9976530612244898,0.9993877551020408,0.08663900082423232,0.5496652824577546,0.9933406819150514,0.09877551020408162,0.4949516836347162,0.9952762198263317
4211,50,10.688121757507325,12.38231740951538,1.6941957473754883,1.9393540620803833,1.2478177547454834,2.401477813720703,1.1536600589752197,0.9993877551020408,0.9994897959183674,0.029896964431587725,0.8367108758359931,0.9989285729703453,0.09867947178871549,0.4953732874433863,0.9952762198263317
20490,50,10.810728397369385,11.279868698120117,0.46914032101631165,1.5157052278518677,-0.05149170383810997,1.1013797521591187,1.1528714895248413,0.9964285714285714,0.9977551020408163,0.04446757737083097,0.7591234565398315,0.9989285729703453,0.09867947178871549,0.4953732874433863,0.9952762198263317
17876,50,9.284966068267822,10.094112606048585,0.8091464042663574,1.3711429834365845,0.4395335614681244,1.4898210763931274,1.0502874851226807,0.9991836734693877,0.998265306122449,-0.13921171262970403,0.3349539610240206,0.9833011361316991,-0.09858343337334932,0.4957950768954385,0.9952762198263317
6730,50,9.628250312805175,11.094324531555175,1.4660742282867432,1.6723915338516235,1.138684868812561,2.3086795806884766,1.1699947118759155,0.9436734693877551,0.9468367346938775,-0.13735112887502215,0.3415168505264445,0.9833011361316991,-0.09839135654261706,0.4966392123190873,0.9952762198263317
19609,50,9.939919929504395,11.078228302001953,1.1383082866668701,1.6260762214660645,0.7074158787727356,2.470625638961792,1.7632098197937012,0.9931632653061224,0.998061224489796,-0.1613389306212779,0.26299693804397695,0.9833011361316991,-0.09829531812725088,0.49706155808489255,0.9952762198263317
6664,50,10.444643421173096,10.959811325073241,0.5151680111885071,1.508766770362854,0.23208929598331451,0.9177538752555847,0.6856645941734314,0.9973469387755102,0.996938775510204,-0.030301674342049462,0.8345312146987879,0.9989285729703453,-0.0981032412965186,0.4979068052085093,0.9952762198263317
9717,50,10.122870922088623,10.836811408996581,0.7139402627944946,1.1437186002731323,0.5475930571556091,0.7489113807678223,0.20131832361221313,0.9974489795918368,0.9974489795918368,0.06680511296371323,0.6448336965923188,0.9989285729703453,0.0981032412965186,0.4979068052085093,0.9952762198263317
17300,50,10.870784645080567,11.604666137695313,0.7338812947273254,1.3750954866409302,0.572752058506012,0.5837284922599792,0.010976433753967285,0.9995918367346939,0.9990816326530613,0.1922712307518669,0.18099566568586933,0.9833011361316991,0.09800720288115244,0.49832970635934953,0.9952762198263317
1400,50,10.001801376342774,10.908027191162109,0.9062259197235107,1.5158476829528809,0.7580789923667908,0.6564174890518188,-0.10166150331497192,0.9990816326530613,0.9992857142857143,0.010103265100051185,0.9444836549129629,0.9989285729703453,0.09781512605042017,0.4991760633201896,0.9952762198263317
13918,50,7.8955779647827145,8.243383941650391,0.34780609607696533,1.17813241481781,0.07547496259212494,0.6552929878234863,0.5798180103302002,0.940204081632653,0.9433673469387756,-0.015295870712682423,0.9160357141961823,0.9989285729703453,0.09781512605042017,0.4991760633201896,0.9952762198263317
20022,50,10.116716041564942,10.64299961090088,0.5262834429740906,1.035464882850647,0.38393646478652954,0.6749125123023987,0.29097604751586914,0.9994897959183674,0.9996938775510205,-0.0007780265686599571,0.9957215022722854,0.9990167888471327,0.09781512605042017,0.4991760633201896,0.9952762198263317
17806,50,9.570821342468262,10.66631118774414,1.0954898595809937,1.4847807884216309,0.5332213044166565,1.5942729711532593,1.061051607131958,0.9994897959183674,0.9994897959183674,-0.10638907417339308,0.4621277327346575,0.9901066683689362,-0.09723889555822329,0.5017195639649019,0.9952762198263317
4503,50,9.824211902618408,10.796660251617432,0.9724484086036682,1.5993304252624512,0.46497368812561035,1.4162178039550781,0.9512441158294678,0.998265306122449,0.9990816326530613,0.07843791761720287,0.5881996657634815,0.9989285729703453,0.09714285714285714,0.502144125645488,0.9952762198263317
18851,50,10.416263027191162,10.997044601440429,0.5807815790176392,1.4235544204711914,0.569325864315033,0.858693540096283,0.28936767578125,0.996938775510204,0.9989795918367347,-0.05762667744591251,0.6909940847660289,0.9989285729703453,-0.09704681872749099,0.5025688713042596,0.9952762198263317
17692,50,10.299584369659424,11.006651649475097,0.7070671319961548,1.1546504497528076,0.39815017580986023,1.4960025548934937,1.097852349281311,0.9997959183673469,0.9998979591836735,-0.15568476412677315,0.2803144822740429,0.9833011361316991,0.09675870348139255,0.5038442110912846,0.9952762198263317
16020,50,10.759340324401855,10.595550651550292,-0.16378968954086304,1.2234553098678589,-0.22972044348716736,-0.28630951046943665,-0.05658906698226929,1.0,0.9981632653061224,-0.14358500676592717,0.31984022089146164,0.9833011361316991,-0.09656662665066026,0.5046953555630574,0.9952762198263317
17398,50,9.687943477630615,9.999603958129883,0.3116605877876282,1.0843271017074585,0.11812002211809158,0.591616690158844,0.473496675491333,0.9396938775510204,0.9427551020408164,0.09418915739119689,0.5152910115638832,0.9933406819150514,0.09656662665066026,0.5046953555630574,0.9952762198263317
13217,50,11.730637702941895,12.814988136291504,1.0843504667282104,1.6775768995285034,1.1294244527816772,0.443305104970932,-0.6861193180084229,0.9989795918367347,0.9995918367346939,0.12782458772252364,0.37635523033226004,0.9833011361316991,0.09618247298919569,0.5063998437393996,0.9952762198263317
8155,50,8.391513442993164,9.611129341125489,1.2196160554885864,1.4148545265197754,0.7058423161506653,2.0804312229156494,1.374588966369629,0.9979591836734694,0.998265306122449,-0.08589922801574981,0.5530912156572572,0.9933406819150514,-0.09599039615846339,0.5072531857285985,0.9952762198263317
23575,50,0.2816355448961258,0.25661324441432953,-0.025022296234965324,0.06656418740749359,-0.027016911655664444,-0.029348641633987427,-0.002331729978322983,0.06102040816326531,0.05591836734693877,0.03660052883894769,0.8007756342994403,0.9989285729703453,-0.09599039615846339,0.5072531857285985,0.9952762198263317
23585,50,9.79270694732666,10.405625915527343,0.6129189729690552,1.2031108140945435,0.47323742508888245,0.8184089660644531,0.3451715409755707,0.9964285714285714,0.9974489795918368,0.014084907715983025,0.9226620382601592,0.9989285729703453,0.09570228091236495,0.5085345686643507,0.9952762198263317
7145,50,0.6284868061542511,0.6165701758861541,-0.011916626244783401,0.08875391632318497,-0.011616424657404423,-0.03325427323579788,-0.021637849509716034,0.05897959183673469,0.055714285714285716,-0.145071988650666,0.31480134767116597,0.9833011361316991,-0.0954141656662665,0.5098175929424357,0.9952762198263317
21053,50,9.665594387054444,10.928361015319824,1.2627665996551514,1.4212946891784668,1.100698471069336,1.0283300876617432,-0.07236838340759277,0.9993877551020408,0.9994897959183674,0.14045054772879387,0.3306281291217426,0.9833011361316991,0.0954141656662665,0.5098175929424357,0.9952762198263317
9679,50,8.62762399673462,9.52060453414917,0.8929803371429443,1.6178187131881714,0.03289169818162918,1.7862223386764526,1.7533305883407593,0.9985714285714286,0.9995918367346939,0.11313831059950746,0.43404369882023747,0.9901066683689362,0.09512605042016806,0.5111022556233564,0.9952762198263317
21245,50,10.18937068939209,11.287196311950684,1.0978257656097412,1.45686674118042,0.7661322355270386,1.0962247848510742,0.33009254932403564,0.9991836734693877,0.9998979591836735,0.2030744906128553,0.15723840483237786,0.9833011361316991,0.09512605042016806,0.5111022556233564,0.9952762198263317
14446,50,10.91234893798828,12.141100807189941,1.2287518978118896,1.7809059619903564,0.868209719657898,1.1308919191360474,0.2626821994781494,0.9986734693877551,0.9997959183673469,0.010256553445690392,0.9436426998003361,0.9989285729703453,-0.09474189675870348,0.5128176827143778,0.9952762198263317
4535,50,9.883540058135987,10.693326683044434,0.8097867369651794,1.413417935371399,0.4688166081905365,1.6400442123413086,1.1712275743484497,0.9993877551020408,0.9991836734693877,-0.12751870278094415,0.37750788155104503,0.9833011361316991,-0.09454981992797118,0.5136764843567921,0.9952762198263317
16639,50,9.607224864959717,12.019369583129883,2.412144660949707,2.4985666275024414,1.8631998300552368,3.3242483139038086,1.4610484838485718,0.9991836734693877,0.9998979591836735,-0.13472997219474775,0.35089670961241615,0.9833011361316991,-0.09435774309723889,0.5145360102171662,0.9952762198263317
18867,50,10.287164764404297,10.826220474243165,0.5390557050704956,1.3897875547409058,0.2076788991689682,0.9774096608161926,0.7697307467460632,0.998265306122449,0.9995918367346939,-0.05281842937968969,0.7156409361301366,0.9989285729703453,-0.09406962785114045,0.5158266549711514,0.9952762198263317
23596,50,9.342456073760987,10.63616497039795,1.2937088012695312,1.6216679811477661,1.1467571258544922,1.916200041770935,0.7694429159164429,0.9968367346938776,0.9984693877551021,-0.06763975329181512,0.6406979142377665,0.9989285729703453,-0.09406962785114045,0.5158266549711514,0.9952762198263317
22343,50,9.005537338256836,9.74038101196289,0.7348436713218689,1.2182899713516235,0.5805063247680664,1.2278355360031128,0.6473292112350464,0.9977551020408163,0.9996938775510205,-0.14679101374676343,0.3090394926277155,0.9833011361316991,-0.09368547418967586,0.5175500410838326,0.9952762198263317
17167,50,8.746396713256836,9.814542846679688,1.0681461095809937,1.4223942756652832,0.4193459153175354,2.045940399169922,1.6265945434570312,0.9977551020408163,0.9979591836734694,-0.12895945795071745,0.3720971633081398,0.9833011361316991,-0.09358943577430971,0.5179813380142875,0.9952762198263317
24328,50,11.368660163879394,11.794309387207031,0.4256491959095001,1.4414825439453125,0.06878794729709625,1.683118224143982,1.6143302917480469,0.9992857142857143,0.9992857142857143,-0.20511045205468206,0.15303028436954247,0.9833011361316991,-0.09349339735894358,0.5184128148804317,0.9952762198263317
12292,50,8.258735733032227,8.740937957763672,0.4822022318840027,1.21295166015625,0.20298050343990326,0.6606995463371277,0.45771902799606323,0.9988775510204082,0.9983673469387755,0.08347906149606144,0.5643694379367517,0.9933406819150514,0.09339735894357742,0.5188444715693143,0.9952762198263317
22103,50,11.992145805358886,12.998468627929688,1.0063228607177734,1.6307051181793213,0.7825280427932739,1.5192526578903198,0.7367246150970459,0.9990816326530613,0.9975510204081632,-0.14800109332526892,0.3050242788364724,0.9833011361316991,-0.09291716686674668,0.5210054483879644,0.9952762198263317
22376,50,10.214002571105958,10.686969242095948,0.4729664623737335,1.422829031944275,0.08381695300340652,0.8960044980049133,0.8121875524520874,0.9988775510204082,0.9984693877551021,-0.09014805743080458,0.5335540199120223,0.9933406819150514,-0.09253301320528211,0.5227374550597652,0.9952762198263317
8993,50,10.391043224334716,11.704471225738525,1.3134280443191528,2.0489089488983154,0.3522132337093353,2.852078437805176,2.4998652935028076,0.9981632653061224,0.9989795918367347,-0.24326719036279232,0.08869366653325142,0.9833011361316991,-0.0923409363745498,0.5236045309500683,0.9952762198263317
6154,50,9.684470481872559,10.442084007263183,0.7576135993003845,1.4678651094436646,0.5013967752456665,1.1099822521209717,0.6085854768753052,0.9961224489795918,0.9991836734693877,0.09590776156697126,0.5076205322750976,0.9912198009847464,0.09157262905162064,0.527079963338993,0.9952762198263317
23022,50,10.249960060119628,10.778457679748534,0.5284977555274963,1.5188319683074951,-0.21912097930908203,1.2938302755355835,1.5129512548446655,0.9953061224489796,0.9942857142857143,0.03934126025316173,0.786195973719253,0.9989285729703453,0.0914765906362545,0.5275151924652708,0.9952762198263317
4846,50,9.492614307403564,10.649611549377441,1.1569972038269043,1.7306509017944336,0.626250684261322,2.3711655139923096,1.7449147701263428,0.9984693877551021,0.9984693877551021,-0.17876527786787058,0.21419078540491443,0.9833011361316991,-0.09138055222088834,0.5279505989977002,0.9952762198263317
9949,50,0.29017231047153474,0.32265442967414854,0.032482121139764786,0.05738531053066254,0.004584907554090023,0.057046543806791306,0.05246163532137871,0.05928571428571429,0.056938775510204084,0.024410071494389583,0.8663751373672868,0.9989285729703453,-0.09138055222088834,0.5279505989977002,0.9952762198263317
18973,50,10.17476291656494,11.044798049926758,0.8700352311134338,1.6195745468139648,0.605162501335144,1.0158041715621948,0.4106416702270508,0.9988775510204082,0.9984693877551021,-0.14098718146515726,0.3287651990007924,0.9833011361316991,-0.09090036014405761,0.5301302886436154,0.9952762198263317
16256,50,0.2707351577281952,0.24772246658802033,-0.023012688383460045,0.057220883667469025,-0.03549546003341675,-0.030400127172470093,0.005095332860946655,0.05928571428571429,0.056020408163265305,0.12518728921636788,0.38636227136645906,0.9833011361316991,0.09061224489795917,0.5314402237750235,0.9952762198263317
455,50,9.43275562286377,10.343768730163575,0.911013126373291,1.3903074264526367,0.7397162318229675,1.2514969110488892,0.5117806792259216,0.9990816326530613,0.9992857142857143,-0.12487180596854257,0.3875697888858459,0.983564164539863,-0.09042016806722687,0.532314395782695,0.9952762198263317
2489,50,10.508275871276856,11.225440864562989,0.7171650528907776,1.3777371644973755,0.39949801564216614,1.3174859285354614,0.9179879426956177,1.0,0.9990816326530613,-0.014471984988328437,0.9205433855027346,0.9989285729703453,0.0902280912364946,0.5331892722160609,0.9952762198263317
8484,50,9.328501892089843,9.888445911407471,0.5599438548088074,1.2011228799819946,0.045380353927612305,1.1972490549087524,1.1518687009811401,0.9398979591836735,0.940204081632653,-0.21268509038098715,0.1381016060657424,0.9833011361316991,-0.08955582232893158,0.5362568732672316,0.9952762198263317
24025,50,9.877659740447998,10.559375610351562,0.6817158460617065,1.308488368988037,0.7533711194992065,0.6604708433151245,-0.09290027618408203,0.9979591836734694,0.9989795918367347,0.08555931385973893,0.554668770298113,0.9933406819150514,0.08945978391356542,0.5366958030570779,0.9952762198263317
4998,50,10.600657939910889,11.112309226989746,0.5116512179374695,1.8228541612625122,-0.0253961943089962,1.2444963455200195,1.2698925733566284,0.9970408163265306,0.9987755102040816,0.011972889502261556,0.9342310725004676,0.9989285729703453,-0.08936374549819928,0.5371349077517867,0.9952762198263317
22390,50,10.222369709014892,10.504900131225586,0.2825304865837097,1.1824859380722046,-0.13699138164520264,0.8170490264892578,0.9540404081344604,0.998061224489796,0.998265306122449,0.05925252445308069,0.6827298093585865,0.9989285729703453,0.08926770708283314,0.5375741872301489,0.9952762198263317
14329,50,10.256111278533936,11.306535568237305,1.0504242181777954,1.5478817224502563,0.8819771409034729,1.7839018106460571,0.9019246697425842,0.9983673469387755,0.9990816326530613,-0.20129003443535043,0.16099599385701752,0.9833011361316991,-0.0887875150060024,0.539773202121111,0.9952762198263317
2693,50,0.36324049830436705,0.32111384212970734,-0.04212665557861328,0.07205134630203247,-0.05991487577557564,-0.03663995862007141,0.023274917155504227,0.05959183673469388,0.05663265306122449,0.09091862474599818,0.530047300985097,0.9933406819150514,0.08869147659063625,0.5402135277453416,0.9952762198263317
10717,50,0.7058992409706115,0.684125726222992,-0.02177351526916027,0.11347197741270065,-0.013029953464865685,-0.032746195793151855,-0.01971624232828617,0.05918367346938776,0.0563265306122449,0.008531240158127854,0.9531112370230724,0.9989285729703453,-0.0885954381752701,0.5406540272994342,0.9952762198263317
20005,50,10.971338939666747,11.487460174560546,0.5161213278770447,1.592246651649475,0.29251813888549805,1.325154423713684,1.032636284828186,0.9994897959183674,0.9998979591836735,-0.0800563200968453,0.5805002905176365,0.9975316992255066,-0.08849939975990395,0.5410947006606598,0.9952762198263317
11543,50,9.764071674346924,10.58781255722046,0.8237408399581909,1.2708501815795898,0.17379264533519745,2.359314203262329,2.1855216026306152,0.9992857142857143,0.9989795918367347,-0.2781388389698641,0.050491491109252856,0.9833011361316991,-0.08830732292917168,0.54197656831264,0.9952762198263317
21519,50,8.327360782623291,9.216534366607666,0.8891735672950745,1.2910146713256836,0.5623047947883606,1.9521446228027344,1.3898398876190186,0.996734693877551,0.9960204081632653,-0.16406131141009445,0.25491956446113606,0.9833011361316991,-0.0875390156062425,0.545510966529139,0.9952762198263317
6757,50,0.29440210103988645,0.30658082365989686,0.012178726494312286,0.05367974936962128,0.0021591426339000463,0.016902735456824303,0.014743592590093613,0.05887755102040816,0.0563265306122449,0.01566201649141215,0.9140332754473949,0.9989285729703453,-0.08725090036014405,0.5468392146187667,0.9952762198263317
4720,50,9.753245086669923,10.526402969360351,0.7731578350067139,1.3018290996551514,0.4685220718383789,1.0759810209274292,0.6074589490890503,0.9962244897959184,0.9991836734693877,-0.041272919140880146,0.7759634002923445,0.9989285729703453,-0.08715486194477791,0.5472823082871633,0.9952762198263317
18340,50,27.963435821533203,25.09591407775879,-2.867521286010742,3.5050008296966553,-2.0506093502044678,-4.421268939971924,-2.370659589767456,0.9987755102040816,0.9989795918367347,0.10831658442928671,0.4540086181107004,0.9901066683689362,0.08657863145258103,0.549944476702535,0.9952762198263317
7481,50,6.600976810455323,7.289615039825439,0.6886382102966309,0.9452125430107117,0.5591223835945129,0.7099235653877258,0.1508011817932129,0.9987755102040816,0.9991836734693877,0.10985455613424805,0.4475866165566697,0.9901066683689362,0.08648259303721488,0.5503887713278365,0.9952762198263317
20540,50,8.793140106201172,9.958230075836182,1.1650900840759277,1.6932796239852905,0.6253380179405212,2.0177106857299805,1.3923726081848145,0.9379591836734694,0.941734693877551,-0.09210639086175273,0.5246642874549432,0.9933406819150514,-0.08619447779111644,0.5517226810507602,0.9952762198263317
17227,50,9.685452117919922,10.142877731323242,0.4574257731437683,1.291858196258545,0.5524014830589294,0.3447931706905365,-0.20760831236839294,0.9976530612244898,0.9972448979591837,0.1497705385885706,0.29921363809057466,0.9833011361316991,0.085906362545018,0.5530581268698403,0.9952762198263317
4727,50,9.476398258209228,10.145174407958985,0.6687760949134827,1.227854609489441,0.7170467376708984,0.42431411147117615,-0.2927326261997223,0.9994897959183674,0.9993877551020408,0.14375107195391715,0.3192749629578844,0.9833011361316991,0.0857142857142857,0.553949275765679,0.9952762198263317
23497,50,8.321495399475097,9.406496353149414,1.0850011110305786,1.3397793769836426,0.5965760350227356,1.9147652387619019,1.3181891441345215,0.9976530612244898,0.9985714285714286,-0.13612864220573892,0.3458720357052741,0.9833011361316991,-0.08552220888355341,0.5548411048111003,0.9952762198263317
7102,50,10.261924648284912,10.825733203887939,0.5638083815574646,1.4834822416305542,0.5191690325737,0.3288157880306244,-0.19035324454307556,0.9981632653061224,0.9984693877551021,0.12679792644934493,0.3802322663462181,0.9833011361316991,0.08533013205282113,0.5557336129768139,0.9952762198263317
23283,50,0.3745486229658127,0.36882615089416504,-0.005722471512854099,0.0682096853852272,-0.01639021746814251,-0.0177196953445673,-0.0013294778764247894,0.06010204081632653,0.05683673469387755,0.13506478265123656,0.34968985495116744,0.9833011361316991,0.08533013205282113,0.5557336129768139,0.9952762198263317
813,50,8.733754844665528,9.714964904785155,0.9812099933624268,1.5201416015625,0.7961311340332031,1.4986343383789062,0.7025032043457031,0.9403061224489796,0.9428571428571428,-0.09630159484178652,0.5058709872121384,0.9912198009847464,-0.08523409363745497,0.5561801214073102,0.9952762198263317
987,50,10.502802772521973,10.68940097808838,0.18659807741641998,1.1326453685760498,-0.2845839262008667,0.7665366530418396,1.0511205196380615,0.9990816326530613,0.9977551020408163,-0.21638909903859024,0.13120995970755417,0.9833011361316991,-0.08523409363745497,0.5561801214073102,0.9952762198263317
7532,50,8.154426403045655,8.435160579681396,0.28073421120643616,0.9939998388290405,0.5502249002456665,-0.024666031822562218,-0.5748909115791321,0.9960204081632653,0.9963265306122449,0.004560120477567287,0.9749270187311403,0.9989285729703453,0.08504201680672267,0.5570736463170087,0.9952762198263317
22739,50,15.70989086151123,24.258512687683105,8.548622131347656,8.716568946838379,5.870046138763428,12.505339622497559,6.635293483734131,0.998061224489796,0.9997959183673469,-0.1303080825058276,0.367074863275253,0.9833011361316991,-0.08475390156062423,0.5584152018580085,0.9952762198263317
927,50,10.273499603271484,11.262117614746094,0.9886178374290466,1.3964576721191406,0.8784497380256653,1.153072714805603,0.27462297677993774,0.9991836734693877,0.9985714285714286,-0.041333154216232175,0.7756449119494945,0.9989285729703453,-0.0846578631452581,0.5588627246986756,0.9952762198263317
7917,50,9.739389038085937,10.402089157104491,0.6627000570297241,1.4702751636505127,0.32931119203567505,0.6588472127914429,0.3295360207557678,0.9964285714285714,0.9994897959183674,0.11990872507823934,0.4068577265107955,0.9901066683689362,0.08456182472989196,0.5593104161522782,0.9952762198263317
11066,50,9.751343193054199,9.857832412719727,0.10648936033248901,1.1710418462753296,-0.3920392692089081,0.7526865005493164,1.1447257995605469,0.9984693877551021,0.998061224489796,-0.13891284282190083,0.33600283347551785,0.9833011361316991,-0.0844657863145258,0.5597582760881984,0.9952762198263317
4299,50,10.31631046295166,10.924125728607178,0.6078152656555176,1.3159294128417969,0.49909767508506775,1.0373380184173584,0.5382403135299683,0.9987755102040816,0.9984693877551021,-0.051669131677593,0.7215760588641782,0.9989285729703453,-0.08427370948379351,0.5606545008835911,0.9952762198263317
21529,50,0.3036596602201462,0.31571707904338836,0.012057415209710598,0.056047648191452026,0.01119524147361517,0.0297567006200552,0.018561460077762604,0.05928571428571429,0.05714285714285714,-0.04739105135526938,0.7438091241737823,0.9989285729703453,-0.08417767106842736,0.5611028654808998,0.9952762198263317
16928,50,9.45150218963623,10.065397262573242,0.613895058631897,1.351587176322937,0.2940142750740051,1.2448430061340332,0.9508287310600281,0.9994897959183674,0.9989795918367347,-0.0750626723315997,0.6044022113145952,0.9989285729703453,-0.08388955582232892,0.5624489664943951,0.9952762198263317
14897,50,8.222794551849365,8.92598051071167,0.7031859755516052,1.0859116315841675,0.3274686634540558,0.9291192889213562,0.601650595664978,0.9958163265306123,0.998265306122449,0.08054516072869893,0.5781837079134556,0.9975316992255066,-0.08379351740696277,0.5628980021336469,0.9952762198263317
4110,50,10.799211196899414,12.227764434814453,1.4285531044006348,1.8497713804244995,1.1525294780731201,1.58433198928833,0.43180251121520996,0.9959183673469387,0.9971428571428571,0.02983006650328984,0.8370712878842562,0.9989285729703453,-0.08369747899159663,0.5633472052035944,0.9952762198263317
17552,50,8.350283641815185,9.0878959274292,0.7376123666763306,1.2446238994598389,0.06996263563632965,1.646354079246521,1.5763914585113525,0.9981632653061224,0.9987755102040816,-0.04057425789653376,0.7796601712774885,0.9989285729703453,-0.08350540216086433,0.5642461131062471,0.9952762198263317
19974,50,11.027753486633301,11.635161170959472,0.6074076890945435,1.2643482685089111,0.2368212193250656,0.4798644483089447,0.2430432289838791,0.9990816326530613,0.9979591836734694,0.13135291973910285,0.3632121442297129,0.9833011361316991,0.08350540216086433,0.5642461131062471,0.9952762198263317
1860,50,9.835051498413087,10.391048412322998,0.5559970736503601,1.4400619268417358,0.12644462287425995,1.2732065916061401,1.1467620134353638,0.9986734693877551,0.9991836734693877,-0.002629082107876132,0.985542938484907,0.9989285729703453,-0.08321728691476589,0.5655957273772844,0.9952762198263317
15567,50,9.495183620452881,10.387245597839355,0.8920620083808899,1.4395517110824585,0.5123395323753357,1.437449336051941,0.9251098036766052,0.9987755102040816,0.9994897959183674,-0.07344234806272126,0.6122486816151324,0.9989285729703453,-0.08312124849939975,0.56604593224693,0.9952762198263317
24533,50,9.368370704650879,10.303390426635742,0.9350196719169617,1.593026876449585,0.39488914608955383,1.8058587312698364,1.410969614982605,0.9407142857142857,0.9440816326530612,0.07586278364623707,0.6005438399556595,0.9989285729703453,0.08312124849939975,0.56604593224693,0.9952762198263317
5532,50,9.097896232604981,9.505470638275147,0.4075744152069092,1.0231589078903198,0.011408005841076374,0.949448823928833,0.9380407929420471,0.998061224489796,0.998265306122449,-0.15844754341937867,0.27176116635747466,0.9833011361316991,-0.0830252100840336,0.5664963036173906,0.9952762198263317
21110,50,9.958859634399413,10.923219299316406,0.9643595814704895,1.365018606185913,0.7727084755897522,1.2179031372070312,0.44519466161727905,0.9972448979591837,0.9993877551020408,0.017727130850394568,0.9027494815384258,0.9989285729703453,0.08225690276110444,0.5701052525423823,0.9952762198263317
22273,50,10.073161277770996,10.43337558746338,0.36021438241004944,1.3461108207702637,0.12610210478305817,0.36274638772010803,0.23664428293704987,0.9994897959183674,0.9983673469387755,0.054862015905203704,0.7051287828840513,0.9989285729703453,0.08225690276110444,0.5701052525423823,0.9952762198263317
20744,50,8.842109813690186,9.735085983276367,0.8929761648178101,1.248113989830017,0.6835620999336243,0.9843843579292297,0.30082225799560547,0.996734693877551,0.9978571428571429,0.2056290140063691,0.1519718507686102,0.9833011361316991,0.081968787515006,0.5714613394113616,0.9952762198263317
14294,50,9.771005554199219,10.321954002380371,0.5509485006332397,1.6178430318832397,0.08275552839040756,1.2759486436843872,1.1931930780410767,0.9991836734693877,0.9977551020408163,-0.0007808698360554366,0.9957058668170822,0.9990167888471327,-0.08177671068427371,0.5723662219784478,0.9952762198263317
19218,50,10.224410858154297,10.63961654663086,0.4152056574821472,1.5181689262390137,0.23680837452411652,0.08091127872467041,-0.1558970957994461,0.9993877551020408,0.9989795918367347,0.09018647779865939,0.533378906906822,0.9933406819150514,0.08168067226890756,0.5728189102509791,0.9952762198263317
6284,50,9.61582935333252,10.122430000305176,0.5066006779670715,1.4290026426315308,0.01866382360458374,0.7942104339599609,0.7755466103553772,0.9965306122448979,0.996734693877551,0.1529670858207958,0.28889910347467873,0.9833011361316991,0.08158463385354141,0.5732717630013682,0.9952762198263317
4135,50,10.098422985076905,10.517119789123536,0.4186967611312866,1.1655898094177246,0.27075034379959106,0.4672898054122925,0.19653946161270142,0.9996938775510205,0.9977551020408163,0.03740107569927805,0.7965098336413952,0.9989285729703453,-0.08148859543817527,0.5737247800932865,0.9952762198263317
5410,50,10.169304428100586,10.57235429763794,0.40304991602897644,1.2962634563446045,0.0603356696665287,0.9009367823600769,0.8406010866165161,0.9984693877551021,0.9996938775510205,-0.08121494333630996,0.5750165082112391,0.9975316992255066,-0.08139255702280913,0.5741779613902227,0.9952762198263317
13431,50,10.162176532745361,11.04342529296875,0.8812487125396729,1.4458625316619873,0.2017740160226822,2.2282164096832275,2.026442289352417,0.9960204081632653,0.9973469387755102,-0.10057671528269024,0.4870790052152316,0.9912198009847464,-0.08139255702280913,0.5741779613902227,0.9952762198263317
16938,50,9.383632698059081,10.659618072509765,1.2759852409362793,1.7235167026519775,1.1707801818847656,2.146672248840332,0.9758920669555664,0.9987755102040816,0.9988775510204082,-0.034607833722521936,0.811418687846473,0.9989285729703453,0.08129651860744297,0.574631306755483,0.9952762198263317
5086,50,0.33286032974720003,0.328775520324707,-0.004084811080247164,0.060337454080581665,-0.01907654106616974,0.008871822617948055,0.02794836461544037,0.059387755102040814,0.056428571428571425,-0.020826859607974542,0.8858488796183984,0.9989285729703453,-0.08120048019207683,0.5750848160521909,0.9952762198263317
8668,50,10.332397785186767,10.555355567932128,0.2229577898979187,1.5322613716125488,-0.17542071640491486,0.5451188087463379,0.7205395102500916,0.9956122448979592,0.9978571428571429,-0.008962168146559766,0.9507456484010944,0.9989285729703453,0.0803361344537815,0.579173753963048,0.9952762198263317
22135,50,8.154531440734864,9.161275806427001,1.006744384765625,1.630071759223938,0.31627315282821655,1.9582180976867676,1.6419448852539062,0.9948979591836735,0.9986734693877551,0.020107962093563036,0.8897643156243373,0.9989285729703453,-0.0803361344537815,0.579173753963048,0.9952762198263317
9428,50,0.3350969171524048,0.31591080844402314,-0.01918611116707325,0.07268595695495605,-0.014439917169511318,-0.04498105123639107,-0.030541133135557175,0.05877551020408163,0.0563265306122449,0.08419481989001636,0.561022792233057,0.9933406819150514,0.07995198079231693,0.5809952920613816,0.9952762198263317
13690,50,9.970973587036132,10.403490142822266,0.43251660466194153,1.209862232208252,0.22198057174682617,0.33537542819976807,0.1133948564529419,0.9984693877551021,0.9994897959183674,0.10122471280884075,0.4842628564718113,0.9912198009847464,0.07975990396158462,0.5819070336441937,0.9952762198263317
7015,50,8.741626663208008,9.83907922744751,1.0974525213241577,1.4145677089691162,0.6979871392250061,1.8778382539749146,1.1798510551452637,0.9968367346938776,0.9995918367346939,-0.05269247524617773,0.7162905756206474,0.9989285729703453,-0.07966386554621849,0.5823631470805785,0.9952762198263317
540,50,8.390705852508544,9.387072143554688,0.9963664412498474,1.3214118480682373,0.916022002696991,1.5143429040908813,0.5983209013938904,0.998265306122449,0.9989795918367347,-0.0626842614285719,0.665407500968961,0.9989285729703453,-0.07947178871548619,0.5832758585435147,0.9952762198263317
18119,50,9.267312412261964,9.826366119384765,0.5590535998344421,1.403251051902771,0.03489163890480995,1.1311925649642944,1.0963009595870972,0.9993877551020408,0.9996938775510205,0.12771161078817012,0.37678071061020996,0.9833011361316991,0.07918367346938776,0.5846461351085565,0.9952762198263317
2589,50,10.887569541931152,12.487748374938965,1.600178837776184,2.099553108215332,0.8903886079788208,2.9249813556671143,2.034592628479004,0.9984693877551021,0.9997959183673469,0.031785203030942594,0.8265519602620389,0.9989285729703453,0.0790876350540216,0.5851032158998726,0.9952762198263317
17581,50,10.056557960510254,11.230876083374023,1.1743181943893433,1.5473953485488892,0.7993230819702148,1.9773340225219727,1.1780109405517578,0.998265306122449,0.9993877551020408,-0.022260439035817724,0.8780491091371087,0.9989285729703453,0.0790876350540216,0.5851032158998726,0.9952762198263317
13386,50,9.605696086883546,10.92183340072632,1.316137433052063,1.6121047735214233,1.0460443496704102,1.7785409688949585,0.7324966192245483,0.9975510204081632,0.9993877551020408,0.06031013119247329,0.6773735644549927,0.9989285729703453,0.07860744297719087,0.5873910280279692,0.9952762198263317
21720,50,9.395696640014648,10.297303619384765,0.9016069173812866,1.3249179124832153,0.6998228430747986,1.2430616617202759,0.5432388186454773,0.9993877551020408,0.998265306122449,0.07777430302486044,0.5913698956961889,0.9989285729703453,0.07812725090036014,0.5896828407810077,0.9952762198263317
14740,50,9.197910976409911,9.987067394256592,0.7891563177108765,1.2722281217575073,0.31408730149269104,1.552225947380066,1.2381386756896973,0.9989795918367347,0.998265306122449,-0.10044900906083741,0.48763501545309135,0.9912198009847464,-0.07716686674669868,0.5942783968149364,0.9952762198263317
14170,50,11.096827468872071,12.111282768249511,1.0144553184509277,1.506131887435913,0.739477276802063,1.49014413356781,0.7506668567657471,0.9988775510204082,0.9989795918367347,-0.06178265795870228,0.6699422393938148,0.9989285729703453,-0.07707082833133252,0.5947388231105695,0.9952762198263317
22563,50,8.04451961517334,8.622394065856934,0.5778743624687195,1.3363338708877563,0.12799736857414246,1.1416157484054565,1.0136183500289917,0.9993877551020408,0.9994897959183674,0.04442071228654743,0.7593697189569002,0.9989285729703453,-0.07707082833133252,0.5947388231105695,0.9952762198263317
24497,50,8.11728729248047,8.512640399932861,0.3953530788421631,1.1607853174209595,0.26249369978904724,0.9144564270973206,0.6519627571105957,0.9975510204081632,0.9964285714285714,-0.04008347883948761,0.7822598853583966,0.9989285729703453,-0.07697478991596637,0.5951994071363429,0.9952762198263317
22015,50,9.369274368286133,10.070459175109864,0.7011847496032715,1.379335880279541,0.7064847946166992,0.9324365258216858,0.22595173120498657,0.9948979591836735,0.9975510204081632,-0.026740192700940444,0.8537528708667774,0.9989285729703453,-0.07668667466986795,0.5965821041440149,0.9952762198263317
4028,50,10.68534688949585,11.423436584472656,0.7380897402763367,1.4562346935272217,0.3426249921321869,1.3153096437454224,0.9726846218109131,0.9989795918367347,0.9997959183673469,0.13891781793191224,0.3359853567770768,0.9833011361316991,0.07659063625450178,0.5970433176389748,0.9952762198263317
17784,50,8.89510576248169,9.14089500427246,0.24578918516635895,1.178375244140625,0.06850408017635345,0.8114054799079895,0.7429013848304749,0.9412244897959183,0.9443877551020409,-0.18721059604487061,0.19297060053454645,0.9833011361316991,-0.07630252100840335,0.5984278995617138,0.9952762198263317
8048,50,9.116924457550049,9.583966827392578,0.46704238653182983,0.9898194074630737,0.32044464349746704,0.7838929295539856,0.46344828605651855,0.9391836734693878,0.9419387755102041,-0.09165165582754212,0.5267219610913302,0.9933406819150514,-0.07591836734693877,0.6002762000240182,0.9952762198263317
17120,50,0.3278249937295914,0.2798315674066544,-0.047993432730436325,0.08648960292339325,-0.055517345666885376,-0.03980454429984093,0.01571280136704445,0.059081632653061225,0.05530612244897959,-0.05073444911383347,0.7264148982048818,0.9989285729703453,-0.0757262905162065,0.6012012867159331,0.9952762198263317
18362,50,8.908961257934571,10.5959521484375,1.6869909763336182,1.9142836332321167,1.150965929031372,3.386519193649292,2.23555326461792,0.9410204081632653,0.9453061224489796,-0.2629532509312759,0.06504518808160523,0.9833011361316991,-0.0757262905162065,0.6012012867159331,0.9952762198263317
2454,50,10.16319393157959,10.961471138000489,0.7982771396636963,1.5057575702667236,0.45351535081863403,1.2066577672958374,0.7531424164772034,0.9985714285714286,0.9983673469387755,-0.10013915074087354,0.4889854612643582,0.9912198009847464,-0.07563025210084032,0.6016640636624717,0.9952762198263317
12049,50,0.35718222498893737,0.32858075261116026,-0.028601469472050667,0.06946693360805511,-0.033702485263347626,-0.013973849825561047,0.019728634506464005,0.05918367346938776,0.05622448979591837,-0.09779104108313262,0.49928224216659906,0.9912198009847464,-0.07563025210084032,0.6016640636624717,0.9952762198263317
3554,50,9.66451530456543,10.36176425933838,0.6972489356994629,1.2038782835006714,0.4221346080303192,1.2547894716262817,0.8326548337936401,0.9976530612244898,0.9989795918367347,-0.17152287145652684,0.23364399964429794,0.9833011361316991,-0.07553421368547418,0.6021269961462217,0.9952762198263317
18760,50,8.477284717559815,9.515957565307618,1.0386728048324585,1.4850388765335083,0.685549795627594,1.1655992269515991,0.4800494313240051,0.9981632653061224,0.9990816326530613,-0.07491353534768913,0.6051225830915856,0.9989285729703453,-0.07495798319327732,0.6049078490522589,0.9952762198263317
9540,50,8.551844844818115,9.825864543914795,1.274019718170166,1.5205252170562744,0.9057785868644714,1.9998289346694946,1.094050407409668,0.9965306122448979,0.9965306122448979,-0.05913105049615288,0.6833460115899737,0.9989285729703453,0.07476590636254501,0.6058360376069908,0.9952762198263317
22459,50,10.386210060119629,11.273411979675293,0.8872019052505493,1.6349365711212158,0.25161439180374146,1.8167619705200195,1.5651476383209229,0.9979591836734694,0.9991836734693877,-0.10750843504981385,0.4574032081085709,0.9901066683689362,-0.07476590636254501,0.6058360376069908,0.9952762198263317
21826,50,9.074965496063232,10.051189155578614,0.9762235283851624,1.4706203937530518,0.605133593082428,1.8493503332138062,1.2442166805267334,0.9993877551020408,0.9987755102040816,-0.0786223007105647,0.5873201802387198,0.9989285729703453,-0.074093637454982,0.6090895470834802,0.9952762198263317
23058,50,9.938550262451171,10.934360160827637,0.99580979347229,1.5799129009246826,0.5706441402435303,1.9166263341903687,1.3459821939468384,0.9995918367346939,0.9998979591836735,0.008749575667238815,0.9519126281986734,0.9989285729703453,-0.0739015606242497,0.6100205018611948,0.9952762198263317
5442,50,9.709180393218993,10.277486171722412,0.5683057308197021,1.1859453916549683,0.33370187878608704,0.8331072926521301,0.4994054138660431,0.9993877551020408,0.9988775510204082,-0.01997269057223402,0.8905013585956556,0.9989285729703453,-0.07380552220888356,0.6104862086059222,0.9952762198263317
8994,50,10.177440967559814,11.195639095306397,1.0181982517242432,1.6023850440979004,0.49983158707618713,2.006488084793091,1.506656527519226,0.9968367346938776,0.9961224489795918,-0.17742321749839585,0.2177073524629676,0.9833011361316991,-0.07370948379351741,0.6109520680536465,0.9952762198263317
14996,50,10.747764587402344,11.467418403625489,0.7196537256240845,1.3973051309585571,0.4803799092769623,1.3932294845581055,0.9128495454788208,0.9997959183673469,0.9993877551020408,-0.14820403822466138,0.3043541767329476,0.9833011361316991,-0.07370948379351741,0.6109520680536465,0.9952762198263317
22169,50,10.394069709777831,11.449910011291504,1.055840253829956,1.420648455619812,0.7466195225715637,1.8063608407974243,1.0597412586212158,0.9996938775510205,0.9995918367346939,-0.01426770491386069,0.9216614376169944,0.9989285729703453,-0.07351740696278511,0.6118842444543007,0.9952762198263317
1475,50,9.245657329559327,9.592284736633301,0.346627414226532,1.0870463848114014,0.3282012343406677,0.1857435256242752,-0.14245770871639252,0.9994897959183674,0.9983673469387755,0.13893974112137128,0.3359083511643503,0.9833011361316991,0.07342136854741896,0.6123505611049064,0.9952762198263317
4832,50,9.193095436096192,9.963837089538574,0.770741879940033,1.557814359664917,0.5011335015296936,0.8999292254447937,0.3987957239151001,0.9988775510204082,0.9971428571428571,0.14526277182695435,0.31415852641382674,0.9833011361316991,0.07332533013205282,0.6128170298538623,0.9952762198263317
10103,50,10.552639770507813,11.613962097167969,1.0613222122192383,1.4360793828964233,0.790648341178894,1.6865812540054321,0.8959329128265381,0.996938775510204,0.9992857142857143,-0.06718863947665728,0.6429319272616283,0.9989285729703453,-0.07303721488595438,0.6142173471740467,0.9952762198263317
4240,50,9.61974349975586,10.280450935363769,0.660707414150238,1.0727717876434326,0.6322716474533081,0.7079254984855652,0.07565385103225708,0.9961224489795918,0.9988775510204082,0.006797651991991586,0.9626316444979495,0.9989285729703453,0.07274909963985594,0.615619027911752,0.9952762198263317
11962,50,9.953051662445068,10.353205680847168,0.40015408396720886,1.2136913537979126,0.29051288962364197,1.035776972770691,0.7452640533447266,0.9992857142857143,0.9989795918367347,-0.21151779796276216,0.14032846708789712,0.9833011361316991,-0.07274909963985594,0.615619027911752,0.9952762198263317
12489,50,9.587331523895264,10.413730163574218,0.8263986706733704,1.223270058631897,0.5729779005050659,0.9236653447151184,0.3506874442100525,0.9983673469387755,0.9990816326530613,0.17208955296590886,0.2320795679183124,0.9833011361316991,0.07274909963985594,0.615619027911752,0.9952762198263317
17132,50,0.26449583828449247,0.238786943256855,-0.025708891451358795,0.06429564207792282,-0.02810792252421379,-0.05269676819443703,-0.024588845670223236,0.05918367346938776,0.05591836734693877,-0.03739402581552546,0.7965473742236762,0.9989285729703453,-0.07274909963985594,0.615619027911752,0.9952762198263317
9046,50,9.171078338623047,9.617100944519043,0.446022629737854,1.15147066116333,0.47088494896888733,0.5964011549949646,0.12551620602607727,0.9974489795918368,0.9988775510204082,0.03431584705515196,0.8129810868244995,0.9989285729703453,0.07265306122448979,0.6160865570949564,0.9952762198263317
11287,50,9.496332817077636,10.515018043518067,1.0186851024627686,1.255629301071167,0.6757714152336121,1.6456857919692993,0.9699143767356873,0.9988775510204082,0.9992857142857143,-0.07191842966411625,0.6196678320261126,0.9989285729703453,0.07265306122448979,0.6160865570949564,0.9952762198263317
17528,50,13.487074279785157,15.371253509521484,1.8841791152954102,2.9201040267944336,1.140945315361023,4.45945405960083,3.3185086250305176,0.9989795918367347,0.9991836734693877,-0.20557828071938156,0.1520751633407429,0.9833011361316991,-0.07265306122448979,0.6160865570949564,0.9952762198263317
22941,50,7.513161392211914,7.921855030059814,0.4086935818195343,0.9931582808494568,0.15294496715068817,0.6777493357658386,0.5248043537139893,0.9442857142857143,0.9453061224489796,0.10827113636157701,0.4541991545537998,0.9901066683689362,0.07265306122448979,0.6160865570949564,0.9952762198263317
10804,50,10.233340225219727,10.75779993057251,0.5244597792625427,1.3432800769805908,0.11935954540967941,1.0147953033447266,0.8954357504844666,0.998265306122449,0.9985714285714286,0.05942575786256272,0.6818514006114462,0.9989285729703453,-0.07255702280912364,0.6165542371589668,0.9952762198263317
3893,50,9.357494640350343,10.667544975280762,1.3100502490997314,1.702000379562378,0.9301910996437073,1.4793330430984497,0.5491419434547424,0.993265306122449,0.9984693877551021,0.050657656410560754,0.7268129263246584,0.9989285729703453,0.0724609843937575,0.6170220679508198,0.9952762198263317
20281,50,0.2946683967113495,0.30234781980514525,0.007679419592022896,0.05136475712060928,-0.006215069908648729,0.01906754821538925,0.025282617658376694,0.059081632653061225,0.05622448979591837,0.18054855705264983,0.20957975474214227,0.9833011361316991,0.0722689075630252,0.6179581811053434,0.9952762198263317
22403,50,9.719682903289796,10.852676010131836,1.1329931020736694,1.6022896766662598,0.941970705986023,1.2536938190460205,0.31172311305999756,0.9984693877551021,0.9993877551020408,0.05615886480229263,0.6984858472852616,0.9989285729703453,0.07207683073229292,0.6188948953314042,0.9952762198263317
10363,50,9.610576744079589,11.225124549865722,1.614547848701477,2.03259015083313,1.1227943897247314,2.139190912246704,1.0163965225219727,0.9991836734693877,0.9995918367346939,-0.061996461508779126,0.6688658234092276,0.9989285729703453,-0.07198079231692676,0.6193634774620392,0.9952762198263317
22908,50,11.175752983093261,11.754252986907959,0.5785000324249268,1.4052700996398926,-0.016302773728966713,1.5422954559326172,1.558598279953003,0.9996938775510205,0.9988775510204082,-0.08336628579252851,0.5648975865205865,0.9933406819150514,-0.07198079231692676,0.6193634774620392,0.9952762198263317
7100,50,10.158397407531739,10.810572395324707,0.6521748900413513,1.4999734163284302,0.3290805220603943,0.5841566920280457,0.25507616996765137,0.9991836734693877,0.9990816326530613,-0.02639702525580687,0.8556096121983073,0.9989285729703453,-0.07188475390156063,0.6198322093991523,0.9952762198263317
8486,50,11.290473918914795,12.183532028198242,0.893058180809021,1.4930088520050049,0.5131171941757202,1.6981433629989624,1.1850261688232422,0.9996938775510205,0.9987755102040816,-0.13288110343198575,0.3576070703756428,0.9833011361316991,-0.07150060024009604,0.6217086321267079,0.9952762198263317
23934,50,8.211615772247315,9.466943969726563,1.2553282976150513,1.4879347085952759,1.2049466371536255,0.9452678561210632,-0.25967878103256226,0.9965306122448979,0.9984693877551021,0.04968446351878969,0.7318632862297219,0.9989285729703453,0.07140456182472989,0.6221781107804693,0.9952762198263317
8227,50,9.215676956176758,10.037209148406982,0.8215318918228149,1.4264270067214966,0.37323570251464844,1.2179057598114014,0.8446700572967529,0.9975510204081632,0.9987755102040816,-0.01480230854180943,0.9187358032838949,0.9989285729703453,-0.07130852340936374,0.6226477383132252,0.9952762198263317
12371,50,8.613119945526122,8.830655364990234,0.21753531694412231,0.947969377040863,-0.17103023827075958,0.7044718861579895,0.8755021095275879,0.9391836734693878,0.9425510204081633,-0.0468889312395831,0.7464326466239621,0.9989285729703453,-0.07130852340936374,0.6226477383132252,0.9952762198263317
12434,50,8.757069129943847,9.331502666473389,0.574433445930481,1.3081026077270508,0.09384698420763016,1.3875226974487305,1.2936756610870361,0.9986734693877551,0.998265306122449,-0.05708199699993293,0.693770778845662,0.9989285729703453,-0.07111644657863145,0.623587439394859,0.9952762198263317
20028,50,7.978377590179443,8.223784313201904,0.24540671706199646,0.9019221663475037,-0.10855010896921158,0.7461824417114258,0.8547325730323792,0.9386734693877551,0.9413265306122449,-0.14563252133482854,0.31291508128552553,0.9833011361316991,-0.07092436974789915,0.6245277341281963,0.9952762198263317
2835,50,10.515393390655518,11.114967155456544,0.5995736122131348,1.263836145401001,0.3631429672241211,1.084639310836792,0.7214963436126709,0.9989795918367347,0.9990816326530613,0.09499999220827905,0.5116648447762476,0.9933406819150514,0.07025210084033613,0.6278234226869992,0.9952762198263317
13388,50,8.989456787109376,9.345949535369874,0.3564928472042084,1.2949943542480469,0.07468502968549728,0.4116007089614868,0.33691567182540894,0.9988775510204082,0.9994897959183674,0.09570312122885061,0.5085308289968299,0.9912198009847464,0.07015606242496998,0.6282948246159519,0.9952762198263317
2271,50,9.960324745178223,10.372861862182617,0.4125370681285858,1.3545846939086914,-0.3644033372402191,1.593773365020752,1.9581767320632935,0.996734693877551,0.9987755102040816,-0.1105844329949061,0.44455650795163537,0.9901066683689362,-0.06967587034813925,0.6306540338400891,0.9952762198263317
17551,50,10.127861862182618,10.86650089263916,0.7386389374732971,1.6073287725448608,0.6979517340660095,0.8559024930000305,0.157950758934021,0.9972448979591837,0.998265306122449,0.04326620978476566,0.765443699078361,0.9989285729703453,-0.06967587034813925,0.6306540338400891,0.9952762198263317
21023,50,9.664120254516602,9.779668140411378,0.11554776877164841,1.0099560022354126,0.08530644327402115,-0.18245796859264374,-0.2677644193172455,0.9984693877551021,0.9983673469387755,0.11057135905896746,0.4446106849515998,0.9901066683689362,0.06967587034813925,0.6306540338400891,0.9952762198263317
7253,50,10.930285587310792,10.995285987854004,0.06500038504600525,1.4644430875778198,-0.23435631394386292,-0.26437899470329285,-0.03002268075942993,0.9992857142857143,0.9992857142857143,0.09307765038788639,0.5202827359846458,0.9933406819150514,0.06881152460984392,0.6349097988988524,0.9952762198263317
6795,50,9.21097053527832,9.618133373260498,0.40716269612312317,1.0235111713409424,-0.03214365988969803,1.1737489700317383,1.2058926820755005,0.9993877551020408,0.9997959183673469,-0.02509835379814568,0.8626431307424085,0.9989285729703453,0.06871548619447777,0.6353833869583806,0.9952762198263317
6553,50,9.877203121185303,10.830492134094237,0.9532890915870667,1.4093981981277466,0.2849900722503662,2.135617971420288,1.8506278991699219,0.9977551020408163,0.9987755102040816,-0.0668217159839785,0.6447513214910272,0.9989285729703453,-0.06852340936374549,0.6363309963298319,0.9952762198263317
9458,50,0.3280650889873505,0.319654820561409,-0.008410271257162094,0.06195222958922386,-0.012042303569614887,-0.03205544129014015,-0.02001313865184784,0.059489795918367346,0.0563265306122449,0.20793719780936273,0.14732604736827465,0.9833011361316991,0.0683313325330132,0.6372791823046575,0.9952762198263317
10621,50,0.33332226037979124,0.3128039467334747,-0.020518314093351364,0.06068028137087822,-0.020840710029006004,-0.024539321660995483,-0.003698611631989479,0.059387755102040814,0.05663265306122449,-0.013823424759864589,0.9240935569815915,0.9989285729703453,-0.0683313325330132,0.6372791823046575,0.9952762198263317
3654,50,9.742868156433106,10.681638069152832,0.938770055770874,1.3476976156234741,0.580480694770813,1.6325982809066772,1.0521175861358643,0.9979591836734694,0.9994897959183674,-0.10186596117940952,0.48148447752733303,0.9912198009847464,-0.06775510204081632,0.6401271870153563,0.9952762198263317
18067,50,8.648542613983155,9.43119613647461,0.7826535701751709,1.134463906288147,0.6538096070289612,1.5355619192123413,0.8817523121833801,0.9993877551020408,0.9992857142857143,-0.18081935848006037,0.20888567774266054,0.9833011361316991,-0.06756302521008403,0.6410776665565251,0.9952762198263317
476,50,9.87060691833496,10.338404083251953,0.46779710054397583,1.1480861902236938,0.12332199513912201,1.0398393869400024,0.9165173768997192,0.9993877551020408,0.9996938775510205,-0.0018505472047204686,0.9898237525503611,0.9989285729703453,-0.06746698679471788,0.6415531202205041,0.9952762198263317
23637,50,0.2613606715202332,0.2555866885185242,-0.005773984361439943,0.057953424751758575,-0.005964568350464106,-0.030397148802876472,-0.024432580918073654,0.059387755102040814,0.05663265306122449,0.19298043233819037,0.1793611566785791,0.9833011361316991,0.06746698679471788,0.6415531202205041,0.9952762198263317
711,50,11.294876899719238,12.256296157836914,0.9614192247390747,1.7064645290374756,0.508212149143219,1.8590844869613647,1.350872278213501,0.9993877551020408,0.9995918367346939,-0.11412297419059202,0.43002789704200717,0.9901066683689362,-0.0672749099639856,0.6425044545261666,0.9952762198263317
8356,50,9.698443431854248,10.991613578796386,1.2931699752807617,1.5920213460922241,1.0787101984024048,1.6123701333999634,0.5336599349975586,0.9981632653061224,0.9979591836734694,0.00433260083748286,0.9761776240201328,0.9989285729703453,-0.0672749099639856,0.6425044545261666,0.9952762198263317
18873,50,9.351666355133057,9.800980129241943,0.4493138790130615,1.041425347328186,0.41896969079971313,0.6445238590240479,0.22555416822433472,0.9966326530612245,0.9995918367346939,-0.15938901614765602,0.26888641747890885,0.9833011361316991,-0.06717887154861946,0.6429803348437267,0.9952762198263317
24428,50,10.86794822692871,11.945993919372558,1.0780456066131592,1.7967027425765991,0.7324382066726685,2.2606546878814697,1.5282164812088013,0.9973469387755102,0.9998979591836735,-0.21126490902557887,0.14081441181578963,0.9833011361316991,-0.06593037214885954,0.6491796319767824,0.9952762198263317
12141,50,10.037201328277588,10.193655319213867,0.1564539074897766,1.334681510925293,-0.32613104581832886,0.6125497221946716,0.9386807680130005,0.9965306122448979,0.9991836734693877,0.012594668625585946,0.9308236390869674,0.9989285729703453,0.06554621848739495,0.6510918768730238,0.9952762198263317
15995,50,9.823187599182129,11.165805244445801,1.3426177501678467,1.571388840675354,0.8237820267677307,2.3599822521209717,1.5362002849578857,0.9998979591836735,0.9996938775510205,-0.12084953473028913,0.4031595068284976,0.9901066683689362,-0.06545018007202881,0.651570286283334,0.9952762198263317
742,50,8.731224975585938,9.212583808898925,0.48135870695114136,1.206685185432434,0.4097663462162018,0.4162781238555908,0.006511777639389038,0.9392857142857143,0.9422448979591836,0.10252062706335043,0.47865665321836326,0.9912198009847464,-0.06535414165666266,0.6520488346379698,0.9952762198263317
2984,50,11.342370891571045,11.283300189971923,-0.05907062441110611,1.3477658033370972,-0.1833268105983734,0.6617090702056885,0.8450359106063843,0.9993877551020408,0.9992857142857143,-0.0030236910607542196,0.9833733073586869,0.9989285729703453,-0.06535414165666266,0.6520488346379698,0.9952762198263317
15441,50,10.157120952606201,11.006519317626953,0.8493982553482056,1.4796124696731567,0.6076663136482239,1.1474403142929077,0.5397740006446838,0.9991836734693877,0.9995918367346939,0.08299226468784891,0.5666508391171301,0.9944166686467284,0.06516206482593037,0.6530063475185935,0.9952762198263317
10597,50,10.314774799346925,11.268305950164795,0.9535310864448547,1.601163625717163,0.32155418395996094,1.9519997835159302,1.6304455995559692,0.9979591836734694,0.9988775510204082,-0.10345008364553322,0.4746570118857287,0.9912198009847464,-0.06506602641056422,0.6534853117133702,0.9952762198263317
7632,50,9.633333988189698,10.535054359436035,0.9017202854156494,1.3251311779022217,0.7532983422279358,1.1423405408859253,0.3890421986579895,0.9991836734693877,0.9986734693877551,0.0874722960365859,0.545818414304869,0.9933406819150514,0.06496998799519808,0.6539644141900509,0.9952762198263317
13822,50,8.900514488220216,10.053283882141113,1.1527693271636963,1.5337826013565063,0.8392873406410217,1.839254379272461,0.9999670386314392,0.9976530612244898,0.9988775510204082,-0.13304707769121824,0.3570015009882944,0.9833011361316991,-0.06477791116446578,0.6549230333249497,0.9952762198263317
4645,50,7.918864917755127,8.350128383636475,0.4312634766101837,1.203477382659912,0.1115826740860939,1.1667732000350952,1.0551905632019043,0.996938775510204,0.9974489795918368,-0.04266814551051522,0.7685957148306857,0.9989285729703453,-0.06439375750300119,0.6568419236628035,0.9952762198263317
12999,50,10.028562335968017,10.947498378753663,0.9189361333847046,1.2932604551315308,0.6887712478637695,1.4960441589355469,0.8072729110717773,0.9955102040816326,0.9987755102040816,-0.08464373383055562,0.5589285791567231,0.9933406819150514,-0.06439375750300119,0.6568419236628035,0.9952762198263317
6036,50,9.578879508972168,10.501093521118165,0.9222139716148376,1.4161022901535034,0.6145029067993164,1.3896493911743164,0.775146484375,0.9993877551020408,0.9986734693877551,-0.04391074619826566,0.7620509654872105,0.9989285729703453,0.06429771908763504,0.6573219894558269,0.9952762198263317
15606,50,11.628869209289551,11.812396697998047,0.18352748453617096,1.4617621898651123,-0.12155711650848389,1.240784764289856,1.3623418807983398,0.9996938775510205,0.9995918367346939,-0.11110450174935964,0.4424043588462537,0.9901066683689362,-0.06429771908763504,0.6573219894558269,0.9952762198263317
5756,50,10.898103370666504,12.08032772064209,1.182224154472351,1.6843736171722412,1.1442224979400635,0.9576225876808167,-0.18659991025924683,0.998265306122449,0.9998979591836735,0.0455446787856532,0.7534701658864893,0.9989285729703453,0.06381752701080431,0.6597243693147455,0.9952762198263317
3885,50,10.261190528869628,11.191342086791993,0.9301515221595764,1.608489990234375,0.3327946364879608,2.3115808963775635,1.9787862300872803,0.9997959183673469,0.9998979591836735,-0.05850423610063661,0.6865288995617621,0.9989285729703453,0.06372148859543818,0.6602052542921982,0.9952762198263317
7851,50,7.639771881103516,8.151362495422363,0.5115907788276672,1.0975970029830933,0.47620120644569397,0.7264383435249329,0.2502371370792389,0.9378571428571428,0.9416326530612245,-0.1579225067522372,0.27337316319047683,0.9833011361316991,-0.06372148859543818,0.6602052542921982,0.9952762198263317
12214,50,6.536378536224365,7.239638423919677,0.7032597064971924,0.987474799156189,0.20860512554645538,1.4152683019638062,1.2066631317138672,0.9420408163265306,0.943265306122449,-0.06617644340732179,0.6479559097512662,0.9989285729703453,-0.06372148859543818,0.6602052542921982,0.9952762198263317
16630,50,9.173690223693848,9.99654685974121,0.822856605052948,1.3568862676620483,0.40624600648880005,1.3520559072494507,0.9458099007606506,0.9962244897959184,0.9989795918367347,-0.05280494064946829,0.7157104980581226,0.9989285729703453,-0.06333733493397359,0.6621301519536961,0.9952762198263317
3256,50,10.032792587280273,10.956721916198731,0.9239292740821838,1.4124438762664795,0.6355357766151428,1.1603190898895264,0.5247833132743835,0.9945918367346939,0.9993877551020408,-0.016258449291529854,0.9107725415014696,0.9989285729703453,-0.06304921968787515,0.6635752461203878,0.9952762198263317
6287,50,10.869493923187257,11.570674934387206,0.701181173324585,1.3930178880691528,0.33133453130722046,1.2109706401824951,0.8796361088752747,0.9987755102040816,0.9985714285714286,0.015202658144756893,0.9165455734413069,0.9989285729703453,-0.062953181272509,0.6640572139268148,0.9952762198263317
5289,50,10.309148120880128,10.886706562042237,0.5775585174560547,1.2788387537002563,0.39623546600341797,1.1362758874893188,0.7400404214859009,0.9986734693877551,0.9975510204081632,-0.20334712868696225,0.15667001787559237,0.9833011361316991,-0.06276110444177671,0.6650215531503694,0.9952762198263317
23129,50,10.266881370544434,11.046922378540039,0.780040979385376,1.5150046348571777,0.04554186388850212,1.5306787490844727,1.485136866569519,0.9981632653061224,0.998265306122449,-0.11272913027350977,0.43571863061024063,0.9901066683689362,-0.06276110444177671,0.6650215531503694,0.9952762198263317
4767,50,8.039996967315673,8.301587753295898,0.26159077882766724,1.1915068626403809,0.14661595225334167,0.18763525784015656,0.04101930558681488,0.9992857142857143,0.9991836734693877,-0.042293022255232106,0.770574646276333,0.9989285729703453,-0.062472989195678265,0.666469068468228,0.9952762198263317
378,50,0.31484326243400573,0.2941701465845108,-0.02067311480641365,0.07735081762075424,-0.014069068245589733,-0.038176361471414566,-0.02410729229450226,0.059387755102040814,0.05612244897959184,0.14726975690743377,0.3074469297584041,0.9833011361316991,0.062088835534213675,0.6684009605193324,0.9952762198263317
15611,50,9.325535907745362,9.823759479522705,0.49822357296943665,1.3786048889160156,0.286652535200119,0.686182975769043,0.39953044056892395,0.9946938775510205,0.9978571428571429,-0.06828629057749619,0.6375016149354217,0.9989285729703453,-0.062088835534213675,0.6684009605193324,0.9952762198263317
20650,50,8.947473888397218,10.161669063568116,1.2141951322555542,1.5841020345687866,0.5498959422111511,1.7701488733291626,1.2202529907226562,0.9989795918367347,0.9995918367346939,0.08970110108935589,0.5355932302272718,0.9933406819150514,-0.061992797118847545,0.6688842666153457,0.9952762198263317
10992,50,9.57685697555542,10.22119441986084,0.6443374752998352,1.331347942352295,0.4578719735145569,0.9826032519340515,0.5247312784194946,0.9977551020408163,0.998061224489796,-0.014758287402443712,0.9189766705662902,0.9989285729703453,-0.061896758703481394,0.669367705603184,0.9952762198263317
20961,50,9.852025337219239,10.297365932464599,0.4453405737876892,1.1388766765594482,0.028554217889904976,1.176194429397583,1.1476402282714844,0.9998979591836735,0.9996938775510205,-0.15664055805826946,0.2773356240454143,0.9833011361316991,-0.06180072028811524,0.6698512773118432,0.9952762198263317
4430,50,10.00055871963501,10.836832504272461,0.8362737894058228,1.5202548503875732,0.3869982063770294,1.1883430480957031,0.8013448715209961,0.9990816326530613,0.9991836734693877,0.0061054656355487855,0.9664344644379199,0.9989285729703453,0.06132052821128451,0.672271120671575,0.9952762198263317
21207,50,8.380708446502686,9.093432865142823,0.7127244472503662,1.2499576807022095,0.5621845126152039,0.9856505393981934,0.4234660267829895,0.9964285714285714,0.9988775510204082,-0.05429321374439324,0.7080493135819313,0.9989285729703453,-0.06132052821128451,0.672271120671575,0.9952762198263317
17626,49,0.33856145352125167,0.307696638405323,-0.030864812433719635,0.06973692029714584,-0.04169732332229614,-0.03774770721793175,0.003949616104364395,0.059489795918367346,0.05673469387755102,0.13221452063340441,0.3651508010352294,0.9833011361316991,0.06112244897959183,0.6765303967871883,0.9952762198263317
12032,50,9.650293979644776,9.938484935760497,0.288191020488739,1.3319532871246338,0.10921275615692139,0.6543970108032227,0.5451842546463013,0.9997959183673469,0.9997959183673469,0.020291103633685813,0.8887665942741789,0.9989285729703453,0.06103241296518607,0.6737246083596101,0.9952762198263317
16162,50,10.063026485443116,10.583896923065186,0.5208705067634583,1.5060949325561523,0.05836624652147293,0.9688988327980042,0.9105325937271118,0.9989795918367347,0.9986734693877551,-0.0039896337464038825,0.9780629145643408,0.9989285729703453,0.060840336134453776,0.6746942563131717,0.9952762198263317
19418,50,9.595417690277099,11.148883628845216,1.5534658432006836,1.8304139375686646,1.08910071849823,2.5557796955108643,1.4666789770126343,0.9988775510204082,0.9995918367346939,-0.03744773998552279,0.79626135814098,0.9989285729703453,-0.060840336134453776,0.6746942563131717,0.9952762198263317
15458,50,9.716728820800782,10.334595584869385,0.6178667545318604,1.5363190174102783,0.07644899934530258,1.8195428848266602,1.7430938482284546,0.998061224489796,0.9974489795918368,-0.10958687145766839,0.4487007609787082,0.9901066683689362,-0.06064825930372149,0.6756644275853205,0.9952762198263317
2003,50,9.977941055297851,10.933927192687989,0.9559862017631531,1.259985327720642,0.7270423173904419,1.5334405899047852,0.8063982725143433,0.998265306122449,0.9995918367346939,-0.05238508565335311,0.717876847461372,0.9989285729703453,-0.06055222088835534,0.6761497090336853,0.9952762198263317
17456,50,10.326305255889892,10.705730285644531,0.37942495942115784,1.1020386219024658,0.23603078722953796,0.5101962685585022,0.27416548132896423,0.9993877551020408,0.9993877551020408,-0.004610928184566034,0.9746477524833593,0.9989285729703453,0.06036014405762304,0.6771206626893104,0.9952762198263317
20076,50,10.395177593231201,10.888811321258546,0.49363380670547485,1.4719265699386597,-0.21526168286800385,1.789380669593811,2.0046422481536865,0.9993877551020408,0.9978571428571429,-0.10537325923947567,0.4664379410585876,0.9901068665102456,-0.06036014405762304,0.6771206626893104,0.9952762198263317
3419,50,10.46989429473877,11.639161148071288,1.169266939163208,1.8964037895202637,0.9940652847290039,1.5538562536239624,0.5597909688949585,0.9983673469387755,0.9981632653061224,-0.14503484162494987,0.3149266074638425,0.9833011361316991,-0.060168067226890755,0.6780921362007896,0.9952762198263317
5358,50,9.886267166137696,10.275228309631348,0.38896095752716064,1.1372532844543457,0.19997569918632507,0.5535096526145935,0.35353395342826843,0.9989795918367347,0.9994897959183674,0.021769914865287322,0.8807166844945126,0.9989285729703453,-0.05997599039615846,0.6790641281788057,0.9952762198263317
13655,50,8.42192569732666,8.80328887939453,0.3813631534576416,1.258818507194519,0.0885680541396141,0.5316485166549683,0.44308045506477356,0.9992857142857143,0.9984693877551021,-0.023984481132327328,0.8686842244375926,0.9989285729703453,0.05978391356542617,0.6800366372316361,0.9952762198263317
5878,50,9.909768867492676,10.638364429473876,0.7285955548286438,1.1654709577560425,0.5726717114448547,1.1560266017913818,0.5833548903465271,0.9992857142857143,0.9985714285714286,-0.02487962334478913,0.8638288139645298,0.9989285729703453,-0.05939975990396158,0.6819832009828576,0.9952762198263317
279,50,9.088361740112305,10.212434139251709,1.1240723133087158,1.8413656949996948,0.5188031792640686,1.836047649383545,1.317244529724121,0.9921428571428571,0.9863265306122448,0.05390549469010744,0.710042456868441,0.9989285729703453,0.05911164465786314,0.6834444707314836,0.9952762198263317
16613,50,8.100235900878907,9.014829959869385,0.9145941734313965,1.317324161529541,0.49594953656196594,2.0973517894744873,1.6014022827148438,0.9385714285714286,0.9422448979591836,-0.11028524357359441,0.4457972300698308,0.9901066683689362,-0.05911164465786314,0.6834444707314836,0.9952762198263317
11711,50,9.06927188873291,9.600018520355224,0.5307466387748718,1.1060034036636353,0.19649538397789001,1.1044812202453613,0.9079858064651489,0.9978571428571429,0.9972448979591837,-0.06381718314456165,0.6597260908841927,0.9989285729703453,0.0588235294117647,0.6849068897400699,0.9952762198263317
8903,50,10.711239337921143,12.213664894104005,1.5024254322052002,1.8975497484207153,0.7868995070457458,3.0696303844451904,2.2827308177948,0.9973469387755102,0.9989795918367347,-0.046409300138963556,0.7489413273991061,0.9989285729703453,0.0586314525810324,0.685882471881642,0.9952762198263317
13782,50,10.057895393371583,10.991370277404785,0.9334751963615417,1.5287383794784546,0.48616737127304077,1.7551380395889282,1.2689707279205322,0.9983673469387755,0.9995918367346939,-0.1838670854113644,0.20118524702803967,0.9833011361316991,-0.0586314525810324,0.685882471881642,0.9952762198263317
11949,50,10.162809047698975,11.84409833908081,1.6812891960144043,1.8357981443405151,1.1640678644180298,1.7959613800048828,0.631893515586853,0.9966326530612245,0.9993877551020408,0.1407269917256882,0.32966762615624345,0.9833011361316991,0.058343337334933965,0.6873467957767787,0.9952762198263317
16222,50,8.776731719970703,9.191454048156737,0.4147222936153412,1.3615227937698364,0.15401117503643036,0.45824214816093445,0.3042309880256653,0.9979591836734694,0.9975510204081632,0.09591922469598398,0.5075695656246029,0.9912198009847464,0.05795918367346939,0.6893009948321579,0.9952762198263317
4509,50,10.727618141174316,11.35924503326416,0.6316268444061279,1.4505283832550049,0.32030630111694336,1.4142006635665894,1.093894362449646,0.9989795918367347,0.9994897959183674,-0.13141294832902098,0.36299097199586616,0.9833011361316991,-0.057767106842737094,0.6902788485450985,0.9952762198263317
14706,50,9.759455490112305,10.670762672424317,0.9113073945045471,1.7502567768096924,0.3215567469596863,1.435141921043396,1.1135852336883545,0.996938775510204,0.9995918367346939,0.05882474172974198,0.6849007338400331,0.9989285729703453,0.057767106842737094,0.6902788485450985,0.9952762198263317
17814,50,20.66292079925537,26.142870254516602,5.479949474334717,5.521652698516846,3.271742582321167,8.285030364990234,5.013287544250488,0.9970408163265306,0.998061224489796,-0.03642501979403389,0.8017116273577384,0.9989285729703453,0.0575750300120048,0.6912572031570279,0.9952762198263317
250,50,9.077239627838134,9.525053176879883,0.44781357049942017,1.088375449180603,0.40546467900276184,0.10666748136281967,-0.2987971901893616,0.9990816326530613,0.9993877551020408,0.16264035053991321,0.2591145010670081,0.9833011361316991,0.057478991596638655,0.6917465678560474,0.9952762198263317
1775,50,10.182417621612549,10.692216892242431,0.5097992420196533,1.47096586227417,0.34669405221939087,0.7952632308006287,0.4485691785812378,0.9979591836734694,0.9974489795918368,0.00019045434988355984,0.9989526552292067,0.9990167888471327,0.057478991596638655,0.6917465678560474,0.9952762198263317
1564,50,9.568159523010253,10.373460292816162,0.8053006529808044,1.3765078783035278,0.9936819672584534,0.566534698009491,-0.4271472692489624,0.9404081632653061,0.9431632653061225,0.008517323866663653,0.9531876375871023,0.9989285729703453,0.057382953181272504,0.6922360572466442,0.9952762198263317
4431,50,8.397555770874023,9.019715976715087,0.6221600770950317,1.3425601720809937,0.027119960635900497,1.2318633794784546,1.2047433853149414,0.9391836734693878,0.9401020408163265,-0.12379299274381843,0.3917157670588287,0.9875651028666246,-0.057094837935174066,0.6937052717869107,0.9952762198263317
19210,50,10.60407012939453,11.87289966583252,1.2688292264938354,1.7936923503875732,1.0392595529556274,1.5813905000686646,0.5421309471130371,0.9964285714285714,0.9978571428571429,-0.03244394745958486,0.8230143636717274,0.9989285729703453,-0.057094837935174066,0.6937052717869107,0.9952762198263317
23756,50,11.399586906433106,12.428339576721191,1.0287529230117798,1.494579792022705,0.7174635529518127,1.1108089685440063,0.3933454155921936,0.9978571428571429,0.9972448979591837,0.07339189512724749,0.6124937004570504,0.9989285729703453,0.056806722689075634,0.6951756021337346,0.9952762198263317
12005,50,8.482358093261718,9.047929496765137,0.5655714273452759,1.4018101692199707,0.09435164928436279,1.2543433904647827,1.15999174118042,0.9379591836734694,0.9385714285714286,-0.053937102822572525,0.7098798971252528,0.9989285729703453,-0.05661464585834333,0.696156439874637,0.9952762198263317
2919,50,9.74643741607666,10.022066345214844,0.2756289541721344,1.0646778345108032,0.10232918709516525,0.45778143405914307,0.3554522395133972,0.9981632653061224,0.9991836734693877,-0.04785922643214697,0.7413655517670023,0.9989285729703453,-0.05651860744297719,0.6966470434608812,0.9952762198263317
2429,50,11.844810829162597,13.222876281738282,1.378065586090088,1.8093981742858887,0.66301029920578,2.8730204105377197,2.210010051727295,0.9995918367346939,0.9998979591836735,-0.05671683700987694,0.6956345407594754,0.9989285729703453,-0.0563265306122449,0.6976286191683303,0.9952762198263317
19803,50,10.797061367034912,11.226828002929688,0.4297666847705841,1.2206041812896729,0.016834786161780357,0.8752689957618713,0.8584342002868652,0.9971428571428571,0.9993877551020408,-0.12002655723938122,0.406393470634465,0.9901066683689362,-0.05623049219687875,0.6981195909304554,0.9952762198263317
1561,50,8.723543243408203,10.087035884857178,1.363492727279663,1.7728683948516846,0.5941653847694397,2.2408525943756104,1.6466872692108154,0.9428571428571428,0.9470408163265306,0.022367707165805335,0.8774659396851027,0.9989285729703453,-0.05594237695078031,0.6995932396929486,0.9952762198263317
11194,50,10.614351367950439,11.08843235015869,0.4740809202194214,1.4158674478530884,0.4698394238948822,0.7917693257331848,0.3219299018383026,0.9992857142857143,0.9989795918367347,-0.16156241535261104,0.262327481168913,0.9833011361316991,-0.055750300120048016,0.7005762816306202,0.9952762198263317
15340,50,10.23108959197998,10.661404075622558,0.4303146004676819,1.2607014179229736,0.16870853304862976,0.49033454060554504,0.3216260075569153,0.9991836734693877,0.9994897959183674,0.0835640246378378,0.5639716925850727,0.9933406819150514,-0.055750300120048016,0.7005762816306202,0.9952762198263317
24344,50,10.330115051269532,11.323747653961181,0.993632435798645,1.602993369102478,0.20615172386169434,2.547589063644409,2.341437339782715,0.9993877551020408,0.9994897959183674,-0.12662536917660144,0.3808862283899979,0.9833011361316991,-0.05555822328931572,0.7015598094284042,0.9952762198263317
20355,50,8.208690967559814,8.894384002685547,0.6856930255889893,1.1581073999404907,0.6119062304496765,1.3930896520614624,0.7811834216117859,0.9375510204081633,0.9419387755102041,-0.1584669770065771,0.27170162149293886,0.9833011361316991,-0.05517406962785113,0.7035283168203038,0.9952762198263317
3214,50,0.3770114278793335,0.3216326719522476,-0.055378757417201996,0.07932505756616592,-0.05640960484743118,-0.0720326229929924,-0.015623018145561218,0.05979591836734694,0.05622448979591837,0.014242537878165994,0.9217991905796874,0.9989285729703453,-0.05488595438175269,0.7050059619801474,0.9952762198263317
18955,50,10.53638916015625,11.476664218902588,0.9402751326560974,1.5677289962768555,0.7389608025550842,1.2599518299102783,0.5209910273551941,0.9991836734693877,0.9989795918367347,-0.09740274461385573,0.5009956534925607,0.9912198009847464,-0.05488595438175269,0.7050059619801474,0.9952762198263317
23657,50,9.579054985046387,10.489981689453124,0.9109265804290771,1.4634188413619995,0.4811268150806427,1.9601116180419922,1.4789848327636719,0.9981632653061224,0.9987755102040816,-0.19005719515575176,0.18616723348050176,0.9833011361316991,-0.05488595438175269,0.7050059619801474,0.9952762198263317
10792,50,9.761369361877442,10.42407075881958,0.6627015471458435,1.3435578346252441,0.7006414532661438,0.37089720368385315,-0.32974424958229065,0.9962244897959184,0.9984693877551021,0.1025131658488985,0.4786888323055793,0.9912198009847464,-0.05450180072028812,0.7069778323592294,0.9952762198263317
2163,50,10.001889152526855,10.489341087341309,0.48745179176330566,1.2504210472106934,0.18653175234794617,1.0761414766311646,0.889609694480896,0.9993877551020408,0.9988775510204082,-0.008175953365639012,0.9550618934595578,0.9989285729703453,0.05411764705882353,0.7089516084339998,0.9952762198263317
21592,50,9.886209716796875,10.859743690490722,0.9735339283943176,1.499097466468811,0.4000580310821533,1.8170233964920044,1.416965365409851,0.9993877551020408,0.9992857142857143,-0.04674056183687116,0.7472084070142789,0.9989285729703453,-0.05411764705882353,0.7089516084339998,0.9952762198263317
11647,50,10.075987758636474,11.551957321166991,1.4759695529937744,1.9356204271316528,0.9075304865837097,2.320486307144165,1.4129557609558105,0.9979591836734694,0.9990816326530613,0.04880695417617823,0.7364267696375566,0.9989285729703453,0.05392557022809123,0.7099392074557784,0.9952762198263317
23142,50,9.187585773468017,10.798447151184082,1.6108613014221191,1.7838133573532104,1.140094518661499,2.5812923908233643,1.4411978721618652,0.9975510204081632,0.9993877551020408,-0.04816921628094708,0.7397489913645308,0.9989285729703453,0.053733493397358945,0.7109272785152494,0.9952762198263317
16778,50,10.101348209381104,11.005461349487305,0.9041131734848022,1.4178602695465088,0.5516303181648254,1.6896201372146606,1.1379897594451904,0.9979591836734694,0.9991836734693877,0.02887220630659082,0.8422353487892315,0.9989285729703453,0.053637454981992794,0.711421490600864,0.9952762198263317
3990,47,0.572362025976181,0.593683819770813,0.021321795880794525,0.18322201073169708,0.08441706746816635,-0.05820443853735924,-0.1426215022802353,0.04081632653061224,0.038469387755102044,0.09288876877807276,0.5345927836746371,0.9933406819150514,0.05353839037927845,0.7207821284210403,0.9952762198263317
620,50,0.299279123544693,0.26691617012023927,-0.032362956553697586,0.06914670020341873,-0.042115550488233566,-0.043258216232061386,-0.0011426657438278198,0.05897959183673469,0.056020408163265305,0.13299356491909334,0.35719667794424,0.9833011361316991,0.05334933973589436,0.7129048308782882,0.9952762198263317
15630,50,9.32108434677124,10.16863540649414,0.8475511074066162,1.4010429382324219,0.5033203959465027,1.0218867063522339,0.5185663104057312,0.9981632653061224,0.9989795918367347,0.12850523723842316,0.37379792983545673,0.9833011361316991,0.05315726290516206,0.7138943092418599,0.9952762198263317
10073,50,8.705777416229248,9.852642917633057,1.1468654870986938,1.451621413230896,0.8193114399909973,1.7718534469604492,0.9525420069694519,0.9403061224489796,0.9440816326530612,-0.1246820350648546,0.3882972120716032,0.983564164539863,-0.053061224489795916,0.714389223324954,0.9952762198263317
10558,50,9.780180320739746,10.774226570129395,0.994046151638031,1.569596529006958,0.8450449705123901,1.5208946466445923,0.6758496761322021,0.9937755102040816,0.9986734693877551,-0.10626282505447288,0.4626622465273634,0.9901066683689362,0.052965186074429765,0.7148842537631442,0.9952762198263317
17129,50,9.412118186950684,10.64387617111206,1.2317578792572021,1.5054339170455933,0.8195957541465759,1.8792341947555542,1.059638500213623,0.9962244897959184,0.9989795918367347,-0.14837446799541826,0.30379216784383545,0.9833011361316991,-0.052965186074429765,0.7148842537631442,0.9952762198263317
18090,50,9.029606094360352,9.12384931564331,0.09424324333667755,1.0106498003005981,0.27790194749832153,0.19922351837158203,-0.0786784291267395,0.9419387755102041,0.9447959183673469,-0.10922964815955602,0.4501899504297483,0.9901066683689362,-0.05277310924369748,0.7158746629666645,0.9952762198263317
3122,50,9.906444702148438,11.068735656738282,1.1622906923294067,1.5255786180496216,0.7647464871406555,1.586164116859436,0.8214176297187805,0.9993877551020408,0.9992857142857143,-0.015296544312608617,0.9160320298236337,0.9989285729703453,-0.05258103241296518,0.7168655353747643,0.9952762198263317
14091,50,10.795148277282715,12.782194709777832,1.9870463609695435,2.1955878734588623,1.4832717180252075,2.6808626651763916,1.197590947151184,0.9989795918367347,0.9994897959183674,-0.05415774095492794,0.7087455178394536,0.9989285729703453,-0.05258103241296518,0.7168655353747643,0.9952762198263317
15808,50,9.73768669128418,10.104502696990966,0.3668160140514374,1.4090142250061035,0.14530614018440247,0.32732126116752625,0.18201512098312378,0.9974489795918368,0.9971428571428571,0.011552837075671262,0.9365336807351132,0.9989285729703453,-0.05258103241296518,0.7168655353747643,0.9952762198263317
5386,50,9.928188858032227,10.957082252502442,1.0288934707641602,1.6077533960342407,0.7080267667770386,1.5544511079788208,0.8464243412017822,0.9996938775510205,0.9992857142857143,0.09696207216718264,0.5029438295984674,0.9912198009847464,0.05248499399759904,0.7173611448181694,0.9952762198263317
9175,50,10.776304740905761,11.590737037658691,0.8144322037696838,1.3197330236434937,0.34525924921035767,1.6129764318466187,1.2677171230316162,0.9990816326530613,0.9998979591836735,-0.21834307282386697,0.1276800922544015,0.9833011361316991,-0.05238895558223289,0.717856869507614,0.9952762198263317
6235,50,9.553141498565674,9.936042823791503,0.3829011619091034,1.0754550695419312,0.5556872487068176,0.41854119300842285,-0.13714605569839478,0.9945918367346939,0.9976530612244898,-0.015877040785517733,0.9128575603677412,0.9989285729703453,-0.052292917166866744,0.7183527092577803,0.9952762198263317
7141,50,7.711878681182862,8.448431186676025,0.7365524172782898,1.246880292892456,0.5159178972244263,1.0212881565093994,0.5053702592849731,0.9377551020408164,0.9421428571428572,-0.03381598770229576,0.815657467888109,0.9989285729703453,-0.05219687875150059,0.7188486638832161,0.9952762198263317
7357,50,8.465782928466798,9.665208778381349,1.1994259357452393,1.4585354328155518,0.8432091474533081,2.087636947631836,1.2444278001785278,0.998265306122449,0.9994897959183674,-0.12538876509203573,0.38559228395318873,0.9833011361316991,-0.052004801920768305,0.719840917017413,0.9952762198263317
11249,50,7.968341064453125,8.320997848510743,0.3526567816734314,0.9713691473007202,0.3585261404514313,0.6169605851173401,0.2584344446659088,0.9418367346938775,0.9441836734693878,0.08686640714508802,0.5486141891796316,0.9933406819150514,0.052004801920768305,0.719840917017413,0.9952762198263317
10704,50,8.387428417205811,8.676065311431884,0.2886369228363037,1.0522335767745972,0.508948028087616,0.12145984172821045,-0.3874881863594055,0.9991836734693877,0.9988775510204082,0.06417542522036815,0.6579334961892601,0.9989285729703453,0.05114045618247299,0.7243116933568231,0.9952762198263317
10127,50,0.3266952556371689,0.24897148609161376,-0.07772377133369446,0.0924246683716774,-0.08157993108034134,-0.10414373129606247,-0.02256380021572113,0.05918367346938776,0.05540816326530612,0.11954070236913972,0.40830969853218885,0.9901066683689362,0.05104441776710684,0.7248090119713185,0.9952762198263317
21708,50,9.746210269927978,10.911742744445801,1.1655323505401611,1.4825432300567627,0.8049572706222534,2.0467052459716797,1.2417479753494263,0.9987755102040816,0.9987755102040816,-0.10080533864339836,0.48608444842559084,0.9912198009847464,-0.050660264105642255,0.7267994090773102,0.9952762198263317
18818,50,8.69591983795166,9.989561195373534,1.2936413288116455,1.4345786571502686,0.8982951045036316,1.8478196859359741,0.9495245814323425,0.9983673469387755,0.9997959183673469,-0.06641412855579769,0.6467747657822291,0.9989285729703453,-0.05056422569027611,0.7272972880782104,0.9952762198263317
10957,50,9.743145542144775,10.337366027832031,0.5942205190658569,1.1213526725769043,0.3707966208457947,0.7013113498687744,0.33051472902297974,0.9997959183673469,0.9993877551020408,-0.08487569430058613,0.5578479109069662,0.9933406819150514,-0.05046818727490996,0.7277952785933702,0.9952762198263317
24409,50,10.719634437561036,11.082833137512207,0.3631986677646637,1.4084450006484985,-0.12947843968868256,1.296606421470642,1.4260848760604858,0.9993877551020408,0.9990816326530613,-0.08634105865745934,0.5510438519627744,0.9933406819150514,-0.05008403361344538,0.7297883520350386,0.9952762198263317
17834,50,8.991564121246338,9.844160060882569,0.8525959253311157,1.4008991718292236,0.3096747100353241,1.5085865259170532,1.1989117860794067,0.9992857142857143,0.9996938775510205,-0.10517286756500512,0.4672907678053655,0.9901068665102456,-0.04969987995198079,0.7317831946429014,0.9952762198263317
4912,50,8.186482639312745,8.611780853271485,0.42529839277267456,1.2047855854034424,-0.00845271348953247,1.1162887811660767,1.124741554260254,0.9581632653061225,0.9555102040816327,-0.06412569656098815,0.6581822181223698,0.9989285729703453,0.049603841536614644,0.7322821803116044,0.9952762198263317
3006,50,10.23990463256836,10.905556297302246,0.6656515598297119,1.4874451160430908,0.2365311235189438,1.3012462854385376,1.0647151470184326,0.998061224489796,0.9983673469387755,-0.019707221685913465,0.8919480632213358,0.9989285729703453,-0.04950780312124849,0.7327812756088922,0.9952762198263317
5007,50,9.857685680389404,10.828787574768066,0.9711019396781921,1.534916639328003,0.47686028480529785,1.1963915824890137,0.7195312976837158,0.9991836734693877,0.9996938775510205,0.1554181581243787,0.28114913507113964,0.9833011361316991,0.049315726290516206,0.7337797943319676,0.9952762198263317
17761,50,8.338951244354249,8.706729965209961,0.36777859926223755,1.134793996810913,0.008226172998547554,1.2461462020874023,1.2379200458526611,0.9955102040816326,0.9985714285714286,-0.09249331329027666,0.5229166104000231,0.9933406819150514,-0.049219687875150055,0.7342792173788054,0.9952762198263317
17460,50,9.889702320098877,11.08960054397583,1.19989812374115,1.5844659805297852,0.9045472741127014,2.514195203781128,1.6096479892730713,0.9989795918367347,0.9995918367346939,-0.17562254900593824,0.2224884525287491,0.9833011361316991,-0.04902761104441777,0.7352783898947434,0.9952762198263317
22678,50,9.218988399505616,10.042586307525635,0.8235978484153748,1.462125301361084,0.3867209553718567,1.9652992486953735,1.578578233718872,0.9992857142857143,0.9990816326530613,-0.02937033814926,0.839548962632037,0.9989285729703453,-0.04902761104441777,0.7352783898947434,0.9952762198263317
16901,50,0.35321741342544555,0.33233434677124024,-0.020883066579699516,0.06464477628469467,-0.015267743729054928,-0.04564574733376503,-0.030378002673387527,0.058673469387755105,0.0563265306122449,-0.04577250229371258,0.7522760348423094,0.9989285729703453,-0.04854741896758703,0.7377782164483433,0.9952762198263317
852,50,9.021855449676513,9.926923904418945,0.9050685167312622,1.2335715293884277,0.8882175087928772,0.8776757121086121,-0.010541796684265137,0.9981632653061224,0.9993877551020408,-0.10290050925705052,0.47701979213026857,0.9912198009847464,-0.04825930372148859,0.7392794043763777,0.9952762198263317
6906,50,0.2885504525899887,0.28297098755836486,-0.005579462740570307,0.06287961453199387,-0.008769785985350609,0.0023525021970272064,0.011122288182377815,0.05959183673469388,0.05683673469387755,-0.048595301486271184,0.7375288243133274,0.9989285729703453,-0.04825930372148859,0.7392794043763777,0.9952762198263317
6866,50,10.729927158355713,12.568079261779785,1.8381520509719849,2.202479362487793,1.1192998886108398,2.7337379455566406,1.6144380569458008,0.9952040816326531,1.0,-0.0013311786305649136,0.9926796924019015,0.9990167888471327,0.047875150060024005,0.7412824849250751,0.9952762198263317
22267,50,10.242236557006835,11.32765510559082,1.0854183435440063,1.3619691133499146,0.6511679887771606,1.70452082157135,1.0533528327941895,1.0,0.9998979591836735,-0.08719354223056294,0.5471038278696122,0.9933406819150514,-0.047875150060024005,0.7412824849250751,0.9952762198263317
489,50,10.093428440093994,11.850913276672363,1.757485032081604,2.086754322052002,1.288713812828064,2.8247411251068115,1.5360273122787476,0.9977551020408163,0.9987755102040816,-0.17952119935746266,0.21222762158347772,0.9833011361316991,-0.04777911164465786,0.741783521045596,0.9952762198263317
4118,50,9.44203275680542,10.51927095413208,1.0772382020950317,1.3850529193878174,0.7779229283332825,1.3217765092849731,0.5438535809516907,0.9981632653061224,0.9996938775510205,0.09156768877437663,0.5271023474723273,0.9933406819150514,0.04777911164465786,0.741783521045596,0.9952762198263317
15289,50,8.005745239257813,8.641651725769043,0.635906457901001,1.249813199043274,0.4522862136363983,0.897803783416748,0.44551756978034973,0.9986734693877551,0.9997959183673469,-0.028619954105030772,0.843596405750753,0.9989285729703453,-0.04777911164465786,0.741783521045596,0.9952762198263317
308,50,9.471520118713379,10.805834007263183,1.334313988685608,1.88530695438385,0.8971609473228455,1.5165863037109375,0.619425356388092,0.9389795918367347,0.9420408163265306,0.0166074898450475,0.908864987135566,0.9989285729703453,0.047490996398559415,0.7432872647025577,0.9952762198263317
19848,50,8.573384552001952,9.463035106658936,0.8896505236625671,1.3628274202346802,0.39123183488845825,1.57512629032135,1.183894395828247,0.9988775510204082,0.9995918367346939,-0.036384485786439005,0.8019278352162891,0.9989285729703453,-0.047490996398559415,0.7432872647025577,0.9952762198263317
6838,50,10.277939529418946,11.551328048706054,1.273388385772705,1.8905224800109863,0.3177975118160248,3.21085524559021,2.8930578231811523,0.998061224489796,0.9994897959183674,-0.06491370167267103,0.6542452714134116,0.9989285729703453,-0.0468187274909964,0.7467996811509177,0.9952762198263317
10416,50,10.756364459991454,11.040819396972656,0.28445497155189514,1.3158494234085083,0.06478137522935867,0.707082211971283,0.6423008441925049,0.9995918367346939,0.9987755102040816,-0.06257314834458162,0.6659657237245502,0.9989285729703453,-0.04672268907563025,0.7473018728218163,0.9952762198263317
11242,50,11.20108018875122,12.35012294769287,1.1490428447723389,1.8955668210983276,0.5889316201210022,1.9319396018981934,1.343008041381836,0.998265306122449,0.9998979591836735,0.011903382694412093,0.9346120528190469,0.9989285729703453,-0.04672268907563025,0.7473018728218163,0.9952762198263317
19525,50,8.381786823272705,9.23808401107788,0.8562971353530884,1.2646973133087158,0.44618910551071167,1.369167447090149,0.9229783415794373,0.9859183673469388,0.9911224489795918,0.08503932874477499,0.5570861557528043,0.9933406819150514,-0.04672268907563025,0.7473018728218163,0.9952762198263317
1952,50,9.365426940917969,9.89950849533081,0.5340815186500549,1.2408570051193237,0.49403291940689087,0.04222138598561287,-0.4518115222454071,0.9983673469387755,0.9989795918367347,0.09358070750076602,0.518020544558536,0.9933406819150514,0.046626650660264106,0.7478041683875994,0.9952762198263317
16227,50,9.2109885597229,9.898042907714844,0.687054455280304,1.4610393047332764,0.26288503408432007,1.0804425477981567,0.8175575137138367,0.940204081632653,0.9436734693877551,0.04612308238192619,0.7504396002697898,0.9989285729703453,0.046530612244897955,0.7483065676552073,0.9952762198263317
15785,50,10.568896617889404,11.465460815429687,0.8965641856193542,1.6354882717132568,0.4750658869743347,1.6687983274459839,1.193732500076294,0.9994897959183674,1.0,0.0025363569459016058,0.9860527737322641,0.9989285729703453,0.04643457382953182,0.7488090704314576,0.9952762198263317
16733,50,9.928279571533203,11.527418327331542,1.599138617515564,1.9060308933258057,1.222610592842102,2.233013153076172,1.0104025602340698,0.998265306122449,0.9983673469387755,0.0030808403930647366,0.9830590995367282,0.9989285729703453,0.04633853541416567,0.7493116765230454,0.9952762198263317
7877,50,9.76285903930664,10.621806373596192,0.8589473962783813,1.4341812133789062,0.19254817068576813,1.9262462854385376,1.7336981296539307,0.9991836734693877,0.9987755102040816,-0.04685679118163026,0.7466006722102165,0.9989285729703453,0.046242496998799516,0.7498143857365437,0.9952762198263317
590,50,9.859064979553223,10.51078311920166,0.6517180800437927,1.3999595642089844,0.3076138496398926,1.3001643419265747,0.9925504922866821,0.9987755102040816,0.9987755102040816,0.014337249931634561,0.9212807915115347,0.9989285729703453,-0.04605042016806723,0.7508201127549528,0.9952762198263317
3053,50,10.38153293609619,11.385013732910156,1.0034807920455933,1.7138432264328003,0.5356799960136414,1.7965055704116821,1.2608256340026855,0.9993877551020408,0.9991836734693877,0.022957330061928034,0.8742615782183106,0.9989285729703453,-0.045858343337334934,0.7518262499368318,0.9952762198263317
10274,50,9.804311485290528,10.544462699890136,0.7401512265205383,1.5434200763702393,0.31658172607421875,1.2245140075683594,0.9079322814941406,0.9986734693877551,0.9984693877551021,0.0530952367275788,0.7142139349854245,0.9989285729703453,-0.045858343337334934,0.7518262499368318,0.9952762198263317
4952,50,10.452377300262452,11.462321319580077,1.009943962097168,1.435813546180725,0.8067620396614075,1.4240578413009644,0.6172958016395569,0.9995918367346939,0.9992857142857143,-0.14266301654605326,0.32299003931470666,0.9833011361316991,-0.045570228091236495,0.7533362213710719,0.9952762198263317
13541,50,13.664424514770507,13.780579147338868,0.11615463346242905,1.5323176383972168,-0.1512906551361084,0.34827733039855957,0.49956798553466797,0.9983673469387755,0.9992857142857143,0.08028390332767968,0.5794212652695433,0.9975316992255066,0.045570228091236495,0.7533362213710719,0.9952762198263317
23771,50,8.745554370880127,9.11658151626587,0.37102723121643066,1.0525537729263306,0.29283231496810913,0.5727896690368652,0.2799573540687561,0.9373469387755102,0.9386734693877551,-0.049629689469360735,0.7321478717204085,0.9989285729703453,-0.045570228091236495,0.7533362213710719,0.9952762198263317
15984,50,11.244393482208253,13.208096389770509,1.9637031555175781,2.665371894836426,2.009361505508423,1.315550446510315,-0.6938110589981079,0.9979591836734694,1.0,0.1341991141977945,0.35281546844335987,0.9833011361316991,0.04528211284513805,0.7548471069356562,0.9952762198263317
13554,50,10.514978790283203,11.727095832824707,1.2121169567108154,1.7822232246398926,0.7729639410972595,1.9959582090377808,1.222994327545166,0.9960204081632653,0.9990816326530613,-0.05227586931306292,0.7184407381684421,0.9989285729703453,-0.04518607442977191,0.7553509376892314,0.9952762198263317
17443,50,9.587362556457519,10.050768127441406,0.4634057581424713,1.1087844371795654,0.28404176235198975,0.8802680373191833,0.5962262749671936,0.9968367346938776,0.9988775510204082,-0.01037027421827662,0.9430188555788471,0.9989285729703453,-0.04509003601440576,0.7558548692341353,0.9952762198263317
21523,50,9.196048679351806,10.171334629058839,0.9752861857414246,1.4731677770614624,0.8145557045936584,1.222011923789978,0.4074562191963196,0.996938775510204,0.9983673469387755,0.008759443610579178,0.9518584580587838,0.9989285729703453,-0.04509003601440576,0.7558548692341353,0.9952762198263317
19098,50,11.306030693054199,12.780010375976563,1.4739798307418823,1.8840186595916748,1.127819538116455,2.220562219619751,1.092742681503296,0.9974489795918368,0.9991836734693877,-0.020100790631427057,0.8898033878783038,0.9989285729703453,-0.04470588235294118,0.7578715994253097,0.9952762198263317
5982,50,9.06323537826538,9.063326625823974,9.135722939390689e-05,1.0567518472671509,-0.18124718964099884,-0.03077773191034794,0.15046945214271545,0.9973469387755102,0.9976530612244898,0.04797057227453259,0.7407847687298348,0.9989285729703453,0.04451380552220888,0.7588805641932979,0.9952762198263317
18189,50,7.975709400177002,8.358564949035644,0.38285553455352783,1.1234339475631714,0.11504565179347992,0.5184047818183899,0.4033591151237488,0.95,0.9536734693877551,0.10409440319029122,0.4718948395732063,0.9912198009847464,0.04441776710684273,0.7593851958109287,0.9952762198263317
7047,50,10.264825935363769,10.591465797424316,0.3266400992870331,1.3237310647964478,0.09318305552005768,1.0198761224746704,0.9266930818557739,0.9981632653061224,0.9990816326530613,-0.10514796258130962,0.46739681687215506,0.9901068665102456,0.04432172869147659,0.7598899266565882,0.9952762198263317
17740,50,1.185573365688324,1.0439951610565186,-0.14157821238040924,0.20291000604629517,-0.12091394513845444,-0.22467295825481415,-0.10375901311635971,0.06010204081632653,0.05653061224489796,-0.022894934697285974,0.8746005781904126,0.9989285729703453,-0.044129651860744294,0.7608996852480964,0.9952762198263317
12545,50,9.05867919921875,9.314534130096435,0.2558549642562866,1.0883171558380127,-0.025146637111902237,0.5393193960189819,0.5644660592079163,0.9995918367346939,0.9977551020408163,0.02664459396818372,0.8542700388670883,0.9989285729703453,-0.043937575030012,0.7619098383988594,0.9952762198263317
227,50,8.044589729309083,9.198970279693604,1.154380440711975,1.364881157875061,0.862919270992279,1.7556766271591187,0.8927573561668396,0.995,0.9983673469387755,-0.1720258884220948,0.23225496603327478,0.9833011361316991,-0.043745498199279705,0.7629203845380401,0.9952762198263317
3443,50,9.419723587036133,9.747689876556397,0.3279661536216736,1.4583611488342285,-0.07877225428819656,0.9618339538574219,1.0406062602996826,0.9977551020408163,0.9978571428571429,0.025504126807712427,0.8604443317571014,0.9989285729703453,-0.04364945978391356,0.7634258044868907,0.9952762198263317
4022,50,0.44156339287757873,0.4356871646642685,-0.005876229610294104,0.1129232794046402,-0.03947465866804123,0.04362138733267784,0.08309604227542877,0.059897959183673466,0.05724489795918367,0.051735727395137716,0.7212317025588251,0.9989285729703453,-0.04364945978391356,0.7634258044868907,0.9952762198263317
21277,50,10.401313896179198,10.75778284072876,0.35646897554397583,1.2858433723449707,0.42654329538345337,0.7538480758666992,0.32730478048324585,0.995,0.998061224489796,-0.15921590433556113,0.2694134845467791,0.9833011361316991,-0.04364945978391356,0.7634258044868907,0.9952762198263317
3677,50,11.166002807617188,11.559926624298095,0.3939237594604492,1.3543487787246704,0.1671535223722458,0.9151780009269714,0.7480244636535645,0.9996938775510205,0.9995918367346939,-0.1615004224232706,0.2625130689685274,0.9833011361316991,-0.04355342136854741,0.7639313220929371,0.9952762198263317
15284,50,9.455225238800049,10.17800464630127,0.7227793335914612,1.2118581533432007,0.7018572688102722,0.9326782822608948,0.23082101345062256,0.9989795918367347,0.9993877551020408,-0.09691686397214569,0.5031439102662704,0.9912198009847464,0.04345738295318128,0.7644369371593015,0.9952762198263317
7066,50,8.860719261169434,9.594635581970214,0.7339164614677429,1.229752540588379,0.7807977795600891,1.0439298152923584,0.2631320357322693,0.9971428571428571,0.9942857142857143,-0.07857050670572685,0.5875671719707594,0.9989285729703453,-0.04326530612244897,0.7654484588848931,0.9952762198263317
10375,50,8.88740894317627,9.616872997283936,0.7294641137123108,1.135633111000061,0.7139986157417297,1.2439576387405396,0.5299590229988098,0.998061224489796,0.9986734693877551,-0.1857954646528707,0.19641780360779437,0.9833011361316991,-0.042881152460984395,0.7674726631844364,0.9952762198263317
18864,50,9.522220458984375,10.236926784515381,0.7147063612937927,1.6203533411026,0.05982707068324089,1.745257019996643,1.6854299306869507,0.998061224489796,0.9972448979591837,-0.019375272939090856,0.8937575474063247,0.9989285729703453,-0.042785114045618244,0.7679789549507469,0.9952762198263317
15273,50,10.448134269714355,11.1629518699646,0.7148176431655884,1.2745416164398193,0.4525403082370758,1.2102460861206055,0.757705807685852,0.9995918367346939,1.0,-0.029995022783039036,0.8361826472537844,0.9989285729703453,0.0426890756302521,0.7684853425982031,0.9952762198263317
21942,50,10.87943899154663,11.686090278625489,0.80665123462677,1.519561767578125,0.7357481718063354,1.1253806352615356,0.3896324634552002,0.9993877551020408,0.9977551020408163,-0.05316334741274298,0.7138629579158248,0.9989285729703453,0.0426890756302521,0.7684853425982031,0.9952762198263317
5640,50,10.215715808868408,11.127556114196777,0.9118402600288391,1.4633570909500122,0.37705039978027344,1.8614174127578735,1.4843670129776,0.9997959183673469,0.9987755102040816,-0.018017324125833255,0.9011653359952705,0.9989285729703453,0.04220888355342137,0.771018712121791,0.9952762198263317
76,50,9.921093616485596,11.516610870361328,1.5955169200897217,1.8759499788284302,1.4928909540176392,2.0953402519226074,0.6024492979049683,0.9975510204081632,0.9994897959183674,-0.03709448614021303,0.7981428410779043,0.9989285729703453,-0.04211284513805522,0.7715256708960064,0.9952762198263317
21958,50,9.087268810272217,10.045746536254883,0.9584777355194092,1.5579012632369995,0.23337475955486298,1.9490265846252441,1.7156518697738647,0.9985714285714286,0.9995918367346939,-0.025934807857846836,0.8581117072357979,0.9989285729703453,-0.04192076830732293,0.7725398717258882,0.9952762198263317
21980,50,10.300344066619873,11.56859504699707,1.2682512998580933,1.5728368759155273,1.135352373123169,1.4113894701004028,0.2760370969772339,0.9972448979591837,0.998061224489796,-0.0017622472766613373,0.9903092943709421,0.9989285729703453,-0.04192076830732293,0.7725398717258882,0.9952762198263317
8119,50,10.988122425079347,11.545235633850098,0.5571131110191345,1.1423718929290771,0.2161133736371994,0.8928735852241516,0.676760196685791,0.9995918367346939,0.9994897959183674,-0.19455829785282266,0.17576280075255393,0.9833011361316991,-0.041344537815126044,0.7755847261464185,0.9952762198263317
1560,50,0.31689324975013733,0.30298868417739866,-0.013904571533203125,0.06637925654649734,-0.021412113681435585,-0.02037191018462181,0.0010402034968137741,0.05897959183673469,0.05663265306122449,0.10900883069966204,0.4511118468291092,0.9901066683689362,0.04096038415366146,0.7776164897616293,0.9952762198263317
15780,50,9.180160102844239,10.866094799041749,1.6859347820281982,1.9218049049377441,1.372243881225586,2.1831700801849365,0.8109261989593506,0.9972448979591837,0.9995918367346939,-0.0768841698862703,0.5956341500015403,0.9989285729703453,-0.04076830732292917,0.7786329249781234,0.9952762198263317
23945,50,10.126116905212402,11.242097358703614,1.1159803867340088,1.4808911085128784,0.7776412963867188,1.5830883979797363,0.8054471015930176,1.0,0.9998979591836735,-0.07280256621714762,0.6153588101582697,0.9989285729703453,-0.04057623049219687,0.7796497270001828,0.9952762198263317
3694,50,10.207762794494629,11.206091403961182,0.9983286261558533,1.696400761604309,0.4001496136188507,1.8056039810180664,1.405454397201538,0.998061224489796,0.9992857142857143,0.024432302234802247,0.8662545522263799,0.9989285729703453,0.040384153661464584,0.7806668942253498,0.9952762198263317
13807,50,10.33555425643921,11.090660915374755,0.7551066875457764,1.3565623760223389,0.17560580372810364,1.1450916528701782,0.969485878944397,0.9984693877551021,0.9988775510204082,0.07269623076423809,0.6158763827259012,0.9989285729703453,-0.040384153661464584,0.7806668942253498,0.9952762198263317
5703,50,7.804640369415283,8.628165702819825,0.8235252499580383,1.391931414604187,0.5303497910499573,1.217807412147522,0.6874576210975647,0.9385714285714286,0.9427551020408164,0.015615928665186634,0.9142852993826727,0.9989285729703453,0.04028811524609843,0.7811756142878553,0.9952762198263317
15479,50,8.428300304412842,8.39846118927002,-0.02983895316720009,1.1672766208648682,-0.2891598641872406,0.25180676579475403,0.5409666299819946,0.9978571428571429,0.9988775510204082,0.04723891968363032,0.7446036929597752,0.9989285729703453,0.04019207683073229,0.781684425049428,0.9952762198263317
6061,50,6.348316783905029,6.786957511901855,0.4386407434940338,0.7653108835220337,0.29972144961357117,0.7972578406333923,0.49753639101982117,0.9403061224489796,0.9431632653061225,-0.1176025018629307,0.4160057055807147,0.9901066683689362,-0.04009603841536614,0.7821933263092733,0.9952762198263317
11843,50,6.841228351593018,7.557541103363037,0.7163128852844238,1.0145089626312256,0.5853022933006287,1.1464039087295532,0.5611016154289246,0.9956122448979592,0.9985714285714286,-0.010159242123359004,0.9441765524017905,0.9989285729703453,-0.04,0.782702317866487,0.9952762198263317
23612,50,9.165773067474365,9.99215187072754,0.8263787031173706,1.594904899597168,0.29263725876808167,1.4494343996047974,1.156797170639038,0.9963265306122449,0.9988775510204082,0.05238518440482896,0.717876337668695,0.9989285729703453,0.039135654261704685,0.7872872720608814,0.9952762198263317
18724,50,8.304924545288086,8.350382099151611,0.04545760154724121,1.3305920362472534,-0.7727800011634827,1.1429623365402222,1.9157423973083496,0.9957142857142857,0.9993877551020408,-0.05379000823610955,0.7106365090678405,0.9989285729703453,-0.038367346938775505,0.7913687946434048,0.9952762198263317
23000,50,10.0058282661438,10.290007877349854,0.2841794788837433,1.3560340404510498,0.323749303817749,0.39832958579063416,0.07458028197288513,0.9990816326530613,0.9991836734693877,-0.05465347818665415,0.706199039798249,0.9989285729703453,-0.038367346938775505,0.7913687946434048,0.9952762198263317
5860,50,9.95138692855835,10.678334159851074,0.7269473075866699,1.4850306510925293,0.40046700835227966,0.7753334641456604,0.37486645579338074,0.9941836734693877,0.9985714285714286,0.002983279374732068,0.9835954928794169,0.9989285729703453,0.03807923169267707,0.7929008011218847,0.9952762198263317
20636,50,0.3516040354967117,0.3943275356292725,0.04272349923849106,0.07535296678543091,0.02693057432770729,0.038466960191726685,0.011536385864019394,0.059489795918367346,0.05622448979591837,0.037265353719992934,0.7972326322549079,0.9989285729703453,-0.03798319327731092,0.7934116423266138,0.9952762198263317
7731,50,10.319712181091308,11.669755477905273,1.3500431776046753,1.5863652229309082,0.8013294339179993,1.6418222188949585,0.8404927849769592,0.9988775510204082,0.9998979591836735,0.011779643365671402,0.9352903279565564,0.9989285729703453,0.037695078031212484,0.7949446802314589,0.9952762198263317
9699,50,8.265179176330566,9.227082195281982,0.9619030952453613,1.2820762395858765,0.7282628417015076,1.241638422012329,0.5133755803108215,0.9971428571428571,0.9987755102040816,-0.09692375227845423,0.5031134216393525,0.9912198009847464,-0.037695078031212484,0.7949446802314589,0.9952762198263317
880,50,9.033502826690674,9.980262928009033,0.9467601776123047,1.2836416959762573,0.92528235912323,0.8923317790031433,-0.03295058012008667,0.9964285714285714,0.9993877551020408,-0.05820586654351765,0.6880458814767741,0.9989285729703453,-0.03759903961584634,0.7954558636185503,0.9952762198263317
353,50,9.822346591949463,10.427647743225098,0.6053012609481812,1.245131015777588,0.4955347180366516,0.999051570892334,0.5035168528556824,0.996938775510204,0.9983673469387755,-0.0842613336166563,0.5607122693800746,0.9933406819150514,-0.037406962785114045,0.7964784852993402,0.9952762198263317
1999,50,10.69582389831543,12.011274719238282,1.3154507875442505,1.770238995552063,1.0020118951797485,1.7008776664733887,0.6988657712936401,0.9983673469387755,0.9991836734693877,0.006610774471114242,0.9636582579676949,0.9989285729703453,0.037310924369747894,0.7969899231854801,0.9952762198263317
6617,50,10.777269382476806,11.151778526306153,0.37450915575027466,1.106061577796936,0.10280108451843262,0.5080387592315674,0.40523767471313477,0.9981632653061224,0.9977551020408163,0.0235998396568118,0.8707720728822795,0.9989285729703453,0.037310924369747894,0.7969899231854801,0.9952762198263317
1324,50,10.946062278747558,11.836883239746093,0.8908209204673767,1.4051991701126099,0.6586189270019531,1.0508091449737549,0.39219021797180176,0.9993877551020408,0.9987755102040816,0.07079062629778068,0.6251828130095195,0.9989285729703453,0.03721488595438175,0.7975014454969094,0.9952762198263317
19476,50,8.07193525314331,8.117836723327637,0.04590141773223877,0.9238747358322144,-0.151773601770401,0.1221282109618187,0.2739018201828003,0.9410204081632653,0.9430612244897959,0.023232415633546995,0.872767279310471,0.9989285729703453,0.03683073229291716,0.7995483749133705,0.9952762198263317
20129,50,10.146552600860595,10.831392517089844,0.6848399639129639,1.3601069450378418,0.3493843972682953,1.365186333656311,1.0158019065856934,0.9993877551020408,0.9993877551020408,-0.07726473929165217,0.5938093397830483,0.9989285729703453,-0.03673469387755102,0.8000603162887564,0.9952762198263317
19269,50,9.066413707733155,9.363442001342774,0.2970283627510071,1.241578459739685,0.06537450850009918,0.6882080435752869,0.6228335499763489,0.9981632653061224,0.9951020408163266,-0.07845042609464513,0.5881399831747126,0.9989285729703453,-0.03654261704681872,0.8010844484336722,0.9952762198263317
9944,50,8.404109287261964,9.166575603485107,0.7624662518501282,1.2459989786148071,0.3180892765522003,1.481341004371643,1.1632517576217651,0.9391836734693878,0.9419387755102041,-0.13611145359202978,0.345933514448529,0.9833011361316991,-0.03644657863145258,0.8015966387938374,0.9952762198263317
10095,50,9.63104570388794,10.682596664428711,1.051551103591919,1.3912643194198608,0.6942650675773621,1.9083423614501953,1.2140772342681885,0.9979591836734694,0.9979591836734694,-0.09654097877201061,0.5048090637808691,0.9912198009847464,0.036350540216086434,0.8021089117393997,0.9952762198263317
15360,50,7.8189061164855955,8.372525520324707,0.553619384765625,0.9875766634941101,0.4385223686695099,0.7185503840446472,0.28002801537513733,0.9427551020408164,0.9487755102040817,-0.04092726845372355,0.7777917057090952,0.9989285729703453,-0.03625450180072028,0.8026212670654291,0.9952762198263317
8100,50,9.27976209640503,10.135819892883301,0.8560576438903809,1.1369125843048096,0.7131859660148621,1.2233095169067383,0.5101235508918762,0.9993877551020408,0.9992857142857143,-0.16854500127575478,0.2419838692120586,0.9833011361316991,-0.035966386554621844,0.8041588252755483,0.9952762198263317
9489,50,11.057580223083496,12.252300834655761,1.19472074508667,1.6474798917770386,1.0063326358795166,1.211542010307312,0.2052093744277954,0.9912244897959184,0.9991836734693877,0.06291088038333088,0.6642695432141951,0.9989285729703453,0.035966386554621844,0.8041588252755483,0.9952762198263317
11716,50,9.32472074508667,9.408702983856202,0.08398226648569107,1.1825145483016968,-0.12099844962358475,0.5653354525566101,0.6863338947296143,0.9985714285714286,0.9990816326530613,0.019225601760339352,0.8945735949728176,0.9989285729703453,-0.03577430972388955,0.8051842722231624,0.9952762198263317
20956,50,10.341234798431396,10.908294067382812,0.5670592784881592,1.2127537727355957,0.28466105461120605,0.9569423794746399,0.6722813248634338,0.9989795918367347,0.9990816326530613,-0.0876490964566696,0.5450038893311926,0.9933406819150514,-0.03577430972388955,0.8051842722231624,0.9952762198263317
2840,50,9.996023559570313,10.83311653137207,0.8370928764343262,1.5500842332839966,0.6364540457725525,1.1369212865829468,0.5004672408103943,0.9995918367346939,0.9988775510204082,0.08696698428334058,0.5481496189465326,0.9933406819150514,0.03567827130852341,0.80569711752297,0.9952762198263317
10783,50,11.433497352600098,12.3004008102417,0.8669033646583557,1.3744014501571655,0.6853556036949158,0.8113517761230469,0.1259961724281311,0.9992857142857143,0.9974489795918368,0.04920344125490561,0.734363714515209,0.9989285729703453,0.03567827130852341,0.80569711752297,0.9952762198263317
22465,50,10.064693450927734,10.588371982574463,0.5236784815788269,1.465583324432373,0.3166935443878174,0.9006712436676025,0.5839776992797852,0.9983673469387755,0.9995918367346939,-0.0050898183606805925,0.9720156691765189,0.9989285729703453,-0.03567827130852341,0.80569711752297,0.9952762198263317
4705,50,10.645644989013672,11.593921127319335,0.9482760429382324,1.560989260673523,0.81697016954422,1.0205168724060059,0.2035467028617859,0.998265306122449,0.9991836734693877,0.03370372392921534,0.8162588458960022,0.9989285729703453,0.03558223289315726,0.8062100437659907,0.9952762198263317
3809,50,7.976410408020019,8.781019134521484,0.8046087622642517,1.146687388420105,0.6632562279701233,0.7745160460472107,0.1112598180770874,0.9385714285714286,0.9444897959183673,0.04281815314622342,0.7678047698133145,0.9989285729703453,-0.03548619447779112,0.8067230507465128,0.9952762198263317
3157,50,11.35234375,11.93026294708252,0.5779193639755249,1.6810803413391113,-0.10087953507900238,1.6334444284439087,1.7343239784240723,0.9992857142857143,0.9996938775510205,-0.048290457339959916,0.7391170358887575,0.9989285729703453,-0.03529411764705882,0.8077493060967326,0.9952762198263317
5739,50,9.317655391693116,10.295347442626953,0.9776921272277832,1.4398558139801025,0.31383952498435974,1.4691559076309204,1.1553163528442383,0.9966326530612245,0.9973469387755102,-0.08402326925810058,0.5618240572327918,0.9933406819150514,-0.035006002400960384,0.8092892895049885,0.9952762198263317
12217,50,9.565223159790039,10.279227447509765,0.7140043377876282,1.2640684843063354,0.28693386912345886,1.414229393005371,1.1272954940795898,0.9993877551020408,0.9989795918367347,0.029405535752690726,0.8393592127797721,0.9989285729703453,-0.03490996398559423,0.8098027765851797,0.9952762198263317
7904,50,10.787354927062989,11.30910135269165,0.5217465758323669,1.7705351114273071,-0.0333259291946888,1.442774772644043,1.4761006832122803,0.9991836734693877,0.9973469387755102,-0.07442261199188528,0.6074965026086082,0.9989285729703453,-0.03481392557022809,0.8103163429601984,0.9952762198263317
18904,50,9.510380306243896,10.523664855957032,1.0132845640182495,1.7293506860733032,0.397785484790802,2.0217792987823486,1.6239938735961914,0.9988775510204082,0.9960204081632653,-0.12520456729663704,0.3862962035159483,0.9833011361316991,-0.03481392557022809,0.8103163429601984,0.9952762198263317
19054,50,10.9680904006958,11.887263069152832,0.9191726446151733,1.4651060104370117,0.4396531581878662,0.9688836932182312,0.529230535030365,0.9992857142857143,0.9995918367346939,0.161939181360098,0.2612014469871023,0.9833011361316991,0.0346218487394958,0.8113437127687082,0.9952762198263317
1838,50,10.099151973724366,10.751101055145263,0.6519491672515869,1.7108362913131714,0.2874715030193329,1.0823159217834473,0.794844388961792,0.9988775510204082,0.9993877551020408,0.03322021464617951,0.8188501166611495,0.9989285729703453,-0.03452581032412965,0.8118575157889591,0.9952762198263317
15777,50,0.3225632834434509,0.2874443528056145,-0.03511893376708031,0.0726524367928505,-0.047491639852523804,-0.04595521092414856,0.0015364289283752441,0.059081632653061225,0.05612244897959184,0.11567241581608688,0.42375123805815873,0.9901066683689362,-0.03452581032412965,0.8118575157889591,0.9952762198263317
22414,50,9.295822200775147,11.047735080718994,1.7519127130508423,1.8200962543487549,1.5989576578140259,2.3370285034179688,0.7380708456039429,0.9975510204081632,0.9998979591836735,-0.17056352387928464,0.23630893014489693,0.9833011361316991,-0.03442977190876351,0.8123713972775563,0.9952762198263317
616,50,7.8327204132080075,8.652452278137208,0.8197317719459534,1.2637089490890503,0.36189475655555725,1.5638848543167114,1.2019901275634766,0.9411224489795919,0.9439795918367347,-0.16540160746580893,0.2510049014487131,0.9833011361316991,-0.034333733493397356,0.8128853570276435,0.9952762198263317
16619,50,9.747635955810546,10.707863578796387,0.9602277874946594,1.2945544719696045,0.921964704990387,1.2495181560516357,0.3275534510612488,0.9989795918367347,0.9978571428571429,-0.023787057198506666,0.8697557391592414,0.9989285729703453,-0.03404561824729892,0.8144277037768815,0.9952762198263317
20124,50,10.45064121246338,11.676257400512695,1.2256160974502563,1.909254789352417,1.0230295658111572,1.1752986907958984,0.1522691249847412,0.9994897959183674,0.9997959183673469,0.05432685182823472,0.7078764816747612,0.9989285729703453,0.03404561824729892,0.8144277037768815,0.9952762198263317
9632,50,0.33561853468418124,0.3545279747247696,0.01890944316983223,0.07381120324134827,0.01947038806974888,0.028675535693764687,0.009205147624015808,0.05887755102040816,0.05683673469387755,-0.03749707323343834,0.795998692845661,0.9989285729703453,-0.033949579831932766,0.8149419745024977,0.9952762198263317
14765,50,9.789939785003662,10.804094886779785,1.0141550302505493,1.4951330423355103,1.1535158157348633,0.9706795811653137,-0.18283623456954956,0.9987755102040816,0.9993877551020408,-0.007375367420091602,0.9594583458494206,0.9989285729703453,0.033565426170468184,0.816999827588431,0.9952762198263317
1590,50,8.075081615447997,8.820759220123291,0.745677649974823,1.355777621269226,0.26351162791252136,1.395447850227356,1.1319361925125122,0.9891836734693877,0.9880612244897959,-0.005504110262000954,0.9697388689442992,0.9989285729703453,-0.03346938775510204,0.8175144823680135,0.9952762198263317
15657,50,0.315468025803566,0.3215803277492523,0.006112304981797934,0.06849273294210434,-0.0009168860269710422,-0.013874199241399765,-0.012957313098013401,0.058673469387755105,0.055204081632653064,0.007150601295058433,0.960692879063217,0.9989285729703453,-0.03346938775510204,0.8175144823680135,0.9952762198263317
2052,50,0.2760792511701584,0.2665466469526291,-0.009532604366540909,0.06304869055747986,-0.021348586305975914,-0.01969434879720211,0.0016542375087738037,0.05918367346938776,0.056020408163265305,0.11852979296587557,0.4123134184088381,0.9901066683689362,-0.033373349339735896,0.8180292133354071,0.9952762198263317
4906,50,9.582232036590575,10.255593147277832,0.6733611822128296,1.245269775390625,0.44727852940559387,0.906388521194458,0.45910999178886414,0.9921428571428571,0.9986734693877551,0.008975705094326889,0.9506713437329563,0.9989285729703453,-0.033373349339735896,0.8180292133354071,0.9952762198263317
6074,50,0.24275097489356995,0.22243171632289888,-0.02031925693154335,0.06540539860725403,-0.021549386903643608,-0.04229670390486717,-0.020747317001223564,0.05724489795918367,0.05459183673469388,0.016504056168009262,0.9094302137646468,0.9989285729703453,-0.032989195678271306,0.8200888949242328,0.9952762198263317
5060,50,9.82825065612793,10.78575496673584,0.9575045108795166,1.587233066558838,0.6529159545898438,1.8818949460983276,1.2289789915084839,0.9992857142857143,0.9993877551020408,-0.1260580102800916,0.38304112990831257,0.9833011361316991,0.03289315726290516,0.820604003710742,0.9952762198263317
8027,50,6.720331993103027,7.343462104797363,0.6231300830841064,0.9166739583015442,0.43335819244384766,1.1895467042922974,0.7561885118484497,0.9474489795918367,0.950204081632653,-0.21857281060253148,0.1272698144677872,0.9833011361316991,-0.03289315726290516,0.820604003710742,0.9952762198263317
4125,50,10.285134372711182,10.84198516845703,0.5568510293960571,1.2574009895324707,-0.05201501399278641,1.2955087423324585,1.347523808479309,0.9989795918367347,0.9993877551020408,-0.08506762992056656,0.5569544571975695,0.9933406819150514,-0.03231692677070828,0.8236962228552468,0.9952762198263317
22444,50,7.943943824768066,8.271646575927734,0.3277026414871216,1.0257823467254639,0.0850600078701973,1.0406824350357056,0.9556224346160889,0.9396938775510204,0.943265306122449,-0.09637643962348272,0.5055388483814452,0.9912198009847464,-0.032220888355342134,0.8242118518362516,0.9952762198263317
4484,50,9.850630207061768,11.220352973937988,1.3697227239608765,1.6376649141311646,1.1871583461761475,1.4180647134780884,0.23090636730194092,0.9983673469387755,0.9996938775510205,0.02812995004955294,0.846241570921332,0.9989285729703453,-0.03174069627851141,0.8267910947351321,0.9952762198263317
10609,50,9.543297729492188,10.206468963623047,0.6631714105606079,1.4812544584274292,-0.11459141224622726,1.8382285833358765,1.9528199434280396,0.9979591836734694,0.9981632653061224,-0.142673765340382,0.32295320549184237,0.9833011361316991,-0.031644657863145256,0.8273071614491648,0.9952762198263317
13206,50,7.253693504333496,7.83878870010376,0.585095226764679,0.929984450340271,0.5066683888435364,0.8921172618865967,0.3854488730430603,0.9998979591836735,0.9994897959183674,-0.07048295960191789,0.6266908604971908,0.9989285729703453,0.031644657863145256,0.8273071614491648,0.9952762198263317
2603,50,9.497626762390137,10.372337169647217,0.8747103214263916,1.3418480157852173,0.5945585370063782,1.2534990310668945,0.6589404940605164,0.9990816326530613,0.9990816326530613,0.001717079540350809,0.9905576631409849,0.9989285729703453,-0.03135654261704682,0.8288557940899516,0.9952762198263317
22109,50,10.645484008789062,12.074822082519532,1.4293380975723267,1.8545588254928589,1.0945807695388794,1.6864652633666992,0.5918844938278198,0.9990816326530613,0.9993877551020408,0.02969290853032325,0.8378103288263425,0.9989285729703453,-0.031260504201680674,0.8293721484376042,0.9952762198263317
9463,50,10.491178569793702,10.63389783859253,0.14271940290927887,1.34511137008667,-0.13865503668785095,0.24469773471355438,0.38335275650024414,0.998061224489796,0.9989795918367347,-0.05929336247538081,0.68252269584903,0.9989285729703453,0.031164465786314523,0.8298885741693174,0.9952762198263317
22907,50,7.976774463653564,8.641082000732421,0.6643074154853821,1.1301422119140625,0.4170004427433014,0.9858300685882568,0.5688296556472778,0.9995918367346939,0.9992857142857143,-0.00022670586313098612,0.9987533013928295,0.9990167888471327,0.031164465786314523,0.8298885741693174,0.9952762198263317
12930,50,9.415601825714111,9.971383590698242,0.5557817816734314,1.2806341648101807,0.4669578969478607,0.9887382388114929,0.5217803716659546,0.9453061224489796,0.9491836734693877,-0.031193526716957513,0.8297322978033675,0.9989285729703453,0.031068427370948382,0.8304050710751811,0.9952762198263317
16518,50,10.160176239013673,11.94007152557373,1.7798956632614136,1.9564614295959473,1.0361406803131104,2.973081588745117,1.9369409084320068,0.9989795918367347,0.9995918367346939,-0.030201524099856363,0.8350704836119774,0.9989285729703453,-0.03097238895558223,0.8309216389451999,0.9952762198263317
16386,50,11.216869010925294,12.28408561706543,1.0672166347503662,1.5987064838409424,0.44861772656440735,1.8669861555099487,1.4183684587478638,0.9985714285714286,0.9997959183673469,0.005257084356383213,0.9710964074447966,0.9989285729703453,0.03078031212484994,0.831954986737294,0.9952762198263317
2642,50,10.331267242431641,10.290457191467285,-0.04080996662378311,1.1877280473709106,-0.264708548784256,-0.1488039493560791,0.11590459942817688,0.9988775510204082,0.9990816326530613,0.1467829010844484,0.3090665252139608,0.9833011361316991,0.030588235294117645,0.8329886158639351,0.9952762198263317
23895,50,10.739625816345216,12.070025215148926,1.3303992748260498,1.6801578998565674,1.060158371925354,1.906290888786316,0.8461325168609619,0.9971428571428571,0.9995918367346939,-0.042259604976834314,0.7707510067249579,0.9989285729703453,0.030588235294117645,0.8329886158639351,0.9952762198263317
7577,50,9.891691551208496,10.645475158691406,0.753783643245697,1.3506872653961182,0.22771087288856506,1.257076382637024,1.0293655395507812,0.9976530612244898,0.9986734693877551,-0.0947627017737528,0.5127247041695819,0.9933406819150514,-0.030204081632653063,0.8350567113874386,0.9952762198263317
2664,50,9.052216815948487,9.658770065307618,0.6065532565116882,1.223044991493225,0.3903714716434479,0.5882598161697388,0.1978883445262909,0.9989795918367347,0.998265306122449,0.07949504867562762,0.583165297413908,0.9989285729703453,-0.03010804321728691,0.835573908471063,0.9952762198263317
15052,50,9.24781099319458,9.638104858398437,0.3902939260005951,0.9331088066101074,0.22279684245586395,0.6014646887779236,0.37866783142089844,0.9994897959183674,0.9994897959183674,-0.055860755454053,0.7000109159622204,0.9989285729703453,-0.03010804321728691,0.835573908471063,0.9952762198263317
18384,50,9.381897563934325,9.657895851135255,0.2759983539581299,1.146986722946167,0.18688666820526123,0.3855515420436859,0.19866487383842468,0.998265306122449,0.996938775510204,-0.017655529310745533,0.9031404074369265,0.9989285729703453,0.029723889555822326,0.8376433832914366,0.9952762198263317
18178,50,10.137441444396973,11.14119525909424,1.0037540197372437,1.4521147012710571,0.7608531713485718,1.338156819343567,0.5773036479949951,0.9990816326530613,0.9996938775510205,-0.0007340887747238567,0.9959631214653552,0.9990167888471327,-0.029435774309723887,0.8391962043065057,0.9952762198263317
22007,50,11.408485069274903,11.50586669921875,0.09738162159919739,1.5727415084838867,-0.17515170574188232,0.36322811245918274,0.5383797883987427,0.9998979591836735,0.9988775510204082,-0.009642458072396054,0.9470120452621686,0.9989285729703453,-0.029339735894357743,0.839713946356147,0.9952762198263317
6285,50,10.831617755889893,12.235321426391602,1.4037038087844849,1.9727773666381836,1.0436326265335083,1.9225363731384277,0.8789037466049194,0.9978571428571429,0.9992857142857143,0.013812201746683279,0.9241550040273843,0.9989285729703453,0.029243697478991592,0.8402317555756763,0.9952762198263317
2165,50,10.871465129852295,11.318440437316895,0.4469752013683319,1.302168607711792,0.4343701899051666,1.0654906034469604,0.6311204433441162,0.996938775510204,0.9987755102040816,-0.1338795355047798,0.3539736622826133,0.9833011361316991,-0.029051620648259304,0.8412675746780209,0.9952762198263317
4944,50,8.979282913208008,10.030104217529297,1.0508211851119995,1.3912079334259033,0.5995145440101624,1.8981472253799438,1.2986326217651367,0.9993877551020408,0.9996938775510205,-0.047549414226188115,0.7429822909663025,0.9989285729703453,-0.029051620648259304,0.8412675746780209,0.9952762198263317
10815,50,7.162052059173584,7.729356441497803,0.5673044323921204,0.9612225294113159,0.3448387682437897,1.0273984670639038,0.6825597286224365,0.9387755102040817,0.9420408163265306,-0.019162912837162635,0.8949154240188528,0.9989285729703453,-0.029051620648259304,0.8412675746780209,0.9952762198263317
11447,50,8.36816047668457,9.511133289337158,1.1429729461669922,1.4775372743606567,0.9096156358718872,0.9918041229248047,0.08218848705291748,0.9989795918367347,0.9991836734693877,0.0821248443260669,0.5707266343376686,0.9975316992255066,0.02895558223289316,0.8417855841374468,0.9952762198263317
13704,50,9.927225704193114,11.011712074279785,1.084486484527588,1.717252492904663,0.5113162398338318,1.7971309423446655,1.2858147621154785,0.9952040816326531,0.9997959183673469,-0.006741648506053242,0.962939293969597,0.9989285729703453,-0.02885954381752701,0.8423036599199811,0.9952762198263317
24064,50,7.992552089691162,8.736743602752686,0.7441915273666382,1.1054060459136963,0.5093525052070618,0.7188807129859924,0.20952820777893066,0.9987755102040816,0.9996938775510205,0.10022258752300776,0.48862162951583504,0.9912198009847464,0.028667466986794718,0.8433400096067155,0.9952762198263317
17539,50,0.30437826484441755,0.2892280131578445,-0.015150249004364014,0.06153932586312294,-0.017828404903411865,-0.028118079528212547,-0.010289674624800682,0.05918367346938776,0.056428571428571425,0.06343834838425409,0.6616237887154575,0.9989285729703453,0.028187274909963984,0.8459320296355735,0.9952762198263317
18458,50,9.540427703857421,10.098952884674071,0.5585252046585083,1.179031252861023,0.3897424042224884,0.8703329563140869,0.4805905520915985,0.9983673469387755,0.9981632653061224,-0.010744384830360998,0.9409668174685849,0.9989285729703453,0.028187274909963984,0.8459320296355735,0.9952762198263317
23246,50,8.471386871337891,9.236063289642335,0.7646764516830444,1.4643466472625732,0.3908084034919739,1.6044963598251343,1.2136878967285156,0.9392857142857143,0.9437755102040817,-0.1006977130568829,0.486552508449847,0.9912198009847464,-0.02770708283313325,0.84852566530385,0.9952762198263317
16278,50,9.765960693359375,10.089709548950195,0.3237488269805908,1.2677711248397827,-0.23037265241146088,0.9688417315483093,1.1992143392562866,0.9991836734693877,0.9990816326530613,-0.0028768516390023243,0.9841806438767648,0.9989285729703453,-0.027515006002400956,0.8495635659967955,0.9952762198263317
3303,50,10.313151206970215,10.861085052490234,0.54793381690979,1.3190807104110718,0.2578909993171692,1.2512215375900269,0.9933305382728577,0.9993877551020408,0.9996938775510205,-0.06512459971185668,0.6531931776245923,0.9989285729703453,0.027226890756302524,0.8511208900266357,0.9952762198263317
17953,50,10.966147899627686,11.815821342468261,0.8496734499931335,1.369902491569519,1.0259908437728882,0.8789123892784119,-0.14707845449447632,0.9986734693877551,0.9987755102040816,-0.22751372299226436,0.1120622009551718,0.9833011361316991,-0.027130852340936373,0.8516401233148823,0.9952762198263317
10338,50,9.182442893981934,9.96987995147705,0.7874370813369751,1.285791277885437,0.5721880197525024,0.7875553965568542,0.2153673768043518,0.9983673469387755,0.9984693877551021,0.1304006317444033,0.3667317153972177,0.9833011361316991,0.027034813925570226,0.8521594188868582,0.9952762198263317
16567,50,10.689494018554688,11.252778453826904,0.5632845163345337,1.2979187965393066,0.03993970900774002,1.1940855979919434,1.1541458368301392,0.9990816326530613,0.9992857142857143,-0.10004913543771554,0.48937813752615744,0.9912198009847464,-0.026938775510204082,0.8526787765291988,0.9952762198263317
15875,50,11.800086135864257,13.116078300476074,1.3159921169281006,1.9831637144088745,0.6770554184913635,2.2496213912963867,1.572566032409668,0.9972448979591837,0.9996938775510205,-0.036146048623108294,0.803199952689958,0.9989285729703453,-0.02674669867947179,0.8537176771711391,0.9952762198263317
4564,50,10.558321743011474,11.7943310546875,1.2360093593597412,1.6669023036956787,0.9882045388221741,1.7105770111083984,0.7223724722862244,0.9996938775510205,0.9997959183673469,-0.05016973454379367,0.729343563070799,0.9989285729703453,-0.026362545018007204,0.8557962139030559,0.9952762198263317
19860,50,11.116421508789063,11.492953338623046,0.3765316903591156,1.5776311159133911,0.18350474536418915,0.7732747197151184,0.5897699594497681,0.9997959183673469,0.9990816326530613,0.043216729515451094,0.7657043361623982,0.9989285729703453,0.02588235294117647,0.8583957461421866,0.9952762198263317
22849,50,9.529602355957032,9.914524345397949,0.3849220275878906,1.0863724946975708,0.3237657845020294,0.5121818780899048,0.18841609358787537,0.9995918367346939,0.9991836734693877,-0.017712703442070193,0.9028282496247768,0.9989285729703453,-0.02588235294117647,0.8583957461421866,0.9952762198263317
2608,50,10.507249794006349,11.005063934326172,0.49781402945518494,1.4487968683242798,0.011929682455956936,1.059586524963379,1.0476568937301636,0.9988775510204082,0.9998979591836735,-0.000178791969900832,0.9990167888471326,0.9990167888471327,0.025306122448979586,0.8615171461053222,0.9952762198263317
14544,50,10.231350078582764,10.472026138305663,0.2406759262084961,1.6814509630203247,-0.08764929324388504,1.0849992036819458,1.172648549079895,0.998265306122449,0.9991836734693877,-0.09766312413548597,0.49984636008193084,0.9912198009847464,-0.025306122448979586,0.8615171461053222,0.9952762198263317
19394,50,14.235890922546387,15.25304443359375,1.0171535015106201,1.6386646032333374,0.5301927328109741,2.0370302200317383,1.5068374872207642,0.996734693877551,0.9994897959183674,-0.04000519461267819,0.7826747847641307,0.9989285729703453,-0.025210084033613446,0.8620375844447012,0.9952762198263317
19872,50,9.446103916168212,11.200852813720703,1.7547489404678345,2.217503309249878,1.2034481763839722,2.3946077823638916,1.1911596059799194,0.9985714285714286,0.9994897959183674,-0.07633198364831321,0.598286247589429,0.9989285729703453,0.025018007202881155,0.8630786349161331,0.9952762198263317
11128,50,11.159224834442139,11.608415870666503,0.44919097423553467,1.19276762008667,0.09386400133371353,0.867193877696991,0.7733298540115356,0.9994897959183674,0.9993877551020408,0.03362590905976559,0.8166757484800147,0.9989285729703453,-0.024921968787515004,0.8635992466184884,0.9952762198263317
11427,50,11.910292510986329,12.707344398498535,0.7970516085624695,1.9854992628097534,0.10596631467342377,2.0067100524902344,1.9007437229156494,0.9993877551020408,0.9995918367346939,-0.10897973657937729,0.45123338969549837,0.9901066683689362,-0.024921968787515004,0.8635992466184884,0.9952762198263317
16368,50,0.3632140445709229,0.3706956166028976,0.007481573149561882,0.07762318849563599,-0.0013104368699714541,-0.002510773716494441,-0.0012003368465229869,0.05959183673469388,0.05714285714285714,0.05500473298544624,0.7043966559552253,0.9989285729703453,-0.02482593037214886,0.8641199156786887,0.9952762198263317
3312,50,9.454417514801026,9.982282352447509,0.5278646945953369,1.2633479833602905,0.44524234533309937,0.7681249976158142,0.32288265228271484,0.9977551020408163,0.9981632653061224,0.03095043476497591,0.8310397352755627,0.9989285729703453,0.02463385354141657,0.8651614250124656,0.9952762198263317
15100,50,7.724186363220215,8.490845642089845,0.7666592597961426,1.243526577949524,0.8030997514724731,0.5561542510986328,-0.24694550037384033,0.941530612244898,0.943469387755102,0.021064787491435005,0.8845536079179467,0.9989285729703453,-0.02463385354141657,0.8651614250124656,0.9952762198263317
8672,50,9.6612428855896,10.712780799865723,1.0515379905700684,1.6957952976226807,0.5443649291992188,1.1038178205490112,0.5594528913497925,0.9991836734693877,0.9990816326530613,0.09675606476596355,0.5038558989821664,0.9912198009847464,-0.024537815126050418,0.8656822648557905,0.9952762198263317
12986,50,9.666564579010009,10.592996845245361,0.926432192325592,1.5958771705627441,0.6593540906906128,1.1748133897781372,0.5154592990875244,0.9975510204081632,0.996734693877551,0.11622264266084505,0.4215348675498741,0.9901066683689362,0.02444177671068427,0.8662031611964575,0.9952762198263317
21606,50,9.565241565704346,10.285503044128419,0.7202613353729248,1.297934889793396,0.4487980902194977,1.3279560804367065,0.8791580200195312,0.9984693877551021,0.9991836734693877,-0.028305910419294675,0.845291497891702,0.9989285729703453,-0.02444177671068427,0.8662031611964575,0.9952762198263317
9768,50,7.663592853546143,8.005931930541992,0.34233906865119934,1.0895466804504395,0.10487409681081772,0.7879530787467957,0.6830790042877197,0.9403061224489796,0.9431632653061225,0.024526562171490608,0.8657432960857762,0.9989285729703453,-0.024345738295318126,0.8667241138191691,0.9952762198263317
16808,50,10.873503456115722,10.888573417663574,0.015069875866174698,1.3156858682632446,-0.2641174793243408,0.3999634087085724,0.6640808582305908,0.9998979591836735,0.9991836734693877,0.022344616687608336,0.8775914669896778,0.9989285729703453,0.024345738295318126,0.8667241138191691,0.9952762198263317
4774,50,8.636803703308106,9.013013153076171,0.3762094974517822,1.332492470741272,-0.2563135325908661,1.1640801429748535,1.420393705368042,0.9970408163265306,0.9989795918367347,0.028529005891775643,0.8440872388983137,0.9989285729703453,-0.02424969987995198,0.867245122508561,0.9952762198263317
23430,50,9.73551082611084,10.050258407592773,0.31474754214286804,1.1133517026901245,0.30573898553848267,0.2776072025299072,-0.02813178300857544,0.9993877551020408,0.9997959183673469,0.004339552696888436,0.9761394109380414,0.9989285729703453,0.02424969987995198,0.867245122508561,0.9952762198263317
17723,50,7.747811050415039,8.045636253356934,0.29782524704933167,0.9839897751808167,0.2695770859718323,0.14476406574249268,-0.1248130202293396,0.9401020408163265,0.9437755102040817,0.07233328432067371,0.6176443649926773,0.9989285729703453,0.024057623049219684,0.8682873072255863,0.9952762198263317
15812,50,9.772187805175781,10.767282066345215,0.9950941205024719,1.5433645248413086,0.5593858361244202,1.71051824092865,1.151132345199585,0.9994897959183674,0.998061224489796,-0.06286697488070647,0.6644899544583759,0.9989285729703453,-0.023865546218487393,0.8693297136232634,0.9952762198263317
2497,50,7.3792533111572265,8.08644968032837,0.7071963548660278,1.3594484329223633,0.33130210638046265,1.0244029760360718,0.6931008696556091,0.9386734693877551,0.9420408163265306,-0.03397235509316632,0.814820009539978,0.9989285729703453,0.02348139255702281,0.8714151845581425,0.9952762198263317
19068,50,9.826241760253906,10.52705883026123,0.7008170485496521,1.2743669748306274,0.18878336250782013,1.3996597528457642,1.2108763456344604,0.9989795918367347,0.9994897959183674,-0.029845516901716558,0.8369880460440542,0.9989285729703453,-0.023289315726290515,0.8724582456414804,0.9952762198263317
17670,50,11.073607902526856,11.45550453186035,0.381896436214447,1.3170390129089355,0.3055984377861023,0.15333306789398193,-0.15226536989212036,0.9986734693877551,0.9990816326530613,0.002303573505101192,0.9873327220524293,0.9989285729703453,0.023193277310924368,0.8729798568310737,0.9952762198263317
2569,50,9.619187622070312,10.203514518737792,0.5843268632888794,1.1765506267547607,0.32458701729774475,1.1105310916900635,0.7859441041946411,0.9995918367346939,0.9998979591836735,-0.2033256135846848,0.15671481695452175,0.9833011361316991,-0.023097238895558224,0.8735015214977572,0.9952762198263317
16653,50,10.391330757141112,11.11066701889038,0.7193362712860107,1.3554872274398804,0.21390390396118164,1.6595344543457031,1.4456305503845215,0.9968367346938776,0.9984693877551021,-0.09482563932096313,0.5124434852551483,0.9933406819150514,0.022905162064825933,0.8745450103974278,0.9952762198263317
10713,50,10.048848819732665,11.153548851013184,1.104699969291687,1.5236907005310059,0.6702069640159607,1.896527647972107,1.226320743560791,0.9990816326530613,0.9994897959183674,-0.06293136603306348,0.6641667122480739,0.9989285729703453,-0.02280912364945978,0.8750668341977712,0.9952762198263317
24572,50,12.338310813903808,13.672887001037598,1.3345760107040405,1.9057084321975708,0.6632210612297058,2.3051700592041016,1.641948938369751,0.9986734693877551,0.9985714285714286,-0.02630370762224111,0.8561146507972479,0.9989285729703453,0.022328931572629048,0.8776767380459474,0.9952762198263317
23330,50,8.234996585845947,8.496739635467529,0.26174309849739075,1.0558836460113525,0.028550727292895317,0.5108864307403564,0.4823357164859772,0.9984693877551021,0.9983673469387755,0.010823123839492164,0.9405349731823046,0.9989285729703453,-0.022136854741896757,0.8787210618032606,0.9952762198263317
16968,50,10.819706687927246,11.56496524810791,0.7452585697174072,1.6536245346069336,0.38327646255493164,1.5182801485061646,1.135003685951233,0.9995918367346939,0.9995918367346939,-0.07100045363065201,0.6241552014458938,0.9989285729703453,0.022040816326530613,0.8792433004330112,0.9952762198263317
3513,50,9.15398681640625,10.011659603118897,0.8576730489730835,1.4273889064788818,0.7999013066291809,1.0332328081130981,0.23333150148391724,0.9968367346938776,0.9984693877551021,0.02626741606221951,0.8563110775302154,0.9989285729703453,0.021944777911164462,0.8797655899409524,0.9952762198263317
7399,50,9.561875972747803,10.519223365783692,0.9573473930358887,1.4893901348114014,0.5756973624229431,1.5838747024536133,1.0081772804260254,0.9966326530612245,0.9977551020408163,0.04356483162879139,0.7638712567768542,0.9989285729703453,0.021944777911164462,0.8797655899409524,0.9952762198263317
22133,50,9.645154705047608,10.334262313842773,0.6891076564788818,1.369551181793213,0.3820962905883789,1.0451565980911255,0.6630603075027466,0.9976530612244898,0.9975510204081632,0.0836124032798366,0.5637452718714588,0.9933406819150514,-0.021944777911164462,0.8797655899409524,0.9952762198263317
17116,50,7.730439605712891,8.493219947814941,0.7627803087234497,1.0906398296356201,0.6128650307655334,0.9574899077415466,0.3446248769760132,0.9983673469387755,0.9991836734693877,-0.08584293554606535,0.5533523239395762,0.9933406819150514,0.02175270108043217,0.8808103207234206,0.9952762198263317
20347,50,9.992700786590577,10.652477493286133,0.6597767472267151,1.655950665473938,0.5225648283958435,0.5715168714523315,0.04895204305648804,0.9988775510204082,0.9984693877551021,0.03065761037811315,0.8326152531792211,0.9989285729703453,0.02175270108043217,0.8808103207234206,0.9952762198263317
13340,50,9.335688018798828,10.025538425445557,0.6898504495620728,1.271706223487854,0.22679750621318817,0.908078670501709,0.6812811493873596,0.9988775510204082,0.9990816326530613,-0.0021728517034562468,0.9880515035082655,0.9989285729703453,0.021656662665066023,0.8813327615638011,0.9952762198263317
22481,50,7.774308471679688,8.10161231994629,0.32730376720428467,1.0705167055130005,0.3478507399559021,0.5581584572792053,0.21030771732330322,0.9408163265306122,0.9441836734693878,0.06650934246835856,0.6463018546556862,0.9989285729703453,0.02127250900360144,0.8834230228517643,0.9952762198263317
4474,50,0.2739072024822235,0.31189757466316226,0.037990376353263855,0.08175437897443771,-0.0009048309875652194,0.06454208493232727,0.06544691324234009,0.05846938775510204,0.05612244897959184,0.07938300277677202,0.5836979700383762,0.9989285729703453,-0.020888355342136854,0.885514070388764,0.9952762198263317
6989,50,10.079450702667236,10.981370620727539,0.901919960975647,1.7471647262573242,0.22397473454475403,1.8627909421920776,1.638816237449646,0.9993877551020408,0.9984693877551021,-0.05249883110208859,0.7172897308688331,0.9989285729703453,0.020888355342136854,0.885514070388764,0.9952762198263317
24203,50,10.006962547302246,11.128925247192383,1.1219627857208252,1.797978162765503,0.747633159160614,1.533590316772461,0.7859571576118469,0.9966326530612245,0.9990816326530613,-0.06452452965391421,0.6561884553663174,0.9989285729703453,0.020888355342136854,0.885514070388764,0.9952762198263317
17296,50,8.775470752716064,9.304457321166993,0.5289865732192993,1.3313682079315186,0.4357961118221283,0.5271250009536743,0.09132888913154602,0.9383673469387755,0.9429591836734694,0.03295380229729135,0.8202787210761516,0.9989285729703453,0.020792316926770707,0.8860369534931125,0.9952762198263317
8961,50,0.3160476523637772,0.29977855205535886,-0.016269102692604065,0.06960494816303253,-0.031175758689641953,-0.029943032190203667,0.0012327264994382858,0.05877551020408163,0.05591836734693877,0.05570406072681242,0.700813005706726,0.9989285729703453,-0.020600240096038412,0.8870828636422363,0.9952762198263317
11212,50,9.339310321807861,10.056486282348633,0.7171759605407715,1.3821513652801514,0.2224932163953781,1.54486882686615,1.3223756551742554,0.9993877551020408,0.9986734693877551,-0.1149446033892139,0.42669305801514235,0.9901066683689362,-0.020600240096038412,0.8870828636422363,0.9952762198263317
2320,50,7.987545986175537,9.0985569190979,1.111011028289795,1.351878046989441,0.5019109845161438,2.2014334201812744,1.6995224952697754,0.9968367346938776,0.9987755102040816,-0.08160776059748416,0.5731626977613445,0.9975316992255066,-0.020216086434573826,0.8891752536029512,0.9952762198263317
17560,50,8.912401618957519,10.045201206207276,1.1327996253967285,1.4125196933746338,0.789129912853241,1.4101873636245728,0.6210574507713318,0.9988775510204082,0.9985714285714286,0.15760145318945812,0.27436199241359227,0.9833011361316991,0.020216086434573826,0.8891752536029512,0.9952762198263317
12247,50,13.58378875732422,14.295336952209473,0.7115481495857239,1.7982347011566162,0.3480532467365265,1.2383784055709839,0.8903251886367798,0.9994897959183674,0.9981632653061224,-0.07761405647540393,0.592136566204912,0.9989285729703453,-0.020024009603841535,0.8902217299271967,0.9952762198263317
11429,50,9.983037834167481,10.60283977508545,0.619801938533783,1.5120975971221924,0.15186943113803864,1.3121496438980103,1.1602802276611328,0.9981632653061224,0.9992857142857143,-0.04847028010456786,0.7381800440428414,0.9989285729703453,0.019927971188475387,0.890745037661987,0.9952762198263317
7911,50,9.330006732940674,10.057532424926757,0.7275256514549255,1.269891381263733,0.3043246865272522,1.4174041748046875,1.11307954788208,0.9984693877551021,0.9991836734693877,-0.07565601817818343,0.6015398902956427,0.9989285729703453,-0.01983193277310924,0.8912683914876223,0.9952762198263317
20232,50,8.24941879272461,8.964575996398926,0.715157151222229,1.4123817682266235,0.2363472878932953,1.5537210702896118,1.3173737525939941,0.9630612244897959,0.9738775510204082,-0.023585795179383855,0.8708483234301344,0.9989285729703453,-0.019735894357743092,0.8917917911858331,0.9952762198263317
21042,50,7.320030879974365,7.6769924736022945,0.35696160793304443,0.9405881762504578,0.24876795709133148,0.5650342106819153,0.3162662386894226,0.9486734693877551,0.9475510204081633,0.04116513615978538,0.7765333855650798,0.9989285729703453,0.019735894357743092,0.8917917911858331,0.9952762198263317
8984,50,9.701351528167725,10.846374053955078,1.1450226306915283,1.5770981311798096,0.8550167679786682,1.325795292854309,0.47077852487564087,0.9991836734693877,0.9997959183673469,-0.0032757333149645044,0.9819875949702048,0.9989285729703453,0.019639855942376952,0.8923152365382945,0.9952762198263317
12064,50,7.761391544342041,8.320551013946533,0.5591594576835632,1.0003715753555298,0.38663408160209656,0.6995996832847595,0.31296560168266296,0.9724489795918367,0.9761224489795919,-0.006975190380159432,0.9616563911878729,0.9989285729703453,0.019639855942376952,0.8923152365382945,0.9952762198263317
11271,50,9.871946697235108,10.166960601806641,0.2950138747692108,1.4218428134918213,-0.035978250205516815,0.5739153623580933,0.6098936200141907,0.9987755102040816,0.9997959183673469,-0.13156990615849726,0.36241305488366465,0.9833011361316991,-0.01906362545018007,0.8954568551591777,0.9952762198263317
16642,50,9.16205364227295,9.82153678894043,0.6594831943511963,1.1517642736434937,0.5190665125846863,0.5634669661521912,0.04440045356750488,0.9981632653061224,0.9995918367346939,0.1603665168742255,0.2659231268242995,0.9833011361316991,-0.0182953181272509,0.8996481427769628,0.9952762198263317
18261,50,11.264383125305176,12.074355964660645,0.8099728226661682,1.8112690448760986,0.45799264311790466,0.9084344506263733,0.45044180750846863,0.9986734693877551,0.9978571428571429,0.04593977051655538,0.7513996679637521,0.9989285729703453,-0.0182953181272509,0.8996481427769628,0.9952762198263317
22815,50,8.534739360809326,8.888154067993163,0.3534146845340729,1.058884620666504,0.111622653901577,0.8759207725524902,0.764298141002655,0.9427551020408164,0.9466326530612245,-0.09622119415373495,0.5062279053537304,0.9912198009847464,0.01819927971188475,0.90017224670718,0.9952762198263317
2273,50,9.967635078430176,11.189949760437012,1.222314476966858,1.7262367010116577,0.933598518371582,1.9184719324111938,0.9848734140396118,0.9976530612244898,0.998061224489796,-0.12961487390801857,0.3696512526140161,0.9833011361316991,-0.018103241296518604,0.9006963927911024,0.9952762198263317
10586,50,10.08614393234253,11.028776454925538,0.9426326155662537,1.563093900680542,0.4411650002002716,1.4807729721069336,1.0396080017089844,0.9940816326530613,0.9943877551020408,-0.021642126605337705,0.8814118408596544,0.9989285729703453,0.018007202881152456,0.9012205808095002,0.9952762198263317
23795,50,5.2970392036437985,5.473608360290528,0.17656920850276947,0.629132866859436,0.03195404261350632,0.37590980529785156,0.34395575523376465,0.9993877551020408,0.9993877551020408,-0.03984240235493208,0.7835377607584809,0.9989285729703453,-0.017911164465786316,0.901744810543093,0.9952762198263317
2339,50,10.324171104431151,11.098335189819336,0.7741641402244568,1.5861904621124268,0.09471727907657623,1.6377366781234741,1.543019413948059,0.9997959183673469,0.9987755102040816,0.05140587298994071,0.722937863897732,0.9989285729703453,-0.01752701080432173,0.9038421422420412,0.9952762198263317
12135,50,10.799196701049805,12.231243438720703,1.4320467710494995,1.8472446203231812,0.8766393065452576,2.7516353130340576,1.8749959468841553,0.9993877551020408,0.9997959183673469,0.04054419510079927,0.7798193491472233,0.9989285729703453,0.01752701080432173,0.9038421422420412,0.9952762198263317
21348,50,9.87406011581421,10.72247682571411,0.8484165668487549,1.4200891256332397,0.7144766449928284,1.0042529106140137,0.2897762656211853,0.9987755102040816,0.9989795918367347,0.04561362818454822,0.7531087089859089,0.9989285729703453,-0.01752701080432173,0.9038421422420412,0.9952762198263317
669,50,11.050423049926758,11.162917156219482,0.11249412596225739,1.1589865684509277,-0.2102983295917511,0.07081564515829086,0.28111398220062256,0.9985714285714286,0.9964285714285714,-0.03273474621439819,0.8214538161455766,0.9989285729703453,0.0168547418967587,0.9075140280511814,0.9952762198263317
751,50,10.465356140136718,10.965817050933838,0.5004608631134033,1.2095527648925781,-0.016465697437524796,1.2675679922103882,1.2840336561203003,0.9995918367346939,0.9996938775510205,0.05582954005881505,0.7001706756713574,0.9989285729703453,-0.0168547418967587,0.9075140280511814,0.9952762198263317
8131,50,10.198942623138429,11.454743156433105,1.2558003664016724,1.7407420873641968,0.5376890301704407,2.266371965408325,1.7286829948425293,0.9977551020408163,0.998265306122449,0.042447343702634595,0.7697603604445331,0.9989285729703453,0.016758703481392558,0.9080387412450949,0.9952762198263317
10070,50,10.685500812530517,11.103775825500488,0.41827505826950073,1.2425529956817627,0.2058384269475937,0.3464713394641876,0.14063291251659393,0.941734693877551,0.9441836734693878,0.006220339118570908,0.9658033047145301,0.9989285729703453,0.016566626650660263,0.9090882839930864,0.9952762198263317
5185,50,9.143759517669677,9.941134910583497,0.7973754405975342,1.261303186416626,0.5379887223243713,1.1090296506881714,0.5710409283638,0.998265306122449,0.9994897959183674,-0.04077968227254593,0.7785727206056914,0.9989285729703453,-0.016278511404561824,0.9106628857153171,0.9952762198263317
22731,50,8.331938285827636,9.02598461151123,0.6940462589263916,1.4560668468475342,-0.04849284142255783,1.8626586198806763,1.91115140914917,0.941530612244898,0.9429591836734694,-0.12080978989622072,0.4033153437524043,0.9901066683689362,-0.016086434573829533,0.9117128093624185,0.9952762198263317
5580,50,12.460799751281739,12.816676349639893,0.3558765649795532,1.152971625328064,0.008534891530871391,0.5915204882621765,0.5829855799674988,0.9996938775510205,0.9991836734693877,-0.07281562457268073,0.6152952632534888,0.9989285729703453,-0.015990396158463382,0.9122378272750652,0.9952762198263317
17148,50,10.698989562988281,11.924228038787842,1.22523832321167,1.6742796897888184,1.0100351572036743,1.7625837326049805,0.7525485754013062,0.9977551020408163,0.9979591836734694,-0.1612442908605772,0.26328077887596796,0.9833011361316991,-0.015990396158463382,0.9122378272750652,0.9952762198263317
7364,50,9.824612236022949,10.007628211975097,0.18301589787006378,1.0306882858276367,-0.06558188050985336,0.24141395092010498,0.30699583888053894,0.998265306122449,0.9983673469387755,0.13048418282970664,0.36642209666952746,0.9833011361316991,-0.015894357743097238,0.9127628822867416,0.9952762198263317
16081,50,10.15811622619629,11.067165298461914,0.9090489149093628,1.395808458328247,0.7036733627319336,1.3512541055679321,0.6475807428359985,0.9979591836734694,0.9993877551020408,-0.09774846334310909,0.4994699750236561,0.9912198009847464,-0.015894357743097238,0.9127628822867416,0.9952762198263317
21890,50,9.22776159286499,10.200706844329835,0.9729453921318054,1.5038652420043945,0.4258466362953186,1.6055930852890015,1.179746389389038,0.9989795918367347,0.9987755102040816,-0.02760893805102748,0.8490559658927663,0.9989285729703453,-0.015894357743097238,0.9127628822867416,0.9952762198263317
12317,50,9.939000053405762,11.105018119812012,1.166018009185791,1.615471363067627,1.182350993156433,1.258309006690979,0.0759580135345459,0.9968367346938776,0.9988775510204082,0.048555743515048724,0.7377348568115623,0.9989285729703453,0.015414165666266506,0.9153887061173895,0.9952762198263317
13656,50,10.335944290161132,11.075271530151367,0.7393273711204529,1.400763988494873,0.2779141962528229,1.5294326543807983,1.2515184879302979,0.9955102040816326,0.9993877551020408,-0.16154130331448305,0.26239067427349977,0.9833011361316991,-0.01531812725090036,0.9159139790947153,0.9952762198263317
19228,50,7.182782764434815,7.280307826995849,0.09752508997917175,0.9554781913757324,-0.20814049243927002,0.4361538887023926,0.6442943811416626,0.9997959183673469,0.9991836734693877,0.00855075205676727,0.9530041172286658,0.9989285729703453,0.01531812725090036,0.9159139790947153,0.9952762198263317
9947,50,10.740179710388183,11.478970565795898,0.7387908697128296,1.4271702766418457,0.3688719570636749,1.1829854249954224,0.8141134977340698,0.9994897959183674,1.0,-0.02863344121216588,0.8435236229662382,0.9989285729703453,0.015222088835534215,0.9164392876278163,0.9952762198263317
20103,50,10.549907569885255,11.428968696594238,0.8790610432624817,1.6413674354553223,0.7863774299621582,1.5170602798461914,0.7306828498840332,0.9977551020408163,0.9990816326530613,-0.0568090309440585,0.6951638180605392,0.9989285729703453,-0.015222088835534215,0.9164392876278163,0.9952762198263317
13276,50,7.6475667381286625,8.03611577987671,0.3885490298271179,0.8782264590263367,0.269573837518692,0.518278181552887,0.24870434403419495,0.94,0.9427551020408164,0.03239069982156211,0.8233001863530117,0.9989285729703453,0.01474189675870348,0.9190663559060632,0.9952762198263317
9133,50,10.266733818054199,10.944155826568604,0.6774218082427979,1.4212473630905151,0.5634865164756775,1.052082896232605,0.4885963797569275,0.9987755102040816,0.9997959183673469,0.03553866419204062,0.8064427640581214,0.9989285729703453,0.014549819927971188,0.9201174243821219,0.9952762198263317
22215,50,10.195032043457031,10.691376991271973,0.4963449239730835,1.4022935628890991,0.2783050537109375,0.5574364066123962,0.27913135290145874,0.9989795918367347,0.9985714285714286,0.05310909160009777,0.7141425355300051,0.9989285729703453,-0.014549819927971188,0.9201174243821219,0.9952762198263317
8412,50,7.029896583557129,7.695971336364746,0.6660746932029724,1.057098388671875,0.33720555901527405,1.3528251647949219,1.0156196355819702,0.9387755102040817,0.941530612244898,-0.0858740435746628,0.5532080245158534,0.9933406819150514,-0.014357743097238897,0.9211686280160256,0.9952762198263317
12458,50,9.075810565948487,9.616959915161132,0.541149377822876,1.2932078838348389,0.4396532475948334,0.4195195138454437,-0.02013373374938965,0.9927551020408163,0.998061224489796,0.04214619901812435,0.7713495947744854,0.9989285729703453,0.014357743097238897,0.9211686280160256,0.9952762198263317
24300,50,9.545852584838867,10.721207618713379,1.175355076789856,1.5766047239303589,1.1212624311447144,1.301421046257019,0.1801586151123047,0.9989795918367347,0.9997959183673469,-0.03243178919344754,0.8230796248131605,0.9989285729703453,-0.014261704681872748,0.9216942799647057,0.9952762198263317
5248,50,10.60434917449951,11.255476112365722,0.6511270403862,1.4044480323791504,0.7549098134040833,0.3928796052932739,-0.3620302081108093,0.9991836734693877,0.9995918367346939,0.034863897426306495,0.8100491080833463,0.9989285729703453,-0.014069627851140454,0.9227456830202393,0.9952762198263317
24158,50,8.02732723236084,8.663506603240966,0.6361793875694275,1.1954056024551392,0.5828566551208496,0.5715264678001404,-0.011330187320709229,0.996938775510204,0.9972448979591837,0.012991311683289502,0.9286506191129952,0.9989285729703453,-0.013685474189675868,0.9248488795718957,0.9952762198263317
14432,50,0.3442891412973404,0.32127671778202055,-0.023012425750494003,0.06985083222389221,-0.021936530247330666,-0.050326090306043625,-0.02838956005871296,0.05969387755102041,0.05673469387755102,0.009457310659687253,0.9480280728300069,0.9989285729703453,-0.013493397358943579,0.9259006695282543,0.9952762198263317
21095,50,9.567888736724854,10.02726089477539,0.45937225222587585,1.2473224401474,0.04050854220986366,1.0602543354034424,1.0197458267211914,0.9997959183673469,0.9991836734693877,-0.04998575763919407,0.7302985140134313,0.9989285729703453,0.013397358943577431,0.9264266116519363,0.9952762198263317
12108,50,10.845546379089356,11.739755764007569,0.8942094445228577,1.4536312818527222,0.9472054243087769,0.6528690457344055,-0.29433637857437134,0.9981632653061224,0.9989795918367347,-0.1334305468143509,0.3556047792823478,0.9833011361316991,-0.013205282112845136,0.9274785890832614,0.9952762198263317
10874,50,9.919322624206544,10.465114765167236,0.5457921028137207,1.1962051391601562,0.3608100712299347,1.1460646390914917,0.7852545976638794,0.9990816326530613,0.9987755102040816,-0.15994918371248681,0.26718559682034293,0.9833011361316991,-0.01310924369747899,0.928004623947973,0.9952762198263317
8283,50,0.2888603961467743,0.25810953199863435,-0.030750863254070282,0.0666293054819107,-0.032799072563648224,-0.05678665637969971,-0.023987583816051483,0.059081632653061225,0.056020408163265305,0.0846505806135501,0.5588966669492156,0.9933406819150514,-0.013013205282112843,0.9285306892833678,0.9952762198263317
8823,50,11.887312812805176,13.251210060119629,1.363897442817688,1.8906054496765137,0.6977067589759827,2.035508394241333,1.3378016948699951,0.9403061224489796,0.9435714285714286,-0.03318075859456096,0.8190616584119758,0.9989285729703453,-0.013013205282112843,0.9285306892833678,0.9952762198263317
19738,50,10.685776519775391,11.571982421875,0.8862059116363525,1.5815820693969727,0.5437750220298767,1.0092326402664185,0.46545761823654175,0.9992857142857143,0.9992857142857143,0.04298601698979093,0.7669199519760673,0.9989285729703453,-0.012725090036014405,0.9301090658978798,0.9952762198263317
5658,50,9.908914585113525,11.194719352722167,1.2858047485351562,1.6221410036087036,1.0977652072906494,1.4250625371932983,0.3272973299026489,0.9940816326530613,0.9984693877551021,0.006390265375840619,0.9648697017302013,0.9989285729703453,0.012436974789915966,0.9316877087702358,0.9952762198263317
15580,50,9.412396087646485,9.598395862579345,0.18599992990493774,1.0453022718429565,0.02823208086192608,0.40476468205451965,0.3765326142311096,0.9385714285714286,0.9408163265306122,0.02614899340249462,0.856952095710528,0.9989285729703453,-0.012340936374549819,0.9322139811947295,0.9952762198263317
18960,50,12.735640525817871,13.225673294067382,0.4900328516960144,1.8883624076843262,0.33787694573402405,0.9782156944274902,0.6403387784957886,0.998265306122449,0.9995918367346939,0.07042600633723953,0.6269701865427729,0.9989285729703453,0.012340936374549819,0.9322139811947295,0.9952762198263317
24569,50,10.20805154800415,10.54583683013916,0.33778494596481323,1.2364670038223267,-0.1803824007511139,1.210853934288025,1.3912363052368164,0.9996938775510205,0.9997959183673469,-0.02679193251890979,0.8534729952619875,0.9989285729703453,-0.012340936374549819,0.9322139811947295,0.9952762198263317
13633,50,11.131633110046387,12.492299842834473,1.3606666326522827,1.9110163450241089,0.9545103311538696,1.7133053541183472,0.7587950229644775,0.9983673469387755,0.9997959183673469,-0.02819017691153247,0.8459163600951439,0.9989285729703453,0.012244897959183673,0.9327402823164229,0.9952762198263317
7152,50,8.828886623382568,9.236152019500732,0.40726542472839355,1.210809588432312,0.11394160240888596,0.644199788570404,0.5302581787109375,0.9938775510204082,0.9961224489795918,-0.0037049904043764915,0.9796276899385005,0.9989285729703453,-0.011956782713085232,0.9343193556460773,0.9952762198263317
7800,50,10.276868057250976,11.26478458404541,0.9879165887832642,1.4486066102981567,0.7590697407722473,1.1201410293579102,0.36107128858566284,0.9992857142857143,0.9994897959183674,-0.11059574669918142,0.44450962810843125,0.9901066683689362,-0.011860744297719087,0.9348457693377733,0.9952762198263317
11655,50,8.835142173767089,9.531777896881103,0.6966357231140137,1.5874221324920654,0.38834887742996216,1.2813128232955933,0.8929639458656311,0.9972448979591837,0.9988775510204082,-0.02994802290365732,0.8364358210569515,0.9989285729703453,0.01157262905162065,0.9364251750505506,0.9952762198263317
13847,50,10.668955307006836,11.615540885925293,0.9465855956077576,1.438223123550415,0.7013903856277466,1.5639171600341797,0.8625267744064331,0.9989795918367347,0.9978571428571429,-0.01010027243245318,0.9445000735843642,0.9989285729703453,0.011188475390156062,0.9385314251981255,0.9952762198263317
21155,50,10.21649538040161,10.853021144866943,0.6365258693695068,1.2910555601119995,0.5247610211372375,1.427441120147705,0.9026800990104675,0.9989795918367347,0.9987755102040816,-0.06704110403519689,0.643663234900575,0.9989285729703453,-0.011188475390156062,0.9385314251981255,0.9952762198263317
7654,50,10.364461479187012,11.881001205444337,1.5165395736694336,1.9051306247711182,0.9396215081214905,2.150653839111328,1.2110323905944824,0.998061224489796,0.9977551020408163,0.0548639128339239,0.7051190500591549,0.9989285729703453,0.011092436974789914,0.9390580533725903,0.9952762198263317
5066,50,10.04021921157837,10.895769748687744,0.8555505871772766,1.5721369981765747,0.3196583688259125,1.9067291021347046,1.5870707035064697,0.9992857142857143,0.9991836734693877,0.0025270482202443723,0.9861039566572207,0.9989285729703453,-0.010900360144057623,0.9401113869310186,0.9952762198263317
18526,50,10.08218906402588,11.042667655944824,0.960478663444519,1.6166458129882812,0.3852016031742096,1.8224254846572876,1.4372239112854004,0.9997959183673469,0.9996938775510205,-0.016226749208744454,0.9109458116241026,0.9989285729703453,-0.010900360144057623,0.9401113869310186,0.9952762198263317
4718,50,9.63312442779541,10.941136398315429,1.308011770248413,1.685497760772705,0.6271390318870544,2.236567258834839,1.6094281673431396,0.9996938775510205,0.9995918367346939,0.005583745249179905,0.9693012503251042,0.9989285729703453,0.010708283313325332,0.9411648219534628,0.9952762198263317
18649,50,7.649088611602783,8.460375137329102,0.811286449432373,1.143394112586975,0.4856756627559662,1.14254891872406,0.6568732261657715,0.9984693877551021,0.9994897959183674,-0.0006091252477872367,0.9966503127595258,0.9990167888471327,0.010708283313325332,0.9411648219534628,0.9952762198263317
4124,50,7.38520435333252,7.573013534545899,0.18780921399593353,0.8025452494621277,-0.2810463309288025,0.7596802711486816,1.040726661682129,0.94,0.9430612244897959,0.010966999899315594,0.9397459284034045,0.9989285729703453,0.01042016806722689,0.9427451608408817,0.9952762198263317
7166,50,6.747715530395507,7.144579963684082,0.3968644440174103,0.7676756381988525,0.4403967261314392,0.5346021056175232,0.09420537948608398,0.9977551020408163,0.9971428571428571,-0.15326322796076836,0.2879554097882677,0.9833011361316991,-0.01013205282112845,0.944325718014386,0.9952762198263317
9319,50,10.664256858825684,11.831790733337403,1.1675337553024292,1.4751702547073364,0.6785316467285156,1.9695383310317993,1.2910066843032837,0.9986734693877551,0.9996938775510205,0.012676290965512193,0.9303764275072809,0.9989285729703453,0.01013205282112845,0.944325718014386,0.9952762198263317
7262,50,9.642775630950927,10.082537117004394,0.4397614300251007,1.417250156402588,-0.03202591463923454,1.0500420331954956,1.0820679664611816,0.9995918367346939,0.9991836734693877,0.03920162060295042,0.7869370972344055,0.9989285729703453,-0.009939975990396158,0.9453795410999993,0.9952762198263317
3533,50,9.120704517364501,9.670229701995849,0.5495252013206482,1.286007285118103,0.3284226059913635,1.0832663774490356,0.7548437714576721,0.9970408163265306,0.9994897959183674,0.024892296430738647,0.8637601081962989,0.9989285729703453,-0.009843937575030014,0.9459064874660708,0.9952762198263317
12582,50,10.109062271118164,10.731661796569824,0.6225994825363159,1.347793698310852,0.22333447635173798,1.2600997686386108,1.0367653369903564,0.996938775510204,0.9997959183673469,0.039374963413840704,0.7860171256286634,0.9989285729703453,0.009747899159663865,0.9464334567508218,0.9952762198263317
6098,50,10.29100492477417,10.691796894073486,0.40079209208488464,1.1967017650604248,0.3322458863258362,0.49501731991767883,0.16277143359184265,0.9995918367346939,0.9983673469387755,-0.029785815544498714,0.8373097077688186,0.9989285729703453,0.009651860744297719,0.9469604487315959,0.9952762198263317
10453,50,10.053921928405762,10.231562099456788,0.17764011025428772,1.384554147720337,0.19143591821193695,-0.12602472305297852,-0.31746065616607666,0.9989795918367347,0.9973469387755102,0.03216021300875624,0.824537654857805,0.9989285729703453,-0.009555822328931571,0.9474874631857076,0.9952762198263317
4434,50,0.2243150579929352,0.2458854430913925,0.021570377051830292,0.05736928805708885,0.011479983106255531,0.04325944185256958,0.0317794606089592,0.057755102040816325,0.055612244897959184,0.061118090233575534,0.6732922589721122,0.9989285729703453,-0.009459783913565426,0.9480144998904445,0.9952762198263317
5111,50,7.826306667327881,8.33032148361206,0.5040148496627808,1.0829905271530151,0.1742163598537445,1.20280122756958,1.0285848379135132,0.9409183673469388,0.9438775510204082,-0.10181410008685808,0.48170886680757075,0.9912198009847464,-0.009459783913565426,0.9480144998904445,0.9952762198263317
13096,50,8.941207122802734,10.272514457702636,1.3313071727752686,1.7284828424453735,0.7392446398735046,2.027588129043579,1.2883434295654297,0.998265306122449,0.9987755102040816,-0.09298829594146685,0.5206850679864751,0.9933406819150514,-0.009267707082833133,0.949068639160811,0.995409881307335
8463,50,10.845478591918946,11.670078258514405,0.8245996832847595,1.606558084487915,0.349818617105484,1.9095391035079956,1.559720516204834,0.998265306122449,0.9960204081632653,-0.10404519715438887,0.47210548087219195,0.9912198009847464,0.008691476590636255,0.9522315678165846,0.9977528817902555
22566,50,9.96046848297119,11.278931427001954,1.31846284866333,1.5115264654159546,1.006109595298767,1.7297853231430054,0.7236757278442383,0.9991836734693877,0.9998979591836735,0.04006038471200775,0.7823822759377506,0.9989285729703453,0.008307322929171669,0.9543405947926976,0.997988851610366
4677,50,10.364378700256347,10.869259719848634,0.5048810243606567,1.2730402946472168,0.2871663272380829,0.5761070847511292,0.28894075751304626,0.9983673469387755,0.9978571428571429,0.0518037103866427,0.7208802293116074,0.9989285729703453,-0.008019207683073229,0.9559225690117515,0.997988851610366
21420,50,9.786727561950684,10.05429660797119,0.26756909489631653,1.0848994255065918,0.2923099100589752,0.1324935406446457,-0.15981636941432953,0.9997959183673469,0.9997959183673469,0.016986150724045555,0.9067961292824431,0.9989285729703453,-0.008019207683073229,0.9559225690117515,0.997988851610366
12723,50,9.915794067382812,10.225297889709474,0.30950382351875305,1.178074836730957,0.11042550951242447,0.4052567481994629,0.294831246137619,0.9998979591836735,0.9991836734693877,-0.034261623787135674,0.8132713110737655,0.9989285729703453,-0.007827130852340937,0.9569773122816055,0.997988851610366
1381,50,9.858667812347413,10.285695037841798,0.42702716588974,1.2707176208496094,-0.0607394315302372,0.8223865628242493,0.8831260204315186,0.9991836734693877,0.9993877551020408,0.0065239406960435975,0.9641353001052372,0.9989285729703453,-0.00773109243697479,0.957504711384272,0.997988851610366
3069,50,10.106176204681397,10.730823974609375,0.6246476769447327,1.5645456314086914,0.2832232117652893,0.7580924034118652,0.4748691916465759,0.9986734693877551,0.9992857142857143,-0.034782236300080156,0.810485819009131,0.9989285729703453,-0.007635054021608643,0.9580321285011986,0.997988851610366
3454,50,6.17011043548584,6.538749694824219,0.3686392903327942,0.8682550191879272,0.12442612648010254,0.6878826022148132,0.5634564757347107,0.9391836734693878,0.9422448979591836,0.0432826900907524,0.7653568948518855,0.9989285729703453,0.006962785114045618,0.9617245339673098,0.9992077995790674
19138,50,9.213663501739502,10.606443843841554,1.3927801847457886,1.6764805316925049,1.2154773473739624,1.7692493200302124,0.55377197265625,0.9957142857142857,0.9983673469387755,-0.02690098737060578,0.852883144632727,0.9989285729703453,-0.0060984393757503004,0.966473070114678,0.9992077995790674
3830,50,9.901957263946533,11.363373794555663,1.461416482925415,1.6516952514648438,0.8355216979980469,2.162134885787964,1.326613187789917,0.9920408163265306,0.9983673469387755,-0.06957822675192693,0.6311342094102503,0.9989285729703453,-0.0059063625450180065,0.9675284624934394,0.9992077995790674
3642,50,10.255425853729248,10.88375602722168,0.6283300518989563,1.5032671689987183,0.5753010511398315,0.6521854996681213,0.0768844485282898,0.998061224489796,0.9989795918367347,0.03291016733477524,0.8205127635284553,0.9989285729703453,0.005810324129651861,0.9680561794495712,0.9992077995790674
16586,50,8.993736934661865,9.675767917633056,0.6820309162139893,1.287550926208496,0.3756713569164276,1.5887632369995117,1.2130918502807617,0.9422448979591836,0.9435714285714286,-0.11460809874348812,0.42805709854771573,0.9901066683689362,0.005810324129651861,0.9680561794495712,0.9992077995790674
15082,50,11.020341815948486,11.632627506256103,0.6122855544090271,1.3708946704864502,0.24733798205852509,1.1819921731948853,0.934654176235199,0.9988775510204082,0.9997959183673469,0.027266773712409577,0.8509052805156129,0.9989285729703453,-0.005714285714285714,0.9685839099521202,0.9992077995790674
15141,50,9.725678901672364,10.523409271240235,0.7977305054664612,1.5313884019851685,0.24361595511436462,1.4050216674804688,1.1614056825637817,0.9989795918367347,0.9992857142857143,-0.012777933085903267,0.9298195566444852,0.9989285729703453,0.00552220888355342,0.9696394107021206,0.9992077995790674
15122,50,9.783623847961426,10.330708045959472,0.5470840334892273,1.3040388822555542,0.3338651955127716,1.16645085811615,0.8325856924057007,0.9990816326530613,0.9996938775510205,-0.053350718902571585,0.7128977278292947,0.9989285729703453,0.005426170468187274,0.9701671805023571,0.9992077995790674
14040,50,9.63785816192627,10.66739315032959,1.0295350551605225,1.3146778345108032,0.7703591585159302,1.63412344455719,0.8637642860412598,0.9986734693877551,0.9981632653061224,-0.07232157498653727,0.6177014392274369,0.9989285729703453,-0.004945978391356542,0.9728062148102009,0.9992077995790674
21781,50,11.577688102722169,13.141958808898925,1.5642706155776978,1.9168238639831543,1.316731333732605,1.8433231115341187,0.5265917778015137,0.998061224489796,1.0,0.0348087441546305,0.8103440528817205,0.9989285729703453,0.004849939975990396,0.9733340571673678,0.9992077995790674
5403,50,8.9343772315979,9.35600248336792,0.4216252565383911,1.221777319908142,0.05369732901453972,0.47527459263801575,0.4215772747993469,0.9976530612244898,0.998265306122449,0.10867490683486553,0.45250791710949945,0.9901066683689362,-0.00475390156062425,0.9738619108344221,0.9992077995790674
12737,50,10.502974891662598,11.494785442352295,0.9918106198310852,1.6120587587356567,0.8336443901062012,0.6334041953086853,-0.20024019479751587,0.9992857142857143,0.9993877551020408,0.05733818422756588,0.6924642785813381,0.9989285729703453,0.004657863145258102,0.9743897755876302,0.9992077995790674
21125,50,9.75436393737793,10.197291278839112,0.4429272711277008,1.1091080904006958,0.055071014910936356,0.944996178150177,0.8899251818656921,0.9995918367346939,0.9995918367346939,0.06874213241081954,0.6352519736978178,0.9989285729703453,-0.004465786314525811,0.9754455374575086,0.9992077995790674
9709,50,9.796564865112305,10.800577449798585,1.0040128231048584,1.5914419889450073,0.6144694685935974,1.2930413484573364,0.678571879863739,0.9985714285714286,0.9984693877551021,-0.07662062390070513,0.596899288536189,0.9989285729703453,0.0041776710684273705,0.9770292578143899,0.9992077995790674
20014,50,10.081937408447265,10.974922981262207,0.8929854035377502,1.5984258651733398,0.7074546813964844,1.183487892150879,0.47603321075439453,0.9975510204081632,0.998265306122449,0.01500343813461673,0.9176353892383887,0.9989285729703453,0.004081632653061224,0.9775571843853882,0.9992077995790674
23241,50,9.342926597595214,10.680576725006103,1.337650179862976,1.842008352279663,1.376009225845337,1.185133695602417,-0.19087553024291992,0.9984693877551021,0.9985714285714286,0.007198218541797496,0.9604313325015679,0.9989285729703453,0.003889555822328931,0.9786130658625283,0.9992077995790674
16235,50,8.37881778717041,9.189730796813965,0.8109129071235657,1.3208180665969849,0.32690006494522095,1.3648711442947388,1.037971019744873,0.9971428571428571,0.9983673469387755,0.012958280507551146,0.9288315618769811,0.9989285729703453,-0.003793517406962785,0.9791410203209915,0.9992077995790674
3296,50,11.079987812042237,12.479043083190918,1.3990553617477417,1.7946745157241821,0.6664609909057617,2.427246332168579,1.7607853412628174,0.9990816326530613,0.9985714285714286,-0.04745594199230628,0.7434702870415901,0.9989285729703453,-0.0035054021608643456,0.9807249358896529,0.9992077995790674
9094,50,8.765129718780518,9.780813426971436,1.015683650970459,1.2830414772033691,0.6827227473258972,1.1944881677627563,0.5117654204368591,0.9987755102040816,0.9994897959183674,0.10594684188166728,0.4640015192569808,0.9901068665102456,0.0034093637454981987,0.9812529243973734,0.9992077995790674
16783,50,10.300007705688477,11.174594135284424,0.8745863437652588,1.4162232875823975,0.7036476731300354,1.0409120321273804,0.33726435899734497,0.9997959183673469,0.9994897959183674,-0.04585437387143587,0.7518470471146576,0.9989285729703453,0.00312124849939976,0.982836936740475,0.9992077995790674
13456,50,9.611057262420655,10.476854076385498,0.8657968044281006,1.2996951341629028,0.7026342749595642,1.0088242292404175,0.30618995428085327,0.9968367346938776,0.9989795918367347,-0.0008346366589195705,0.9954101971666185,0.9990167888471327,0.002929171668667467,0.9838929817466395,0.9992077995790674
5618,50,8.034010257720947,8.732540225982666,0.6985299587249756,1.356137752532959,0.3185940682888031,0.9218452572822571,0.6032512187957764,0.9383673469387755,0.9418367346938775,0.06001605271065539,0.6788613527876584,0.9989285729703453,-0.0025450180072028807,0.9860051519629387,0.9992077995790674
15151,50,12.38551326751709,13.330085182189942,0.9445720911026001,1.5098810195922852,0.28425535559654236,2.367460250854492,2.083204984664917,0.9985714285714286,0.9941836734693877,-0.20650659681393152,0.15019293326311847,0.9833011361316991,0.0025450180072028807,0.9860051519629387,0.9992077995790674
11259,50,9.2664497756958,10.31601474761963,1.0495648384094238,1.392490029335022,0.7336655855178833,1.378377079963684,0.6447114944458008,0.9981632653061224,0.9985714285714286,-0.026199336142608682,0.8566795808319121,0.9989285729703453,-0.0024489795918367346,0.9865332099197339,0.9992077995790674
9789,50,9.50715675354004,10.165421485900879,0.6582646369934082,1.118047833442688,0.3499889373779297,1.2034788131713867,0.853489875793457,0.9995918367346939,0.9995918367346939,-0.07247113706414768,0.6169726042478926,0.9989285729703453,0.0021608643457382954,0.9881174171729694,0.9992077995790674
10401,50,9.895811748504638,10.240554504394531,0.34474289417266846,1.3988434076309204,0.10525964200496674,1.390838623046875,1.285578966140747,0.9985714285714286,0.9992857142857143,-0.18739904385968809,0.19251481760019618,0.9833011361316991,0.0021608643457382954,0.9881174171729694,0.9992077995790674
22656,50,9.94808744430542,10.436226711273193,0.4881393313407898,1.4886974096298218,0.4478289484977722,0.7580838203430176,0.31025487184524536,0.9990816326530613,0.9976530612244898,-0.07761280574371025,0.5921425518404553,0.9989285729703453,0.0021608643457382954,0.9881174171729694,0.9992077995790674
22300,50,7.715807800292969,8.376340408325195,0.660532534122467,0.9965070486068726,0.6832389831542969,0.7426463961601257,0.05940741300582886,0.9945918367346939,0.9960204081632653,-0.06350248786030789,0.661302346202135,0.9989285729703453,0.002064825930372149,0.9886454966383466,0.9992077995790674
10221,50,10.96227960586548,11.268438720703125,0.306159108877182,1.5224391222000122,-0.0670819953083992,0.758765697479248,0.8258476853370667,0.9977551020408163,0.9988775510204082,-0.06196812145964274,0.6690084664784408,0.9989285729703453,0.0019687875150060023,0.9891735809208646,0.9992077995790674
10102,50,10.920012092590332,10.935713005065917,0.015701018273830414,1.1533374786376953,-0.04390745609998703,-0.061090271919965744,-0.017182815819978714,0.9981632653061224,0.9987755102040816,0.037571560767596913,0.7956021408574557,0.9989285729703453,-0.0015846338535414166,0.991285961741987,0.9992077995790674
11153,50,7.853502216339112,8.096077060699463,0.24257488548755646,1.1131641864776611,-0.11347635835409164,1.1230744123458862,1.2365508079528809,0.9387755102040817,0.941530612244898,-0.15363081848672455,0.2867868405056969,0.9833011361316991,-0.0014885954381752698,0.9918140667498937,0.9992077995790674
12299,50,10.465011901855469,11.568768634796143,1.1037567853927612,1.4178122282028198,0.763564944267273,2.116948127746582,1.353383183479309,0.9989795918367347,0.9992857142857143,-0.0673915487606902,0.6419266882267973,0.9989285729703453,0.0014885954381752698,0.9918140667498937,0.9992077995790674
8849,50,9.239321937561035,10.180357017517089,0.9410351514816284,1.5377476215362549,0.7127296328544617,1.008866786956787,0.29613715410232544,0.9977551020408163,0.9995918367346939,-0.026364694081674182,0.8557845832751929,0.9989285729703453,0.0013925570228091237,0.9923421752307796,0.9992077995790674
20942,50,9.97908712387085,11.14533275604248,1.1662453413009644,1.7589402198791504,0.4776119589805603,2.404258966445923,1.9266469478607178,0.9990816326530613,0.9983673469387755,-0.14906419868757248,0.3015245359301402,0.9833011361316991,-0.0013925570228091237,0.9923421752307796,0.9992077995790674
5613,50,10.022301273345947,10.611087837219237,0.5887866020202637,1.4572027921676636,0.07738564908504486,1.3744183778762817,1.2970327138900757,0.9990816326530613,1.0,-0.0026224383966122838,0.9855794677364527,0.9989285729703453,-0.0011044417767106843,0.9939265192708577,0.9992077995790674
2544,50,9.412336730957032,10.364566555023194,0.9522297382354736,1.3317363262176514,0.7967824339866638,1.050125241279602,0.25334280729293823,0.9988775510204082,0.9995918367346939,0.0071470268974044345,0.9607125122710942,0.9989285729703453,0.0009123649459783913,0.994982761888243,0.9992077995790674
15282,50,8.570152988433838,9.343099670410156,0.7729467153549194,1.151587963104248,0.654082179069519,1.0925220251083374,0.43843984603881836,0.9997959183673469,1.0,-0.1090833375900542,0.45080067053506584,0.9901066683689362,-0.0006242496998799519,0.9965671412191432,0.9992077995790674
24093,50,11.400345573425293,12.1289493560791,0.7286038398742676,1.349324345588684,0.37315231561660767,0.8658780455589294,0.4927257299423218,0.9988775510204082,0.9994897959183674,-0.02063207634570284,0.886909493460772,0.9989285729703453,-0.0005282112845138055,0.9970952708744708,0.9992077995790674
21130,50,10.2858402633667,11.608466491699218,1.322625994682312,1.7311959266662598,0.5929906964302063,2.4279346466064453,1.8349440097808838,0.9993877551020408,0.998265306122449,-0.03744081282231829,0.7962982422662565,0.9989285729703453,0.00043217286914765904,0.9976234017621981,0.9992077995790674
4065,50,9.812508029937744,10.430608425140381,0.6181005239486694,1.188862919807434,0.4712536931037903,0.661238968372345,0.1899852752685547,0.998265306122449,0.9987755102040816,-0.1094866936042407,0.4491181081320133,0.9901066683689362,0.00024009603841536613,0.9986796663385688,0.9992077995790674
10679,50,9.965737648010254,10.548611431121826,0.5828738212585449,1.4356741905212402,0.10801123082637787,1.4543126821517944,1.3463014364242554,0.9979591836734694,0.9992857142857143,-0.012251631579426174,0.9327033804030571,0.9989285729703453,-0.00014405762304921967,0.9992077995790674,0.9992077995790674
12126,50,8.93152853012085,9.102571449279786,0.17104296386241913,0.9235981106758118,0.2933656871318817,-0.0793551579117775,-0.3727208375930786,0.9994897959183674,0.9988775510204082,-0.08377472341657342,0.5629858945993014,0.9933406819150514,0.00014405762304921967,0.9992077995790674,0.9992077995790674
23097,50,10.7094437789917,12.024974670410156,1.3155310153961182,1.6162127256393433,0.7437899708747864,2.002056837081909,1.2582669258117676,0.9992857142857143,0.9998979591836735,0.035439615728746446,0.8069718887734992,0.9989285729703453,0.00014405762304921967,0.9992077995790674,0.9992077995790674
