feature_index,mean_clean_activation,mean_blur_activation,mean_blur_minus_clean,standardized_change,direction_consistency,mean_change_correct_correct,mean_change_correct_wrong,failure_group_difference,pearson_delta_margin,pearson_pvalue,pearson_qvalue,affine_scale,affine_intercept
22739,15.979180110024785,22.40081522664088,6.421644687652588,0.8536060991971025,0.938,5.9647064208984375,8.29506778717041,2.3303613662719727,-0.2162860482931137,4.328279300297098e-33,1.4339589321884287e-29,0.17809520661830902,11.989702224731445
6966,16.28269659125981,20.674004723429643,4.391305446624756,0.5486763188419925,0.88,4.037016868591309,5.605474472045898,1.5684576034545898,-0.19010815024375916,8.25799132218711e-26,1.3679362625202948e-22,0.2735166847705841,10.628010749816895
17814,21.277437716509677,25.175127881022334,3.897700309753418,0.2996518516968352,0.854,3.6508374214172363,4.785362243652344,1.1345248222351074,-0.15997350215911865,1.1938039138415103e-18,1.3183574555189745e-15,0.5282432436943054,7.978846073150635
16639,9.83989707365506,11.46869080201715,1.6287927627563477,0.36714690961035323,0.8543333333333333,1.5308642387390137,1.868079662322998,0.3372154235839844,-0.10394775867462158,1.1529257548659189e-08,1.1234244193737616e-06,0.5775142908096313,3.216564178466797
4877,10.255309670594189,11.813495170431567,1.5581856966018677,0.35069106784859916,0.835,1.4063148498535156,1.9413126707077026,0.534997820854187,-0.10337980836629868,1.3852767821731504e-08,1.2549120121910754e-06,0.552194356918335,3.731964349746704
16319,9.757470090304983,10.96840166561609,1.2109311819076538,0.29260379685688126,0.7883333333333333,1.198567271232605,1.425782561302185,0.22721529006958008,-0.0917443335056305,4.814373824046925e-07,2.197696187829786e-05,0.4811372458934784,4.48016357421875
23934,8.041559843456486,9.083898202252648,1.0423386096954346,0.30488126554396133,0.8076666666666666,0.9783633351325989,1.2850110530853271,0.30664771795272827,-0.08255930989980698,5.9598637562885415e-06,0.00014735095988495475,0.5609699487686157,2.945765972137451
24140,10.168274479305637,11.446914851848645,1.2786409854888916,0.2867793240452915,0.7973333333333333,1.2031440734863281,1.5330911874771118,0.3299471139907837,-0.08842547982931137,1.2299506124691106e-06,4.5044404984494844e-05,0.5705691576004028,3.6370182037353516
4110,10.515313016112279,11.643658930342239,1.1283460855484009,0.2429370823206337,0.748,0.9456490874290466,1.5218650102615356,0.576215922832489,-0.11022866517305374,1.4181130714163714e-09,2.2372421931440185e-07,0.5650289058685303,3.9363090991973877
14024,13.506635794152936,14.918743343529602,1.4121085405349731,0.221665122022954,0.7403333333333333,1.2876832485198975,1.8217906951904297,0.5341074466705322,-0.11584022641181946,1.970562463204928e-10,5.440394533831605e-08,0.5673924088478088,5.041853904724121
24203,9.775924919836527,10.882718280587541,1.1067924499511719,0.25311732417976557,0.77,1.0023832321166992,1.4053881168365479,0.40300488471984863,-0.09678137302398682,1.0890784096773132e-07,6.560212311383524e-06,0.5489810705184937,3.801518678665161
4211,10.578959476413573,11.62821862400967,1.0492585897445679,0.2323809489602047,0.7576666666666667,0.9583468437194824,1.3045495748519897,0.3462027311325073,-0.10646560043096542,5.04897412767491e-09,5.768017684478268e-07,0.5774742960929871,3.863962173461914
4802,11.236467909454895,12.780453303433752,1.5439836978912354,0.20360224377628883,0.7973333333333333,1.4430047273635864,1.9627264738082886,0.5197217464447021,-0.10869388282299042,2.3927435588433354e-09,3.128140881966027e-07,0.694273054599762,2.3633434772491455
6095,10.31092176758899,11.722622700901221,1.4117003679275513,0.3037808515115647,0.813,1.3128936290740967,1.7719141244888306,0.4590204954147339,-0.07103376090526581,9.86148661468178e-05,0.0011710073532057612,0.5682083964347839,3.650029182434082
21781,11.896563972797239,13.138366306000586,1.2418016195297241,0.22346934627093598,0.774,1.1635308265686035,1.460132122039795,0.2966012954711914,-0.10017813742160797,3.829673644872855e-08,2.883570178514493e-06,0.6442716717720032,3.4318864345550537
21607,9.105898427915763,10.001205389127325,0.895307719707489,0.2308245388779791,0.7566666666666667,0.8510919213294983,1.0424615144729614,0.19136959314346313,-0.0944594144821167,2.1812090267303574e-07,1.1470389691361388e-05,0.5859612822532654,3.245579242706299
23241,9.69395838110345,10.58176526325196,0.8878082633018494,0.21332430853166004,0.7166666666666667,0.7768080830574036,1.1794593334197998,0.40265125036239624,-0.10500089824199677,8.181396893292003e-09,8.213626638629214e-07,0.5642372965812683,3.7233316898345947
19138,9.534352032990265,10.2736723999191,0.7393197417259216,0.17761991456064932,0.689,0.6787367463111877,1.0120086669921875,0.33327192068099976,-0.13101428747177124,5.845776336957376e-13,3.227842834056631e-10,0.5750507116317749,3.626469373703003
8155,8.604057840256749,9.354670733357462,0.7506127953529358,0.20656672106572443,0.7173333333333334,0.6795998811721802,0.9562227725982666,0.2766228914260864,-0.1065889447927475,4.846371304267905e-09,5.73429576108556e-07,0.5781078934669495,3.1960487365722656
14446,10.430701181264208,11.520434932802335,1.0897338390350342,0.22571856750873606,0.7473333333333333,0.9619038105010986,1.3657466173171997,0.4038428068161011,-0.09169746935367584,4.879654511569242e-07,2.197696187829786e-05,0.5866045951843262,3.6727612018585205
15296,9.321365312700465,10.520297988800626,1.1989330053329468,0.2876051886648728,0.8146666666666667,1.138088583946228,1.3820481300354004,0.24395954608917236,-0.06561646610498428,0.00032272428506985307,0.0030723722886104115,0.6062303185462952,2.9436416625976562
15982,13.468538670263646,15.113006860357208,1.644467830657959,0.23579155663847345,0.7923333333333333,1.5189367532730103,1.979983925819397,0.4610471725463867,-0.08103791624307632,8.826542398310266e-06,0.00019625728164833497,0.5981665253639221,4.428443908691406
8984,9.491534909659451,10.48162946757525,0.990094780921936,0.23899624447345272,0.75,0.9160112142562866,1.1599633693695068,0.24395215511322021,-0.08126342296600342,8.330942364409566e-06,0.0001868717785623016,0.5633771419525146,3.5864245891571045
21588,11.79795104460232,13.1253045871793,1.3273530006408691,0.20245428992528539,0.7323333333333333,1.1924867630004883,1.6525572538375854,0.46007049083709717,-0.09389916807413101,2.5729647745720285e-07,1.3150099204477345e-05,0.5668822526931763,4.357449054718018
13096,9.544450956168134,10.40695319786315,0.8625027537345886,0.19900028955948593,0.6976666666666667,0.7731264233589172,1.107933759689331,0.3348073363304138,-0.09918376803398132,5.218997500833211e-08,3.758812765274006e-06,0.53371661901474,3.990086793899536
489,10.191637520921113,11.412377278648007,1.2207415103912354,0.25541563325465205,0.7583333333333333,1.1029078960418701,1.4488725662231445,0.3459646701812744,-0.07107570022344589,9.768105519469827e-05,0.0011640911361871775,0.5527859926223755,3.883035182952881
20540,8.904858586419437,9.706489881047395,0.801630437374115,0.1735062281604671,0.6956666666666667,0.721422016620636,1.0083454847335815,0.28692346811294556,-0.11090528964996338,1.123487525234168e-09,2.0678412061671105e-07,0.5556491613388062,3.511455774307251
3414,8.622444426512992,9.339452122144603,0.7170074582099915,0.19118314416485635,0.718,0.7118933796882629,0.7908986210823059,0.07900524139404297,-0.09553242474794388,1.585540161386234e-07,8.903211109614566e-06,0.5797421932220459,3.207969903945923
14190,9.938903280392188,10.591928580638655,0.6530249714851379,0.16277842672754136,0.674,0.560189425945282,0.9199605584144592,0.35977113246917725,-0.11792800575494766,9.226446689991619e-11,3.0567217883942234e-08,0.5785583257675171,3.810854911804199
22566,10.190062754430327,11.138015857330137,0.947952389717102,0.21349911957202233,0.7333333333333333,0.8468748331069946,1.228864073753357,0.3819892406463623,-0.08219987899065018,6.543244580825558e-06,0.00015708528475561647,0.595223069190979,3.5604588985443115
3050,10.087054317887574,11.0473183182181,0.9602632522583008,0.21863984046379434,0.7496666666666667,0.9013468027114868,1.165758490562439,0.26441168785095215,-0.07851523905992508,1.66748468473088e-05,0.0002954212171397543,0.5913825631141663,3.5538628101348877
13386,9.38265603722504,10.254003194554949,0.8713469505310059,0.22138600663754532,0.7386666666666667,0.8237726092338562,1.0522844791412354,0.22851186990737915,-0.07720496505498886,2.303423752891831e-05,0.00037607683260306335,0.5782054662704468,3.453735113143921
8265,9.873160125633616,10.703081652796175,0.8299221396446228,0.20064055117308863,0.7103333333333334,0.7462154030799866,1.130638837814331,0.3844234347343445,-0.08814719319343567,1.328639541497978e-06,4.7330997860030115e-05,0.5752618312835693,3.716085433959961
20477,9.83674013863697,10.985029673811125,1.1482887268066406,0.2575651092422044,0.7886666666666666,1.0707154273986816,1.378277063369751,0.30756163597106934,-0.060691509395837784,0.0008813678286969662,0.006854393465899176,0.5953342318534851,3.296975612640381
13749,10.061662919774145,10.89714013571676,0.8354772329330444,0.18809525031292357,0.712,0.7233824729919434,1.1048591136932373,0.38147664070129395,-0.09051169455051422,6.846864835097222e-07,2.9041788688510115e-05,0.5602988600730896,3.956007480621338
16721,10.68736465809977,12.082779864490918,1.3954166173934937,0.2962989077578018,0.8363333333333334,1.3273167610168457,1.615971326828003,0.2886545658111572,-0.048481110483407974,0.007910300977528095,0.04082060301954919,0.6199210286140442,3.1969950199127197
469,8.536841353857541,9.100187094605623,0.5633453130722046,0.1345705173426835,0.6516666666666666,0.4464575946331024,0.8977148532867432,0.45125725865364075,-0.1361384242773056,6.972403882553324e-14,4.6199148125798324e-11,0.5694950222969055,3.354330062866211
4564,10.248652274273336,11.090307366956484,0.8416558504104614,0.18044985578607153,0.7043333333333334,0.753405749797821,1.108240008354187,0.35483425855636597,-0.09388982504606247,2.5800073899517884e-07,1.3150099204477345e-05,0.5701095461845398,3.925961971282959
18362,8.313468425770822,9.285196013701924,0.9717277884483337,0.22205144452340347,0.7673333333333333,0.8742982149124146,1.160053014755249,0.2857547998428345,-0.0692518949508667,0.00014701418695040047,0.0016021644781798578,0.5783298015594482,2.9435627460479736
5217,8.564858425614615,9.136416529989972,0.571557879447937,0.1536182840599385,0.654,0.4946932792663574,0.7791733741760254,0.28448009490966797,-0.11471491307020187,2.9499822029599443e-10,7.366279326197806e-08,0.5340543389320374,3.6855154037475586
21016,9.758202586084085,10.676263683672842,0.9180619120597839,0.21796503014783045,0.7343333333333333,0.8325937986373901,1.1387181282043457,0.30612432956695557,-0.07115647196769714,9.59058670559898e-05,0.0011512178896974428,0.5827194452285767,3.536936044692993
4944,8.708819292750226,9.446472299639332,0.7376514673233032,0.20671212535742878,0.7143333333333334,0.719959020614624,0.821042001247406,0.10108298063278198,-0.0769922137260437,2.4262788429041393e-05,0.00039020688381268996,0.5574092864990234,3.443267583847046
8904,12.417223017523737,14.192168745251857,1.774943470954895,0.3130494648830292,0.816,1.755319595336914,1.8863451480865479,0.1310255527496338,-0.04315735772252083,0.01808168925344944,0.08117159416894038,0.6230618357658386,3.574624538421631
16733,9.493682630629666,10.339209236425974,0.8455264568328857,0.2076654234012474,0.731,0.8070122599601746,0.9558305144309998,0.1488182544708252,-0.07212144881486893,7.693245424889028e-05,0.000961800833685183,0.5673649907112122,3.627577066421509
13633,10.27756029648087,11.17603624879911,0.8984756469726562,0.2016761050078285,0.7293333333333333,0.8006516098976135,1.0976619720458984,0.2970103621482849,-0.07421191036701202,4.728157728095539e-05,0.0006341856904121668,0.5797582864761353,3.7981607913970947
19599,11.55922253374242,12.613069268779435,1.0538467168807983,0.21158868224405278,0.736,0.9752008318901062,1.2616640329360962,0.28646320104599,-0.0699528157711029,0.00012578093446791172,0.001441910850838033,0.6064769625663757,3.909686803817749
14194,9.736758170882556,10.61279523783409,0.8760378360748291,0.21047195216430367,0.739,0.8041101694107056,1.1192117929458618,0.31510162353515625,-0.06966560333967209,0.0001341082388535142,0.00150610371295489,0.5802480578422546,3.578704357147217
813,8.857679724258041,9.614876348129037,0.7571969628334045,0.17106055385116506,0.7063333333333334,0.6863937377929688,0.970068097114563,0.28367435932159424,-0.088935486972332,1.067129232978914e-06,4.1109292428594674e-05,0.5872699618339539,3.211151599884033
24300,9.467471002527722,10.418424555962513,0.9509528875350952,0.23158817993987774,0.7416666666666667,0.8613380789756775,1.17073392868042,0.30939584970474243,-0.062122754752635956,0.0006629234412685037,0.005513930268163202,0.5660716891288757,3.5698959827423096
20124,10.148742443181467,11.177058803020476,1.0283172130584717,0.1972785810804789,0.7486666666666667,0.9484202265739441,1.3019118309020996,0.3534916043281555,-0.07205023616552353,7.820274186087772e-05,0.0009740063300191274,0.6486034989356995,2.8992629051208496
22907,7.847356244341893,8.357336849065023,0.5099809765815735,0.15469326758888577,0.6503333333333333,0.4487934410572052,0.6720327734947205,0.22323933243751526,-0.10536926984786987,7.250336775399546e-09,7.748505076418934e-07,0.5456922650337219,3.2868223190307617
7212,10.037036227784627,11.231963564199871,1.194928526878357,0.2771852475299729,0.7986666666666666,1.1208051443099976,1.3383030891418457,0.21749794483184814,-0.047863129526376724,0.008742016740143299,0.04428486461788188,0.5823773741722107,3.4957947731018066
7546,9.546169741005542,10.80202958525538,1.2558594942092896,0.27211090719748804,0.814,1.1855937242507935,1.4147071838378906,0.22911345958709717,-0.046891648322343826,0.010207895189523697,0.049575764422699,0.5628639459609985,3.466096878051758
6285,11.287863935119447,12.227132634644251,0.9392696022987366,0.16381137923473832,0.685,0.8038472533226013,1.3205904960632324,0.5167432427406311,-0.0916767343878746,4.908829396299552e-07,2.197696187829786e-05,0.6504499912261963,3.334725856781006
7731,10.166777697516695,11.084474805788787,0.9176979064941406,0.21607086401840764,0.7283333333333334,0.8534336686134338,1.0304023027420044,0.17696863412857056,-0.06531967967748642,0.00034354484523646533,0.003188134656214033,0.5666837096214294,3.8853864669799805
14915,10.753603866128561,11.517943326163302,0.7643389701843262,0.16127537080849294,0.6953333333333334,0.6725599765777588,0.9914878010749817,0.3189278244972229,-0.09144033491611481,5.253424433249165e-07,2.290078308862432e-05,0.6060745120048523,3.77287220954895
7654,10.167487003061572,10.885360491731292,0.7178739309310913,0.15966469932531333,0.6716666666666666,0.622081995010376,1.007620930671692,0.3855389356613159,-0.09560804069042206,1.5501153427521785e-07,8.854365742306841e-06,0.5482974648475647,4.199071407318115
8349,8.823541632527872,9.74122007277784,0.917678713798523,0.23717422711351274,0.7733333333333333,0.8227601051330566,1.043760061264038,0.22099995613098145,-0.05563756823539734,0.0022999600041657686,0.014911482375344797,0.6056454181671143,2.923816442489624
1561,8.758085679781884,9.536186005818893,0.7780995965003967,0.17628413599182455,0.7003333333333334,0.6757783889770508,1.0162335634231567,0.34045517444610596,-0.08261193335056305,5.878821411897661e-06,0.00014735095988495475,0.5368748307228088,3.6383473873138428
14091,11.402089089359258,12.438535116084465,1.0364443063735962,0.21638075592443798,0.7366666666666667,0.961488664150238,1.141972303390503,0.1804836392402649,-0.06344307959079742,0.0005071059567853808,0.004386532728015579,0.6159151196479797,3.7410073280334473
12108,10.3812042896861,11.239340259662278,0.8581360578536987,0.18743331146893405,0.7123333333333334,0.7861239314079285,1.0315468311309814,0.24542289972305298,-0.07526936382055283,3.678325447253883e-05,0.0005207817182372698,0.5986141562461853,3.6531758308410645
14782,9.90049520756241,10.575411308040113,0.6749159693717957,0.15477575780250413,0.673,0.5521833300590515,1.0084075927734375,0.456224262714386,-0.09619739651679993,1.298927259085758e-07,7.684546445269852e-06,0.5918537378311157,3.6413986682891846
15567,9.18234128459116,9.91577596151799,0.7334354519844055,0.17197323861689617,0.695,0.6858847737312317,0.9276983141899109,0.2418135404586792,-0.08210453391075134,6.706976364512229e-06,0.00015843915587500075,0.6144144535064697,3.0899453163146973
17806,9.666073982272634,10.23565450322091,0.5695806741714478,0.13467414694799432,0.6583333333333333,0.4645673632621765,0.8555148243904114,0.39094746112823486,-0.11062048375606537,1.2394023585216019e-09,2.161126323043193e-07,0.6095535159111023,3.4268949031829834
16518,9.994774522094866,11.134449272780584,1.139675498008728,0.24677943021126014,0.7773333333333333,1.0447713136672974,1.3581010103225708,0.31332969665527344,-0.05093834921717644,0.005260097794234753,0.029738402717235043,0.5983742475509644,3.3322064876556396
308,9.108574662335553,10.051289628763513,0.9427143335342407,0.1969274584410035,0.7453333333333333,0.8535172939300537,1.1501086950302124,0.2965914011001587,-0.06617233157157898,0.00028687258600257337,0.0027789733258085543,0.5828729867935181,3.2499496936798096
7234,10.735441194337463,11.42419613918607,0.6887549757957458,0.13290950533416487,0.649,0.5711596012115479,1.0454269647598267,0.4742673635482788,-0.11100531369447708,1.0853419274425846e-09,2.0678412061671105e-07,0.5696844458580017,4.227254390716553
23097,10.528522830125056,11.448818360027028,0.9202958941459656,0.20045992920362027,0.72,0.8226270079612732,1.116013765335083,0.2933867573738098,-0.06631127744913101,0.00027851678896695375,0.0027139003583750523,0.5911321640014648,3.7607581615448
11843,6.835712350737982,7.352634752948974,0.5169225931167603,0.1766576804298343,0.6876666666666666,0.4413377642631531,0.6900051832199097,0.2486674189567566,-0.07806377112865448,1.864926889538765e-05,0.0003201296779814471,0.5486406087875366,2.801758289337158
7481,6.287649109961269,6.8386538433068,0.5510050654411316,0.1979170054006312,0.728,0.5373916029930115,0.6223665475845337,0.08497494459152222,-0.06544461101293564,0.0003346332523506135,0.003131751313665487,0.5967878699302673,2.20642352104187
9540,8.60034386014557,9.485409742103522,0.8850652575492859,0.24597852749824928,0.7553333333333333,0.843713104724884,1.0153030157089233,0.1715899109840393,-0.050294216722249985,0.005863469559699297,0.032488022373831166,0.5580132007598877,3.3073599338531494
8109,9.661835395311988,10.38694692249662,0.7251115441322327,0.16884081791424668,0.6836666666666666,0.6606614589691162,0.8901280760765076,0.22946661710739136,-0.0808977484703064,9.148370736511424e-06,0.00020071888907326058,0.5617834329605103,3.826620578765869
3122,9.279345952084604,10.28240806579716,1.0030618906021118,0.2447985090143472,0.767,0.9418414235115051,1.127445101737976,0.18560367822647095,-0.04963499680161476,0.006544658914208412,0.03520988519084632,0.5891774892807007,3.2211825847625732
14040,9.647943115683038,10.318834934571898,0.6708926558494568,0.17319721284485834,0.683,0.6125860214233398,0.8773341774940491,0.26474815607070923,-0.07818000763654709,1.8120799722964875e-05,0.0003135742430231403,0.5562616586685181,3.907970666885376
3867,10.104705983217425,10.764005875131664,0.6593002676963806,0.14905888960464758,0.6653333333333333,0.5926774740219116,0.8904081583023071,0.2977306842803955,-0.09239079803228378,3.9951783037395217e-07,1.9182645971433384e-05,0.5834688544273376,3.8242440223693848
13024,10.838158179973462,11.638004115305081,0.7998464107513428,0.1748514359190753,0.7066666666666667,0.765872597694397,0.9883899092674255,0.22251731157302856,-0.07362052798271179,5.433285696199164e-05,0.0007143045837899933,0.620353102684021,3.6184864044189453
11467,9.528515393738907,10.243503403999242,0.714988112449646,0.17298716962948218,0.6793333333333333,0.5994642376899719,0.963951826095581,0.36448758840560913,-0.07692257314920425,2.4679038688191213e-05,0.00039308488064412255,0.5784702897071838,3.602952718734741
22109,10.327401760594052,11.352529873415827,1.0251291990280151,0.22137252656531656,0.7286666666666667,0.967747688293457,1.129166603088379,0.16141891479492188,-0.05586627125740051,0.0022057294845581055,0.014413376296530578,0.5875092148780823,3.6576857566833496
16756,10.263707466602519,11.28374256054241,1.0200361013412476,0.22348412444799004,0.75,0.9697893857955933,1.152087688446045,0.18229830265045166,-0.05373815819621086,0.0032372926361858845,0.01978810056030228,0.5947951674461365,3.552191734313965
1397,10.389580070663522,10.952769884550678,0.5631899237632751,0.11802082622340924,0.6493333333333333,0.48881104588508606,0.8369097113609314,0.34809866547584534,-0.11701518297195435,1.2877909849606795e-10,3.878592302886119e-08,0.5596516132354736,4.259844779968262
6730,9.32865248311032,10.100716061942817,0.7720637321472168,0.15681182713970454,0.7043333333333334,0.6922563910484314,0.9688845276832581,0.27662813663482666,-0.08083277195692062,9.301703357778024e-06,0.00020274041594946443,0.5871793627738953,3.3977205753326416
17116,7.472260931021689,8.104279746132795,0.6320196390151978,0.2008906961746384,0.7233333333333334,0.5938025712966919,0.7358053922653198,0.14200282096862793,-0.061435334384441376,0.0007606504368595779,0.0061765561208720135,0.5782243609428406,2.7861690521240234
1999,10.268793539797931,11.095966372630881,0.8271727561950684,0.17834069505021988,0.703,0.7873850464820862,0.9900830388069153,0.2026979923248291,-0.07113943994045258,9.627772669773549e-05,0.001151509417146562,0.5942805409431458,3.6746768951416016
17327,9.98497730747843,10.793267188583267,0.8082907795906067,0.1867572914727026,0.7076666666666667,0.6938287019729614,1.0450981855392456,0.3512694835662842,-0.0674649253487587,0.00021740687952842563,0.0022447681473783667,0.5787737369537354,3.7381174564361572
13554,10.75215048857473,11.553185127707021,0.8010364770889282,0.1572322163194733,0.6863333333333334,0.731692910194397,1.04909348487854,0.31740057468414307,-0.0825071930885315,6.041411324986257e-06,0.00014826070903466274,0.6107755899429321,3.695747137069702
12090,9.570553278093143,10.43382334190797,0.8632702827453613,0.20396231761504474,0.7343333333333333,0.7862375974655151,1.0510293245315552,0.26479172706604004,-0.05941426008939743,0.0011308389948680997,0.008325487977773365,0.6027287244796753,3.2817885875701904
3513,9.570446328361607,10.146416481682277,0.575969934463501,0.14165407945379643,0.6473333333333333,0.47968342900276184,0.8210510611534119,0.34136763215065,-0.09683800488710403,1.0705716846359792e-07,6.560212311383524e-06,0.554932713508606,3.9398679733276367
15948,7.566685882183559,7.972485485162067,0.40580010414123535,0.11606435237191287,0.624,0.3499155640602112,0.6077966094017029,0.2578810453414917,-0.12212846428155899,1.9249924571029808e-11,9.110714300545965e-09,0.5593187808990479,3.107525110244751
3419,9.802259289539286,10.61039421823928,0.8081352710723877,0.18563383201254058,0.7146666666666667,0.7500566840171814,1.0035202503204346,0.2534635663032532,-0.06629172712564468,0.00027967910864390433,0.00271723427254327,0.5731569528579712,3.7208378314971924
11406,10.664780150860636,11.337244539006234,0.6724638938903809,0.14036053089268105,0.633,0.5866587162017822,0.956633448600769,0.3699747323989868,-0.09887158125638962,5.748167453134556e-08,3.967433077548914e-06,0.5329979658126831,4.622052192687988
12843,10.646811139590323,11.236868526408804,0.5900574922561646,0.13090362273191083,0.6536666666666666,0.527082085609436,0.8222986459732056,0.29521656036376953,-0.10253908485174179,1.8147094493770055e-08,1.541572411740005e-06,0.6033739447593689,3.8667776584625244
13598,8.144734298065064,8.775667864323612,0.6309333443641663,0.18041760599152254,0.6916666666666667,0.5993430614471436,0.724067747592926,0.12472468614578247,-0.06882265210151672,0.00016163762484211475,0.0017330273498444213,0.5608686208724976,3.2227377891540527
397,9.314446637405307,9.992582279109605,0.6781354546546936,0.15865263979042457,0.6743333333333333,0.6413860321044922,0.8315863609313965,0.1902003288269043,-0.07901430875062943,1.4724952052347362e-05,0.00028065316883447105,0.5979947447776794,3.338935136795044
5536,10.544037847984127,11.343626281288218,0.799588680267334,0.17523881125712157,0.6963333333333334,0.7376413345336914,0.9865128397941589,0.24887150526046753,-0.06781069189310074,0.00020170350035186857,0.0021080242797026517,0.6064707040786743,3.6644608974456787
17082,8.438130573961544,9.102570075024211,0.6644396781921387,0.18079113726594848,0.704,0.612834632396698,0.8155314326286316,0.2026968002319336,-0.06437181681394577,0.00041874387534335256,0.0037494552946284515,0.5844201445579529,3.1184051036834717
17469,9.866086681558478,10.804832847498927,0.9387457966804504,0.20437798520317765,0.7266666666666667,0.8472940921783447,1.1714787483215332,0.3241846561431885,-0.054993487894535065,0.0025855659041553736,0.016441420039283595,0.6033673286437988,3.346803903579712
18818,8.983090840946955,9.611729171748514,0.6286384463310242,0.16816865338340461,0.693,0.5791264772415161,0.7485771775245667,0.16945070028305054,-0.06979691237211227,0.0001302380405832082,0.0014726233052975045,0.571703314781189,3.4880335330963135
23945,10.056623491029553,10.688501775480415,0.6318783164024353,0.15259485445567408,0.6573333333333333,0.5730642080307007,0.9106781482696533,0.33761394023895264,-0.08014263957738876,1.1085800906585064e-05,0.00023245100255390075,0.5495491623878479,4.182765960693359
22267,10.30027933548368,11.06328406883628,0.7630043029785156,0.17756632834405262,0.6926666666666667,0.7157455086708069,0.8916293382644653,0.17588382959365845,-0.06503112614154816,0.0003649779537227005,0.0033681670214019683,0.5653812289237976,4.045306205749512
12002,10.279763588107818,11.010380708363142,0.7306179404258728,0.1629281910589907,0.6906666666666667,0.6276324391365051,0.9444040060043335,0.31677156686782837,-0.0704343318939209,0.00011290762631688267,0.0013125016350450257,0.5988438725471497,3.686264753341675
8068,9.637063451952871,10.796402758551128,1.159340739250183,0.2802622516050153,0.8066666666666666,1.119782567024231,1.2290735244750977,0.1092909574508667,-0.034979887306690216,0.05540100485086441,0.20220116770822177,0.5810719728469849,3.3635761737823486
24450,8.99736157899579,9.557791866379073,0.5604301691055298,0.14877228061683156,0.6646666666666666,0.4861258268356323,0.7410805821418762,0.2549547553062439,-0.0798516571521759,1.1932121196878143e-05,0.00024553489146122537,0.6048738360404968,3.2161030769348145
23181,10.198810954831426,11.15397840431183,0.9551665782928467,0.21711249451151396,0.7306666666666667,0.8921754360198975,1.0816746950149536,0.18949925899505615,-0.04942820221185684,0.006772628985345364,0.036248335748706284,0.5582809448242188,3.971756935119629
10095,9.521310881639913,10.115495147389009,0.5941843390464783,0.14784097713014846,0.6546666666666666,0.4875878393650055,0.8699938654899597,0.3824060261249542,-0.0809854045510292,8.945769877755083e-06,0.00019758223736668395,0.5552177429199219,3.905008554458618
19206,10.357203986591019,11.01609533778262,0.658890962600708,0.14121067207788635,0.6653333333333333,0.5474247932434082,0.904761016368866,0.35733622312545776,-0.083168163895607,5.08348603034392e-06,0.000131574915769761,0.5849477648735046,3.9133636951446533
16323,8.431388940356127,9.039963755243514,0.6085750460624695,0.13822481171678844,0.694,0.5405896306037903,0.7842562198638916,0.24366658926010132,-0.08125549554824829,8.348029950866476e-06,0.0001868717785623016,0.6244009733200073,2.7868268489837646
19095,9.876357474280928,10.692683908897274,0.8163256049156189,0.18182189655162767,0.714,0.776745617389679,0.9716104865074158,0.19486486911773682,-0.0598677322268486,0.001035618013702333,0.0078123994168973615,0.6157101988792419,3.2927632331848145
13442,11.126981000902461,12.00159820922933,0.8746163845062256,0.14832955759116126,0.6973333333333334,0.7992917895317078,1.0903701782226562,0.2910783886909485,-0.07486547529697418,4.0501112380297855e-05,0.0005650462975028262,0.6345622539520264,3.5112195014953613
19872,9.767898125200833,10.939424748264452,1.1715253591537476,0.26671489874637366,0.7673333333333333,1.1147353649139404,1.3507238626480103,0.23598849773406982,-0.037836894392967224,0.0382382906973362,0.14527919389939772,0.5754546523094177,3.472754955291748
4705,10.774199670553664,11.488908765106006,0.714708149433136,0.1501733073582756,0.668,0.6566111445426941,0.9136247038841248,0.25701355934143066,-0.0769556537270546,2.448039231239818e-05,0.0003918045397631651,0.5685060620307922,4.242685317993164
11447,8.31126022879448,9.17837905336995,0.8671200275421143,0.2362212865980427,0.7623333333333333,0.8120761513710022,0.9604874849319458,0.1484113335609436,-0.04269689694046974,0.019350949674844742,0.08405493535879542,0.6007757186889648,2.7971131801605225
15824,9.370603024436585,9.896599110063272,0.5259957313537598,0.13603986148745223,0.65,0.4562910199165344,0.7376246452331543,0.2813336253166199,-0.08682798594236374,1.9094402432529023e-06,6.141723811550355e-05,0.5737154483795166,3.6927714347839355
17560,9.463818551461028,10.265869679359295,0.8020509481430054,0.20099767541535538,0.7116666666666667,0.7471784353256226,0.9759920239448547,0.22881358861923218,-0.05359490588307381,0.003320423886179924,0.020258866178478985,0.5835410356521606,3.473262310028076
19210,10.86072825513846,11.783071035954556,0.9223425984382629,0.21052502205355408,0.7233333333333334,0.8949790000915527,1.0923024415969849,0.19732344150543213,-0.0502220094203949,0.005934761371463537,0.03266090435823704,0.5889514088630676,3.921071767807007
24428,10.600683328884566,11.245693296754068,0.645009458065033,0.14390174015536458,0.6773333333333333,0.550658106803894,0.8829302191734314,0.33227211236953735,-0.07831927388906479,1.7505970390629955e-05,0.0003052488416008265,0.5872170925140381,3.9970202445983887
12018,10.47389156224866,11.505224145802504,1.0313327312469482,0.21497199571528086,0.7486666666666667,0.9325566291809082,1.1665905714035034,0.23403394222259521,-0.04709411412477493,0.009885558858513832,0.04830509808002408,0.5956923365592957,3.6203176975250244
12604,10.467658447375142,11.176237558783589,0.7085797786712646,0.15654967003793696,0.6673333333333333,0.6113758683204651,0.9746798872947693,0.3633040189743042,-0.0717751756310463,8.329147385666147e-05,0.0010182459516129868,0.5657103657722473,4.145144939422607
24064,8.235810632945064,8.8087650680971,0.5729545950889587,0.1696462200094229,0.692,0.5431976914405823,0.6612531542778015,0.11805546283721924,-0.06322211772203445,0.0005305387894622982,0.004530090230640706,0.5660082697868347,3.249976873397827
9047,9.408061947504756,9.995676641001525,0.5876145958900452,0.14799431654747774,0.652,0.4794967472553253,0.8374278545379639,0.35793110728263855,-0.07685285806655884,2.5102071958826855e-05,0.00039601506856949226,0.5637062191963196,3.773437023162842
18727,9.904865174885344,10.36472384204151,0.4598584771156311,0.10722087850396479,0.6196666666666667,0.42647889256477356,0.6124366521835327,0.18595775961875916,-0.11103782057762146,1.0732041921812652e-09,2.0678412061671105e-07,0.5797491073608398,3.895925998687744
13731,10.212008590403235,11.101290710908088,0.8892817497253418,0.19346751658017658,0.7153333333333334,0.8430859446525574,1.0754504203796387,0.2323644757270813,-0.053016744554042816,0.003676271066069603,0.02198463184456425,0.5825003385543823,3.7455027103424072
14287,11.595438575125362,12.647888441532306,1.0524495840072632,0.20120432839029112,0.7553333333333333,0.9678291082382202,1.2189881801605225,0.25115907192230225,-0.04827501252293587,0.008179472759366035,0.041818816746573576,0.5900442600250244,4.132625102996826
20942,9.977640907791628,10.634632733628,0.6569924354553223,0.1544381955222919,0.6653333333333333,0.5396057367324829,0.8762717843055725,0.3366660475730896,-0.07116464525461197,9.572951967129484e-05,0.0011512178896974428,0.5690839290618896,3.925642251968384
9709,9.873162011769715,10.581008229694374,0.7078461050987244,0.1628725109929235,0.6873333333333334,0.6498895883560181,0.892302930355072,0.24241334199905396,-0.06468962132930756,0.0003919663722626865,0.0035577660035788503,0.6037333607673645,3.4850542545318604
7681,12.466671282845581,13.22293092024704,0.7562589645385742,0.13373549975824162,0.656,0.6623109579086304,1.0377485752105713,0.3754376173019409,-0.08239882439374924,6.21407025391818e-06,0.0001502716405199338,0.6279597878456116,4.16320276260376
8993,10.901826345658575,11.480771721194657,0.5789462327957153,0.11360940667139237,0.6176666666666667,0.4624534547328949,0.8691155314445496,0.40666207671165466,-0.10287315398454666,1.6304682048939867e-08,1.4215108323194153e-06,0.5594858527183533,4.47849702835083
17552,8.223040687073,8.681596352996571,0.45855581760406494,0.12932033696129536,0.654,0.42431190609931946,0.6343140006065369,0.2100020945072174,-0.08516193181276321,2.996577450176119e-06,8.646816605968179e-05,0.5783835053443909,3.201748847961426
7399,9.150041087269663,9.713892399405516,0.5638511776924133,0.1386315121281263,0.6583333333333333,0.5094768404960632,0.7708134055137634,0.2613365650177002,-0.07866271585226059,1.6074409359134734e-05,0.0002911923732663917,0.5915998220443726,3.403304100036621
21708,10.16541418047461,10.858065618051748,0.6926509737968445,0.15881162100002716,0.6713333333333333,0.6812910437583923,0.7598816752433777,0.07859063148498535,-0.06713651120662689,0.0002333815791644156,0.0023572962554015515,0.5776824355125427,3.8929007053375244
6838,10.635165319334716,11.312813764012393,0.6776478886604309,0.13985932398190967,0.669,0.6223177313804626,0.8493782877922058,0.22706055641174316,-0.07649274170398712,2.739786941674538e-05,0.0004125870062621702,0.5973535180091858,3.8774163722991943
11949,10.35062064998849,11.169574860264218,0.8189529776573181,0.1768540694413581,0.6893333333333334,0.7265309691429138,1.0694456100463867,0.3429146409034729,-0.05864234268665314,0.0013117219787091017,0.00950926677344257,0.5861971974372864,3.803046941757202
24344,10.37512304027646,11.052334364800302,0.6772114038467407,0.14495594442556586,0.6753333333333333,0.5236747860908508,0.9401211142539978,0.416446328163147,-0.07295931130647659,6.339295214274898e-05,0.0008077725017266437,0.605410635471344,3.683922052383423
5411,10.66804610178571,11.427327839597515,0.7592806816101074,0.15631723595904876,0.6643333333333333,0.6846535801887512,0.9982753992080688,0.3136218190193176,-0.06872018426656723,0.00016532264999113977,0.0017611380688766754,0.5922791957855225,3.8998773097991943
8412,7.510483574015069,7.908652823555986,0.39816898107528687,0.1078401075690601,0.6363333333333333,0.3225104808807373,0.5983457565307617,0.2758352756500244,-0.10348130762577057,1.3406775245528024e-08,1.2549120121910754e-06,0.5704551935195923,2.9989514350891113
21348,9.588802870921752,10.373902271898832,0.7850993871688843,0.19227108547866814,0.7026666666666667,0.7072752714157104,0.960657000541687,0.25338172912597656,-0.05252895504236221,0.004003086127340794,0.02364032859158654,0.5599726438522339,3.7797014713287354
6200,9.462185391824459,9.937085997260194,0.4749012887477875,0.11904106939237023,0.638,0.41924235224723816,0.6396777629852295,0.22043541073799133,-0.09321500360965729,3.143959759199788e-07,1.5781725276104392e-05,0.5676751732826233,3.82114839553833
4484,10.004135519988688,10.708622813715301,0.7044869065284729,0.1717623385526563,0.6783333333333333,0.6023563146591187,0.9481226801872253,0.3457663655281067,-0.06056978181004524,0.0009027328342199326,0.00700410744676964,0.5757328271865845,3.83882999420166
18042,10.051575761114988,10.887648740250935,0.8360727429389954,0.19101149218016295,0.7173333333333334,0.7566527724266052,0.9973718523979187,0.24071907997131348,-0.05072567239403725,0.005452785175293684,0.03051533325295266,0.5588623285293579,3.966878890991211
21980,9.935715478012636,10.790995840265536,0.8552811741828918,0.19044026014730842,0.7186666666666667,0.7773955464363098,1.0149539709091187,0.23755842447280884,-0.050549186766147614,0.005617558490484953,0.03127894332601117,0.5830861330032349,3.6436355113983154
18955,11.064018897075155,11.605964180793993,0.5419450998306274,0.11628399743704393,0.627,0.4491613805294037,0.8422843813896179,0.39312300086021423,-0.09466271847486496,2.0538705314265826e-07,1.1154873886256177e-05,0.525982677936554,4.959482669830322
5756,10.536639304651809,11.196878765074288,0.6602392196655273,0.1406320849796959,0.653,0.5507724285125732,0.9649884700775146,0.4142160415649414,-0.0750865787267685,3.8423502701334655e-05,0.0005393943408878039,0.5808779001235962,4.032619953155518
4381,9.16728633832896,9.730870948610102,0.5635842084884644,0.14567614038906904,0.6786666666666666,0.49624335765838623,0.7365007996559143,0.24025744199752808,-0.06936141103506088,0.00014348681725095958,0.0015793083905396314,0.5879141688346863,3.4463694095611572
15812,10.108976539392417,10.636168702141287,0.5271913409233093,0.12099129092089374,0.63,0.4601914584636688,0.6831000447273254,0.22290858626365662,-0.08959485590457916,8.871284080669284e-07,3.5410318264165464e-05,0.5891353487968445,3.8428335189819336
18760,8.665316148362864,9.25968588879449,0.5943692326545715,0.15675420164573564,0.6733333333333333,0.5381686091423035,0.727977454662323,0.18980884552001953,-0.0644647404551506,0.0004107480344828218,0.0036878272039067446,0.580131471157074,3.29348087310791
2637,8.149010786067574,8.800796972036894,0.6517864465713501,0.1823372251878936,0.707,0.5683321356773376,0.8141244053840637,0.24579226970672607,-0.05277257412672043,0.0038367589004337788,0.022758556475316397,0.5650664567947388,3.1759755611419678
4885,8.615541501662051,9.198635899921198,0.5830936431884766,0.15779661034635933,0.6766666666666666,0.5317935943603516,0.7704204320907593,0.23862683773040771,-0.06363353133201599,0.0004876759776379913,0.0042742606188218655,0.5799541473388672,3.280754804611206
9489,10.639798176470942,11.442971447127587,0.8031725287437439,0.1689047431184639,0.6976666666666667,0.7091765999794006,1.0100510120391846,0.30087441205978394,-0.057463642209768295,0.0016399637097492814,0.01148668027568577,0.5974048972129822,3.8037109375
18261,10.829372623853835,11.427273010253051,0.5979009866714478,0.11094591299284362,0.6393333333333333,0.4553186297416687,0.9158260226249695,0.4605073928833008,-0.09544424712657928,1.6278777081879525e-07,8.988598078711145e-06,0.6171170473098755,3.777407646179199
3296,10.48138552615002,11.133624037250154,0.6522379517555237,0.14056253070611943,0.6526666666666666,0.5609184503555298,0.9241296052932739,0.36321115493774414,-0.07377377152442932,5.2416467951843515e-05,0.0006946230332978302,0.5745863318443298,4.084157466888428
8903,10.535876112861015,11.339190908750355,0.8033151030540466,0.16752982592514587,0.687,0.7322090864181519,1.0301604270935059,0.297951340675354,-0.0587611198425293,0.001282262965105474,0.009336565282185572,0.5974279046058655,3.7615270614624023
16168,9.169729915967414,9.59706713665945,0.4273364543914795,0.09101372432830207,0.6236666666666667,0.367455393075943,0.668858528137207,0.30140313506126404,-0.1186743825674057,7.011595470896026e-11,2.5810461994531703e-08,0.6124900579452515,3.2916219234466553
7357,8.806422362423216,9.513799684857773,0.7073774933815002,0.18628629842773223,0.704,0.6583831906318665,0.8576676249504089,0.19928443431854248,-0.05083079636096954,0.005356739740818739,0.030180384178056123,0.5932627320289612,3.1622397899627686
1353,10.19556469040587,10.76714400848678,0.5715785026550293,0.12507822832611648,0.6513333333333333,0.4625427722930908,0.8305727243423462,0.36802995204925537,-0.08160151541233063,7.637554517714307e-06,0.0001769455812390734,0.5941957235336304,3.797773599624634
4846,9.894544327596675,10.606470916392738,0.7119271755218506,0.1659308612132162,0.6903333333333334,0.6783655881881714,0.8848922252655029,0.20652663707733154,-0.057992830872535706,0.0014842363307252526,0.010484594805315058,0.5948153138160706,3.585653305053711
6866,11.479890697523958,12.365544272654937,0.8856530785560608,0.1466647595144737,0.6816666666666666,0.8348414301872253,1.1381478309631348,0.3033064007759094,-0.06591668725013733,0.00030287454137578607,0.002912222733805496,0.6382216811180115,3.5879321098327637
17129,10.107099406975962,10.863117177848682,0.7560177445411682,0.17137986855646858,0.697,0.6883247494697571,0.9531762599945068,0.26485151052474976,-0.05502329766750336,0.002571666380390525,0.01638448215044963,0.5810768604278564,3.7947936058044434
250,8.877074506842877,9.352974492226313,0.4758998155593872,0.1293698642527527,0.6456666666666667,0.3505687713623047,0.714697003364563,0.3641282320022583,-0.07835357636213303,1.7358090190100484e-05,0.0003042717079354651,0.5719876289367676,3.5272886753082275
20816,9.396230313225805,10.029084050085276,0.6328541040420532,0.15253874395925582,0.661,0.5724167227745056,0.8425559401512146,0.270139217376709,-0.06456983834505081,0.00040186711703427136,0.0036271490924105897,0.5858516097068787,3.52067494392395
21207,8.508784251725416,8.954005985856336,0.44522109627723694,0.12734777603691716,0.6473333333333333,0.43359068036079407,0.49887409806251526,0.06528341770172119,-0.07878521829843521,1.559161137265619e-05,0.0002869722693200553,0.555254340171814,3.537033796310425
13657,9.725690704991433,10.318796490285674,0.593105673789978,0.1401087408697617,0.6626666666666666,0.5172476768493652,0.850426435470581,0.3331787586212158,-0.06977786868810654,0.0001307933562202379,0.0014738720719647898,0.5639790892601013,3.9061050415039062
3425,8.950473641078064,9.51937032197028,0.568897008895874,0.15172585962302845,0.667,0.5272477865219116,0.727170467376709,0.19992268085479736,-0.06397444754838943,0.0004546231939457357,0.004027183533535354,0.5730623006820679,3.495281219482422
8027,7.094923042208856,7.506558163687099,0.4116358160972595,0.11544900081635551,0.632,0.3320803940296173,0.6230282783508301,0.29094788432121277,-0.08862338960170746,1.1641187711575185e-06,4.3333994256683806e-05,0.5792561173439026,2.7467031478881836
15984,10.699031049553257,11.840717893257168,1.1416856050491333,0.22122696286905172,0.767,1.0570343732833862,1.3350017070770264,0.27796733379364014,-0.0378444604575634,0.03819994255900383,0.14527919389939772,0.6382046341896057,3.1422300338745117
11320,10.137152191161622,10.820992358629699,0.6838396191596985,0.15263328565560788,0.679,0.6359143853187561,0.8341967463493347,0.1982823610305786,-0.06189153343439102,0.0006944037158973515,0.005722784852656531,0.5873576998710632,3.7813591957092285
3554,9.051574529898017,9.536586859824604,0.48501256108283997,0.12143689626905443,0.647,0.4058491289615631,0.6453325152397156,0.23948338627815247,-0.08135703951120377,8.133218216244131e-06,0.0001858300134511504,0.6045354008674622,3.286370038986206
9699,8.570097276526099,9.215014075453857,0.6449169516563416,0.17293163817656715,0.6903333333333334,0.6282652616500854,0.7693085074424744,0.14104324579238892,-0.05337849631905556,0.003449819516390562,0.02092634640083733,0.5984134078025818,3.05570912361145
23037,11.014564106407164,11.473790035384283,0.4592256546020508,0.09770164506612367,0.6146666666666667,0.42062923312187195,0.7433483004570007,0.3227190673351288,-0.10584130883216858,6.207180547335156e-09,6.854796384440458e-07,0.6196891665458679,3.9043805599212646
14329,9.857995425301173,10.40975765914814,0.5517625212669373,0.12650411905874578,0.6526666666666666,0.505377471446991,0.671683669090271,0.16630619764328003,-0.07637979090213776,2.8158765417174436e-05,0.00041598185755668387,0.5798148512840271,3.822263240814209
7814,10.025665792021027,10.72612750604923,0.7004616856575012,0.16015895504697786,0.6736666666666666,0.6254453659057617,0.9147061109542847,0.28926074504852295,-0.058089613914489746,0.001457268139347434,0.010316088345423182,0.5732825398445129,3.8765640258789062
10119,8.814967876740464,9.368790117521257,0.5538222789764404,0.14950639420162432,0.6673333333333333,0.4322851896286011,0.8214215636253357,0.3891363739967346,-0.06259806454181671,0.0006023025489412248,0.0050774258133391295,0.5762479901313782,3.4162213802337646
15468,10.387074519730655,10.984034768340647,0.5969601273536682,0.1299770351439085,0.6433333333333333,0.5378789901733398,0.7679004073143005,0.2300214171409607,-0.07464554905891418,4.267290569259785e-05,0.0005871276960593462,0.6003513932228088,3.7927942276000977
16783,10.437675938330687,11.052922374776495,0.6152465343475342,0.14008911607932042,0.6613333333333333,0.5521205067634583,0.8615279197692871,0.30940741300582886,-0.06722293794155121,0.00022907419770490378,0.002327984101215786,0.6106120347976685,3.688628673553467
24085,10.05183651487016,10.539411690027446,0.4875746965408325,0.1122020524576395,0.6383333333333333,0.4448179006576538,0.6565635204315186,0.21174561977386475,-0.0868736058473587,1.8857857639886788e-06,6.12510611381813e-05,0.6207529902458191,3.509465217590332
12299,10.322640422089304,11.055035161053512,0.7323958277702332,0.163112376276946,0.6953333333333334,0.685391902923584,0.9319881200790405,0.24659621715545654,-0.05410915985703468,0.00303056463599205,0.018837261986944957,0.6006556749343872,3.68237042427063
227,8.592815905561771,9.055608161873495,0.4627918303012848,0.12369427564783823,0.63,0.38965120911598206,0.6057291030883789,0.21607789397239685,-0.07868918031454086,1.5968853404046968e-05,0.0002911923732663917,0.563228189945221,3.4924421310424805
11429,9.949783274396419,10.322419985148146,0.37263643741607666,0.08812892748618632,0.573,0.2900274395942688,0.66011643409729,0.37008899450302124,-0.12101041525602341,2.936893089833248e-11,1.2162408508271938e-08,0.5615702867507935,4.153019428253174
10558,9.53341691291251,10.344197994292903,0.8107808232307434,0.20098297551899422,0.7046666666666667,0.7461329102516174,0.9230740070343018,0.17694109678268433,-0.04276566579937935,0.019156841561198235,0.08405493535879542,0.549324095249176,3.8510994911193848
1297,5.9498467241761155,6.265581881067241,0.315735399723053,0.10919819675827055,0.631,0.2877947986125946,0.43152934312820435,0.14373454451560974,-0.08789116889238358,1.4260667740018107e-06,5.026126832199999e-05,0.5677868127822876,2.392331838607788
20650,9.50429301286751,10.304218699863029,0.7999264597892761,0.19443339710651092,0.7126666666666667,0.7318658232688904,0.8958256244659424,0.163959801197052,-0.043540507555007935,0.017081568017601967,0.07699487733648343,0.5634086728096008,3.6988065242767334
12317,10.288026717143957,10.994250486818325,0.7062241435050964,0.1615291819562461,0.687,0.6264810562133789,0.9035732746124268,0.27709221839904785,-0.05400805547833443,0.003085717326030135,0.01910837663764082,0.5983617305755615,3.7094881534576416
19609,10.054122206986952,10.600179357797826,0.5460569858551025,0.12789903217853105,0.6373333333333333,0.4827691316604614,0.7157697081565857,0.23300057649612427,-0.07297848910093307,6.311095057753846e-05,0.000807284089820019,0.5990248322486877,3.7043519020080566
7632,9.880462760189156,10.42444981677199,0.5439874529838562,0.12728322397965983,0.6413333333333333,0.45573580265045166,0.7765044569969177,0.32076865434646606,-0.07278706133365631,6.597787432838231e-05,0.000835607579171894,0.5763999223709106,3.8718104362487793
13822,8.999095993886378,9.693479279420522,0.6943831443786621,0.18138025904673932,0.705,0.6326418519020081,0.8849117755889893,0.2522699236869812,-0.04618050158023834,0.011415849439799786,0.05434009941674812,0.5673834085464478,3.4991767406463623
19969,9.57829899259412,10.069301160450264,0.49100247025489807,0.10875383074081352,0.6343333333333333,0.38177376985549927,0.7719675898551941,0.3901938199996948,-0.085392527282238,2.8167889922769973e-06,8.258426487976719e-05,0.6222084164619446,3.3130948543548584
4951,10.40542549853046,11.692553115860262,1.2871285676956177,0.2777450771671284,0.8023333333333333,1.2552729845046997,1.3884514570236206,0.1331784725189209,-0.026360750198364258,0.1488833725452423,0.4424690816321326,0.6158474087715149,3.204597234725952
22613,8.941517788798276,9.40640642535561,0.46488866209983826,0.11971008242900717,0.6303333333333333,0.3714520335197449,0.7153606414794922,0.3439086079597473,-0.07723842561244965,2.284620495629497e-05,0.00037607683260306335,0.5817076563835144,3.4697394371032715
13918,7.454930294072876,7.842952366930636,0.38802245259284973,0.10486931513099969,0.6253333333333333,0.3158226013183594,0.6193899512290955,0.3035673499107361,-0.08866772055625916,1.14983788535028e-06,4.328878311551679e-05,0.5927035212516785,2.806385040283203
8823,11.851987873428996,12.610383496458383,0.7583951950073242,0.11176317108083458,0.6593333333333333,0.6659148931503296,0.956440806388855,0.2905259132385254,-0.0780211016535759,1.884697121568024e-05,0.00032185575070901363,0.6711643934249878,3.388347625732422
9319,10.47097746668019,11.189180501422255,0.7182040214538574,0.15650074986218449,0.6796666666666666,0.6583244204521179,0.8676102757453918,0.20928585529327393,-0.05327320843935013,0.0035143792629241943,0.021092642206644665,0.6112357974052429,3.6317498683929443
19801,9.802476692090217,10.338504817068804,0.5360285043716431,0.12819003179967334,0.645,0.4361495077610016,0.7942450642585754,0.35809555649757385,-0.06848327070474625,0.00017415617185179144,0.0018492929402082854,0.5622251629829407,3.9899094104766846
20311,7.900730974303412,8.3294491190922,0.4287186563014984,0.12562492809348413,0.645,0.3344448506832123,0.6265851855278015,0.29214033484458923,-0.06983339786529541,0.0001291821972699836,0.0014707237785410846,0.5743640661239624,3.1165947914123535
17581,9.852034708790494,10.335512472230583,0.48347750306129456,0.11533144974043154,0.6213333333333333,0.42833852767944336,0.7044405341148376,0.2761020064353943,-0.07860913872718811,1.6290414350805804e-05,0.0002912913432542106,0.5852248072624207,3.803436040878296
5174,6.59978069541087,6.9101416793412,0.31036123633384705,0.10834181955156623,0.61,0.2499217838048935,0.46923813223838806,0.21931634843349457,-0.08514874428510666,3.0072233130340464e-06,8.646816605968179e-05,0.563600480556488,2.705221652984619
3654,9.613949517288857,10.101970753640577,0.4880209267139435,0.12508684020203414,0.6246666666666667,0.4212755858898163,0.6334303021430969,0.21215471625328064,-0.0719674676656723,7.970180013217032e-05,0.0009816061852709304,0.5697164535522461,3.8586905002593994
4065,9.7149669748991,10.198724067910911,0.48375704884529114,0.11511945361451666,0.6186666666666667,0.39895209670066833,0.6755536198616028,0.27660152316093445,-0.07864194363355637,1.6158084690687247e-05,0.0002911923732663917,0.5836125612258911,3.7628633975982666
19124,10.220605737334468,10.83365841595157,0.613052248954773,0.1221161003342985,0.6503333333333333,0.5678954124450684,0.7963965535163879,0.22850114107131958,-0.07034052163362503,0.00011531424388522282,0.0013357905244466546,0.6006450653076172,3.7134222984313965
9789,9.04241153359415,9.502617000722143,0.46020522713661194,0.1267884163784615,0.6346666666666667,0.4094577729701996,0.6284912824630737,0.21903350949287415,-0.06932170689105988,0.0001447556569473818,0.0015879983161148207,0.56156325340271,3.7060911655426025
12737,10.180758328410404,10.709376168859032,0.5286176204681396,0.11891556047825884,0.6316666666666667,0.47290775179862976,0.6318457126617432,0.1589379608631134,-0.07413303852081299,4.816964064957574e-05,0.0006434920140001791,0.589776873588562,3.8646161556243896
15875,10.712325021045784,11.251225772632653,0.538901150226593,0.10908314657976471,0.6206666666666667,0.4983366131782532,0.822320818901062,0.32398420572280884,-0.08211053907871246,6.69662949803751e-06,0.00015843915587500075,0.5690546035766602,4.309763431549072
14655,11.077585956148237,11.71216814512269,0.6345827579498291,0.12491338726627516,0.6453333333333333,0.5059736967086792,0.9075589776039124,0.40158528089523315,-0.06886675953865051,0.00016007428348530084,0.0017218379908662393,0.6194337010383606,3.822674512863159
16283,10.388368764219308,10.853636194023514,0.46526700258255005,0.10112405213747991,0.6053333333333333,0.38824865221977234,0.6518785357475281,0.26362988352775574,-0.0904083326458931,7.050622343740542e-07,2.9198389781015523e-05,0.5800687670707703,4.092513561248779
16709,9.83275371158374,10.416809119678502,0.5840555429458618,0.14099228711936573,0.6626666666666666,0.5551676154136658,0.6560035943984985,0.10083597898483276,-0.059210944920778275,0.001176117337308824,0.008639638001117814,0.5482685565948486,4.12154483795166
11770,8.306442050470476,9.062863453073158,0.7564214468002319,0.21233714694202727,0.734,0.6950638890266418,0.8982093930244446,0.20314550399780273,-0.03511236980557442,0.054483093321323395,0.19989201348122304,0.5775706171989441,3.071998357772827
17460,10.52361877015463,11.113478212977766,0.5898586511611938,0.12678987381827445,0.6443333333333333,0.5430681705474854,0.7548338770866394,0.21176570653915405,-0.06694413721561432,0.0002432450419291854,0.0024346550571341125,0.5839008688926697,4.034449100494385
17384,9.814948190482049,10.40825558855133,0.593307614326477,0.14877557851672585,0.6736666666666666,0.5394755005836487,0.7459177374839783,0.2064422369003296,-0.05440905690193176,0.002872417913749814,0.017989263796319724,0.5645073056221008,3.9394118785858154
6955,9.761773417294405,10.723758145200108,0.9619846343994141,0.2285692393845804,0.7426666666666667,0.8969061970710754,1.1106408834457397,0.2137346863746643,-0.03204701095819473,0.0792580172419548,0.274093748562209,0.5898469686508179,3.436397075653076
19738,10.622507599233897,11.140559699784356,0.5180526375770569,0.1127854585986611,0.6106666666666667,0.42878225445747375,0.8174996972084045,0.3887174427509308,-0.07889809459447861,1.5158690985117573e-05,0.0002821390069308681,0.5671756267547607,4.303853988647461
18537,9.655700184033487,10.113605576053063,0.45790567994117737,0.1117179230818855,0.6136666666666667,0.40185123682022095,0.5977256894111633,0.19587445259094238,-0.0789804458618164,1.4850056686555035e-05,0.00028065316883447105,0.6126642823219299,3.4594554901123047
2448,9.2960552594722,9.86057586376535,0.5645207166671753,0.14098924777010863,0.669,0.5152016878128052,0.6591407656669617,0.1439390778541565,-0.05715953931212425,0.001736121135763824,0.012007869149865447,0.5901033282279968,3.477296829223633
15292,9.418520044727403,9.906194440451419,0.4876744747161865,0.11479991418865057,0.63,0.4542708992958069,0.691129744052887,0.23685884475708008,-0.07437455654144287,4.550047015072778e-05,0.0006152777861606576,0.6330695748329163,3.147209644317627
20103,10.289141990201976,10.842586836112632,0.5534452199935913,0.12696537516076198,0.6446666666666667,0.5202428698539734,0.7315179109573364,0.21127504110336304,-0.06546586751937866,0.0003331329207867384,0.003131751313665487,0.574019730091095,4.065283298492432
23032,10.609629711868077,11.346127999302057,0.7364975810050964,0.15249654123037099,0.675,0.6636611223220825,0.8615750670433044,0.19791394472122192,-0.05141671001911163,0.004848943557590246,0.027793339111239594,0.5507471561431885,4.360782146453857
5184,8.875705160668259,9.268439754348647,0.39273425936698914,0.10941484424861227,0.6093333333333333,0.3250727653503418,0.5923803448677063,0.2673075795173645,-0.07926616817712784,1.382520258630393e-05,0.00027102305425103504,0.5620322227478027,3.666543483734131
18649,7.927757369640733,8.313363707212833,0.3856064975261688,0.11514217442712786,0.6303333333333333,0.3208611011505127,0.5806184411048889,0.2597573399543762,-0.07213931530714035,7.661899144295603e-05,0.0009615102979186111,0.5725703835487366,3.167771339416504
4999,9.882632334719396,10.403161600300903,0.5205294489860535,0.12069438644908075,0.6223333333333333,0.4944719970226288,0.7149520516395569,0.2204800546169281,-0.06953106075525284,0.00013818172737956047,0.0015379393859235133,0.5835856795310974,3.8114962577819824
616,7.650441705116134,8.169665892850702,0.5192242860794067,0.13201212546994448,0.6466666666666666,0.436095267534256,0.6977769136428833,0.2616816461086273,-0.06109360232949257,0.0008140713325701654,0.006481973504208688,0.5419172048568726,3.223159074783325
23895,10.715219719478435,11.658611880037205,0.9433921575546265,0.20238634854906273,0.726,0.8899914026260376,1.1036370992660522,0.21364569664001465,-0.03546345606446266,0.05211111530661583,0.19204018354929728,0.5838499665260315,3.908339262008667
8777,10.168771632176565,11.007724219892618,0.8389523029327393,0.19212858933730914,0.7093333333333334,0.7992841005325317,0.9387919306755066,0.13950783014297485,-0.03792189434170723,0.0378061980009079,0.14413341079057293,0.5605239868164062,3.998678207397461
6154,9.45826253931787,9.848610531518736,0.3903476595878601,0.09577715511328612,0.6023333333333334,0.29008054733276367,0.6379269957542419,0.34784644842147827,-0.0895303413271904,9.03355612535961e-07,3.5628775527757605e-05,0.5845243334770203,3.701509952545166
13217,10.965284566076042,11.566084380009636,0.6008009314537048,0.11968670494216596,0.6433333333333333,0.520622730255127,0.7928380966186523,0.2722153663635254,-0.06691756844520569,0.00024463815498165786,0.002441223516428411,0.6090515851974487,3.920942544937134
10777,10.057904440795571,10.62594809869794,0.5680432319641113,0.1288223456363363,0.6363333333333333,0.4915968179702759,0.69251948595047,0.2009226679801941,-0.06263060122728348,0.0005983473383821547,0.005056950847092037,0.577515721321106,3.9212522506713867
66,7.3985922674733615,7.717803069319703,0.31921061873435974,0.09293637212638066,0.6123333333333333,0.27372175455093384,0.46287626028060913,0.1891545057296753,-0.0896529033780098,8.727611202630214e-07,3.5261677944285244e-05,0.5515116453170776,3.142133951187134
1486,9.854638355823608,10.58157177476177,0.7269341349601746,0.16756874170767636,0.6846666666666666,0.6342638731002808,0.987634003162384,0.35337013006210327,-0.044464342296123505,0.014867017976939678,0.06898379629916128,0.5775187015533447,3.7435829639434814
24070,10.941077911204893,11.47884463454034,0.5377671718597412,0.11097013256250571,0.625,0.46761512756347656,0.7511478662490845,0.2835327386856079,-0.07352934777736664,5.5505053751403466e-05,0.0007239694609385814,0.5763266086578369,4.325514316558838
6579,8.939640421226786,9.389295367195933,0.4496556520462036,0.118948801970554,0.646,0.3876045346260071,0.6148545145988464,0.22724997997283936,-0.06635097414255142,0.0002761706127785146,0.0026989771095434186,0.5901829600334167,3.398238182067871
3369,10.437911065312514,10.944865011702568,0.5069540739059448,0.11203972898833342,0.62,0.4459531903266907,0.716839611530304,0.2708864212036133,-0.07332437485456467,5.8228615671396255e-05,0.0007565153087032776,0.5758249759674072,4.135584354400635
10073,8.93368199862981,9.858530177646012,0.9248489737510681,0.19837254298342227,0.7436666666666667,0.8839649558067322,1.0290781259536743,0.14511317014694214,-0.0343790128827095,0.05972917750477791,0.21392731359278833,0.5995805859565735,3.0226988792419434
4718,9.933972508855247,10.375068522413585,0.44109615683555603,0.10265447686605521,0.6123333333333333,0.370850533246994,0.5950446724891663,0.22419413924217224,-0.0806601420044899,9.720318303152453e-06,0.00021047983358394822,0.5779195427894592,3.9380173683166504
15039,8.746892260853695,9.304724353441994,0.5578320026397705,0.15320310032318382,0.6723333333333333,0.5070300102233887,0.6348823308944702,0.12785232067108154,-0.049217309802770615,0.0070123858749866486,0.03724794506207108,0.5671747922897339,3.469487190246582
20279,8.54016272766496,9.104874445620569,0.5647114515304565,0.14859206490784313,0.6573333333333333,0.558349072933197,0.6876973509788513,0.1293482780456543,-0.05177551507949829,0.0045599667355418205,0.02622772533828134,0.5643756985664368,3.401592969894409
13216,10.617039916580632,11.337299877997019,0.7202600836753845,0.14386534416472876,0.684,0.6356161832809448,0.9085118174552917,0.2728956341743469,-0.05136970803141594,0.004888083320111036,0.027873012116226958,0.634584903717041,3.422560691833496
10528,8.676392141237798,9.047433966084292,0.371041476726532,0.10422528246006524,0.6136666666666667,0.35482510924339294,0.5081960558891296,0.1533709466457367,-0.0779118612408638,1.9361943486728705e-05,0.00032727611618128675,0.5873814225196838,3.3620972633361816
7698,7.019517081597316,7.393695639132636,0.37417834997177124,0.12438792049729602,0.6296666666666667,0.3243773281574249,0.5020179748535156,0.1776406466960907,-0.06357885152101517,0.0004931846633553505,0.004288506009701512,0.5504756569862366,2.949467658996582
10312,10.621780817801678,11.118438635006546,0.4966581165790558,0.1072954957335233,0.612,0.41080042719841003,0.7169192433357239,0.30611881613731384,-0.07556279003620148,3.428728086873889e-05,0.0004896282824057411,0.5699623227119446,4.284689903259277
17692,10.117522199477987,10.677758112887808,0.5602364540100098,0.1257512230447163,0.658,0.4940543472766876,0.6888567209243774,0.19480237364768982,-0.05961053445935249,0.0010886848904192448,0.00809880800810413,0.5908030867576599,3.809069871902466
11427,11.398814242521352,11.888169271278898,0.48935452103614807,0.09469872180680257,0.5936666666666667,0.36431998014450073,0.8641988039016724,0.49987882375717163,-0.08771511167287827,1.4970386246204725e-06,5.133108408662122e-05,0.5710956454277039,4.609532356262207
16968,10.039681850136708,10.531635302645705,0.49195396900177,0.11435235208455706,0.6076666666666667,0.4322653114795685,0.6701792478561401,0.23791393637657166,-0.07083439081907272,0.00010316666885046288,0.001220682763934227,0.5822477340698242,3.9076614379882812
13358,8.975082472187562,9.442161435709442,0.4670792520046234,0.12165456168752509,0.63,0.3415486514568329,0.6793109774589539,0.33776232600212097,-0.06416268646717072,0.0004372822295408696,0.0038839571755198417,0.554670512676239,3.7377939224243164
2339,10.18094671222259,10.722799697808021,0.5418522357940674,0.12176817762617051,0.6273333333333333,0.4312146008014679,0.8496052026748657,0.4183906018733978,-0.06420933455228806,0.00043308455497026443,0.0038570137919798015,0.537166953086853,4.421013355255127
7211,9.92566178062616,10.55480033601965,0.6291378140449524,0.14664160933445716,0.6653333333333333,0.5644920468330383,0.7742519974708557,0.20975995063781738,-0.050263602286577225,0.005893541034311056,0.032488022373831166,0.5851053595542908,3.7499916553497314
23596,10.010134392475893,10.657332309899237,0.6471977829933167,0.15143220751779943,0.6803333333333333,0.59128338098526,0.721320629119873,0.13003724813461304,-0.047546789050102234,0.009197346866130829,0.04630822213904474,0.5959123969078064,3.6592979431152344
6250,10.569399385131877,11.202514976938463,0.6331157088279724,0.13609445159568334,0.6596666666666666,0.5734231472015381,0.8009779453277588,0.2275547981262207,-0.054426588118076324,0.002863411558791995,0.017966822905829318,0.5754002332687378,4.123469829559326
16778,10.126465414964828,10.594160458590391,0.4676946997642517,0.10553359855764802,0.6093333333333333,0.371671587228775,0.7686944007873535,0.3970228135585785,-0.07559048384428024,3.406055475352332e-05,0.0004884961813784535,0.5643647313117981,4.147494792938232
3830,10.53652682839067,11.363937238096518,0.8274112343788147,0.1795154924703253,0.706,0.7918344140052795,0.9152621626853943,0.12342774868011475,-0.03827204182744026,0.036069829016923904,0.13846969123182953,0.615104615688324,3.5465168952941895
14773,10.378458594167554,11.076157081733705,0.6976979374885559,0.1576007098912134,0.695,0.6240143179893494,0.8931853771209717,0.2691710591316223,-0.043768510222435,0.016509605571627617,0.07502925001207447,0.60133296251297,3.7179999351501465
14706,9.787311748152028,10.316036537272437,0.5287248492240906,0.12386892507019663,0.641,0.45566806197166443,0.7152023315429688,0.2595342695713043,-0.06009526178240776,0.0009906792547553778,0.007579954667447036,0.5882510542869568,3.7188923358917236
19461,9.644320956433623,9.939104751952398,0.2947836220264435,0.07458531994385878,0.5773333333333334,0.22622208297252655,0.5560979247093201,0.3298758268356323,-0.11027520149946213,1.3956632516354261e-09,2.2372421931440185e-07,0.5813338160514832,3.8663833141326904
23756,11.398759800064955,11.954496598419176,0.5557370185852051,0.1079715045143819,0.628,0.4594583213329315,0.7077698111534119,0.24831148982048035,-0.0699366107583046,0.0001262375881196931,0.0014421556187604939,0.6033954620361328,4.185471057891846
10792,9.837725061266031,10.3935633345459,0.555837869644165,0.12763843724019527,0.6383333333333333,0.42966872453689575,0.8124480843544006,0.3827793598175049,-0.05810962989926338,0.0014517452800646424,0.010298998100330107,0.5946753025054932,3.6569294929504395
7166,6.434335607697744,6.763547043778927,0.32921141386032104,0.11327172481782305,0.6276666666666667,0.30771034955978394,0.393102765083313,0.08539241552352905,-0.06659218668937683,0.00026230394723825157,0.0025786735228496365,0.5632949471473694,2.6244637966156006
18067,8.323311200886883,8.845685505901255,0.5223734974861145,0.14419052832068643,0.6463333333333333,0.4436168670654297,0.7078850865364075,0.2642682194709778,-0.05068933218717575,0.00548635795712471,0.03065143998643198,0.5389701128005981,3.555751085281372
21523,9.358006501291289,9.874182589814637,0.5161756277084351,0.127696914585267,0.6473333333333333,0.43170294165611267,0.7383090853691101,0.30660614371299744,-0.056939102709293365,0.0018090272787958384,0.012434247665250234,0.5667011141777039,3.762296199798584
16613,8.119180793919506,8.556648060465669,0.4374670386314392,0.10686275527116672,0.6386666666666667,0.3701620101928711,0.587415874004364,0.21725386381149292,-0.06893260776996613,0.00015776421059854329,0.0017025173606285795,0.5895811319351196,3.074342727661133
20347,10.209324715842417,10.65287980338902,0.4435548782348633,0.10262163246125801,0.614,0.3810729682445526,0.6047077178955078,0.2236347496509552,-0.07439270615577698,4.530597652774304e-05,0.0006151586075262815,0.5979416966438293,3.8395235538482666
13206,7.415441641661262,7.809149717160482,0.3937073051929474,0.127755724175573,0.655,0.34166011214256287,0.4979536235332489,0.15629351139068604,-0.055552657693624496,0.0023359188344329596,0.015115037301711709,0.578193187713623,2.9002444744110107
14996,10.058036378370693,10.461224017950142,0.40318742394447327,0.08657642968725777,0.6033333333333334,0.3684975504875183,0.4919370412826538,0.1234394907951355,-0.08840417116880417,1.2372595392662333e-06,4.5044404984494844e-05,0.5832897424697876,3.9561116695404053
17139,10.02345352861193,10.549794661244947,0.5263411402702332,0.12174212556535204,0.6423333333333333,0.4687492847442627,0.7131131291389465,0.24436384439468384,-0.05893443897366524,0.001240352401509881,0.009071274848128556,0.5958924889564514,3.736910104751587
8486,11.085158735434101,11.59996094946135,0.5148022174835205,0.10674386600890005,0.625,0.42561426758766174,0.7830901741981506,0.3574759066104889,-0.06894682347774506,0.0001572712353663519,0.0017025173606285795,0.6089596152305603,4.0212507247924805
17953,11.04365022436969,11.508907891676692,0.4652573764324188,0.09688158977184529,0.5983333333333334,0.36081206798553467,0.7713268399238586,0.410514771938324,-0.07930933684110641,1.3676413800567389e-05,0.00027102305425103504,0.5908488631248474,4.243625164031982
3256,10.092580877730946,10.599792871815309,0.5072122812271118,0.11447055368267192,0.6313333333333333,0.42832958698272705,0.6571346521377563,0.2288050651550293,-0.06331615149974823,0.0005204532062634826,0.004455456000906764,0.5934446454048157,3.8021903038024902
10363,10.123112154080475,10.93959240835684,0.8164805769920349,0.19242978803318664,0.6743333333333333,0.6918823719024658,1.076743721961975,0.3848613500595093,-0.03523705154657364,0.053630512207746506,0.196982136301845,0.5209774971008301,4.423830986022949
10992,10.392793756975932,10.772828136129812,0.3800349533557892,0.08628275763586796,0.603,0.3151865601539612,0.5576032996177673,0.24241673946380615,-0.08770101517438889,1.5029022506496403e-06,5.133108408662122e-05,0.599236786365509,3.937318801879883
3893,10.110303172801359,10.596670308415277,0.4863678812980652,0.11269456101501207,0.6463333333333333,0.4177374243736267,0.6553508043289185,0.23761337995529175,-0.062250569462776184,0.0006460781442001462,0.005405194171048192,0.6102734804153442,3.6434366703033447
19514,7.790156219164021,8.112822683578573,0.32266631722450256,0.0948675724944757,0.604,0.28530457615852356,0.4770120084285736,0.19170743227005005,-0.07859348505735397,1.6353815226466395e-05,0.0002912913432542106,0.5911587476730347,2.994190216064453
20820,10.387799226443116,10.910426082547906,0.5226269364356995,0.11599280890352723,0.6313333333333333,0.44724851846694946,0.7463454604148865,0.299096941947937,-0.061304762959480286,0.000780657515861094,0.006308093536701962,0.5750603079795837,4.113646507263184
10597,10.648121805661862,11.22489606739836,0.5767744183540344,0.11819387995944582,0.653,0.49801772832870483,0.7762556076049805,0.27823787927627563,-0.058141496032476425,0.0014430073788389564,0.010297093024805123,0.6137491464614868,3.7588510513305664
24184,9.893610529122178,10.43801938475799,0.5444091558456421,0.12874525962853972,0.647,0.42840027809143066,0.7391824722290039,0.31078219413757324,-0.053739555180072784,0.003236471675336361,0.01978810056030228,0.5709023475646973,3.9345204830169678
6810,11.26415826696582,12.477264273809586,1.2131059169769287,0.22483036033730297,0.7663333333333333,1.123828649520874,1.410088062286377,0.28625941276550293,-0.025946689769625664,0.1553725302219391,0.45755483788914153,0.6128142476081848,3.617913007736206
9969,8.512267173324556,8.979005675879744,0.4667392671108246,0.10573298242774845,0.6316666666666667,0.43173184990882874,0.5949674844741821,0.1632356345653534,-0.06667075306177139,0.0002579317369963974,0.0025432376329436444,0.5994923114776611,3.129422426223755
20304,10.235940637400894,10.87396091204257,0.6380204558372498,0.14018428731504837,0.6616666666666666,0.5557375550270081,0.9156880974769592,0.35995054244995117,-0.04766135290265083,0.009030085988342762,0.04553527378901,0.6002084016799927,3.7092978954315186
9133,9.74776081700509,10.170984943070133,0.42322391271591187,0.10516659344650228,0.6083333333333333,0.3838668167591095,0.5055420994758606,0.1216752827167511,-0.06908047944307327,0.00015269781579263508,0.0016586487335114755,0.5768973231315613,3.8801465034484863
20744,9.290200111330368,9.676261635738076,0.3860619366168976,0.09993761512424185,0.6116666666666667,0.29793453216552734,0.5833799839019775,0.2854454517364502,-0.07174190133810043,8.392766903853044e-05,0.001022251351193571,0.567151665687561,3.8022921085357666
10066,9.889583822662441,10.373359370568961,0.48377537727355957,0.11435426653849365,0.6246666666666667,0.4019700586795807,0.7399982810020447,0.338028222322464,-0.061071932315826416,0.0008175772964023054,0.006481973504208688,0.5923671722412109,3.744746446609497
1680,8.536426923127523,9.047019121895234,0.5105924606323242,0.13861844915006521,0.655,0.4276769757270813,0.6550958752632141,0.2274188995361328,-0.04781748726963997,0.008806456811726093,0.044543193003432895,0.5742304921150208,3.341352701187134
6408,9.656647925449537,10.387048713569117,0.7304021716117859,0.17819362368675454,0.6976666666666667,0.6466560363769531,0.9077818393707275,0.2611258029937744,-0.034666694700717926,0.057623621076345444,0.2073194827928929,0.5880719423294067,3.54831600189209
16386,9.955416371245684,10.476519459226036,0.5211027264595032,0.11626543614456289,0.609,0.5018466114997864,0.6504569053649902,0.14861029386520386,-0.06073865666985512,0.0008732081041671336,0.006822968040343664,0.5794310569763184,3.884995698928833
24552,9.753566673628535,10.156295007858247,0.40272870659828186,0.09687218999568996,0.6096666666666667,0.3687409460544586,0.563665509223938,0.19492456316947937,-0.07233914732933044,7.31732216081582e-05,0.0009217600121210194,0.6036479473114014,3.6227400302886963
23330,8.153405887624338,8.450855961602603,0.2974497675895691,0.08629433175007553,0.5866666666666667,0.20090214908123016,0.5517460703849792,0.3508439064025879,-0.08396025002002716,4.126430667383829e-06,0.0001111452422848994,0.572425901889801,3.3159172534942627
12986,9.859454648491907,10.425855726934614,0.5664008259773254,0.11555088393790396,0.6556666666666666,0.5274944305419922,0.6792182326316833,0.15172380208969116,-0.05593609809875488,0.0021776529029011726,0.01428626547982492,0.6525958180427551,3.0555849075317383
6036,9.707253428740522,10.018943247944705,0.3116898536682129,0.0752999167224339,0.5803333333333334,0.2023201584815979,0.5990186333656311,0.3966984748840332,-0.09687688201665878,1.058046592561368e-07,6.560212311383524e-06,0.5558077692985535,4.138647079467773
16983,8.32030966369917,8.737074705060502,0.4167652726173401,0.12060339688081902,0.6273333333333333,0.3460780680179596,0.537898600101471,0.19182053208351135,-0.055911969393491745,0.002187293954193592,0.014321155870046186,0.5486326217651367,3.5268654823303223
23497,9.083969545049552,9.545546983518749,0.4615778923034668,0.1141144857323839,0.629,0.39654824137687683,0.6513851284980774,0.25483688712120056,-0.05871066823601723,0.0012946987990289927,0.009406441055225992,0.5981189608573914,3.3745968341827393
1564,9.002297474017848,9.731548883105685,0.7292511463165283,0.16286812581178944,0.716,0.6979575157165527,0.8381364345550537,0.14017891883850098,-0.03589843213558197,0.04929247125983238,0.1822611130399829,0.5968993306159973,3.193542242050171
6926,8.952548273323506,9.548288650616712,0.5957404971122742,0.14650511709081018,0.669,0.5542941093444824,0.6981174945831299,0.14382338523864746,-0.04267823323607445,0.019404156133532524,0.08405493535879542,0.6039695143699646,3.185673236846924
11232,9.63721878469916,10.534353369392429,0.89713454246521,0.2163770735056783,0.7486666666666667,0.8330916166305542,1.0415384769439697,0.20844686031341553,-0.02581450156867504,0.15748921036720276,0.4629651765275446,0.6017656922340393,3.298006296157837
17296,8.347310546617125,8.714962101047947,0.36765140295028687,0.08746529274763394,0.601,0.3069484233856201,0.5157074332237244,0.20875900983810425,-0.07944723218679428,1.32110353661119e-05,0.00026687902541419953,0.5795032382011414,3.296962022781372
21890,9.77317552321218,10.147819871760424,0.3746442496776581,0.08891213772641217,0.594,0.28553420305252075,0.6256266832351685,0.3400924801826477,-0.07863833010196686,1.617247107787989e-05,0.0002911923732663917,0.5872462391853333,3.813906669616699
3265,10.049413952641107,10.399917680901456,0.3505040407180786,0.08322231433719353,0.576,0.2563627362251282,0.6102682948112488,0.3539055585861206,-0.08652190119028091,2.075561724268482e-06,6.459912074800928e-05,0.5332472324371338,4.503686428070068
711,10.365765092391102,11.01069192323418,0.6449265480041504,0.14258870579502111,0.6756666666666666,0.6005234718322754,0.6695085167884827,0.06898504495620728,-0.04300970956683159,0.018480386584997177,0.08251417891657095,0.6162400841712952,3.5805351734161377
3020,9.827338050396806,10.309935273855357,0.4825972020626068,0.11180043496792863,0.617,0.42646223306655884,0.6075196266174316,0.1810573935508728,-0.05975339934229851,0.0010588980512693524,0.00795494159604391,0.5945292711257935,3.697779655456543
1483,9.57066604094794,10.111234822076447,0.5405689477920532,0.1294463026554843,0.655,0.47860246896743774,0.6983211040496826,0.21971863508224487,-0.04857678711414337,0.007788007613271475,0.04031510816057562,0.5938738584518433,3.5658679008483887
10103,10.624664337863639,11.211039150323105,0.5863750576972961,0.12884824139685455,0.6476666666666666,0.5159165263175964,0.7629121541976929,0.24699562788009644,-0.04918508231639862,0.0070497808046638966,0.03730978243746244,0.5776119828224182,4.149034023284912
4832,9.574577239964722,9.963343422121218,0.3887660801410675,0.09907012307748525,0.5933333333333334,0.3013359308242798,0.625523567199707,0.32418763637542725,-0.06929968297481537,0.0001454651210224256,0.001590514673093386,0.5338404178619385,4.255741596221924
22874,9.475680716979381,10.007811300498592,0.532131552696228,0.1285234773814718,0.6573333333333333,0.4814608693122864,0.6412287950515747,0.15976792573928833,-0.048156023025512695,0.008338544517755508,0.04250091998049846,0.6039334535598755,3.431628942489624
5060,9.846224230953835,10.467975939330914,0.6217520236968994,0.14886578246234095,0.666,0.5747103095054626,0.7197339534759521,0.1450236439704895,-0.04098577797412872,0.024774959310889244,0.10272770988357455,0.5510336756706238,4.078016757965088
8672,9.306615473280695,9.935219016951825,0.6286042332649231,0.1505901709960928,0.6816666666666666,0.5387580990791321,0.8299287557601929,0.2911706566810608,-0.03958496078848839,0.030150651931762695,0.11877420909623045,0.597850501537323,3.36683988571167
1400,10.003111415572205,10.444412445107194,0.4413009583950043,0.10080425502640515,0.6183333333333333,0.39124420285224915,0.5803776383399963,0.1891334354877472,-0.06513722985982895,0.00035695426049642265,0.0033033225280018107,0.5860491991043091,3.882171630859375
13502,9.195574510272452,9.792189380733335,0.5966154932975769,0.1537546816548301,0.678,0.5460941195487976,0.7632670998573303,0.21717298030853271,-0.0388929508626461,0.03315719589591026,0.12913778755205357,0.5723200440406799,3.591308116912842
23307,10.428856439126681,10.912133358150202,0.48327651619911194,0.09906197142309314,0.6203333333333333,0.4118279218673706,0.6736684441566467,0.2618405222892761,-0.06591055542230606,0.00030326496926136315,0.002912222733805496,0.615044355392456,3.7174103260040283
8131,10.378299326312025,10.724122876027181,0.3458236753940582,0.07950081983006038,0.5856666666666667,0.26537173986434937,0.5584667921066284,0.29309505224227905,-0.0869712084531784,1.8362039782005013e-06,6.023112653245803e-05,0.594677746295929,4.00090217590332
13847,10.904794182564439,11.336591829181591,0.43179774284362793,0.09244114758588791,0.5923333333333334,0.36926230788230896,0.6178615093231201,0.24859920144081116,-0.07363678514957428,5.4126936447573826e-05,0.0007143045837899933,0.5645229816436768,4.5050272941589355
12873,9.847965032022314,10.269213531119192,0.42124882340431213,0.10228512640544703,0.6016666666666667,0.3567301034927368,0.5189751982688904,0.16224509477615356,-0.0654507428407669,0.0003341967531014234,0.003131751313665487,0.5815207958221436,3.876203775405884
279,9.101127629385001,9.39914479063354,0.2980169951915741,0.06916855031745722,0.5786666666666667,0.2172279804944992,0.48762044310569763,0.2703924775123596,-0.10050830245018005,3.4533012893689374e-08,2.6606481794603e-06,0.5859821438789368,3.5933964252471924
22857,9.889285001099122,10.221653959075331,0.3323688805103302,0.08001780190918023,0.5773333333333334,0.27771294116973877,0.5059734582901001,0.22826051712036133,-0.08676401525735855,1.9430863176239654e-06,6.189850932969421e-05,0.5959344506263733,3.797849416732788
24572,12.438592361418122,12.967572652069991,0.5289798974990845,0.08893610726010495,0.5923333333333334,0.4970789849758148,0.7492378354072571,0.25215885043144226,-0.07594680786132812,3.1263898563338444e-05,0.0004523026023595645,0.6118159890174866,4.504824638366699
10815,7.2056052743512184,7.5261351375648005,0.3205295503139496,0.09175945952450978,0.5946666666666667,0.29812026023864746,0.4341070055961609,0.13598674535751343,-0.0732317790389061,5.9498368500499055e-05,0.0007699925579771616,0.5652721524238586,2.9512906074523926
23657,9.844335574910424,10.36119152598883,0.516855776309967,0.12380557538513398,0.633,0.4541512429714203,0.6798596382141113,0.22570839524269104,-0.05086826905608177,0.005322916898876429,0.030042289073215687,0.591266930103302,3.7181057929992676
7015,8.720046935191036,9.153929331701187,0.4338822364807129,0.11751751237950422,0.633,0.3982911705970764,0.5558925867080688,0.15760141611099243,-0.05352621152997017,0.0033610500395298004,0.020469041876768804,0.5606286525726318,3.588092088699341
8463,10.47067710404145,10.93980569630995,0.46912822127342224,0.10667290651005101,0.609,0.4034489095211029,0.7149069905281067,0.3114580810070038,-0.06088663637638092,0.0008480881806463003,0.006658095124363017,0.562487006187439,4.317178726196289
20232,8.862762912843424,9.328610056844923,0.46584761142730713,0.10157847532332652,0.6176666666666667,0.41761526465415955,0.6331163048744202,0.21550104022026062,-0.06299589574337006,0.0005555832758545876,0.004731741369938943,0.5823495984077454,3.430250644683838
21053,9.692131921905618,10.345706832846195,0.6535751223564148,0.15863259582324488,0.6756666666666666,0.5791265964508057,0.8272916078567505,0.24816501140594482,-0.03661629930138588,0.044920794665813446,0.16665463911292266,0.5849900245666504,3.6399967670440674
10418,10.718089036059455,11.11772973580239,0.39964067935943604,0.08886383679359225,0.6043333333333333,0.27885085344314575,0.7165200710296631,0.43766921758651733,-0.07301389425992966,6.259384826989844e-05,0.0008037729430936959,0.5941944122314453,4.111996173858643
12135,10.7826858872206,11.327747125650788,0.5450612902641296,0.12069101703282326,0.633,0.5166663527488708,0.669094443321228,0.15242809057235718,-0.05129547417163849,0.00495029566809535,0.028179260392439683,0.5967333912849426,4.023040771484375
4299,10.252672234086155,10.631642093635277,0.3789692521095276,0.08642660126262486,0.587,0.2932537794113159,0.6701518893241882,0.3768981099128723,-0.0771770030260086,2.3191942091216333e-05,0.000376641687000979,0.5977059602737427,3.8980767726898193
21942,10.66446101521373,11.076867183933542,0.4124065339565277,0.08802130068700634,0.6006666666666667,0.3142061233520508,0.6650577783584595,0.3508516550064087,-0.07389354705810547,5.0962458772119135e-05,0.000678066770731047,0.6158223152160645,3.843078851699829
626,8.423639393275625,8.906733385586966,0.4830935597419739,0.11423569918579775,0.6513333333333333,0.4280621409416199,0.5977889895439148,0.16972684860229492,-0.052493322640657425,0.004027969669550657,0.0237449528740593,0.5896316170692444,3.171947717666626
2664,9.01501314500846,9.438459383418138,0.42344656586647034,0.10986200412610786,0.628,0.3342800438404083,0.5694730281829834,0.23519298434257507,-0.05656902864575386,0.0019378116121515632,0.01315567596528305,0.5771536827087402,3.5675714015960693
4906,9.947036582256338,10.22478407795491,0.2777470350265503,0.06757080012312858,0.5666666666666667,0.17459605634212494,0.5740958452224731,0.399499773979187,-0.10192758589982986,2.205495164275817e-08,1.7821476778648248e-06,0.5916451811790466,3.897592544555664
15162,9.613763113691636,10.074367703333257,0.4606045186519623,0.10933720588488129,0.6326666666666667,0.43869999051094055,0.47287923097610474,0.034179240465164185,-0.05541955307126045,0.002393236616626382,0.015395714390064472,0.5953459739685059,3.6160287857055664
2429,12.005182907519659,12.595395786711034,0.5902131795883179,0.09877738570478076,0.6236666666666667,0.5487098693847656,0.8178807497024536,0.269170880317688,-0.062176626175642014,0.0006557782180607319,0.005472527043917392,0.6677823662757874,3.5941996574401855
6553,10.048415622169564,10.579989618802141,0.5315738916397095,0.11698880950059157,0.6286666666666667,0.4661988615989685,0.6839661002159119,0.21776723861694336,-0.052002813667058945,0.004384989384561777,0.025576531392699237,0.587903618812561,3.8284013271331787
10955,8.97760270692053,9.283553841000499,0.30595093965530396,0.0820158043028306,0.5883333333333334,0.19801132380962372,0.5760397911071777,0.3780284523963928,-0.07917076349258423,1.4159932106849737e-05,0.0002759520886470187,0.5808903574943542,3.5848758220672607
15100,7.800303117908715,8.287518443371207,0.4872152507305145,0.11752461958273372,0.66,0.4097430109977722,0.6737993359565735,0.26405632495880127,-0.0491095632314682,0.00713782524690032,0.03766561604648331,0.5969351530075073,2.85319185256958
2489,10.425234012839962,10.98363599252659,0.5584020614624023,0.1228399458852591,0.6603333333333333,0.5202039480209351,0.723133385181427,0.20292943716049194,-0.04693418741226196,0.01013955008238554,0.04940048444550484,0.5866826176643372,3.981325387954712
15282,8.308629926850335,8.709672984331364,0.4010428488254547,0.114779448125917,0.6213333333333333,0.27829673886299133,0.5811395645141602,0.3028428256511688,-0.05330454930663109,0.003495036391541362,0.021014619900501873,0.5584696531295776,3.444542169570923
21130,10.670322774268223,11.312580041364722,0.6422567367553711,0.13114476204585657,0.6556666666666666,0.5763322114944458,0.8949546813964844,0.3186224699020386,-0.04419039934873581,0.015495683997869492,0.07110415662734297,0.6166160106658936,3.6948046684265137
17528,13.165649499610534,13.913692585078087,0.7480429410934448,0.10089711736756705,0.665,0.702522337436676,0.9523497223854065,0.24982738494873047,-0.05659475922584534,0.001928587444126606,0.013121098241705669,0.7200981378555298,3.146425247192383
6888,10.317126499363747,10.701184594722049,0.38405826687812805,0.08917315553583192,0.6,0.3165970742702484,0.590410590171814,0.27381351590156555,-0.07076769322156906,0.00010473500151420012,0.0012304505674345567,0.6027417182922363,3.8670763969421387
540,8.567302073960775,9.13387740397041,0.566575825214386,0.1524184070215384,0.6673333333333333,0.5292998552322388,0.6750134825706482,0.14571362733840942,-0.03721971809864044,0.04150324687361717,0.1560950284310015,0.5546278357505798,3.501399278640747
2840,10.034916140311113,10.572861220700338,0.5379443168640137,0.12506875555973618,0.643,0.4623105823993683,0.7567870616912842,0.2944764792919159,-0.04696393758058548,0.01009179838001728,0.04924024747127725,0.5956698656082153,3.7369816303253174
20129,9.747211437695213,10.202921604528877,0.45570939779281616,0.10700493305904396,0.6136666666666667,0.3455955684185028,0.685096263885498,0.33950069546699524,-0.057208605110645294,0.001720248255878687,0.011922975882272153,0.5964492559432983,3.661686658859253
16426,13.158495763400195,13.650862817750674,0.4923672378063202,0.07873796812852982,0.5983333333333334,0.4391908347606659,0.7770681381225586,0.3378773033618927,-0.07972651720046997,1.2314819286984857e-05,0.00025184565615914096,0.5688574314117432,5.393100738525391
8994,10.69567720579494,10.995016298601316,0.2993389070034027,0.06253995293035519,0.552,0.18183816969394684,0.534385621547699,0.35254746675491333,-0.10825978219509125,2.7706403837868265e-09,3.3996783672169465e-07,0.6108736991882324,3.9791111946105957
4952,9.766344607882031,10.341563487950326,0.575218915939331,0.13609381747236526,0.65,0.5348491072654724,0.6933805346488953,0.15853142738342285,-0.04215896874666214,0.020932167768478394,0.08925131507975408,0.5741735696792603,3.8284921646118164
20869,10.068050941922797,10.599805889452623,0.5317552089691162,0.11256905620230584,0.6343333333333333,0.4476708173751831,0.79999840259552,0.3523275852203369,-0.05209241434931755,0.004317678045481443,0.025272910538303925,0.6072490215301514,3.63132905960083
24533,9.283961795431413,9.853270719980914,0.5693090558052063,0.11776492661994672,0.6643333333333333,0.5190981030464172,0.6802124977111816,0.1611143946647644,-0.047399938106536865,0.009415633976459503,0.04707994120601649,0.5832457542419434,3.537083625793457
19662,9.431469139120155,9.840425214896435,0.40895622968673706,0.10022809900645657,0.6113333333333333,0.35144874453544617,0.5111224055290222,0.15967366099357605,-0.06045704334974289,0.000922955630812794,0.007144280385240155,0.6080507636070251,3.447990894317627
20014,10.12940428202992,10.544904717903774,0.4155004918575287,0.09390086198329926,0.5983333333333334,0.3776046931743622,0.617777943611145,0.24017325043678284,-0.0655880942940712,0.0003246621345169842,0.0030819646179219735,0.5776374340057373,4.038272380828857
11259,10.076579793720791,10.616344994901077,0.5397648215293884,0.12039126473549491,0.64,0.5496332049369812,0.5511950850486755,0.001561880111694336,-0.04778517782688141,0.008852309547364712,0.0447068620890538,0.5666346549987793,4.060990810394287
7877,9.971274754727006,10.513124314425221,0.541849672794342,0.13080729024951818,0.649,0.5024210214614868,0.6448122262954712,0.14239120483398438,-0.04304035007953644,0.018396994099020958,0.08225268751694526,0.5798811316490173,3.8749122619628906
22340,9.677124690303806,10.006932157329164,0.3298076093196869,0.07816035668625329,0.5906666666666667,0.28106462955474854,0.4538237750530243,0.17275914549827576,-0.0789644718170166,1.4909434867149685e-05,0.00028065316883447105,0.604135274887085,3.6315839290618896
21110,10.02892567749983,10.601090389830345,0.5721648335456848,0.13098945410394788,0.647,0.5143929719924927,0.7094486355781555,0.19505566358566284,-0.04267135635018349,0.019423842430114746,0.08405493535879542,0.5986541509628296,3.6825387477874756
4431,8.35185349947882,8.58541778858772,0.2335646003484726,0.05769441358155742,0.5626666666666666,0.17152981460094452,0.45887601375579834,0.2873461842536926,-0.11123150587081909,1.0036463882201474e-09,2.0678412061671105e-07,0.570019006729126,3.4580020904541016
10891,10.01544730195074,10.652378318828296,0.6369310617446899,0.14091579074925922,0.6693333333333333,0.5983078479766846,0.7200754284858704,0.12176758050918579,-0.03821383789181709,0.03635353967547417,0.13939731127875685,0.6150091290473938,3.464137554168701
22127,9.827447447923007,10.120565296399528,0.2931180000305176,0.06874424750684054,0.564,0.19804130494594574,0.4849576950073242,0.2869163751602173,-0.0929211676120758,3.4251326042067376e-07,1.693651390707003e-05,0.5663973689079285,4.095186233520508
18526,10.45212101536322,10.870086367074318,0.4179650843143463,0.09261404697702375,0.609,0.3837724030017853,0.5237708687782288,0.13999846577644348,-0.06369547545909882,0.00048151626833714545,0.004231467896554278,0.5984624028205872,3.9467830657958984
6114,8.26244778771212,8.65080546750913,0.388357549905777,0.11034216145600546,0.635,0.3310268521308899,0.5585739612579346,0.22754710912704468,-0.05124906450510025,0.004989667795598507,0.028354664505691,0.5908585786819458,3.151045083999634
11242,10.789556426341033,11.279947502416444,0.49039122462272644,0.10068687659050003,0.636,0.413722425699234,0.7045117020606995,0.29078927636146545,-0.055973052978515625,0.0021629328839480877,0.01421785048515876,0.6287402510643005,3.697399139404297
12530,8.761052694177419,9.285382496318666,0.524329662322998,0.14558234527695696,0.657,0.49493691325187683,0.6159539818763733,0.12101706862449646,-0.03743315488100052,0.04034862667322159,0.15259703215568848,0.5591592788696289,3.569045066833496
10874,9.279691733934055,9.669018212249604,0.3893267512321472,0.09739009769801922,0.6043333333333333,0.30256566405296326,0.5740958452224731,0.2715301811695099,-0.06082754582166672,0.00085804658010602,0.006720350638040766,0.5624979734420776,3.840888500213623
23612,9.928201056773311,10.22022042827538,0.2920198440551758,0.06814385295736175,0.569,0.209015890955925,0.5523239374160767,0.3433080315589905,-0.09159822016954422,5.020684170631284e-07,2.2178035543068594e-05,0.5601686835289001,4.203153610229492
2454,10.10312397402914,10.596930859701809,0.4938068389892578,0.11283123518779042,0.627,0.3988770842552185,0.6839796900749207,0.28510260581970215,-0.05018483102321625,0.005971831269562244,0.03281040961203933,0.5965759754180908,3.781249761581421
11449,10.211587387872328,10.629989417934764,0.4184018671512604,0.09807813580966374,0.6296666666666667,0.36963680386543274,0.5394821166992188,0.169845312833786,-0.05708036571741104,0.0017619860591366887,0.01216137461233302,0.5902898907661438,3.936811923980713
8485,9.091612869821027,9.369924459229306,0.27831169962882996,0.07262773819780886,0.5723333333333334,0.22484496235847473,0.4832024574279785,0.2583574950695038,-0.0846075788140297,3.4749939459288726e-06,9.59905986405829e-05,0.5859596729278564,3.601215124130249
14765,9.552767644139996,10.182371241058476,0.6296039819717407,0.1295616747599277,0.652,0.5930336117744446,0.7476558685302734,0.15462225675582886,-0.04161980375647545,0.022628644481301308,0.0948970875525965,0.6315171718597412,3.1224255561828613
455,9.609972701335574,10.1362396484925,0.5262666344642639,0.12163766691874703,0.629,0.43878793716430664,0.7013587951660156,0.262570858001709,-0.04583743214607239,0.012042675167322159,0.05715957425406635,0.5913878083229065,3.6155238151550293
4125,9.979859382228266,10.342504664062178,0.36264529824256897,0.08376557632813693,0.597,0.3171723186969757,0.49567967653274536,0.17850735783576965,-0.07005960494279861,0.0001228111214004457,0.0014127543236099882,0.6130971908569336,3.6388986110687256
22815,8.19089755888325,8.493664399185034,0.3027668595314026,0.07405297791837519,0.5986666666666667,0.2468208372592926,0.4962356984615326,0.24941486120224,-0.07898717373609543,1.482530751673039e-05,0.00028065316883447105,0.6028571128845215,3.0704312324523926
22273,9.788678586132919,10.045299798060054,0.256621390581131,0.06397700503853009,0.56,0.16943925619125366,0.5603724718093872,0.39093321561813354,-0.09744276851415634,8.909637472243048e-08,5.676467104911773e-06,0.5572917461395264,4.190515995025635
5007,10.263881081052817,10.843391605342807,0.5795102715492249,0.13169732418503063,0.6423333333333333,0.5046374797821045,0.6706749796867371,0.16603749990463257,-0.041230153292417526,0.02392756938934326,0.09958798666695255,0.5737643241882324,4.042329788208008
16353,10.10963328563002,10.633211210398725,0.5235785841941833,0.1169181368061923,0.6403333333333333,0.442463755607605,0.6799113154411316,0.2374475598335266,-0.046535614877939224,0.010797680355608463,0.0518445145190302,0.58509761095047,3.888166666030884
21826,8.76151010705965,9.386743617672309,0.6252334117889404,0.16777760205240858,0.6863333333333334,0.5667049288749695,0.7311503887176514,0.16444545984268188,-0.030221158638596535,0.09793134778738022,0.3234187877922512,0.5724888443946838,3.3877038955688477
4509,10.563496455042603,10.861270937667387,0.2977745234966278,0.06730215430546806,0.5696666666666667,0.19638226926326752,0.5632425546646118,0.3668602705001831,-0.09031748026609421,7.234514214360388e-07,2.9590056286636996e-05,0.5803277492523193,4.260399341583252
4698,7.995659678187863,8.296076307609585,0.3004167377948761,0.08987720551198111,0.5933333333333334,0.23618698120117188,0.4390339255332947,0.2028469443321228,-0.06493207812309265,0.0003726216091308743,0.003410208262570681,0.5498979091644287,3.4336647987365723
18178,10.112870463599437,10.619606701203065,0.5067359805107117,0.11649128650723926,0.6343333333333333,0.39588719606399536,0.7110326886177063,0.31514549255371094,-0.04669840261340141,0.010524305514991283,0.050826565847180934,0.5782593488693237,3.9719836711883545
5062,11.446382349640613,12.091276428931007,0.6448935866355896,0.13047621093163642,0.6563333333333333,0.5411266684532166,0.8642790913581848,0.32315242290496826,-0.04024535417556763,0.027503257617354393,0.11290990394832107,0.5807836651802063,4.423966884613037
23142,9.929590303380309,10.761616760456459,0.8320277333259583,0.18674618610233795,0.727,0.8058574199676514,0.8451383113861084,0.03928089141845703,-0.025310754776000977,0.16575562953948975,0.4806297829118822,0.6055445075035095,3.412952184677124
8100,9.203285149169963,9.739089603004283,0.535804808139801,0.1396185271971884,0.6376666666666667,0.49916061758995056,0.6817930936813354,0.1826324760913849,-0.0384434312582016,0.03524475917220116,0.13609077754953663,0.5728096961975098,3.624640464782715
18527,8.200985278836763,8.730741929293535,0.5297569632530212,0.14828404710657458,0.6623333333333333,0.47879675030708313,0.6881080865859985,0.2093113362789154,-0.03470016270875931,0.057382483035326004,0.20686416354301965,0.571638286113739,3.2101590633392334
9094,9.230999401043213,9.50167856823359,0.27067890763282776,0.06976820741559064,0.5646666666666667,0.19816499948501587,0.48818767070770264,0.29002267122268677,-0.08650277554988861,2.086358563246904e-06,6.459912074800928e-05,0.5715192556381226,3.800607204437256
3756,10.077264986665982,10.357155917140854,0.2798909842967987,0.062097940555614024,0.5673333333333334,0.18696244060993195,0.5414007902145386,0.3544383645057678,-0.09612767398357391,1.3264572373827832e-07,7.709741802542388e-06,0.6332203149795532,3.5189034938812256
16489,10.506901927370775,10.920906561469533,0.41400548815727234,0.0921495630800506,0.6113333333333333,0.3392537534236908,0.5528936982154846,0.21363994479179382,-0.06002715602517128,0.0010039514163509011,0.007663804245093399,0.6058539152145386,3.890427827835083
8970,11.049031575411748,11.417853139985379,0.36882174015045166,0.07282856506066887,0.5856666666666667,0.2783372700214386,0.6515683531761169,0.37323108315467834,-0.07927387207746506,1.3798785403196234e-05,0.00027102305425103504,0.6222144961357117,3.9446778297424316
16586,8.984195233076633,9.579262143062909,0.5950666069984436,0.13631538104983695,0.667,0.546698808670044,0.7199248671531677,0.17322605848312378,-0.036825794726610184,0.04370862990617752,0.162887166343269,0.580560564994812,3.422853708267212
18340,28.141536866678432,25.30493027794878,-2.8366048336029053,-0.11750379946784002,0.813,-2.7622663974761963,-3.1268205642700195,-0.36455416679382324,0.03490087389945984,0.055954884737730026,0.2037126737759336,0.701574444770813,10.388243675231934
5860,10.125208045661944,10.546384417659116,0.4211765229701996,0.0985779196025548,0.6273333333333333,0.3632112145423889,0.5885334610939026,0.22532224655151367,-0.053774334490299225,0.0032165530137717724,0.01978810056030228,0.5835376381874084,3.9709959030151367
10609,9.835993763959326,10.127286214139174,0.29129230976104736,0.06805986473605011,0.5773333333333334,0.17418096959590912,0.5484370589256287,0.37425607442855835,-0.08460553735494614,3.4768704608723056e-06,9.59905986405829e-05,0.594982385635376,3.810436725616455
7371,11.345710178663486,11.817856315827402,0.47214561700820923,0.10223411402349718,0.607,0.3882367014884949,0.6413094401359558,0.25307273864746094,-0.05341104045510292,0.0034300789702683687,0.020851103905502946,0.5875937938690186,4.401610851287842
15650,8.572125728722881,8.94149822263656,0.36937254667282104,0.09958767854731912,0.6166666666666667,0.354031503200531,0.4213193953037262,0.06728789210319519,-0.053848300129175186,0.0031746297609061003,0.019585751206484005,0.5738495588302612,3.4410510063171387
2215,8.928281243295226,9.352052436153475,0.4237712025642395,0.10615543701137453,0.6246666666666667,0.3474139869213104,0.607840895652771,0.26042690873146057,-0.049794018268585205,0.006374220829457045,0.034506198705867956,0.5885998010635376,3.4236650466918945
11577,10.429395386058381,11.069069797128414,0.6396737694740295,0.14468394434594256,0.666,0.6334038972854614,0.6586281657218933,0.025224268436431885,-0.034247659146785736,0.06071177124977112,0.21651033170128278,0.5874194502830505,3.927208185195923
6447,9.664439858313969,10.26703456507937,0.6025940179824829,0.14772760793182463,0.6706666666666666,0.5827605724334717,0.6732228398323059,0.09046226739883423,-0.0332808643579483,0.06836211681365967,0.24145383049430116,0.5770884156227112,3.739453077316284
6366,10.254856376336482,10.581837079563032,0.3269806206226349,0.07149178923794113,0.5706666666666667,0.2065097987651825,0.6012493968009949,0.3947395980358124,-0.0804099515080452,1.0358884537708946e-05,0.00021999349021429318,0.5780853033065796,4.1376519203186035
21519,8.815141054545999,9.333452207755734,0.5183110237121582,0.13736349481003893,0.6476666666666666,0.4652671217918396,0.642412006855011,0.1771448850631714,-0.03686393052339554,0.04349086061120033,0.16225813198750755,0.5829623937606812,3.374089479446411
920,10.110422556768235,10.490941460439327,0.3805188536643982,0.07960664960055001,0.615,0.27492326498031616,0.6070427894592285,0.33211952447891235,-0.06653580069541931,0.0002654848503880203,0.0026022228086849445,0.634680986404419,3.452021360397339
3457,10.01840666041783,10.551497577371316,0.5330907106399536,0.12659256357643553,0.6463333333333333,0.5167597532272339,0.6570166945457458,0.14025694131851196,-0.039745915681123734,0.02948601543903351,0.11856810107764951,0.5792410373687744,3.906546115875244
23058,10.096371680138633,10.695304655756066,0.5989329218864441,0.1401319436399911,0.6643333333333333,0.5038392543792725,0.7765616178512573,0.27272236347198486,-0.034845106303691864,0.05634862929582596,0.20433708430314743,0.5748177766799927,3.9485204219818115
5481,9.105608631067263,9.583554380706797,0.47794607281684875,0.12352462128414074,0.6496666666666666,0.4180605411529541,0.6076549291610718,0.18959438800811768,-0.040235426276922226,0.027541399002075195,0.11292655308647911,0.5735899806022644,3.6085779666900635
10300,13.449146419791147,13.994866201140342,0.5457197427749634,0.07748591994736997,0.596,0.41545727849006653,0.8577564358711243,0.44229915738105774,-0.0695260763168335,0.00013833562843501568,0.0015379393859235133,0.6972512602806091,3.691208839416504
2271,9.828341936518608,10.220802147382072,0.3924599289894104,0.09478482186993309,0.6006666666666667,0.3039897084236145,0.6738743185997009,0.3698846101760864,-0.05622832477092743,0.0020637335255742073,0.013729215201259736,0.5656746625900269,4.046693325042725
10763,9.418707537858829,9.757969409099584,0.3392617106437683,0.08371778178429218,0.5903333333333334,0.23912948369979858,0.5369076132774353,0.2977781295776367,-0.0645575001835823,0.0004028949188068509,0.0036271490924105897,0.5804463028907776,3.754730224609375
9175,10.65793064626587,11.079346635699753,0.4214162528514862,0.0961978299360277,0.6063333333333333,0.3946197032928467,0.5384165048599243,0.14379680156707764,-0.054341066628694534,0.002907585585489869,0.01817515291458101,0.5805884599685669,4.2253899574279785
1590,8.151970576674069,8.599970033695854,0.44799935817718506,0.11757695345752638,0.6463333333333333,0.40830206871032715,0.5760374665260315,0.16773539781570435,-0.04150301590561867,0.023011181503534317,0.09625763171869847,0.587718665599823,3.0976076126098633
8356,10.124773817502788,10.7398790589141,0.6151052117347717,0.1455089921529315,0.6613333333333333,0.5863102078437805,0.6349210739135742,0.0486108660697937,-0.03271909058094025,0.0731596052646637,0.2562132898962271,0.5790659785270691,3.905674934387207
23984,9.648299536736797,10.12230613135488,0.4740060567855835,0.11481218476060498,0.6203333333333333,0.4153282642364502,0.6710488200187683,0.2557205557823181,-0.044194068759679794,0.015487050637602806,0.07110415662734297,0.579932451248169,3.778045654296875
22727,9.459890754295165,9.748527270522342,0.28863635659217834,0.0730523602284876,0.5803333333333334,0.2653352916240692,0.4253431260585785,0.16000783443450928,-0.07424050569534302,4.696478936239146e-05,0.0006324973461691174,0.5816851258277893,3.7893173694610596
8153,9.604835940194892,10.118980029276521,0.5141444206237793,0.11892386834178657,0.6413333333333333,0.44767773151397705,0.7274743318557739,0.2797966003417969,-0.041191667318344116,0.024059394374489784,0.1000110082342342,0.5631723999977112,3.9061052799224854
18203,9.817133654461793,10.34297766274879,0.5258437991142273,0.12602291811663494,0.6483333333333333,0.46664705872535706,0.6349107623100281,0.16826370358467102,-0.03836927190423012,0.035599641501903534,0.1369821281019819,0.5758776068687439,3.860844135284424
6545,8.822541359940402,9.121242737188897,0.29870155453681946,0.0805354368851301,0.5953333333333334,0.25337332487106323,0.4468635320663452,0.19349020719528198,-0.06532216817140579,0.000343364110449329,0.003188134656214033,0.5813502669334412,3.519904375076294
15621,9.01217156035973,9.354913708679435,0.3427419066429138,0.09062961763741177,0.6113333333333333,0.2975013256072998,0.4419243037700653,0.1444229781627655,-0.05627315863966942,0.0020467492286115885,0.013671129424173775,0.6052456498146057,3.3501508235931396
7183,9.974310362707481,10.394945167188405,0.42063504457473755,0.10225090789786916,0.6133333333333333,0.38392066955566406,0.5106360912322998,0.12671542167663574,-0.04963365197181702,0.006546211428940296,0.03520988519084632,0.5922812223434448,3.817579507827759
6989,10.303708626987152,10.811969455952909,0.5082610249519348,0.11753044861658589,0.6253333333333333,0.470708966255188,0.6392909288406372,0.16858196258544922,-0.0422566793859005,0.02063676528632641,0.08830151780478417,0.5539630055427551,4.314277648925781
18939,10.219653168009113,10.58868552963006,0.3690321445465088,0.08519167120618437,0.5963333333333334,0.3259173333644867,0.5708189010620117,0.24490156769752502,-0.06107031926512718,0.0008178282296285033,0.006481973504208688,0.588615357875824,3.986990213394165
8106,10.342989447649467,10.663242131488733,0.3202528953552246,0.06955961069497522,0.5696666666666667,0.23846402764320374,0.5267009139060974,0.2882368862628937,-0.0781683623790741,1.8172730051446706e-05,0.0003135742430231403,0.6019008755683899,3.924774408340454
2165,10.489177211817518,10.7457542911752,0.2565770745277405,0.055172102888547354,0.5673333333333334,0.15850380063056946,0.6197083592414856,0.46120455861091614,-0.09858738631010056,6.2747702145316e-08,4.242513004233304e-06,0.609666645526886,3.9378490447998047
1871,9.638451821261802,9.973290877029509,0.33483922481536865,0.08126190669448626,0.577,0.28691723942756653,0.5014243721961975,0.21450713276863098,-0.06555406004190445,0.0003270051965955645,0.0030953377609174433,0.5902351140975952,3.7518651485443115
22678,9.49135825665524,9.793748586736728,0.30239033699035645,0.07208640806349972,0.5783333333333334,0.24741438031196594,0.47874167561531067,0.23132729530334473,-0.07357020676136017,5.4976550018182024e-05,0.00071991031703651,0.6024090647697449,3.591515064239502
11212,9.63909336232975,9.87457080198373,0.23547746241092682,0.05914763794248143,0.5596666666666666,0.1714787781238556,0.43910080194473267,0.2676220238208771,-0.09223677217960358,4.1771869518925087e-07,1.9770029102314117e-05,0.5758731365203857,3.9525933265686035
19848,8.525112535308603,8.875892505331484,0.3507794737815857,0.10020357534473312,0.6233333333333333,0.2853463590145111,0.5129159092903137,0.2275695502758026,-0.04887538403272629,0.007417458109557629,0.03888297265342472,0.5702642798423767,3.463508367538452
17723,7.681333689622872,8.047430632925598,0.36609700322151184,0.09585644320089302,0.639,0.29479360580444336,0.5145862698554993,0.2197926640510559,-0.049829162657260895,0.006337046157568693,0.034361102978764456,0.5816951394081116,3.0001821517944336
16162,9.788603072189783,10.273417480397253,0.4848143458366394,0.11080070389504901,0.621,0.3844839036464691,0.7021102905273438,0.31762638688087463,-0.04420233517885208,0.01546784769743681,0.07110415662734297,0.5699985027313232,3.9327704906463623
7030,8.950800608173454,9.687688315014444,0.7368881106376648,0.15499241001386221,0.703,0.6819103956222534,0.8814421892166138,0.19953179359436035,-0.027829650789499283,0.1275205910205841,0.39227585804440296,0.6104806661605835,3.036653995513916
6190,10.30788932910317,10.688469185469863,0.38057923316955566,0.08579930531928964,0.594,0.3238273561000824,0.520359456539154,0.19653210043907166,-0.05943889170885086,0.001125456066802144,0.008322848101150677,0.5997794270515442,3.897165536880493
12458,9.162915231505194,9.477829519371554,0.31491410732269287,0.08058986686642614,0.5923333333333334,0.2696033716201782,0.47737595438957214,0.20777258276939392,-0.06339986622333527,0.0005116065731272101,0.004402474225377785,0.5892629623413086,3.577981472015381
5491,11.086980648117095,11.587229026761026,0.5002480149269104,0.10265362625256592,0.6243333333333333,0.4336467385292053,0.6755378246307373,0.24189108610153198,-0.04709955304861069,0.00987695436924696,0.04830509808002408,0.6165025234222412,3.943424701690674
682,17.967209630244646,16.787747220540602,-1.1794617176055908,-0.10748458409995887,0.696,-1.068009376525879,-1.4853276014328003,-0.4173182249069214,0.04020150378346443,0.02767224982380867,0.11332282282605455,0.798160970211029,4.567884922027588
16037,9.247528037440855,9.556735840021265,0.309207946062088,0.0792415411008117,0.583,0.2834966480731964,0.42562100291252136,0.14212435483932495,-0.0647820457816124,0.0003844875318463892,0.003499470310459031,0.5646819472312927,3.8510117530822754
10783,10.829601310746478,11.297631215372364,0.4680293798446655,0.09467709437054438,0.6203333333333333,0.41024312376976013,0.6270224452018738,0.21677932143211365,-0.050756849348545074,0.005424202885478735,0.030406741386786885,0.5858964323997498,4.210359573364258
4889,8.627315374764944,9.052049505158454,0.42473408579826355,0.09490608097017882,0.6336666666666667,0.35999447107315063,0.5693243741989136,0.20932990312576294,-0.04945316165685654,0.006744794547557831,0.03615777400656811,0.6154106855392456,3.0565872192382812
3659,9.536152644911999,9.979339803522928,0.44318729639053345,0.10688018563036115,0.6246666666666667,0.38010933995246887,0.5720133781433105,0.19190403819084167,-0.044413838535547256,0.014981293119490147,0.06941681692988931,0.580669105052948,3.7414584159851074
8319,8.22702915235828,8.728190871839468,0.5011619925498962,0.14484603537164628,0.6696666666666666,0.4601547122001648,0.5985238552093506,0.1383691430091858,-0.030474552884697914,0.09514681994915009,0.3155369514429772,0.5763043165206909,3.1969354152679443
19418,10.24486440210537,10.991561650044183,0.7466968297958374,0.1679577510262305,0.7106666666666667,0.6790195107460022,0.862887442111969,0.1838679313659668,-0.02475864812731743,0.17518435418605804,0.4976429220110382,0.5782068371772766,3.8894684314727783
17834,9.03924395851886,9.506348460970669,0.46710461378097534,0.11348496769988006,0.649,0.49063998460769653,0.4595834016799927,-0.031056582927703857,-0.04012266546487808,0.027979344129562378,0.11429786325676962,0.6256275773048401,3.0918099880218506
21592,10.19965139392648,10.61169794726463,0.41204696893692017,0.09337473193159905,0.6073333333333333,0.3457552194595337,0.5865480899810791,0.2407928705215454,-0.051857031881809235,0.004496491979807615,0.026043492883046554,0.5991260409355164,3.8419065475463867
21194,10.115886944867214,10.562965953287922,0.4470791816711426,0.10947984676779338,0.6223333333333333,0.3669978082180023,0.6207310557365417,0.25373324751853943,-0.04308493435382843,0.018276222050189972,0.08188803504548363,0.5585967898368835,4.215447902679443
22135,8.900342157955414,9.270681332227475,0.37033936381340027,0.09926483209695558,0.6083333333333333,0.331204891204834,0.4675087630748749,0.1363038718700409,-0.048466868698596954,0.007928569801151752,0.04085124689147085,0.5715733170509338,3.601468086242676
353,9.607698181866548,9.99544391561776,0.38774532079696655,0.09805412393867811,0.6113333333333333,0.3442406952381134,0.5528744459152222,0.20863375067710876,-0.0487048402428627,0.007627089973539114,0.0395438952775197,0.5737013816833496,3.873298168182373
1317,8.849509709169036,9.082592566237246,0.2330826371908188,0.060760056252035725,0.5556666666666666,0.16126292943954468,0.40547674894332886,0.24421381950378418,-0.08637265115976334,2.161500333386357e-06,6.630602411582408e-05,0.554352343082428,3.8145532608032227
21305,10.366836602718898,10.723651771684997,0.35681501030921936,0.07758753438435423,0.5896666666666667,0.2524610459804535,0.5987345576286316,0.3462735116481781,-0.06336693465709686,0.0005150755168870091,0.004420842454525029,0.6041263937950134,3.8883955478668213
23518,9.61892972253234,9.86782680623821,0.2488970160484314,0.0627741440093209,0.576,0.16836509108543396,0.4975549280643463,0.32918983697891235,-0.08017271757125854,1.1001435268553905e-05,0.00023215130601731904,0.5897268652915955,3.799607276916504
16938,9.605550555098647,10.235196681695731,0.6296465396881104,0.15351637673232124,0.6976666666666667,0.5718740224838257,0.7788667678833008,0.2069927453994751,-0.027035847306251526,0.1387486606836319,0.4209471729348649,0.5863807201385498,3.6038284301757812
4727,9.481310670435757,10.014238761025094,0.532927393913269,0.12617508200524208,0.654,0.47094500064849854,0.6578009128570557,0.18685591220855713,-0.03500862419605255,0.05520080402493477,0.2020776394857557,0.5898460149765015,3.5744516849517822
19861,10.558965944154835,11.285012968814646,0.7260467410087585,0.16493718346388972,0.691,0.6836206316947937,0.8079596161842346,0.12433898448944092,-0.025274325162172318,0.16636663675308228,0.48137350878861274,0.5907135009765625,3.892756700515747
886,8.059134642881626,8.378642495387,0.3195079565048218,0.09261609474694639,0.605,0.26415005326271057,0.4428999722003937,0.1787499189376831,-0.05137581750750542,0.00488291447982192,0.027873012116226958,0.587198793888092,3.1392059326171875
20336,8.650383741576054,8.868757541333883,0.21837344765663147,0.060568390418909254,0.5603333333333333,0.1585281938314438,0.3410162031650543,0.18248800933361053,-0.08386804908514023,4.228315447107889e-06,0.00011297104093764867,0.559941291809082,3.6844003200531006
22465,10.252851552179806,10.61330006959154,0.3604489862918854,0.0794830863021149,0.5856666666666667,0.3160848915576935,0.5019882321357727,0.18590334057807922,-0.06107144057750702,0.0008176544797606766,0.006481973504208688,0.5849891304969788,4.044186115264893
16519,9.96773332315748,10.287367043928654,0.3196338415145874,0.07172721545849318,0.567,0.2651918828487396,0.456647127866745,0.19145524501800537,-0.06981275230646133,0.0001297781418543309,0.0014724485752171173,0.5994541049003601,3.8009285926818848
1506,10.107028031245612,10.829157024001937,0.7221283316612244,0.1655203104716673,0.687,0.6770656704902649,0.8628316521644592,0.18576598167419434,-0.024947261437773705,0.17191942036151886,0.4922809331527329,0.5764802694320679,3.8642325401306152
3933,8.816288404792662,9.087813671645437,0.27152499556541443,0.0726877719649374,0.59,0.2086445391178131,0.36383408308029175,0.15518954396247864,-0.06602907180786133,0.0002957393880933523,0.0028565148476771903,0.5956279635429382,3.403332471847534
8227,9.791585574309462,10.094259688225645,0.30267438292503357,0.07148206452990329,0.5803333333333334,0.23268458247184753,0.5122158527374268,0.2795312702655792,-0.06806603074073792,0.0001907954429043457,0.0020003332352598016,0.6199920773506165,3.5332248210906982
21720,9.554239700402036,10.228963958571454,0.6747249960899353,0.15540741621139034,0.691,0.609504759311676,0.7585926651954651,0.14908790588378906,-0.026031579822301865,0.15402498841285706,0.4539900236759746,0.6150584816932678,3.2628285884857178
24063,9.72932641313056,10.082112798294654,0.3527865409851074,0.07273223609390013,0.59,0.2974943518638611,0.5377992987632751,0.24030494689941406,-0.06459759920835495,0.0003995511506218463,0.0036167020819950187,0.5973160266876221,3.7071189880371094
16622,8.954223339030868,9.245138271500508,0.29091477394104004,0.08028267243111285,0.573,0.25260207056999207,0.42907074093818665,0.17646867036819458,-0.05995477735996246,0.0010182153200730681,0.007739182796327133,0.5687742829322815,3.695826292037964
20956,10.379120848984972,10.748496915065651,0.36937621235847473,0.08211928130827124,0.5916666666666667,0.27811282873153687,0.599769651889801,0.32165682315826416,-0.05637285113334656,0.0020094001665711403,0.013503332153854337,0.6000695824623108,3.929274797439575
21676,8.319211217749686,8.680630424569662,0.3614197075366974,0.08406545554600933,0.6153333333333333,0.3252109885215759,0.4623797535896301,0.1371687650680542,-0.05278269946575165,0.003829976776614785,0.022758556475316397,0.6253847479820251,2.890477180480957
5658,10.481719613233428,11.00822935439033,0.5265092253684998,0.11490991073794772,0.6446666666666667,0.4613688886165619,0.6555370688438416,0.19416818022727966,-0.03663778305053711,0.04479532316327095,0.16637545475326979,0.5956493616104126,3.9246749877929688
17167,8.889839596421199,9.461266534598733,0.5714272260665894,0.1511494649092844,0.681,0.5332273840904236,0.6500555872917175,0.11682820320129395,-0.026345953345298767,0.14911144971847534,0.4424690816321326,0.5881603360176086,3.3250977993011475
7141,8.256134583134084,8.499581585501941,0.2434469610452652,0.05749124128007149,0.563,0.16525784134864807,0.46126070618629456,0.2960028648376465,-0.08271484076976776,5.723268714064034e-06,0.000144904003559011,0.5809571743011475,3.318241596221924
3454,6.077929883789892,6.243739840928902,0.16580995917320251,0.057062887565241666,0.5543333333333333,0.11447130888700485,0.3160930573940277,0.20162174105644226,-0.08454063534736633,3.537546035659034e-06,9.685859517469734e-05,0.582048773765564,2.4437689781188965
21606,9.897597640304008,10.14010861974952,0.24251098930835724,0.05573737948532625,0.556,0.1868213713169098,0.3952041268348694,0.2083827555179596,-0.08609728515148163,2.3291063371289056e-06,6.951648013430688e-05,0.6031489372253418,3.781602144241333
3275,9.177187915618237,9.556552180146697,0.37936487793922424,0.0995191959603448,0.611,0.33742326498031616,0.49436813592910767,0.1569448709487915,-0.043613482266664505,0.016896724700927734,0.07636950741360653,0.576502799987793,3.667808771133423
19098,11.560051556455605,12.344456959621589,0.7844050526618958,0.14106961831340578,0.674,0.7297444939613342,0.8256048560142517,0.09586036205291748,-0.027829477563500404,0.12752221524715424,0.39227585804440296,0.6285961866378784,3.800372838973999
24128,10.845391733532061,11.130601966517391,0.28521019220352173,0.05901689339005303,0.576,0.18490219116210938,0.5662782192230225,0.3813760280609131,-0.07746782153844833,2.1597432350972667e-05,0.0003595592632099118,0.6082692742347717,4.07498836517334
10437,10.299450866601436,10.561498302099643,0.2620476186275482,0.061075662380938325,0.5646666666666667,0.17476677894592285,0.4329897165298462,0.25822293758392334,-0.0759706199169159,3.108477176283486e-05,0.00045168354758891186,0.6084454655647278,3.873354911804199
4118,9.713575171892867,10.363304054088447,0.6497286558151245,0.15635553895226809,0.6813333333333333,0.5460417866706848,0.8362887501716614,0.29024696350097656,-0.024592723697423935,0.17809520661830902,0.5012994218576532,0.5830981731414795,3.6707513332366943
7341,10.004238871922995,10.417322673951993,0.4130837023258209,0.09790829275999902,0.6056666666666667,0.3561844825744629,0.5415558815002441,0.18537139892578125,-0.04411879554390907,0.015663910657167435,0.07167753592154104,0.5759891271591187,4.003974437713623
7100,10.507169800452742,10.77574173816379,0.2685719132423401,0.056575996504193926,0.5613333333333334,0.19702939689159393,0.4635750353336334,0.2665456533432007,-0.08206051588058472,6.783810931665357e-06,0.00015843915587500075,0.5940245985984802,4.106114387512207
852,9.233379807205928,9.699436513646031,0.4660571813583374,0.11823183582019241,0.6423333333333333,0.3666512668132782,0.645341694355011,0.2786904275417328,-0.034054722636938095,0.06217868626117706,0.22126529278547757,0.579840362071991,3.609255313873291
20195,8.59404716901077,8.853001222917927,0.25895410776138306,0.07381826642487611,0.5866666666666667,0.21813158690929413,0.39280232787132263,0.1746707409620285,-0.05971110239624977,0.0010676378151401877,0.00799603993230779,0.5433480739593506,3.7837860584259033
1512,10.529393645169923,11.275948711913832,0.7465558052062988,0.15950181677984293,0.678,0.6519663333892822,0.861678957939148,0.20971262454986572,-0.023854659870266914,0.191480353474617,0.5290862477576365,0.5624963641166687,4.186713695526123
2919,9.455256116013476,9.668835722244339,0.21357977390289307,0.05565797304312338,0.5593333333333333,0.17617976665496826,0.35532525181770325,0.17914548516273499,-0.08271048963069916,5.729678377974778e-06,0.000144904003559011,0.5738204717636108,3.9070801734924316
2603,9.685070957278693,9.943369765467246,0.25829872488975525,0.06170797662893045,0.573,0.19729748368263245,0.4158393144607544,0.21854183077812195,-0.07278028875589371,6.608185503864661e-05,0.000835607579171894,0.5869298577308655,3.849010467529297
16242,10.141657067912263,10.425631852793995,0.283975213766098,0.06544589233952658,0.576,0.24244388937950134,0.44037172198295593,0.1979278326034546,-0.06778793781995773,0.00020270409004297107,0.0021118196550703244,0.5974658727645874,3.9126980304718018
6078,10.188462792228908,10.606074780288237,0.41761237382888794,0.09253442675974201,0.6126666666666667,0.39377617835998535,0.5606361627578735,0.16685998439788818,-0.0444832369685173,0.014824630692601204,0.06888359254500391,0.6254366636276245,3.55503511428833
21417,10.458796330260324,10.787671501940293,0.32887497544288635,0.07797211486082534,0.5793333333333334,0.229034423828125,0.5560961365699768,0.3270617127418518,-0.05578034371137619,0.0022407290525734425,0.014613258565306722,0.5803192853927612,4.198502540588379
7852,10.13268698608326,10.584596991869995,0.45190998911857605,0.10215835226101912,0.624,0.41840997338294983,0.511820375919342,0.09341040253639221,-0.039279792457818985,0.03144638240337372,0.12343822855731887,0.6142314076423645,3.6312949657440186
3885,9.844427233210093,10.220947106429705,0.3765193819999695,0.09109895947287279,0.606,0.279676228761673,0.5691658854484558,0.28948965668678284,-0.045058779418468475,0.013579701073467731,0.06354456166157993,0.5744835734367371,3.972661018371582
5878,10.112248521528954,10.366812981513583,0.25456470251083374,0.058159635498254036,0.5663333333333334,0.15894095599651337,0.4972439408302307,0.33830296993255615,-0.07518106698989868,3.756761725526303e-05,0.0005296234721986656,0.5953899621963501,3.9399518966674805
18791,10.782675856694585,11.06509111460738,0.2824154198169708,0.05625176042811753,0.555,0.23899857699871063,0.4529498815536499,0.21395130455493927,-0.07927631586790085,1.3790127923130058e-05,0.00027102305425103504,0.5563022494316101,4.627140998840332
22169,9.791430381082005,10.425606425252218,0.6341767907142639,0.15514528087970192,0.674,0.5729418396949768,0.7612057328224182,0.1882638931274414,-0.023516586050391197,0.19785216450691223,0.5438119977120042,0.5689272284507751,3.8600189685821533
15780,9.964765638101593,11.085770333284724,1.1210041046142578,0.25329740097949877,0.785,1.036760926246643,1.2384706735610962,0.20170974731445312,-0.012363232672214508,0.49846702814102173,0.8959657719699285,0.6088762879371643,3.214902877807617
14582,10.167015649378015,10.524463731739138,0.3574480414390564,0.0778140404552481,0.5943333333333334,0.293302983045578,0.5724470019340515,0.2791440188884735,-0.05297285318374634,0.003704714821651578,0.022114811178615634,0.6160569190979004,3.683347225189209
2544,9.933552875240396,10.299517844160956,0.365965336561203,0.08689201211289373,0.6016666666666667,0.2902757227420807,0.5361248254776001,0.2458491027355194,-0.04683934897184372,0.010292738676071167,0.04985357197927453,0.5986759662628174,3.7674789428710938
22656,9.889331004405875,10.263409601407423,0.3740789294242859,0.08931761438185516,0.6073333333333333,0.34841254353523254,0.4521435499191284,0.10373100638389587,-0.045112788677215576,0.013467524200677872,0.06310878030671258,0.6075469255447388,3.6538281440734863
10055,10.031567704653671,10.467600101742681,0.43603235483169556,0.08525064625334904,0.6143333333333333,0.35677778720855713,0.5751551985740662,0.21837741136550903,-0.04632054269313812,0.011168371886014938,0.053315296914074196,0.6219691634178162,3.521043062210083
8272,10.53760293492694,11.047862871128977,0.5102599859237671,0.11123022994303003,0.622,0.4044017493724823,0.7154616117477417,0.3110598623752594,-0.03477657213807106,0.05683555454015732,0.20556352859338559,0.5743280053138733,4.192505836486816
5386,10.455075775273398,10.902383882906909,0.4473080337047577,0.09597537293453237,0.616,0.3997321128845215,0.5497438907623291,0.15001177787780762,-0.04064493998885155,0.02600051276385784,0.10754019823553188,0.6255402565002441,3.635195732116699
18904,9.67531898164753,10.164982165039811,0.48966336250305176,0.11777990589581935,0.6403333333333333,0.43703389167785645,0.6430855989456177,0.20605170726776123,-0.03182600066065788,0.08135145157575607,0.27871495250308154,0.5927896499633789,3.649622917175293
4535,9.902331943975078,10.496252114695015,0.5939206480979919,0.1334848299962818,0.656,0.5683597922325134,0.6855695843696594,0.117209792137146,-0.027366619557142258,0.1339804232120514,0.4098588569727851,0.6148623824119568,3.4485812187194824
11676,9.335389547605285,9.578145736301508,0.24275623261928558,0.06298899066199207,0.5693333333333334,0.1913585513830185,0.4375195801258087,0.24616102874279022,-0.06677215546369553,0.00025239313254132867,0.002511046390718985,0.5757254362106323,3.821007490158081
5739,9.444021572918764,9.918205198412112,0.4741826057434082,0.11672187503781421,0.6406666666666667,0.3885831832885742,0.6568946242332458,0.26831144094467163,-0.031957898288965225,0.08009728789329529,0.2755579592839951,0.5742437839508057,3.748553991317749
23430,9.364211388508453,9.647199181788977,0.2829877734184265,0.06998980293571265,0.5906666666666667,0.23339185118675232,0.4007590115070343,0.16736716032028198,-0.05779891833662987,0.0015396603848785162,0.010806980625217212,0.5988510251045227,3.5869765281677246
17759,12.079469991619426,12.520319714229915,0.44085001945495605,0.07506857190989039,0.5803333333333334,0.36768168210983276,0.6211844682693481,0.2535027861595154,-0.05457228794693947,0.002789474092423916,0.017569444236122497,0.6494923233985901,3.947618246078491
5532,9.374921761188858,9.665446915601875,0.2905249297618866,0.07204654989174551,0.584,0.1893921196460724,0.48406845331192017,0.2946763336658478,-0.05628276988863945,0.002043107058852911,0.013671129424173775,0.5945145487785339,3.6286728382110596
24401,10.431495048653462,10.727281863166983,0.29578697681427,0.06503481242599166,0.5703333333333334,0.2146446257829666,0.48160725831985474,0.2669626474380493,-0.0635896548628807,0.0004920879728160799,0.004288506009701512,0.586074709892273,4.144506454467773
15441,9.902537802897749,10.288429999698561,0.3858920633792877,0.09358339814741198,0.5976666666666667,0.35098642110824585,0.5114202499389648,0.160433828830719,-0.04215945675969124,0.020930718630552292,0.08925131507975408,0.5859687924385071,3.8738386631011963
17760,9.760753750601026,9.971708113601064,0.21095432341098785,0.05102066486042881,0.5626666666666666,0.17031782865524292,0.4173600375652313,0.2470422089099884,-0.08205652236938477,6.79093272992759e-06,0.00015843915587500075,0.6119514107704163,3.658552885055542
16103,8.63383060506875,8.959158591129745,0.3253280520439148,0.08971602042274603,0.605,0.2703556418418884,0.4068874418735504,0.136531800031662,-0.04334929585456848,0.017574463039636612,0.079108962024886,0.5946526527404785,3.3062429428100586
14170,10.841448392333856,11.174825415904817,0.3333771228790283,0.07129329730470658,0.5836666666666667,0.25766992568969727,0.5006848573684692,0.24301493167877197,-0.05625918507575989,0.002052020514383912,0.013678760491255333,0.601889431476593,4.115438938140869
5185,9.391928439673112,9.727993113020739,0.3360644578933716,0.08687990448054284,0.6036666666666667,0.2945767939090729,0.43096983432769775,0.13639304041862488,-0.04448437690734863,0.014821951277554035,0.06888359254500391,0.6028558611869812,3.527350902557373
11788,10.39855706709081,10.812363251853307,0.41380640864372253,0.09008697495740214,0.6016666666666667,0.3194863498210907,0.5920296907424927,0.272543340921402,-0.04287109896540642,0.018861915916204453,0.0836539858505828,0.6203593611717224,3.6910064220428467
15122,10.108986054538002,10.34750957884642,0.23852311074733734,0.05584036866592967,0.569,0.22286760807037354,0.3329543471336365,0.11008673906326294,-0.07304555177688599,6.213584856595844e-05,0.000800996366922258,0.593508780002594,3.9676480293273926
18769,10.159849808844708,10.560528129609505,0.4006781280040741,0.09073649957039888,0.6006666666666667,0.3378739356994629,0.5642949938774109,0.226421058177948,-0.04257433861494064,0.019701994955539703,0.08465980452360965,0.5704176425933838,4.13593864440918
9717,10.384741242435767,10.84205646868256,0.4573154151439667,0.10628745733394275,0.6223333333333333,0.37733983993530273,0.5978121161460876,0.2204722762107849,-0.03502555564045906,0.055083125829696655,0.20186990694002768,0.5836668610572815,4.056591987609863
23246,8.217978299971207,8.483958793241474,0.26598069071769714,0.06475366244037256,0.577,0.2166241705417633,0.3691442608833313,0.152520090341568,-0.06181805208325386,0.0007047085673548281,0.00576469008307789,0.5805383324623108,3.292714834213257
8119,11.13268629065028,11.434642223496637,0.3019562065601349,0.06605726173144277,0.5813333333333334,0.21817390620708466,0.4274303615093231,0.20925645530223846,-0.05960872769355774,0.0010890623088926077,0.00809880800810413,0.6028636693954468,4.2391557693481445
14119,10.355784934209051,10.689702367600185,0.3339172303676605,0.0751878551781321,0.575,0.2889194190502167,0.48123621940612793,0.19231680035591125,-0.05276767164468765,0.0038400341290980577,0.022758556475316397,0.5769947171211243,4.187882900238037
3642,9.997072301818609,10.264919621380338,0.2678475081920624,0.06073909198597898,0.5783333333333334,0.19530954957008362,0.4890827238559723,0.29377317428588867,-0.06479046493768692,0.00038380909245461226,0.003499470310459031,0.5879513621330261,3.961799144744873
18857,9.988095328277037,10.178299157081444,0.1902039349079132,0.04487386780416015,0.5553333333333333,0.10744094103574753,0.3742551803588867,0.2668142318725586,-0.09047164022922516,6.925147317815572e-07,2.9041788688510115e-05,0.5973543524742126,3.9080440998077393
17986,9.776166400203083,10.091947280931752,0.31578072905540466,0.07487897062299693,0.581,0.2782977819442749,0.44357967376708984,0.16528189182281494,-0.051800437271595,0.004540393128991127,0.026160560758865397,0.5836907029151917,3.8855907917022705
12999,9.943938620969476,10.515844912167132,0.5719063878059387,0.13671822785549217,0.655,0.5510534048080444,0.6473193168640137,0.09626591205596924,-0.025095216929912567,0.16939027607440948,0.4871440838841308,0.5884209275245667,3.756195545196533
24158,8.659536330008974,9.127388767407263,0.4678528308868408,0.1294318514221016,0.638,0.4455815255641937,0.4712459444999695,0.025664418935775757,-0.026860643178224564,0.1413269191980362,0.42565098482099445,0.5926925539970398,3.24980092048645
3006,9.940740738388094,10.333986599406558,0.3932451605796814,0.0864579441789058,0.6103333333333333,0.33997440338134766,0.5895774364471436,0.2496030330657959,-0.04202339053153992,0.021347859874367714,0.0905575669190528,0.5774064064025879,3.973830461502075
9555,10.690864018277104,11.189293604770764,0.4984288215637207,0.10880856067637587,0.6196666666666667,0.4214530885219574,0.6391893029212952,0.21773621439933777,-0.03280258923768997,0.07242996245622635,0.2539264186428338,0.6047655940055847,3.923964023590088
5618,8.242540431769388,8.55759848316662,0.3150583803653717,0.07420963852434195,0.596,0.2786257565021515,0.4407585859298706,0.16213282942771912,-0.04993874952197075,0.006222359836101532,0.03379455432295799,0.5960462689399719,3.1418159008026123
7577,9.783322795669568,10.166656661058731,0.383333295583725,0.09665393053133303,0.6093333333333333,0.3639512360095978,0.4591604769229889,0.09520924091339111,-0.0371674969792366,0.04178999364376068,0.1569730713625614,0.5593108534812927,4.097001552581787
12698,9.557498713758996,9.855113045555065,0.29761430621147156,0.07313596152213332,0.58,0.2257353514432907,0.48735079169273376,0.26161545515060425,-0.05138956755399704,0.004871501121670008,0.027873012116226958,0.5755898356437683,3.884995460510254
14921,10.179621874080274,10.678687665656557,0.499065637588501,0.11104789752863072,0.6293333333333333,0.39729946851730347,0.7014350295066833,0.3041355609893799,-0.03079531341791153,0.09171357750892639,0.3069162447344173,0.6104740500450134,3.660560369491577
22849,9.704369504948604,10.049429690246603,0.34505990147590637,0.0859488731617333,0.5836666666666667,0.32343125343322754,0.3854292631149292,0.06199800968170166,-0.04285779967904091,0.018899019807577133,0.08370648746323936,0.5773964524269104,3.901864528656006
1838,10.098748519593384,10.380160633788217,0.28141218423843384,0.06712705989415518,0.557,0.22105266153812408,0.4543714225292206,0.2333187609910965,-0.056525107473134995,0.0019536202307790518,0.013208864948104079,0.5584821105003357,4.301614761352539
20683,9.319466425884679,9.778437396569963,0.4589707553386688,0.11558937157176781,0.63,0.41499829292297363,0.4745120704174042,0.05951377749443054,-0.029009826481342316,0.11214951425790787,0.35589208882801604,0.5785195827484131,3.6624488830566406
7730,10.353117462233266,10.67595829690813,0.32284119725227356,0.07340917242203117,0.589,0.2904473543167114,0.44354504346847534,0.15309768915176392,-0.048821356147527695,0.007483300287276506,0.03914175365466848,0.6166488528251648,3.7698001861572266
18384,8.935517353875664,9.168285128642848,0.23276764154434204,0.06082510826304297,0.5673333333333334,0.14024904370307922,0.41469743847846985,0.2744483947753906,-0.06113804876804352,0.0008069294854067266,0.006457384988291027,0.5785720348358154,3.6310043334960938
24025,9.912470836045081,10.169692551359242,0.2572218179702759,0.05859260720906673,0.5796666666666667,0.15889829397201538,0.47878894209861755,0.3198906481266022,-0.06184797361493111,0.0007004994549788535,0.005750067666055413,0.6080316305160522,3.728976249694824
22403,9.891834069247047,10.484792507865967,0.5929574370384216,0.13818846756460826,0.659,0.5348519682884216,0.6529370546340942,0.11808508634567261,-0.02295239083468914,0.20882664620876312,0.5662121800302192,0.5865619778633118,3.741853713989258
76,10.443517446171027,11.016505651737177,0.5729885101318359,0.1288145175816838,0.643,0.4900990426540375,0.741817057132721,0.25171801447868347,-0.025234300643205643,0.1670374721288681,0.4828927968263002,0.5985994338989258,3.849043130874634
3002,7.392993554748551,7.556785358503296,0.1637919396162033,0.04423006843100021,0.5596666666666666,0.11615686118602753,0.3433418273925781,0.2271849662065506,-0.0843692347407341,3.7025511119281873e-06,0.00010054550683457447,0.6037269830703735,2.8307583332061768
23808,9.166974328017508,9.507567717695654,0.34059351682662964,0.07294058760127198,0.5816666666666667,0.3047885596752167,0.4724692106246948,0.16768065094947815,-0.04920722544193268,0.007024095393717289,0.03724794506207108,0.6028561592102051,3.4352784156799316
13807,10.404981052104814,10.676273650655805,0.27129247784614563,0.06085153048927514,0.56,0.1419980227947235,0.5667098164558411,0.42471179366111755,-0.0611952468752861,0.0007978244684636593,0.00639998175307531,0.5800336003303528,4.21238374710083
5248,10.251438172222716,10.79566832864467,0.5442298054695129,0.11895570375118257,0.644,0.4830716848373413,0.6838168501853943,0.20074516534805298,-0.027114663273096085,0.13760118186473846,0.41900065764510896,0.5616626143455505,4.187914848327637
10804,10.16632493264299,10.489132760035528,0.32280808687210083,0.0774890941292487,0.5816666666666667,0.2678747773170471,0.507212221622467,0.23933744430541992,-0.04565880820155144,0.012380853295326233,0.05859680995345116,0.5525095462799072,4.370978832244873
4706,8.396099105380893,8.675242530446196,0.27914297580718994,0.06705747093209301,0.586,0.23367635905742645,0.4368540644645691,0.20317770540714264,-0.05227342247962952,0.0041846479289233685,0.024624757706080143,0.5880363583564758,3.294740915298462
11194,10.569448719527015,11.031687508380529,0.46223926544189453,0.10170230353697186,0.6146666666666667,0.4098816514015198,0.6454485058784485,0.2355668544769287,-0.032624710351228714,0.07399237900972366,0.25831059184321864,0.5818471908569336,4.150692462921143
18189,8.302246941764965,8.566918424276926,0.26467153429985046,0.06182586822080015,0.574,0.22142735123634338,0.37940844893455505,0.15798109769821167,-0.057266198098659515,0.0017018100479617715,0.011844740943061658,0.5995104908943176,3.1662893295288086
19714,9.066355588539807,9.321776599744398,0.2554214298725128,0.06387037608258181,0.5756666666666667,0.21680332720279694,0.40353456139564514,0.1867312341928482,-0.055084291845560074,0.0025434130802750587,0.016235698525917667,0.6012234687805176,3.4618847370147705
11716,9.137394919013206,9.386173800875248,0.2487787902355194,0.06207065140675685,0.5823333333333334,0.1895839124917984,0.41369155049324036,0.22410763800144196,-0.05601329728960991,0.0021469872444868088,0.01416926044020876,0.6036193370819092,3.4717190265655518
13456,9.834333807563821,10.366292503636279,0.5319592356681824,0.12774014004668513,0.6423333333333333,0.46458321809768677,0.6520919799804688,0.18750876188278198,-0.024618690833449364,0.177636981010437,0.5005472146076004,0.6064226031303406,3.5479798316955566
6639,10.504838090763979,11.109561078955933,0.6047223806381226,0.1354144980996499,0.65,0.5647199153900146,0.6940073370933533,0.12928742170333862,-0.022948384284973145,0.20890705287456512,0.5662121800302192,0.6097671389579773,3.730592966079712
18655,10.364759939352393,10.64416739192548,0.27940699458122253,0.06027660749026383,0.5673333333333334,0.1705227941274643,0.48413947224617004,0.31361669301986694,-0.05891580507159233,0.0012447875924408436,0.009083659237349152,0.6095610857009888,3.8764894008636475
2589,10.908964829751595,11.310039011636938,0.4010738432407379,0.07627433067133606,0.5936666666666667,0.3331752419471741,0.5963593125343323,0.2631840705871582,-0.04416549578309059,0.015554004348814487,0.07127305173945006,0.6331872344017029,3.7475922107696533
14791,9.999386809938603,10.498910769840322,0.4995241165161133,0.11864279211759192,0.631,0.40858009457588196,0.6080495715141296,0.19946947693824768,-0.026698799803853035,0.1437395066022873,0.4294039543493037,0.5815131068229675,3.894132375717163
5111,7.4924737201571325,7.773825595002115,0.28135213255882263,0.07680587545778654,0.5896666666666667,0.2440432608127594,0.4162836968898773,0.17224043607711792,-0.04384516552090645,0.01632116734981537,0.07427476295321198,0.5743350386619568,3.027693510055542
22015,9.362029476199305,9.601162408163846,0.23913301527500153,0.05927928291975722,0.5583333333333333,0.17275619506835938,0.47921162843704224,0.30645543336868286,-0.059941213577985764,0.0010209151078015566,0.007739182796327133,0.5527774691581726,4.054723262786865
12288,10.426604353550093,10.83428424536226,0.40768009424209595,0.0893608478485987,0.592,0.3820617198944092,0.48615261912345886,0.10409089922904968,-0.0372309572994709,0.04144192487001419,0.1560950284310015,0.6126596927642822,3.7888753414154053
18934,7.674637800081012,8.000135240729058,0.32549741864204407,0.08409216374027362,0.603,0.26055818796157837,0.42819973826408386,0.1676415503025055,-0.03883200138807297,0.03343427553772926,0.12970463097950474,0.5865127444267273,2.9824564456939697
6287,10.641068244850098,11.135835733148657,0.4947676956653595,0.10945268972835832,0.6343333333333333,0.46465983986854553,0.5887450575828552,0.12408521771430969,-0.02832334116101265,0.12090282142162323,0.3775221935625238,0.6018756031990051,3.9386801719665527
7851,7.412639765955584,7.5902779884182845,0.1776382476091385,0.04632139949350006,0.5573333333333333,0.11915534734725952,0.32561224699020386,0.20645689964294434,-0.0761619359254837,2.9682172680622898e-05,0.0004332028109731439,0.5923036932945251,2.9168901443481445
15141,9.799794197988298,10.154028856583377,0.3542342185974121,0.0837764078478693,0.6056666666666667,0.28879040479660034,0.5181390643119812,0.22934865951538086,-0.03871086612343788,0.03398996964097023,0.13155230072492333,0.5953921675682068,3.754164695739746
13755,10.475199901914218,10.85331145333813,0.3781116008758545,0.08478773877076723,0.6013333333333334,0.2954765260219574,0.5292521119117737,0.23377558588981628,-0.03850514441728592,0.03495152294635773,0.13511598077162562,0.5861866474151611,4.113133430480957
2497,7.181017593837096,7.378739562358815,0.19772221148014069,0.05663335379836029,0.5556666666666666,0.13209378719329834,0.3325046896934509,0.2004109025001526,-0.06156081706285477,0.0007418605964630842,0.006053655556852704,0.5515693426132202,3.111131191253662
22876,10.352506973653158,10.6893346610391,0.3368275761604309,0.07259053262886193,0.5946666666666667,0.2841758728027344,0.43839114904403687,0.1542152762413025,-0.04478277266025543,0.014164627529680729,0.06609494507863697,0.6113181710243225,3.817922353744507
19068,9.826596199485353,10.135251533809644,0.3086554706096649,0.0738606182230367,0.5906666666666667,0.2430652678012848,0.48850205540657043,0.24543678760528564,-0.04424307867884636,0.015372980386018753,0.07093410030484698,0.5899403095245361,3.847403049468994
22359,10.300514784561242,10.912103200371966,0.6115880012512207,0.13632066325906422,0.6656666666666666,0.5739830136299133,0.7035783529281616,0.1295953392982483,-0.021258994936943054,0.24440498650074005,0.6284909880734407,0.5957460999488831,3.7996718883514404
3506,5.872058282570822,6.151831822173648,0.2797737717628479,0.0970931285039528,0.6273333333333333,0.2500680088996887,0.35439231991767883,0.10432431101799011,-0.031660087406635284,0.08295252174139023,0.2821814775910588,0.5950742959976196,2.211261510848999
10585,10.348553924564659,10.720956727765817,0.3724031448364258,0.08240067079891439,0.602,0.3041755259037018,0.5165873169898987,0.2124117910861969,-0.038852859288454056,0.03333934769034386,0.12948799401888533,0.5926253199577332,3.9950437545776367
21277,10.424551068894749,10.647074812281591,0.22252359986305237,0.05023885045859495,0.559,0.11936498433351517,0.4645633399486542,0.3451983630657196,-0.0684623271226883,0.00017495464999228716,0.0018518362793113333,0.5999468564987183,4.036872386932373
23055,9.808551478217407,10.288874586286138,0.4803225100040436,0.11465432153900075,0.6283333333333333,0.43221521377563477,0.5486167073249817,0.11640149354934692,-0.02659693919122219,0.14527574181556702,0.4336022816531293,0.5903278589248657,3.7347421646118164
880,8.6575012202735,9.643814881910114,0.986312985420227,0.25914293738053223,0.7686666666666667,0.9352721571922302,1.0476568937301636,0.11238473653793335,-0.009558630175888538,0.6007348299026489,0.9345575822954106,0.5703109502792358,3.1575281620025635
408,10.137017543651012,10.389313512855697,0.2522958815097809,0.06030336563421699,0.5606666666666666,0.17241372168064117,0.443978875875473,0.27156513929367065,-0.05608159303665161,0.0021202475763857365,0.014068175771739334,0.5734378695487976,4.179391860961914
10480,9.79894705080405,10.13109295325644,0.33214566111564636,0.07742481565086337,0.603,0.26592734456062317,0.4986535608768463,0.23272621631622314,-0.04058380052447319,0.02622535452246666,0.1083349121358255,0.6174213290214539,3.5437939167022705
15785,10.385101396129878,10.725030610516585,0.3399294912815094,0.07380263496755465,0.5853333333333334,0.2626419961452484,0.570488691329956,0.30784669518470764,-0.04367930814623833,0.01673121377825737,0.07582833275973552,0.5705872178077698,4.265536308288574
11125,9.133396684423818,9.389281374550178,0.25588464736938477,0.06360458354673074,0.5796666666666667,0.19403664767742157,0.4043930172920227,0.21035636961460114,-0.050778571516275406,0.005404243245720863,0.030346199784869864,0.6135433316230774,3.3726656436920166
15284,9.409445685847826,10.04869860344537,0.6392529010772705,0.1602561020510487,0.6856666666666666,0.6267595887184143,0.7087835669517517,0.0820239782333374,-0.01703747734427452,0.3508913815021515,0.7578247372337861,0.5857375860214233,3.523545026779175
16630,9.65832605610065,9.903875461437119,0.2455492615699768,0.06072047027855387,0.5526666666666666,0.1914820373058319,0.4113294184207916,0.21984738111495972,-0.05567329376935959,0.002285031834617257,0.01484374601585681,0.5735092163085938,3.9783623218536377
6761,9.74585567887199,10.12229213222969,0.3764370381832123,0.08962167903860387,0.6066666666666667,0.2768445312976837,0.657894492149353,0.3810499608516693,-0.034352440387010574,0.059926941990852356,0.2144038432134923,0.5910527110099792,3.763047218322754
7800,10.028453836560633,10.405012638899212,0.37655892968177795,0.08312066817051007,0.6066666666666667,0.3352400064468384,0.5396159887313843,0.2043759822845459,-0.037022363394498825,0.04259620979428291,0.15927905535943487,0.5969956517219543,3.816706895828247
94,8.918011171696907,9.438142609775218,0.5201310515403748,0.11500818000462776,0.6456666666666667,0.46675294637680054,0.5950802564620972,0.12832731008529663,-0.025100599974393845,0.16929909586906433,0.4871440838841308,0.5853230357170105,3.393648624420166
2015,11.899847507386113,12.763161013295367,0.8633137941360474,0.15831970892705535,0.722,0.7901731729507446,0.972205638885498,0.18203246593475342,-0.016202010214328766,0.3750213086605072,0.7903597936337534,0.49575650691986084,5.572427272796631
15630,9.406234221933707,9.586596707863752,0.18036258220672607,0.04185644631117998,0.5533333333333333,0.12880858778953552,0.36287060379981995,0.23406201601028442,-0.07995731383562088,1.161769796453882e-05,0.00024055895847823193,0.6010477542877197,3.6442317962646484
7818,8.815992836093834,9.058554007022273,0.2425609529018402,0.06897460824112568,0.5796666666666667,0.21735401451587677,0.3164334297180176,0.09907941520214081,-0.04630076512694359,0.011203043162822723,0.05340385899054918,0.5908777713775635,3.4634945392608643
24269,9.617224837623365,10.116814164721818,0.4995890259742737,0.1230992246716695,0.6266666666666667,0.4332261085510254,0.5781518816947937,0.1449257731437683,-0.02393374964594841,0.19001056253910065,0.5259022503692903,0.5728006362915039,3.8223073482513428
5066,10.363923119246275,10.828427141090387,0.46450382471084595,0.10218141148117799,0.611,0.4387698173522949,0.6030518412590027,0.16428202390670776,-0.029523147270083427,0.10593719035387039,0.34141041988557647,0.6167801022529602,3.6851646900177
22281,9.74465444652861,10.205011465187736,0.460357129573822,0.1067197906697679,0.6316666666666667,0.43673941493034363,0.49313855171203613,0.056399136781692505,-0.026986461132764816,0.13947109878063202,0.4219796806029533,0.5684617161750793,3.9434962272644043
3158,10.017140696272527,10.27609050482964,0.25894954800605774,0.06174212834465746,0.5526666666666666,0.2353615015745163,0.3738333284854889,0.1384718269109726,-0.05322091653943062,0.003546883584931493,0.021249232037754133,0.6098731160163879,3.7500290870666504
12848,11.295997655704857,11.620174437122596,0.3241768777370453,0.06361153941475853,0.5763333333333334,0.25092488527297974,0.5242745280265808,0.2733496427536011,-0.04941042140126228,0.006792535539716482,0.03629624232754952,0.6245438456535339,4.038689136505127
10375,9.048297084766645,9.466171347674045,0.4178745448589325,0.10720589947097627,0.6246666666666667,0.3927529752254486,0.5200470089912415,0.12729403376579285,-0.026990851387381554,0.13940641283988953,0.4219796806029533,0.5957542657852173,3.408785343170166
13431,10.099453524659843,10.551599609187816,0.4521465301513672,0.10537488477795365,0.622,0.4303460419178009,0.549489438533783,0.11914339661598206,-0.027574166655540466,0.13105419278144836,0.4020208710045726,0.5609847903251648,4.180166721343994
1156,9.89091788983886,10.06084860797129,0.1699308305978775,0.0401645726956414,0.5526666666666666,0.15099185705184937,0.31685593724250793,0.16586408019065857,-0.08131350576877594,8.224589691963047e-06,0.00018663058664022996,0.5904904007911682,3.9500834941864014
18458,9.76132299017459,9.97409641577406,0.21277335286140442,0.05186235890926431,0.5563333333333333,0.15429739654064178,0.3659868538379669,0.21168945729732513,-0.06241762265563011,0.0006246822304092348,0.005252721394278667,0.6113804578781128,3.663355588912964
23047,12.333168974081309,12.738043578614601,0.4048742651939392,0.05854003760083533,0.5616666666666666,0.3207895755767822,0.6475083231925964,0.3267187476158142,-0.05455833673477173,0.0027965311892330647,0.017580470265520197,0.6344857215881348,4.251061916351318
14897,8.602186573011757,8.967599228966199,0.3654129207134247,0.09969659501198547,0.6093333333333333,0.3138596713542938,0.5231030583381653,0.20924338698387146,-0.029278522357344627,0.1088627427816391,0.34863330802103226,0.5805833339691162,3.395747661590576
18000,9.608599486491054,9.957157485367869,0.3485584259033203,0.08466102331062031,0.6,0.31034958362579346,0.4810855984687805,0.17073601484298706,-0.03498297557234764,0.0553802065551281,0.20220116770822177,0.5685338973999023,3.947618007659912
8858,10.272972570223569,10.536407229455708,0.2634342908859253,0.05863988442226265,0.5563333333333333,0.22496135532855988,0.40714988112449646,0.18218852579593658,-0.054026879370212555,0.00307538453489542,0.019080054239903606,0.5933725833892822,4.020956993103027
16619,10.216159846259814,10.44873251250175,0.23257263004779816,0.05269158891456533,0.5533333333333333,0.16578888893127441,0.4597526788711548,0.29396378993988037,-0.0603720024228096,0.0009384739678353071,0.007247469126895973,0.5782557129859924,4.174120903015137
13276,7.150233899264742,7.3458877676296535,0.1956537514925003,0.054589082256714945,0.566,0.13661238551139832,0.3338443338871002,0.1972319483757019,-0.056057218462228775,0.0021297489292919636,0.0140835493068748,0.6038686037063599,2.714282989501953
22170,10.781242571413706,11.023966274792398,0.24272377789020538,0.05130152339904741,0.5633333333333334,0.21397097408771515,0.3492850959300995,0.13531412184238434,-0.05893627554178238,0.00123992667067796,0.009071274848128556,0.6348462104797363,3.782719135284424
2446,11.204487307157216,11.638951107689122,0.4344637095928192,0.09435673681508823,0.598,0.3816457986831665,0.6046135425567627,0.2229677438735962,-0.03009921871125698,0.09929288178682327,0.3250566377072584,0.5627772212028503,4.654350280761719
12214,6.975051860854264,7.272573432614599,0.2975218594074249,0.0865634461972169,0.612,0.2721412181854248,0.3963051438331604,0.1241639256477356,-0.03193183243274689,0.08034323900938034,0.27602521025146226,0.5823312997817993,2.740004539489746
22908,10.74172150657338,11.0391796671655,0.29745808243751526,0.06391302890580321,0.5696666666666667,0.17238643765449524,0.5613794922828674,0.3889930546283722,-0.046413831412792206,0.011006318964064121,0.05261751042993425,0.5952661633491516,4.170471668243408
12064,8.092183797806356,8.484850832534352,0.3926674425601959,0.10127340830806304,0.6363333333333333,0.32762885093688965,0.5215463638305664,0.19391751289367676,-0.026172280311584473,0.15181128680706024,0.44946451581035796,0.582558810710907,3.149259090423584
10586,10.409379421676395,10.886970199648488,0.4775904417037964,0.10299476852871735,0.6166666666666667,0.45973101258277893,0.5981395840644836,0.1384085714817047,-0.026346197351813316,0.14910776913166046,0.4424690816321326,0.5939562916755676,3.9429948329925537
10713,10.138107684521296,10.475981609811956,0.33787354826927185,0.07869063215097634,0.5876666666666667,0.2587241232395172,0.568594753742218,0.3098706305027008,-0.03614379093050957,0.04775995388627052,0.17698962776869603,0.599407434463501,3.8587265014648438
11287,9.724864754880581,10.176537275149075,0.45167288184165955,0.10480433393908574,0.6243333333333333,0.3921129107475281,0.5727328658103943,0.1806199550628662,-0.025284701958298683,0.16619274020195007,0.48129068906386413,0.6002882122993469,3.61600923538208
9768,7.666057821381545,7.85742737210507,0.19136932492256165,0.050776580461299445,0.5556666666666666,0.11796331405639648,0.3375491499900818,0.2195858359336853,-0.058467231690883636,0.0013563117245212197,0.00974720334780651,0.5918952822685242,3.0152838230133057
1663,9.168409733809959,9.537870959219497,0.36946138739585876,0.09447892047654814,0.6153333333333333,0.27877727150917053,0.5191318988800049,0.24035462737083435,-0.028247034177184105,0.12190769612789154,0.3798466663583553,0.5900077223777771,3.540992498397827
19525,8.653416180222983,9.1053433481003,0.4519268274307251,0.10606432611247892,0.628,0.42678532004356384,0.5369672179222107,0.11018189787864685,-0.02464415319263935,0.17719011008739471,0.5005472146076004,0.5852534770965576,3.324481964111328
22662,9.468510670325022,9.706850424824587,0.23833967745304108,0.059702183434517817,0.5666666666666667,0.18845969438552856,0.3699175715446472,0.18145787715911865,-0.048499614000320435,0.007886562496423721,0.0407615936827641,0.5959192514419556,3.684011459350586
10306,10.350171690231145,10.583013987725499,0.2328420877456665,0.05149798638147368,0.5673333333333334,0.17904143035411835,0.35866355895996094,0.1796221286058426,-0.055478110909461975,0.002367862267419696,0.015262116132220725,0.6358650326728821,3.620802879333496
4028,10.671359921647502,11.005722755457104,0.3343627154827118,0.07336653822887562,0.5783333333333334,0.3084990680217743,0.46799302101135254,0.15949395298957825,-0.037541404366493225,0.03977341577410698,0.15059351595384735,0.599524974822998,4.073154449462891
13321,10.480711536529771,11.079956569689193,0.5992447137832642,0.12165100948926101,0.6443333333333333,0.5231097936630249,0.7262372374534607,0.2031274437904358,-0.02018882893025875,0.26896968483924866,0.6552180631414932,0.624377429485321,3.562636375427246
17489,9.960431806484364,10.198152201436802,0.23772035539150238,0.05795802234335787,0.5656666666666667,0.1891607791185379,0.4361005127429962,0.2469397336244583,-0.048084747046232224,0.00843518041074276,0.04292742350351884,0.5832932591438293,4.011918544769287
20234,9.474076395915795,9.860434844578345,0.3863584101200104,0.09336303063088042,0.6216666666666667,0.3369252383708954,0.5520660877227783,0.21514084935188293,-0.02715168707072735,0.13706384599208832,0.4178220299590917,0.6209745407104492,3.35099720954895
778,6.876884394631024,7.108137412557087,0.23125292360782623,0.06660019815224048,0.574,0.19335922598838806,0.3281295597553253,0.13477033376693726,-0.041175391525030136,0.02411549724638462,0.10011859947026598,0.591456949710846,2.672727108001709
249,10.286308332203527,10.452224319137354,0.16591599583625793,0.037814450558042556,0.5553333333333333,0.1300678253173828,0.3094516694545746,0.17938384413719177,-0.07464896887540817,4.263793380232528e-05,0.0005871276960593462,0.6298375129699707,3.7031052112579346
8012,8.293121260499671,8.745077081657218,0.4519560635089874,0.10744180739070983,0.629,0.40763846039772034,0.5477514863014221,0.14011302590370178,-0.023180071264505386,0.20434504747390747,0.5571976479679469,0.5872986316680908,3.157149314880371
676,9.800393062723668,10.068382305678082,0.2679891884326935,0.06474009344694043,0.5716666666666667,0.18843118846416473,0.5010664463043213,0.31263524293899536,-0.041990723460912704,0.021449103951454163,0.09087069231607116,0.5815659165382385,3.94496488571167
7947,10.204643116537557,10.450630441757324,0.2459869533777237,0.05746194033097885,0.5593333333333333,0.20245634019374847,0.373897522687912,0.1714411824941635,-0.048165954649448395,0.008325210772454739,0.042498340969403005,0.5871797800064087,4.068244457244873
3312,9.655033700589769,9.944110168526057,0.28907662630081177,0.07160595271474877,0.58,0.2804401218891144,0.3373982906341553,0.056958168745040894,-0.03721872717142105,0.04150912165641785,0.1560950284310015,0.5848197340965271,3.839521646499634
4488,7.709751693051082,8.048938908175984,0.3391873836517334,0.10508260456622949,0.625,0.3045707046985626,0.4012187421321869,0.09664803743362427,-0.023134971037507057,0.20522871613502502,0.5574278708242002,0.5632343888282776,3.1763126850128174
16235,8.73687305373746,8.96827738408498,0.2314041554927826,0.06363587977535387,0.5733333333333334,0.21333852410316467,0.31869542598724365,0.10535690188407898,-0.041441500186920166,0.02321545220911503,0.09686749769370036,0.5810867547988892,3.5255258083343506
19674,8.814296067786277,9.084250820699324,0.2699546813964844,0.07324038523466243,0.5806666666666667,0.22175246477127075,0.3930906355381012,0.17133817076683044,-0.03551596403121948,0.051763467490673065,0.19097145634365242,0.5704197883605957,3.6324596405029297
11394,10.626557108916836,11.06181296385537,0.43525540828704834,0.09759871750176265,0.6213333333333333,0.3787095248699188,0.5469932556152344,0.16828373074531555,-0.02481934055685997,0.17412887513637543,0.4956090750230342,0.6015846729278564,3.971940040588379
8849,9.435897318814071,9.730761845468441,0.29486459493637085,0.07294382779152916,0.59,0.22919680178165436,0.34485822916030884,0.11566142737865448,-0.034864019602537155,0.056214600801467896,0.20420939962199905,0.5957838296890259,3.6384670734405518
2036,8.733959265236571,9.030270228267122,0.2963107228279114,0.06758261367505639,0.5833333333333334,0.2569955885410309,0.43431660532951355,0.17732101678848267,-0.037985511124134064,0.037485308945178986,0.14340511378219167,0.6167916655540466,3.164163827896118
17582,9.80631435382137,10.139416527460526,0.33310240507125854,0.07356204591012137,0.6046666666666667,0.34935542941093445,0.3557378649711609,0.00638243556022644,-0.032907627522945404,0.0715201273560524,0.2510023113671627,0.6426021456718445,3.290703535079956
9549,10.174085307911565,10.410950574265033,0.23686520755290985,0.05591870476087635,0.557,0.1908278465270996,0.3700115382671356,0.179183691740036,-0.04688398912549019,0.010220418684184551,0.049575764422699,0.602398693561554,3.9025425910949707
24537,10.972211800315158,11.251327368224763,0.2791157364845276,0.057531853980134474,0.5796666666666667,0.26840758323669434,0.3740147054195404,0.10560712218284607,-0.043570615351200104,0.017004940658807755,0.07675390790549058,0.6024891138076782,4.1934099197387695
23585,10.176734702927522,10.412638087706222,0.2359030395746231,0.053655638437737595,0.5523333333333333,0.2081965059041977,0.3025307357311249,0.09433422982692719,-0.0488155372440815,0.007490453310310841,0.03914175365466848,0.6074632406234741,3.851439952850342
14980,10.31951200271418,10.675604837548587,0.356093168258667,0.08085141640958846,0.5956666666666667,0.31959813833236694,0.4476412534713745,0.12804311513900757,-0.030005019158124924,0.10035699605941772,0.32821592097221214,0.5822782516479492,4.103339672088623
13704,10.41448030573577,10.865657399105709,0.45117732882499695,0.10564088895794321,0.6093333333333333,0.4183458685874939,0.5436190962791443,0.1252732276916504,-0.022326501086354256,0.22151337563991547,0.5842944374960509,0.5811768770217896,4.099611282348633
2573,8.988380580709816,9.23635147633434,0.2479710876941681,0.06589486737729866,0.5673333333333334,0.18433932960033417,0.3276149332523346,0.14327560365200043,-0.03839632123708725,0.03546977788209915,0.1366411327016215,0.574582576751709,3.6813340187072754
11331,9.964481214346097,10.279558524475641,0.3150779902935028,0.07518030829143157,0.5846666666666667,0.25993412733078003,0.4067423343658447,0.1468082070350647,-0.03254150226712227,0.0747327208518982,0.26062053071825125,0.5746937394142151,4.056883335113525
9220,8.74623655478712,9.20410235951362,0.45786550641059875,0.10408745693452798,0.6376666666666667,0.4339631199836731,0.5582859516143799,0.12432283163070679,-0.02152179554104805,0.23861999809741974,0.6185822016406507,0.5788116455078125,3.418794870376587
15289,8.083765472252521,8.3746664671219,0.2909010946750641,0.08810311019867124,0.6116666666666667,0.2516595423221588,0.3315902352333069,0.07993069291114807,-0.026399953290820122,0.14827953279018402,0.4413747458525424,0.5740629434585571,3.2761800289154053
22103,12.300095114198673,12.783929943482823,0.48383501172065735,0.09199870157011131,0.6103333333333333,0.39192143082618713,0.6279484629631042,0.23602703213691711,-0.025318516418337822,0.16562606394290924,0.4806297829118822,0.5868402719497681,4.797970294952393
11543,10.460738278706783,10.693273269052384,0.2325347661972046,0.051830912451209424,0.5643333333333334,0.21081337332725525,0.3373948633670807,0.12658149003982544,-0.04787350073456764,0.008727437816560268,0.04427871590545815,0.6124403476715088,3.911746025085449
15396,10.199448833470454,10.507576448516863,0.3081275522708893,0.06944301980401499,0.5776666666666667,0.26792407035827637,0.34504616260528564,0.07712209224700928,-0.03487090766429901,0.05616661533713341,0.20420939962199905,0.5983937382698059,3.911780834197998
2046,10.892690548107206,11.279006741509487,0.3863161504268646,0.0610252684172298,0.5896666666666667,0.35218706727027893,0.4734925627708435,0.12130549550056458,-0.03885841742157936,0.03331389278173447,0.12948799401888533,0.7196213603019714,2.776076555252075
10577,9.670726629598757,9.859217709365504,0.18849121034145355,0.04264889566639807,0.555,0.1318322867155075,0.353074312210083,0.2212420254945755,-0.05812188610434532,0.0014483686536550522,0.010297093024805123,0.6209131479263306,3.549008369445801
23667,7.573723595105879,7.826889439071687,0.2531659007072449,0.07338526750777115,0.5903333333333334,0.2287340760231018,0.318085253238678,0.08935117721557617,-0.03162539750337601,0.08329043537378311,0.28301662809573686,0.5802664756774902,3.0320422649383545
1381,9.794510880575737,10.026663754668771,0.23215268552303314,0.054599946366826385,0.5653333333333334,0.1986369490623474,0.3457607924938202,0.14712384343147278,-0.04419809579849243,0.015477864071726799,0.07110415662734297,0.5883381962776184,3.8954412937164307
8622,9.021148309039047,9.334901314252493,0.3137529194355011,0.07900567342294268,0.584,0.2426750510931015,0.3938223719596863,0.15114732086658478,-0.029505698010325432,0.10614326596260071,0.34174211869202736,0.579326868057251,3.613189220428467
16642,9.259022405584618,9.484506241268965,0.22548392415046692,0.05715931282642841,0.5686666666666667,0.18422074615955353,0.42261889576911926,0.23839814960956573,-0.04170878231525421,0.02234048582613468,0.09392643342891396,0.5865252017974854,3.696120500564575
12159,10.58832910701609,10.94552661888871,0.3571975529193878,0.07713650687926547,0.5926666666666667,0.2386500984430313,0.5896830558776855,0.35103297233581543,-0.029652189463377,0.10441847145557404,0.33750087408030904,0.6077888607978821,3.935760021209717
10274,10.711314901422893,10.987826976821486,0.276512086391449,0.06266849444965675,0.5646666666666667,0.24102094769477844,0.3913195729255676,0.15029862523078918,-0.038150206208229065,0.03666616976261139,0.1404335496225798,0.5572639107704163,4.588195323944092
16081,10.400288607525455,10.961535081519054,0.5612461566925049,0.12144161742853697,0.6533333333333333,0.49925497174263,0.6944841146469116,0.19522914290428162,-0.016885831952095032,0.3551958501338959,0.7641323710997383,0.5905616283416748,3.9268267154693604
13947,9.347347468191872,9.543897550802159,0.19655007123947144,0.047955849253768404,0.5613333333333334,0.12548303604125977,0.4046425521373749,0.2791595160961151,-0.04920485243201256,0.007026853505522013,0.03724794506207108,0.5877685546875,3.7377448081970215
24165,9.357481901396271,9.634761111681476,0.27727946639060974,0.07171093655391127,0.5633333333333334,0.22785286605358124,0.3745250999927521,0.14667223393917084,-0.0326949805021286,0.07337232679128647,0.25668692572284274,0.5720320343971252,3.8460898399353027
7238,10.513503324770591,10.759035488913222,0.24553251266479492,0.05471973625342155,0.5556666666666666,0.1758553385734558,0.47964945435523987,0.30379411578178406,-0.04297778010368347,0.018567701801657677,0.08257019606562668,0.5919103026390076,4.145119667053223
12292,8.685070200532598,8.985528764375111,0.3004583716392517,0.08595152585069218,0.6006666666666667,0.2590896189212799,0.40027061104774475,0.14118099212646484,-0.024832207709550858,0.17390553653240204,0.4953990047565331,0.5661684274673462,3.597747325897217
22232,10.005208733393799,10.616016187409661,0.610807478427887,0.14225505158075788,0.654,0.5347346067428589,0.7278332710266113,0.19309866428375244,-0.013581551611423492,0.4571097493171692,0.8794451797257733,0.5838667154312134,3.806870460510254
21351,8.932715117273586,9.276546659924248,0.3438311815261841,0.08932300123607259,0.609,0.3425959646701813,0.3353427052497864,-0.0072532594203948975,-0.022741427645087242,0.21304289996623993,0.5739777409914157,0.6014026403427124,3.3537755012512207
21688,9.083526469093044,9.46480124646877,0.3812744617462158,0.09777987273499031,0.61,0.3115137815475464,0.4484204053878784,0.13690662384033203,-0.02020229399204254,0.2686502933502197,0.6549215760627505,0.5867649912834167,3.5299124717712402
9949,0.2749652459318338,0.3156925705528064,0.04072728380560875,0.033238022507438646,0.6943333333333334,0.03721466287970543,0.05074670538306236,0.013532042503356934,-0.051958538591861725,0.004418546333909035,0.02572696661553714,0.48123860359191895,0.1230417937040329
8379,7.36616119423413,7.532275029240341,0.1661139577627182,0.0463907094135738,0.5533333333333333,0.15782055258750916,0.16900110244750977,0.01118054986000061,-0.04653878137469292,0.010792216286063194,0.0518445145190302,0.5846633911132812,2.962315559387207
1860,9.908902000355909,10.116486220015695,0.20758426189422607,0.050600323146625145,0.552,0.18280614912509918,0.26399457454681396,0.08118842542171478,-0.042714521288871765,0.019301248714327812,0.08405493535879542,0.5943877100944519,3.895787000656128
2431,8.02541583376929,8.257805386770697,0.2323896288871765,0.06737747701129972,0.5733333333333334,0.1875120848417282,0.3140711188316345,0.1265590339899063,-0.03054344654083252,0.09440084546804428,0.31337675454472014,0.576500415802002,3.264787435531616
4789,9.71677405100356,10.10907016820932,0.3922958970069885,0.08811130066606611,0.6186666666666667,0.3820977210998535,0.4063336253166199,0.024235904216766357,-0.021217506378889084,0.2453269064426422,0.6284909880734407,0.6279558539390564,3.3687243461608887
8697,9.376232314904398,9.658436357777338,0.28220391273498535,0.07029654946142298,0.5726666666666667,0.25342968106269836,0.36859193444252014,0.11516225337982178,-0.02835148386657238,0.12053391337394714,0.37672533491310084,0.5806910395622253,3.767664909362793
17398,9.567602301415132,9.859843189198843,0.2922409176826477,0.058994564052808215,0.585,0.22890278697013855,0.42836013436317444,0.1994573473930359,-0.03240440413355827,0.07596566528081894,0.26464169198249543,0.6167527437210083,3.4865169525146484
7532,8.340615879627958,8.552641088965634,0.21202562749385834,0.06179928340659233,0.575,0.1950397938489914,0.2777792513370514,0.08273945748806,-0.031443677842617035,0.08507835119962692,0.2885000793494002,0.5773525834083557,3.402726650238037
17227,9.779536256154014,10.045185750668615,0.2656494081020355,0.0659572749759263,0.571,0.2194143682718277,0.38095757365226746,0.16154320538043976,-0.02965686097741127,0.10436410456895828,0.33750087408030904,0.5620168447494507,4.133973121643066
11962,9.555743976892023,10.002524706339287,0.44678038358688354,0.11441366549485887,0.6336666666666667,0.4283178150653839,0.4876146912574768,0.059296876192092896,-0.015398065559566021,0.39918196201324463,0.8148427850584593,0.5709455013275146,3.8448476791381836
21958,8.889795130056157,9.478799057768011,0.5890032052993774,0.15364075859186901,0.6756666666666666,0.5178121328353882,0.7025080919265747,0.18469595909118652,-0.01047097984701395,0.5664440989494324,0.9160596281865389,0.5912425518035889,3.2855257987976074
24356,0.33320578977017073,0.36823152643183665,0.035025693476200104,0.02383745222397627,0.636,0.035046618431806564,0.043623004108667374,0.00857638567686081,-0.07015809416770935,0.00012013196101179346,0.001386749779902689,0.47435280680656433,0.15853412449359894
9580,9.647309336764796,9.899830815411129,0.2525218725204468,0.06314163262758933,0.5636666666666666,0.21580350399017334,0.36633145809173584,0.1505279541015625,-0.029583824798464775,0.10522124171257019,0.33943327535905066,0.568550705909729,4.018753528594971
7066,9.182284228757256,9.42398993463688,0.24170561134815216,0.05872352112044548,0.5576666666666666,0.1894950568675995,0.34768548607826233,0.15819042921066284,-0.03170541301369667,0.08251293748617172,0.28152972388433256,0.5804240703582764,3.7123734951019287
17551,10.595744361002556,10.87643643588168,0.28069207072257996,0.06024684204223072,0.573,0.22453905642032623,0.4378472864627838,0.21330823004245758,-0.02970687486231327,0.10378142446279526,0.33620998199268054,0.6069003343582153,3.9948313236236572
17130,10.64237883349214,10.981435045833225,0.3390558958053589,0.07407376083285996,0.5953333333333334,0.26104414463043213,0.5237191319465637,0.2626749873161316,-0.023157088086009026,0.20479469001293182,0.5573464332420642,0.5927612781524658,4.133009433746338
810,7.189769333183534,7.521994244055658,0.33222496509552,0.1089862231438071,0.6346666666666667,0.3370867371559143,0.322716623544693,-0.014370113611221313,-0.01471216231584549,0.4205145239830017,0.8423002526938843,0.5785835981369019,2.8376667499542236
4430,9.690534683454098,9.91944244785375,0.22890783846378326,0.057020417327019665,0.561,0.18339018523693085,0.3314696252346039,0.14807943999767303,-0.031226418912410736,0.08725766092538834,0.2943835342625372,0.5537453293800354,4.197690010070801
21042,7.231440925131346,7.37265791989478,0.1412169337272644,0.0401589827344772,0.552,0.08915967494249344,0.24916969239711761,0.16001001000404358,-0.04433009773492813,0.015172195620834827,0.07010527767339719,0.5757930278778076,2.986315965652466
6098,10.341897752357086,10.629764093159453,0.2878660559654236,0.06317720241147647,0.5803333333333334,0.26570963859558105,0.4104147255420685,0.14470508694648743,-0.026341453194618225,0.14918139576911926,0.4424690816321326,0.5979580879211426,3.9857444763183594
13197,8.799219742283272,9.017180262273675,0.21796031296253204,0.056255681382834016,0.5666666666666667,0.2038346230983734,0.21217215061187744,0.008337527513504028,-0.02883663959801197,0.1143094077706337,0.3603302263978206,0.6015045046806335,3.375345230102539
12247,13.573152666964914,13.809645063778481,0.23649229109287262,0.028485210487481875,0.5563333333333333,0.1796027272939682,0.3700883090496063,0.19048558175563812,-0.057387929409742355,0.0016634303610771894,0.01162646579377369,0.5658316612243652,5.759218215942383
24101,9.361999653912402,9.600659338976508,0.2386595606803894,0.05972612058484792,0.5696666666666667,0.15322750806808472,0.3722958564758301,0.21906834840774536,-0.024479417130351067,0.18010446429252625,0.5052380103311934,0.5819581151008606,3.774818181991577
22300,8.161414241526149,8.3768235660101,0.21540959179401398,0.06214513707866439,0.5623333333333334,0.17258359491825104,0.3116685152053833,0.13908492028713226,-0.023745544254779816,0.1935194432735443,0.533830071245006,0.5678743124008179,3.4044313430786133
10127,0.30391775010906313,0.2331955720104315,-0.07072225213050842,-0.05327144915804879,0.847,-0.07045535743236542,-0.06833910197019577,0.002116255462169647,0.01822381280362606,0.3183649778366089,0.7234969772960587,0.6962171196937561,0.14156299829483032
4611,10.143854070020428,10.405182737087475,0.2613285481929779,0.059287992730732014,0.5806666666666667,0.22730742394924164,0.3584287762641907,0.13112135231494904,-0.02373475395143032,0.19372086226940155,0.5339411120620028,0.6082141399383545,3.815274953842163
3213,8.310376083094532,8.693948603106742,0.3835727870464325,0.10275254066581685,0.6363333333333333,0.35057610273361206,0.45407727360725403,0.10350117087364197,-0.012221964076161385,0.5033878087997437,0.8961439067993288,0.6188151836395264,2.9304287433624268
9433,6.969349144812109,7.253954623609243,0.284605473279953,0.08168243038490132,0.6003333333333334,0.2637931704521179,0.2756398022174835,0.0118466317653656,-0.016126010566949844,0.37726399302482605,0.7945808066695796,0.5961981415748596,2.644554853439331
19269,8.871035327935509,9.201973455238114,0.33093827962875366,0.08028996476581125,0.6046666666666667,0.28739646077156067,0.39860913157463074,0.11121267080307007,-0.01580725982785225,0.3867681920528412,0.8013859211094677,0.5951406955718994,3.394566297531128
19186,9.218953577392728,9.550938230044434,0.3319845497608185,0.07467390991071546,0.5886666666666667,0.2602897882461548,0.5212768912315369,0.2609871029853821,-0.01698799431324005,0.35229209065437317,0.7603541995686894,0.5763596892356873,3.7141780853271484
23896,7.742204703706285,7.921557923674825,0.17935335636138916,0.05194889788913831,0.556,0.1390427052974701,0.3005744218826294,0.1615317165851593,-0.02564333751797676,0.16026239097118378,0.4696106899243135,0.5818458795547485,3.1330788135528564
24152,8.906121473929408,9.201619710383785,0.2954980731010437,0.0662226676396644,0.591,0.23056170344352722,0.4091549515724182,0.178593248128891,-0.01872466690838337,0.3052426874637604,0.7089851787671769,0.5819212794303894,3.5515034198760986
12582,9.898470349605404,10.178704947930159,0.28023454546928406,0.06809379164334596,0.5726666666666667,0.24996991455554962,0.39055192470550537,0.14058201014995575,-0.01871192641556263,0.3055723011493683,0.7089851787671769,0.5737863183021545,4.058068752288818
4329,10.570734069948823,10.811909019838373,0.24117496609687805,0.05356121886164336,0.566,0.17108090221881866,0.34829679131507874,0.17721588909626007,-0.023986680433154106,0.1890323907136917,0.5236323665839971,0.6109506487846375,3.965191125869751
7919,10.43525061964359,10.608418471201443,0.17316797375679016,0.03877464100807077,0.5533333333333333,0.09608820825815201,0.3136550784111023,0.21756687760353088,-0.03265004605054855,0.07376871258020401,0.25780141854242183,0.598430871963501,4.086845397949219
927,10.418391705967872,11.015506909040957,0.5971156358718872,0.13214430331258895,0.6623333333333333,0.5549190640449524,0.7032253742218018,0.14830631017684937,-0.007818135432898998,0.6686196327209473,0.9568099261808212,0.6139538884162903,3.655378580093384
6490,9.09575081562659,9.374813130228173,0.2790626883506775,0.07304165380347494,0.5806666666666667,0.2725643813610077,0.3070279061794281,0.03446352481842041,-0.015985358506441116,0.3814401924610138,0.7970441945046935,0.590814471244812,3.5569756031036377
3214,0.3419661180923889,0.2957839435045766,-0.046182140707969666,-0.03055391454005908,0.7003333333333334,-0.04827114939689636,-0.04384217783808708,0.00442897155880928,0.03133599832653999,0.08615347743034363,0.2915489997208666,0.6424651145935059,0.15193524956703186
12839,9.873875784498406,10.065275741460278,0.19139978289604187,0.04695313051428998,0.5536666666666666,0.1354457139968872,0.33877554535865784,0.20332983136177063,-0.025516754016280174,0.16233693063259125,0.47427006277405187,0.5779736638069153,4.056411266326904
10338,9.20952512874007,9.462091342589378,0.25256600975990295,0.06039098626806294,0.5703333333333334,0.2409048229455948,0.3210654854774475,0.08016066253185272,-0.01891733705997467,0.3002929985523224,0.7059406679965856,0.5875832438468933,3.64975905418396
20361,9.961490741863999,10.195349219299048,0.23385833203792572,0.057087472653492205,0.573,0.195081427693367,0.2806474268436432,0.08556599915027618,-0.019721774384379387,0.28020480275154114,0.6726945735622143,0.5978804230690002,3.865891218185425
17592,0.2619960407705433,0.29670934759186846,0.03471330553293228,0.029207599445644196,0.6876666666666666,0.033813200891017914,0.03555653616786003,0.0017433352768421173,-0.03097834438085556,0.08980020135641098,0.30112152539857245,0.483987420797348,0.1183924451470375
4474,0.27297581503502266,0.30617830176509564,0.03320249170064926,0.027241171250657822,0.6603333333333333,0.032371483743190765,0.03600764647126198,0.0036361627280712128,-0.031958408653736115,0.08009165525436401,0.2755579592839951,0.5081130862236023,0.11740261316299438
15995,9.965399892979738,10.739672281993034,0.7742713093757629,0.17306165296987083,0.72,0.7897228002548218,0.7934024333953857,0.003679633140563965,-0.004494172986596823,0.8056392073631287,0.9847607000255966,0.6178187727928162,3.330228805541992
22941,7.716620892613245,8.053499432834322,0.3368784785270691,0.08873559084694044,0.6163333333333333,0.3092213273048401,0.4433349370956421,0.134113609790802,-0.010218333452939987,0.5758442878723145,0.9194082533595074,0.5895310640335083,2.9688327312469482
15058,10.571665180704997,10.781664985135173,0.20999976992607117,0.045492132739356185,0.5533333333333333,0.20117492973804474,0.22695399820804596,0.02577906847000122,-0.020879210904240608,0.25293371081352234,0.6385362597112368,0.5908663868904114,4.201141834259033
11128,10.921453026624372,11.123985797213935,0.20253270864486694,0.04171073958724825,0.554,0.13478173315525055,0.38842958211898804,0.2536478638648987,-0.022703535854816437,0.2138068675994873,0.5744867415710474,0.611649751663208,4.1174702644348145
7047,10.250901836943331,10.406141230889578,0.1552392840385437,0.034036228312764476,0.5503333333333333,0.14897802472114563,0.1826409250497818,0.03366290032863617,-0.02794020250439644,0.12601520121097565,0.3899043343773759,0.6183570027351379,3.8161911964416504
15360,8.009607591193975,8.192368772004698,0.18276125192642212,0.04461491850354326,0.57,0.13991884887218475,0.2974962890148163,0.15757744014263153,-0.02040255442261696,0.26393264532089233,0.6501181070246218,0.6193474531173706,2.9356849193573
20636,0.331477372021446,0.3627650482931561,0.03128770738840103,0.02097485657776328,0.6176666666666667,0.030277572572231293,0.03620516136288643,0.005927588790655136,-0.03896002471446991,0.032855324447155,0.12851203057074911,0.5177252888679504,0.14366474747657776
17740,1.1504341917021428,1.0232940800511057,-0.1271400898694992,-0.02591186139215421,0.7013333333333334,-0.12858645617961884,-0.12694688141345978,0.0016395747661590576,0.027692120522260666,0.12941411137580872,0.3977262996178611,0.5729377269744873,0.5641503930091858
20355,8.391811013665063,8.621890677538035,0.23007963597774506,0.056494197137513656,0.5723333333333334,0.1848694086074829,0.34450095891952515,0.15963155031204224,-0.015430580824613571,0.3981861174106598,0.8148427850584593,0.5952076315879822,3.259995698928833
17554,10.496139841439506,10.909209020002871,0.4130688011646271,0.09295169496862282,0.6076666666666667,0.37651702761650085,0.447943776845932,0.07142674922943115,-0.008070079609751701,0.6586041450500488,0.9560602335938196,0.582855224609375,4.137650489807129
2569,9.399026556993638,9.710735881183702,0.31170928478240967,0.07812207243909601,0.592,0.2829056978225708,0.41634035110473633,0.13343465328216553,-0.00965716503560543,0.5969889760017395,0.9307409305853003,0.5927972197532654,3.642529249191284
4240,9.437584936153778,9.84501393513744,0.40742936730384827,0.09276240259425332,0.6133333333333333,0.3807017505168915,0.46301770210266113,0.08231595158576965,-0.0076324897818267345,0.6760342717170715,0.9571374111960077,0.6179348826408386,3.3540072441101074
19394,14.503545049718713,14.723190984748557,0.21964581310749054,0.02264570992111615,0.5533333333333333,0.14313490688800812,0.37540164589881897,0.23226673901081085,-0.03443017601966858,0.05935024097561836,0.21280016055435458,0.6644413471221924,4.7208476066589355
6235,10.302386407161176,10.55325907020964,0.2508721947669983,0.05666239965320995,0.5643333333333334,0.18333719670772552,0.43341442942619324,0.2500772476196289,-0.012277028523385525,0.5014662742614746,0.8959657719699285,0.6151293516159058,3.8107666969299316
7911,9.587534487667487,9.959395693062582,0.371861070394516,0.09139056833623378,0.6096666666666667,0.3510841429233551,0.4454110562801361,0.094326913356781,-0.007039564196020365,0.6999292373657227,0.962105374680352,0.5972326993942261,3.6394577026367188
2320,8.634642612694572,8.975002025881818,0.3403591811656952,0.0923736918265167,0.6106666666666667,0.28564372658729553,0.46698179841041565,0.18133807182312012,-0.0066600944846868515,0.7153794765472412,0.9656913210891727,0.5715672969818115,3.5048248767852783
4434,0.2367525699006609,0.2514163000699969,0.014663728885352612,0.013764854574740363,0.601,0.013032117858529091,0.022009672597050667,0.008977554738521576,-0.044662605971097946,0.014426185749471188,0.06722075019409007,0.5140984654426575,0.10749983787536621
5206,0.3339201309159018,0.28781611852270556,-0.04610402509570122,-0.03130601654559124,0.7146666666666667,-0.044633083045482635,-0.04951610416173935,-0.004883021116256714,0.01373546663671732,0.4520260691642761,0.874233722791154,0.6241322159767151,0.15428480505943298
7917,9.36816897970253,10.043390381260332,0.6752208471298218,0.14976270473311135,0.686,0.6962864995002747,0.6673076152801514,-0.02897888422012329,-0.0029417353216558695,0.8720475435256958,0.9847607000255966,0.6293890476226807,3.046969175338745
4978,8.783035279967354,9.18525302841873,0.40221837162971497,0.08777394827947417,0.6216666666666667,0.3531856834888458,0.38473185896873474,0.031546175479888916,-0.005420286674052477,0.7666482329368591,0.9773743935271141,0.6060967445373535,3.215883255004883
17158,0.2757542551306336,0.2559934038651512,-0.019760847091674805,-0.016173587211079643,0.602,-0.018534591421484947,-0.022798767313361168,-0.004264175891876221,0.02472747303545475,0.17572949826717377,0.49802551561945824,0.5845693349838257,0.12610836327075958
1952,9.712371296390264,10.076437193460066,0.36406615376472473,0.0929729751432367,0.5906666666666667,0.3439466059207916,0.4011293351650238,0.05718272924423218,-0.004065016750246286,0.8238784670829773,0.9847607000255966,0.5627040266990662,4.042319297790527
4178,0.29334197223145947,0.2494610917133336,-0.043880924582481384,-0.03323096335302266,0.746,-0.04215894266963005,-0.04669003561139107,-0.004531092941761017,0.008222106844186783,0.6525928378105164,0.9533245598121304,0.6888482570648193,0.1215011328458786
2693,0.30011492523767663,0.2787537805064562,-0.021361136808991432,-0.015680760654435407,0.6,-0.020047573372721672,-0.026133766397833824,-0.006086193025112152,0.021467139944434166,0.23981618881225586,0.6211970551485564,0.6183605194091797,0.12774460017681122
17225,0.29921000662266095,0.33502821504600905,0.03581821545958519,0.02666868564415822,0.6626666666666666,0.036054354161024094,0.037307873368263245,0.001253519207239151,-0.010518810711801052,0.5646735429763794,0.9160596281865389,0.4884470999240875,0.13556644320487976
24328,11.356605604421278,11.69604518508403,0.33943992853164673,0.06946582092498928,0.595,0.33130866289138794,0.38936930894851685,0.058060646057128906,-0.004154104273766279,0.8200856447219849,0.9847607000255966,0.576946496963501,4.60861349105835
21082,10.072167722057989,10.366449711743032,0.29428204894065857,0.06568421678788898,0.5833333333333334,0.24774935841560364,0.4115915894508362,0.16384223103523254,-0.004337990656495094,0.812264621257782,0.9847607000255966,0.605751633644104,3.7926740646362305
3599,0.27401239606819183,0.28848390847728367,0.014471499249339104,0.011736341684390177,0.559,0.01179592963308096,0.022622184827923775,0.010826255194842815,-0.02313282899558544,0.20527075231075287,0.5574278708242002,0.5159068703651428,0.12518155574798584
10169,0.3036675299920623,0.2921169998643755,-0.011550524272024632,-0.008613435377099311,0.5546666666666666,-0.011056761257350445,-0.012693298980593681,-0.0016365377232432365,0.028928322717547417,0.11316224187612534,0.3584192230741905,0.5485901236534119,0.14341503381729126
20309,0.23962705317764307,0.29952017890518773,0.059893086552619934,0.0555968093781118,0.7746666666666666,0.05928346887230873,0.060449015349149704,0.001165546476840973,-0.0028748000040650368,0.8749321699142456,0.9847607000255966,0.4238489866256714,0.1126757264137268
17148,9.861255027878466,10.800465692060655,0.9392114877700806,0.18566164592424778,0.7493333333333333,0.9069823026657104,0.9226475358009338,0.01566523313522339,-0.000836673250887543,0.9634612798690796,0.9847607000255966,0.6702354550361633,2.6223998069763184
21529,0.2833164819527899,0.2956799852199802,0.012363518588244915,0.009872289310296278,0.569,0.011830597184598446,0.01666945405304432,0.004838856868445873,-0.02006765641272068,0.2718529999256134,0.656990445612296,0.5501112937927246,0.12065958976745605
9515,0.2816683531821908,0.26270052141665806,-0.018967807292938232,-0.015305036975770951,0.6103333333333333,-0.0210266076028347,-0.016686217859387398,0.004340389743447304,0.00981307402253151,0.5910791158676147,0.9307341738104147,0.60347980260849,0.12313389033079147
15777,0.3208200252267095,0.2911950845853204,-0.029624968767166138,-0.01942457339046721,0.5896666666666667,-0.02909739315509796,-0.02649184688925743,0.0026055462658405304,0.007826903834939003,0.668268084526062,0.9568099261808212,0.6139779686927795,0.142032653093338
12930,9.04819539817401,9.34312909528116,0.2949333190917969,0.06152093927539236,0.602,0.2871569097042084,0.23911359906196594,-0.04804331064224243,-0.0013813491677865386,0.9397128820419312,0.9847607000255966,0.6278848648071289,3.181786060333252
6397,0.35031858824277107,0.30058800136854835,-0.0497305803000927,-0.03274430267850706,0.7206666666666667,-0.04755239188671112,-0.04959928244352341,-0.0020468905568122864,0.0009420780115760863,0.9588633179664612,0.9847607000255966,0.6399728655815125,0.15795043110847473
5338,0.30127225347461345,0.283156051382093,-0.018116207793354988,-0.013646769343515245,0.614,-0.019814610481262207,-0.015215491876006126,0.004599118605256081,0.0013584314147010446,0.9407150745391846,0.9847607000255966,0.5772084593772888,0.1378321796655655
