dataset_index,unrelated_index,shuffled_blur_index,paired_clean_blur__positive_jaccard,paired_clean_blur__weighted_jaccard,paired_clean_blur__cosine_similarity,paired_clean_blur__top16_jaccard,paired_clean_blur__top32_jaccard,paired_clean_blur__top64_jaccard,paired_clean_blur__top128_jaccard,unrelated_clean_clean__positive_jaccard,unrelated_clean_clean__weighted_jaccard,unrelated_clean_clean__cosine_similarity,unrelated_clean_clean__top16_jaccard,unrelated_clean_clean__top32_jaccard,unrelated_clean_clean__top64_jaccard,unrelated_clean_clean__top128_jaccard,unrelated_clean_blur__positive_jaccard,unrelated_clean_blur__weighted_jaccard,unrelated_clean_blur__cosine_similarity,unrelated_clean_blur__top16_jaccard,unrelated_clean_blur__top32_jaccard,unrelated_clean_blur__top64_jaccard,unrelated_clean_blur__top128_jaccard,shuffled_clean_blur__positive_jaccard,shuffled_clean_blur__weighted_jaccard,shuffled_clean_blur__cosine_similarity,shuffled_clean_blur__top16_jaccard,shuffled_clean_blur__top32_jaccard,shuffled_clean_blur__top64_jaccard,shuffled_clean_blur__top128_jaccard
0,242,756,0.9896824955940247,0.765081524848938,0.9402468800544739,0.41559600830078125,0.39000171422958374,0.3816892206668854,0.39720016717910767,0.9787413477897644,0.5932864546775818,0.7992933392524719,0.03171798959374428,0.04177037999033928,0.0539357028901577,0.08805767446756363,0.97899329662323,0.6039746403694153,0.8007350564002991,0.043947502970695496,0.05184127762913704,0.060992930084466934,0.09232862293720245,0.9752077460289001,0.5996025204658508,0.789211630821228,0.06063487380743027,0.057189200073480606,0.06485199183225632,0.09910991787910461
1,68,708,0.9762938022613525,0.5753711462020874,0.8349980711936951,0.21853460371494293,0.20488594472408295,0.21073266863822937,0.23101918399333954,0.9800922274589539,0.609878420829773,0.8066422939300537,0.0608997568488121,0.06098707765340805,0.06755857914686203,0.09701115638017654,0.9803310632705688,0.6104759573936462,0.8078935146331787,0.05483280122280121,0.06159475818276405,0.07243937253952026,0.10220887511968613,0.9821417331695557,0.6096481084823608,0.812008261680603,0.03992791473865509,0.047325823456048965,0.060022059828042984,0.09920155256986618
2,44,731,0.990248441696167,0.7434077858924866,0.9290894865989685,0.39746910333633423,0.3736567497253418,0.3632042407989502,0.3791837692260742,0.978283166885376,0.5881931185722351,0.7977631688117981,0.03786889463663101,0.043640218675136566,0.06059807911515236,0.09827212989330292,0.9809669852256775,0.5979516506195068,0.80748450756073,0.046972885727882385,0.04918081685900688,0.06081889942288399,0.09661761671304703,0.9823319911956787,0.5887735486030579,0.784212052822113,0.03094794973731041,0.036520011723041534,0.044899892061948776,0.08354950696229935
3,228,307,0.9902496337890625,0.7570000290870667,0.9321320056915283,0.25943872332572937,0.2589752674102783,0.28361400961875916,0.3338322043418884,0.9755382537841797,0.6265950798988342,0.8064310550689697,0.045414675027132034,0.050120759755373,0.06308069825172424,0.09618833661079407,0.977706253528595,0.6106740832328796,0.8084676265716553,0.03782281652092934,0.0424809604883194,0.057591818273067474,0.09410460293292999,0.983802318572998,0.6073527336120605,0.8302170634269714,0.04189468175172806,0.04781998321413994,0.058636050671339035,0.09501299262046814
4,219,77,0.9926735758781433,0.8088231682777405,0.9589828252792358,0.44943976402282715,0.43624407052993774,0.4565911591053009,0.4866839051246643,0.9825643301010132,0.6134821176528931,0.81992506980896,0.05382185056805611,0.05719198286533356,0.07120121270418167,0.10292583703994751,0.981105625629425,0.6058819890022278,0.8188406229019165,0.07754305005073547,0.0828021988272667,0.09045209735631943,0.11785883456468582,0.9807743430137634,0.6250864267349243,0.8248873949050903,0.07985171675682068,0.09157255291938782,0.10797405242919922,0.14233893156051636
5,487,324,0.9899649620056152,0.7632525563240051,0.9289411902427673,0.4648568332195282,0.42960575222969055,0.41015225648880005,0.4352462887763977,0.9773311614990234,0.5862632989883423,0.7868502736091614,0.03477399796247482,0.03695182502269745,0.04416897892951965,0.07860767841339111,0.9764938354492188,0.5929170846939087,0.7869618535041809,0.03845446929335594,0.04201254993677139,0.05136008560657501,0.08497746288776398,0.9822728633880615,0.620959460735321,0.8183342218399048,0.0646180808544159,0.07577965408563614,0.08125679939985275,0.10854583978652954
6,670,588,0.9894883632659912,0.748348593711853,0.9366160035133362,0.29622596502304077,0.3070674538612366,0.31975242495536804,0.35828056931495667,0.971335232257843,0.6162190437316895,0.793026864528656,0.04666726663708687,0.0445803701877594,0.05796479061245918,0.09366399049758911,0.973412036895752,0.6140022873878479,0.7995972633361816,0.05008404329419136,0.04833066463470459,0.059911757707595825,0.0928354263305664,0.9649638533592224,0.5892254710197449,0.763665497303009,0.061982885003089905,0.05679158493876457,0.06410051882266998,0.09483189135789871
7,137,54,0.9915677905082703,0.7253867983818054,0.9280910491943359,0.35150566697120667,0.31138667464256287,0.29350435733795166,0.3186032772064209,0.9840839505195618,0.6302888989448547,0.8304826021194458,0.09505254030227661,0.08207263797521591,0.08789344877004623,0.1177104040980339,0.9855159521102905,0.6344548463821411,0.8382729887962341,0.10700216144323349,0.09420014917850494,0.09560726583003998,0.11985217779874802,0.9808719754219055,0.6285974979400635,0.8205971121788025,0.0882493108510971,0.0710279792547226,0.07305251806974411,0.09938786923885345
8,507,945,0.992250382900238,0.8016659021377563,0.9474242925643921,0.42393943667411804,0.3985159695148468,0.4029400944709778,0.4476635754108429,0.9794139862060547,0.6131411194801331,0.804553747177124,0.06442371755838394,0.06645093113183975,0.07143497467041016,0.09982325881719589,0.9819621443748474,0.6163986921310425,0.8130427598953247,0.06121375411748886,0.06779301911592484,0.07432452589273453,0.1029449924826622,0.9838200807571411,0.6175529360771179,0.8292421698570251,0.04412778094410896,0.044170450419187546,0.058230821043252945,0.09563347697257996
9,149,519,0.9861941933631897,0.7375522255897522,0.9178351163864136,0.2483564019203186,0.2629256546497345,0.2915840446949005,0.3447236716747284,0.9827125668525696,0.6220302581787109,0.8289886713027954,0.03783953934907913,0.043566152453422546,0.05719859153032303,0.09308361262083054,0.9836273193359375,0.6166365146636963,0.8247123956680298,0.04007139429450035,0.04062249884009361,0.055490102618932724,0.09100721031427383,0.9801384210586548,0.6016667485237122,0.8134385347366333,0.04793187603354454,0.04524192959070206,0.05438289791345596,0.09126900136470795
10,15,285,0.99154132604599,0.7949897646903992,0.9471128582954407,0.43903201818466187,0.4526349902153015,0.4660460650920868,0.49020448327064514,0.9829527735710144,0.6040630340576172,0.8021690845489502,0.02673565223813057,0.028212951496243477,0.04400372505187988,0.0823335275053978,0.9820087552070618,0.5931881666183472,0.8004308342933655,0.03286486491560936,0.03464478254318237,0.04800340160727501,0.0865282341837883,0.9784505367279053,0.5942062735557556,0.7962567806243896,0.03348013758659363,0.0357491560280323,0.04962635785341263,0.08885826170444489
11,681,200,0.9885044097900391,0.7803841233253479,0.9391860961914062,0.3991521894931793,0.4229848384857178,0.4183558225631714,0.4482278823852539,0.9742348194122314,0.5828571915626526,0.7764911651611328,0.046727120876312256,0.05149811878800392,0.059401050209999084,0.08755519241094589,0.9747070074081421,0.5838410258293152,0.7873377799987793,0.06103801727294922,0.060120366513729095,0.0684904083609581,0.09378530085086823,0.9809367656707764,0.5707448720932007,0.8069063425064087,0.026733199134469032,0.03494676202535629,0.05237390846014023,0.08707750588655472
12,766,764,0.9938111901283264,0.8097940683364868,0.9624230265617371,0.49417203664779663,0.4767794609069824,0.46850669384002686,0.49101078510284424,0.9739013910293579,0.5938049554824829,0.79746413230896,0.05403029918670654,0.0568823516368866,0.07186732441186905,0.10142101347446442,0.9769887328147888,0.583476722240448,0.8104985952377319,0.06979895383119583,0.06325484812259674,0.07142554968595505,0.09893523156642914,0.9735517501831055,0.5960065126419067,0.7871394157409668,0.06886833906173706,0.06531627476215363,0.0772169828414917,0.10959643870592117
13,701,892,0.9868993163108826,0.733246922492981,0.910574734210968,0.2693651020526886,0.27135196328163147,0.28916558623313904,0.3347170948982239,0.9771581888198853,0.601198136806488,0.8041375279426575,0.053603753447532654,0.0524493046104908,0.0646362230181694,0.09956758469343185,0.9798698425292969,0.6144764423370361,0.8154405951499939,0.0503871850669384,0.052211906760931015,0.0647711232304573,0.09759629517793655,0.9821902513504028,0.6219184398651123,0.8195730447769165,0.0553969144821167,0.050937019288539886,0.06070839613676071,0.0937115028500557
14,784,692,0.9982933402061462,0.9391675591468811,0.9938032627105713,0.7883573174476624,0.7846624255180359,0.7856149077415466,0.8046135902404785,0.9804330468177795,0.6206130385398865,0.8236187100410461,0.07570856809616089,0.07575201243162155,0.0793563574552536,0.105331651866436,0.9801511764526367,0.6169409155845642,0.8198361396789551,0.0855516716837883,0.08154396712779999,0.08123985677957535,0.10721772909164429,0.9776037931442261,0.5894842743873596,0.8005580306053162,0.04416217654943466,0.047300342470407486,0.05952194705605507,0.09134674072265625
15,455,96,0.9923979043960571,0.7349380254745483,0.9393126368522644,0.331086665391922,0.3226146101951599,0.34007343649864197,0.38070210814476013,0.9835933446884155,0.6220849752426147,0.8277595639228821,0.07848258316516876,0.06805623322725296,0.07499047368764877,0.10668259859085083,0.9838216304779053,0.6192849278450012,0.8287938237190247,0.0879819318652153,0.07500677555799484,0.07844115048646927,0.10523899644613266,0.9827769994735718,0.6055603623390198,0.8153328895568848,0.05656392127275467,0.053641922771930695,0.060973018407821655,0.09236835688352585
16,797,467,0.989587664604187,0.7436394691467285,0.9237261414527893,0.23042160272598267,0.2344534695148468,0.2575233280658722,0.30862656235694885,0.9814854860305786,0.6240634918212891,0.828284740447998,0.0320424884557724,0.033225931227207184,0.05161816626787186,0.0889836922287941,0.9846691489219666,0.6261829137802124,0.8349823951721191,0.033676259219646454,0.03807034716010094,0.05521784722805023,0.09105104953050613,0.9790369868278503,0.6173328161239624,0.814937949180603,0.03137071058154106,0.03411943465471268,0.04619958996772766,0.08103770762681961
17,973,181,0.9946095943450928,0.708977222442627,0.9289617538452148,0.22207355499267578,0.2057335525751114,0.2117411345243454,0.25370410084724426,0.9858831167221069,0.6036840677261353,0.833590567111969,0.051277972757816315,0.05164675787091255,0.06371346861124039,0.09598857164382935,0.9865038990974426,0.596199095249176,0.8395805358886719,0.059574633836746216,0.0616111122071743,0.07056699693202972,0.10018672794103622,0.9871030449867249,0.6068001389503479,0.8411150574684143,0.053952790796756744,0.04739079996943474,0.05598991736769676,0.08909114450216293
18,865,301,0.9898698329925537,0.7137472629547119,0.9259333610534668,0.27939921617507935,0.3094329237937927,0.3050976097583771,0.3334219753742218,0.9785186648368835,0.5966211557388306,0.7998841404914856,0.02677854150533676,0.039452940225601196,0.05807962268590927,0.09516604989767075,0.9782208800315857,0.5971793532371521,0.8091570138931274,0.051326848566532135,0.05951717495918274,0.07061271369457245,0.10229840129613876,0.97544926404953,0.5961021184921265,0.7933587431907654,0.03677364066243172,0.037659112364053726,0.05470089986920357,0.08790118247270584
19,371,484,0.9840119481086731,0.758070707321167,0.910927414894104,0.2609577178955078,0.26840099692344666,0.2975517809391022,0.34209951758384705,0.9799953103065491,0.6138255596160889,0.8172407746315002,0.04095969721674919,0.04475298523902893,0.056021612137556076,0.09292878955602646,0.98106849193573,0.6222090125083923,0.8211042284965515,0.03621005639433861,0.04253993555903435,0.05670347437262535,0.09073483198881149,0.9800752997398376,0.6355358958244324,0.8213542699813843,0.062480345368385315,0.05625094473361969,0.06468210369348526,0.09448913484811783
20,813,682,0.991443395614624,0.7805094718933105,0.9452880620956421,0.3853248953819275,0.40778064727783203,0.421876460313797,0.4407799243927002,0.9833448529243469,0.6330628395080566,0.8291858434677124,0.042629122734069824,0.047943901270627975,0.06305623799562454,0.098056361079216,0.9826745390892029,0.631654679775238,0.8281335234642029,0.053485363721847534,0.05614975467324257,0.07121551036834717,0.10832013934850693,0.982042670249939,0.6282674074172974,0.8186150193214417,0.055298835039138794,0.05290961638092995,0.06371120363473892,0.09439549595117569
21,919,302,0.9962519407272339,0.8002510070800781,0.96184903383255,0.5432649850845337,0.48633626103401184,0.4408872127532959,0.44199755787849426,0.9838798642158508,0.6233437657356262,0.8254764676094055,0.06086183339357376,0.05699708312749863,0.06571409851312637,0.0966351255774498,0.9824819564819336,0.6156864166259766,0.8227238655090332,0.05875071510672569,0.057437535375356674,0.06685387343168259,0.09947379678487778,0.9829375147819519,0.6210148930549622,0.8237016201019287,0.0640353187918663,0.057036660611629486,0.06628354638814926,0.09881100058555603
22,577,221,0.993127167224884,0.7366026043891907,0.9285495281219482,0.29013392329216003,0.2693958580493927,0.2663581073284149,0.2963853180408478,0.9823131561279297,0.5988671183586121,0.8082927465438843,0.0370255708694458,0.04275396838784218,0.05912088602781296,0.09995041787624359,0.9834586977958679,0.6056893467903137,0.8132741451263428,0.04791158437728882,0.0500517264008522,0.06151700019836426,0.09887008368968964,0.9852755069732666,0.6180522441864014,0.834669828414917,0.08943217247724533,0.07615223526954651,0.07473700493574142,0.09884437173604965
23,585,107,0.992853581905365,0.8671010732650757,0.9642663598060608,0.6161385774612427,0.6020978093147278,0.5858544111251831,0.6212770938873291,0.9764888286590576,0.6279242038726807,0.8136982917785645,0.10066316276788712,0.09718640148639679,0.09774565696716309,0.1267319917678833,0.978323757648468,0.6292149424552917,0.8174906969070435,0.10259326547384262,0.09916874766349792,0.097325399518013,0.12499235570430756,0.9851126670837402,0.6303094625473022,0.8351646065711975,0.064483642578125,0.057795945554971695,0.0657377690076828,0.09890501946210861
24,180,205,0.9915174841880798,0.7791493535041809,0.9418458342552185,0.48541831970214844,0.46364927291870117,0.45533040165901184,0.4746409058570862,0.980111837387085,0.5997035503387451,0.8030853271484375,0.06590715795755386,0.06867209821939468,0.0721137672662735,0.10060467571020126,0.9794817566871643,0.6065865159034729,0.805530309677124,0.06677591055631638,0.0641847625374794,0.07100046426057816,0.10402107238769531,0.9828721284866333,0.6019344925880432,0.797356128692627,0.025799425318837166,0.0344344899058342,0.050940871238708496,0.09039066731929779
25,10,228,0.9911102056503296,0.7293316721916199,0.9271482825279236,0.2723199129104614,0.26900994777679443,0.2736605703830719,0.31114476919174194,0.9793182611465454,0.6051173210144043,0.7956947684288025,0.03545839339494705,0.03849339112639427,0.052754249423742294,0.08500818908214569,0.980083703994751,0.6154665350914001,0.8069307804107666,0.05379224196076393,0.04923832044005394,0.058733005076646805,0.08628570288419724,0.9792279601097107,0.6146162748336792,0.8152492046356201,0.05533939227461815,0.05333767831325531,0.06496526300907135,0.09834270179271698
26,281,547,0.9908335208892822,0.7905994057655334,0.9408863186836243,0.48490363359451294,0.5369279980659485,0.5325851440429688,0.5566422343254089,0.9808253049850464,0.5819575786590576,0.7853949069976807,0.03381295129656792,0.032662343233823776,0.04607963562011719,0.08229541778564453,0.9814684987068176,0.5792063474655151,0.7873786687850952,0.03153982758522034,0.03344562277197838,0.04448508098721504,0.07604242861270905,0.983484148979187,0.5894534587860107,0.7963168025016785,0.04520811140537262,0.04421533644199371,0.05269087851047516,0.0804174542427063
27,687,363,0.9882611632347107,0.7095317840576172,0.903818666934967,0.1906784176826477,0.18462584912776947,0.20308822393417358,0.2446625530719757,0.9772695899009705,0.6164223551750183,0.8099534511566162,0.04948149621486664,0.045654501765966415,0.056011490523815155,0.08973570168018341,0.9764043688774109,0.6194843053817749,0.8083145618438721,0.05594645440578461,0.04979829117655754,0.05756811052560806,0.09147616475820541,0.9741172790527344,0.597908079624176,0.7963398098945618,0.039812516421079636,0.04476520046591759,0.05599190294742584,0.0900849923491478
28,729,723,0.9860562682151794,0.7520548105239868,0.9202660918235779,0.39291879534721375,0.3678513765335083,0.3505493104457855,0.370477557182312,0.9786496758460999,0.5866511464118958,0.8117368817329407,0.05444752424955368,0.06371419131755829,0.06893151253461838,0.1009225845336914,0.9810806512832642,0.5913797616958618,0.8198904395103455,0.058950867503881454,0.06303966045379639,0.06761550903320312,0.10212087631225586,0.9756459593772888,0.6037074327468872,0.8008196949958801,0.04319436475634575,0.050645582377910614,0.06470999121665955,0.09895548224449158
29,869,524,0.9858607053756714,0.7908022403717041,0.9291993379592896,0.42040345072746277,0.4075443148612976,0.40759456157684326,0.4404774010181427,0.9764033555984497,0.615036129951477,0.8062574863433838,0.05291368439793587,0.05510084331035614,0.06141205132007599,0.09727851301431656,0.9764903783798218,0.6114717721939087,0.8009476661682129,0.06375009566545486,0.05972341448068619,0.062382396310567856,0.09241760522127151,0.9802230596542358,0.6107256412506104,0.8175557851791382,0.033781733363866806,0.038260508328676224,0.054521311074495316,0.08845094591379166
30,104,149,0.9886347651481628,0.7507761716842651,0.9391604065895081,0.43271082639694214,0.4227025806903839,0.4243224263191223,0.46286678314208984,0.9680594205856323,0.5746782422065735,0.7544794678688049,0.027381382882595062,0.03320743143558502,0.050164785236120224,0.08934707194566727,0.9708011746406555,0.5785191655158997,0.7736998200416565,0.04311295971274376,0.04595833271741867,0.06216084957122803,0.10012702643871307,0.9773604273796082,0.5840111374855042,0.7879433035850525,0.05578696355223656,0.050230979919433594,0.058787375688552856,0.09102653712034225
31,24,714,0.9898348450660706,0.6844422817230225,0.9054308533668518,0.24782520532608032,0.20559178292751312,0.20286254584789276,0.23546576499938965,0.9845885038375854,0.602558434009552,0.814071774482727,0.060861293226480484,0.05610791966319084,0.06052190437912941,0.0896177738904953,0.985467255115509,0.5953400731086731,0.8210273385047913,0.06070442870259285,0.052242495119571686,0.060718175023794174,0.09111189097166061,0.9861677885055542,0.6206939220428467,0.8364657163619995,0.05817205458879471,0.0555252805352211,0.06320749223232269,0.09780006110668182
32,522,501,0.9893852472305298,0.6814578175544739,0.9060264229774475,0.15599775314331055,0.15612834692001343,0.18032512068748474,0.2304394394159317,0.984125554561615,0.6057957410812378,0.82484370470047,0.05140726640820503,0.0507781095802784,0.061280347406864166,0.09472049027681351,0.9824737310409546,0.6127612590789795,0.8259141445159912,0.051652874797582626,0.0513172447681427,0.06351415067911148,0.09479252994060516,0.9746280312538147,0.5843020677566528,0.7977807521820068,0.08260072022676468,0.07187296450138092,0.07476553320884705,0.10424437373876572
33,467,185,0.9880316257476807,0.7321106791496277,0.9216403365135193,0.2985554337501526,0.2718099057674408,0.26797547936439514,0.29862090945243835,0.9763059020042419,0.6150445938110352,0.8097298741340637,0.07980232685804367,0.07629280537366867,0.07812435925006866,0.10700764507055283,0.9758594632148743,0.5947280526161194,0.8075610995292664,0.07668015360832214,0.0768047496676445,0.07622665911912918,0.10373584181070328,0.9772236943244934,0.6214633584022522,0.8071233034133911,0.05311283841729164,0.054697901010513306,0.06566838920116425,0.09474814683198929
34,397,176,0.9950857758522034,0.7141531705856323,0.9406470060348511,0.2566312849521637,0.2434753030538559,0.24600423872470856,0.28700804710388184,0.9804142117500305,0.6192814111709595,0.8183469176292419,0.04740450158715248,0.04866556078195572,0.06168688088655472,0.09139140695333481,0.9784657955169678,0.6179398894309998,0.8111773133277893,0.04829283058643341,0.04770167917013168,0.057281289249658585,0.0884178951382637,0.97746741771698,0.6231109499931335,0.8081188201904297,0.05435236170887947,0.04819956421852112,0.05918608233332634,0.09101486951112747
35,897,942,0.9819568991661072,0.6016722321510315,0.8557740449905396,0.16024409234523773,0.13989466428756714,0.1379132866859436,0.16433095932006836,0.9726837873458862,0.6114133596420288,0.7845240831375122,0.07946955412626266,0.08205993473529816,0.08293552696704865,0.10969195514917374,0.9763274192810059,0.6233140230178833,0.8055877685546875,0.08793879300355911,0.08268416672945023,0.0846068486571312,0.11147087067365646,0.9755712747573853,0.62451171875,0.8028308153152466,0.090610072016716,0.07674848288297653,0.07681778073310852,0.10204846411943436
36,831,671,0.9913251996040344,0.7630521059036255,0.9391508102416992,0.39576277136802673,0.3695176839828491,0.35136592388153076,0.3896339237689972,0.9701241254806519,0.6057751774787903,0.7802529335021973,0.04749123007059097,0.055846888571977615,0.06867693364620209,0.10056197643280029,0.9715695977210999,0.6070920825004578,0.7788344025611877,0.0457802377641201,0.056924253702163696,0.0685146227478981,0.0994606763124466,0.9822823405265808,0.6121671199798584,0.8226759433746338,0.04629117622971535,0.05200232192873955,0.06274282932281494,0.09523073583841324
37,443,297,0.9914289712905884,0.7565542459487915,0.9376203417778015,0.363813579082489,0.3623574674129486,0.3767356872558594,0.4009269177913666,0.981687068939209,0.6019617915153503,0.8086211085319519,0.050827909260988235,0.05453665181994438,0.06805085390806198,0.10429459810256958,0.9834933876991272,0.5972861647605896,0.8115245699882507,0.06612361967563629,0.058058012276887894,0.07026294618844986,0.10337710380554199,0.9813241362571716,0.6076733469963074,0.8099429607391357,0.07603833079338074,0.06218854710459709,0.0647566169500351,0.09405770152807236
38,114,27,0.9877042174339294,0.7056432962417603,0.8999767303466797,0.2954655885696411,0.2625546157360077,0.254972368478775,0.2862454056739807,0.9809936285018921,0.6269999146461487,0.8132503032684326,0.04133796691894531,0.04402641952037811,0.06008876487612724,0.09647668898105621,0.9830840826034546,0.6200234889984131,0.8204429745674133,0.04762334004044533,0.053050726652145386,0.06793300062417984,0.10072775930166245,0.9820071458816528,0.621260941028595,0.8133509159088135,0.04813714697957039,0.052168454974889755,0.06576137989759445,0.09896931797266006
39,952,273,0.9931312799453735,0.7908052802085876,0.948114275932312,0.43566185235977173,0.42968615889549255,0.4460787773132324,0.4808037281036377,0.9804422855377197,0.6097726821899414,0.8116587400436401,0.03529458865523338,0.036300141364336014,0.04558786004781723,0.07901764661073685,0.983526349067688,0.6210989952087402,0.8207590579986572,0.03042209893465042,0.032667722553014755,0.04668364301323891,0.08256857842206955,0.9878276586532593,0.5986570119857788,0.8246473670005798,0.025137020274996758,0.0320473238825798,0.053790383040905,0.09680687636137009
40,982,880,0.9945399761199951,0.6405215263366699,0.9200050234794617,0.2092657834291458,0.2070278525352478,0.20402339100837708,0.24563917517662048,0.9744187593460083,0.5923810005187988,0.785103440284729,0.04995405301451683,0.053434476256370544,0.05750499293208122,0.09422820806503296,0.9696620106697083,0.5741128325462341,0.7711983323097229,0.04635276645421982,0.04906115308403969,0.05894149839878082,0.0889933630824089,0.9778554439544678,0.6037739515304565,0.8047528862953186,0.029691023752093315,0.034521378576755524,0.0506860576570034,0.09239112585783005
41,373,20,0.9809769988059998,0.7112977504730225,0.8820276856422424,0.2611050009727478,0.2819761037826538,0.2924589514732361,0.32872480154037476,0.9794528484344482,0.5972484350204468,0.8099337816238403,0.045443397015333176,0.045668747276067734,0.06014431267976761,0.09486903995275497,0.9805221557617188,0.5978427529335022,0.812050998210907,0.04073481261730194,0.03891734778881073,0.054306548088788986,0.09225381910800934,0.9826966524124146,0.6172123551368713,0.8175898194313049,0.054635051637887955,0.0532609224319458,0.06441424041986465,0.09559240937232971
42,328,840,0.985558807849884,0.6683668494224548,0.8859783411026001,0.19454112648963928,0.20123718678951263,0.2150018960237503,0.2640966773033142,0.9787929058074951,0.609840989112854,0.8029406666755676,0.04272666573524475,0.04118860885500908,0.05243970826268196,0.0843801200389862,0.976155161857605,0.6039016246795654,0.7931233644485474,0.028923163190484047,0.03739381209015846,0.050924018025398254,0.08464524149894714,0.978722095489502,0.5956202745437622,0.8039892911911011,0.0501977913081646,0.04568030685186386,0.0569588877260685,0.09161894768476486
43,648,177,0.9925540685653687,0.7799052596092224,0.9531014561653137,0.40622612833976746,0.4003540277481079,0.3728223443031311,0.39047324657440186,0.9722712635993958,0.6287068724632263,0.8112894296646118,0.10855337977409363,0.09195040166378021,0.08650936931371689,0.11584752053022385,0.9728919863700867,0.629590630531311,0.811407744884491,0.1075669601559639,0.09654245525598526,0.08949757367372513,0.11238279193639755,0.9734096527099609,0.603948175907135,0.7941314578056335,0.0970715582370758,0.08554460108280182,0.07687826454639435,0.0992329940199852
44,698,807,0.9901019930839539,0.7401025295257568,0.9345755577087402,0.3879311680793762,0.33809155225753784,0.32138749957084656,0.34780627489089966,0.9770811796188354,0.6136242747306824,0.8075757026672363,0.07892584055662155,0.0634489357471466,0.06600716710090637,0.09660972654819489,0.9779581427574158,0.6096280813217163,0.8104177117347717,0.09050855040550232,0.07096132636070251,0.07154340296983719,0.09847289323806763,0.9779546856880188,0.6221754550933838,0.8123245239257812,0.07444634288549423,0.06462997198104858,0.07026966661214828,0.099894218146801
45,826,657,0.9898955225944519,0.7406726479530334,0.9259664416313171,0.30753520131111145,0.289364755153656,0.29493746161460876,0.33239781856536865,0.9802555441856384,0.6063234806060791,0.8069053292274475,0.05037606507539749,0.05409746617078781,0.058733876794576645,0.08727633953094482,0.9799365401268005,0.6027816534042358,0.807960033416748,0.05820665508508682,0.05802146717905998,0.059049420058727264,0.0868188664317131,0.9805194735527039,0.6105426549911499,0.8149698972702026,0.06825543195009232,0.06162586435675621,0.06358664482831955,0.09089294821023941
46,207,687,0.9807614684104919,0.7235352993011475,0.89162677526474,0.24625925719738007,0.29582479596138,0.35365575551986694,0.39996403455734253,0.9754461050033569,0.5952727794647217,0.7860127687454224,0.03496117517352104,0.04049864783883095,0.05257140100002289,0.08693747222423553,0.9767192006111145,0.5944039821624756,0.7928193211555481,0.026436664164066315,0.036792073398828506,0.05157921090722084,0.0877225250005722,0.9692003726959229,0.585472047328949,0.7601604461669922,0.023683372884988785,0.03059430420398712,0.042820777744054794,0.07945472002029419
47,168,453,0.9928291440010071,0.7457813024520874,0.9404005408287048,0.33206525444984436,0.31269291043281555,0.3072121739387512,0.33913132548332214,0.9791485071182251,0.6020882725715637,0.7999525666236877,0.029859360307455063,0.03969074785709381,0.05753597617149353,0.0935235470533371,0.9812673926353455,0.6048421263694763,0.8100255727767944,0.029464367777109146,0.037600450217723846,0.05505150184035301,0.09302209317684174,0.9875930547714233,0.6262008547782898,0.8394913673400879,0.03731411322951317,0.039421048015356064,0.05513519048690796,0.08927130699157715
48,789,311,0.9911641478538513,0.7724964022636414,0.9439412355422974,0.3960925340652466,0.38289812207221985,0.3848031461238861,0.4152284562587738,0.9810207486152649,0.6111644506454468,0.817876935005188,0.050766609609127045,0.05003363639116287,0.06085963174700737,0.09823211282491684,0.9823517799377441,0.6091347932815552,0.8198652863502502,0.05048692971467972,0.05079706385731697,0.06427747011184692,0.09865099936723709,0.9787173867225647,0.5805335640907288,0.8033350706100464,0.04371288791298866,0.04497011750936508,0.056912995874881744,0.09427621960639954
49,128,550,0.9913486242294312,0.7405824065208435,0.9250503778457642,0.28034427762031555,0.2751142382621765,0.27665001153945923,0.30794578790664673,0.9842806458473206,0.6364424228668213,0.8312960863113403,0.03958750143647194,0.049439068883657455,0.06286995857954025,0.09555325657129288,0.9843483567237854,0.6306914687156677,0.8343434929847717,0.027608180418610573,0.040467191487550735,0.05734521523118019,0.09720189869403839,0.9849767088890076,0.6301937699317932,0.8307233452796936,0.034516699612140656,0.04144575074315071,0.059526462107896805,0.09187740087509155
50,446,255,0.9898619055747986,0.7513455748558044,0.9295558929443359,0.3304085433483124,0.3258221745491028,0.34168148040771484,0.374843031167984,0.9781112670898438,0.5948168635368347,0.7918393611907959,0.01937740668654442,0.03441433236002922,0.056086692959070206,0.09276775270700455,0.9782931208610535,0.6026822328567505,0.7953097820281982,0.023017877712845802,0.03923589736223221,0.06262538582086563,0.09803292900323868,0.9786477088928223,0.5975955724716187,0.8098896145820618,0.04956676810979843,0.049714311957359314,0.060474224388599396,0.09629619866609573
51,595,552,0.9904171228408813,0.7369490265846252,0.9248382449150085,0.31380361318588257,0.29222410917282104,0.2952222228050232,0.33485469222068787,0.9828073978424072,0.6033035516738892,0.8047350645065308,0.02631857804954052,0.03789354860782623,0.05405675992369652,0.08782406896352768,0.9835019707679749,0.6063140630722046,0.8149116635322571,0.04494406282901764,0.0553370825946331,0.06574460864067078,0.09672614932060242,0.9800394773483276,0.6091315746307373,0.810096025466919,0.06699572503566742,0.05496237054467201,0.059882648289203644,0.0907164216041565
52,711,305,0.9869422912597656,0.7262728810310364,0.9161975383758545,0.526318371295929,0.5093128085136414,0.44982635974884033,0.4528205096721649,0.9767141342163086,0.5999851226806641,0.8090182542800903,0.2009119987487793,0.18657095730304718,0.15293340384960175,0.16271176934242249,0.978309154510498,0.5932793021202087,0.81645667552948,0.21237197518348694,0.1957489252090454,0.15516525506973267,0.15920540690422058,0.9762797355651855,0.5706247687339783,0.7881661057472229,0.0487283430993557,0.05925014615058899,0.06865575164556503,0.1016947478055954
53,747,192,0.9936441779136658,0.7533661127090454,0.9374163746833801,0.3010181486606598,0.29656216502189636,0.29533252120018005,0.32619526982307434,0.9801486134529114,0.6084427833557129,0.8145882487297058,0.06255658715963364,0.057737141847610474,0.06950230151414871,0.10064449906349182,0.9813826084136963,0.6173756718635559,0.8177334070205688,0.06272678077220917,0.062488287687301636,0.07142982631921768,0.10349500924348831,0.9852074384689331,0.6311174631118774,0.8382616639137268,0.06664203107357025,0.06084241718053818,0.06969138234853745,0.10297560691833496
54,545,341,0.9870016574859619,0.7524608373641968,0.9215249419212341,0.2953803241252899,0.2867586016654968,0.29730597138404846,0.33701542019844055,0.9750638604164124,0.6204215884208679,0.7982552647590637,0.056829165667295456,0.05632489547133446,0.06503842025995255,0.10443688929080963,0.9770216345787048,0.6233289241790771,0.8061681985855103,0.0567873939871788,0.05712856352329254,0.06503874808549881,0.10231094807386398,0.9756426811218262,0.6168480515480042,0.8075317144393921,0.07129788398742676,0.07043647021055222,0.0775962695479393,0.10738549381494522
55,391,272,0.9909409880638123,0.7086631655693054,0.9171562790870667,0.2534300982952118,0.22095298767089844,0.22938042879104614,0.27175718545913696,0.9842708110809326,0.6353843808174133,0.8374013900756836,0.06585897505283356,0.057973042130470276,0.06356094032526016,0.09405698627233505,0.9816628098487854,0.6319418549537659,0.8256703615188599,0.06235577538609505,0.05698007345199585,0.06127771735191345,0.09107298403978348,0.9837287664413452,0.6253998875617981,0.8371118903160095,0.03763474524021149,0.04058301821351051,0.053010493516922,0.08986073732376099
56,995,256,0.9939687848091125,0.76402747631073,0.9411337375640869,0.3679637908935547,0.3515006899833679,0.358219712972641,0.38002461194992065,0.9810593128204346,0.6108479499816895,0.8151929974555969,0.04958735406398773,0.0470767505466938,0.05751139670610428,0.09407728165388107,0.9829500913619995,0.6084917783737183,0.8279885053634644,0.04871348664164543,0.04912083223462105,0.057487811893224716,0.09279260784387589,0.9861677289009094,0.6209691166877747,0.8305419683456421,0.05255367234349251,0.04948421195149422,0.06301122903823853,0.09549624472856522
57,424,73,0.9935212135314941,0.8115180730819702,0.9595742225646973,0.4768451750278473,0.4488801658153534,0.441143274307251,0.4614477753639221,0.9727870225906372,0.604152262210846,0.7908533811569214,0.1030975803732872,0.09453940391540527,0.09931701421737671,0.130655437707901,0.9759611487388611,0.6165180206298828,0.8069353699684143,0.11041463911533356,0.09843942523002625,0.0993032455444336,0.13170897960662842,0.9766460657119751,0.6035456657409668,0.8105406165122986,0.06745510548353195,0.058509666472673416,0.07005946338176727,0.10693694651126862
58,234,920,0.9933967590332031,0.6928344964981079,0.9290780425071716,0.23662899434566498,0.22249680757522583,0.2201843410730362,0.25615689158439636,0.97435462474823,0.5936959385871887,0.7936612963676453,0.06916617602109909,0.0660189613699913,0.07255332916975021,0.10398919135332108,0.9769850373268127,0.6106942296028137,0.8034020662307739,0.06136874109506607,0.06249461695551872,0.06855278462171555,0.10296260565519333,0.973969578742981,0.5914306640625,0.7919417023658752,0.07247167825698853,0.06389722228050232,0.06785835325717926,0.09547402709722519
59,858,206,0.9904338717460632,0.6962059140205383,0.9074616432189941,0.1668911874294281,0.16764411330223083,0.17913837730884552,0.21785792708396912,0.9789112210273743,0.6271572113037109,0.8138622045516968,0.04747986048460007,0.047046829015016556,0.056172315031290054,0.0880521833896637,0.9809725880622864,0.6378055810928345,0.8262898921966553,0.05507971718907356,0.05461210384964943,0.061655085533857346,0.09151838719844818,0.9820923805236816,0.6253466010093689,0.8238968849182129,0.04860035702586174,0.0492861345410347,0.059611525386571884,0.08904635906219482
60,55,250,0.9927360415458679,0.7677475214004517,0.9407259821891785,0.2926667332649231,0.2930067777633667,0.3188578486442566,0.36100324988365173,0.9852778911590576,0.6361534595489502,0.8363250494003296,0.04313255101442337,0.043348509818315506,0.05478735268115997,0.08768399059772491,0.9856268167495728,0.6133870482444763,0.8364704251289368,0.05125410109758377,0.049111321568489075,0.06119930371642113,0.0913003608584404,0.9914020895957947,0.6324743628501892,0.8592512607574463,0.060202572494745255,0.05785560980439186,0.06658164411783218,0.10070560872554779
61,490,384,0.9880220890045166,0.7775591611862183,0.924899697303772,0.48753777146339417,0.4435117542743683,0.442876935005188,0.4813515245914459,0.9823245406150818,0.5989539623260498,0.7947685122489929,0.050731442868709564,0.0527297705411911,0.06069077551364899,0.09901272505521774,0.9850398898124695,0.6005837321281433,0.8030996322631836,0.06325814872980118,0.061530742794275284,0.06647928804159164,0.10039491951465607,0.982583224773407,0.6018651723861694,0.7989283800125122,0.04578929767012596,0.041800178587436676,0.05954320356249809,0.09554071724414825
62,257,335,0.9944842457771301,0.7400017380714417,0.9403789043426514,0.30685850977897644,0.2772383987903595,0.28366777300834656,0.32869645953178406,0.9789509773254395,0.6326879262924194,0.8316666483879089,0.1754603087902069,0.15368272364139557,0.15783630311489105,0.1870870739221573,0.9804819822311401,0.6294129490852356,0.8341444730758667,0.16922400891780853,0.15431441366672516,0.15446798503398895,0.1840822547674179,0.9753631949424744,0.6000726222991943,0.7980690598487854,0.05176239460706711,0.053063295781612396,0.06063171848654747,0.09069448709487915
63,369,472,0.9882164597511292,0.7022812366485596,0.9055547118186951,0.1561678797006607,0.16233685612678528,0.18664537370204926,0.2388128936290741,0.9857082366943359,0.6354078650474548,0.8395218849182129,0.05010918527841568,0.05384008213877678,0.06245063245296478,0.09304918348789215,0.9839690923690796,0.6142520904541016,0.8343709707260132,0.047809354960918427,0.05544624477624893,0.06511694192886353,0.09567847102880478,0.9854385852813721,0.6136833429336548,0.8217385411262512,0.029299184679985046,0.03568404167890549,0.051259126514196396,0.08433189988136292
64,80,590,0.9905149936676025,0.7445013523101807,0.9287334680557251,0.3543899357318878,0.3207065761089325,0.31203001737594604,0.3400379717350006,0.976708710193634,0.6104147434234619,0.796371340751648,0.03261964023113251,0.04101436957716942,0.05851457267999649,0.09482012689113617,0.9769154787063599,0.6125768423080444,0.7991771697998047,0.041440341621637344,0.046877264976501465,0.0613691546022892,0.0954563319683075,0.9781633019447327,0.6131798028945923,0.80210280418396,0.05763250216841698,0.05992358922958374,0.07095751911401749,0.09911060333251953
65,651,883,0.9905480742454529,0.745210587978363,0.9258723258972168,0.1950494796037674,0.2206462174654007,0.2612474858760834,0.31423765420913696,0.9843931198120117,0.6174118518829346,0.8207525610923767,0.03510526195168495,0.03803269565105438,0.0531236007809639,0.08478115499019623,0.984552264213562,0.6186382174491882,0.8223196268081665,0.03772994130849838,0.041384506970644,0.055664464831352234,0.08833946287631989,0.9801958799362183,0.6091898679733276,0.8073731660842896,0.03486446663737297,0.03965560346841812,0.054042547941207886,0.09257522970438004
66,312,905,0.989776611328125,0.7718490362167358,0.9315667748451233,0.36010414361953735,0.3811354637145996,0.384460985660553,0.43703311681747437,0.9804215431213379,0.6168726682662964,0.8138793706893921,0.059027258306741714,0.06042211875319481,0.07786606252193451,0.11907149106264114,0.9805260300636292,0.6230559945106506,0.8152660131454468,0.06998161971569061,0.07448603212833405,0.0875907838344574,0.12155479937791824,0.9812281727790833,0.6098465919494629,0.8126907348632812,0.03344041481614113,0.04037730395793915,0.0545000322163105,0.08982712775468826
67,97,718,0.9899351000785828,0.6981548070907593,0.912084698677063,0.1478283554315567,0.16440795361995697,0.19693110883235931,0.24568091332912445,0.9852359294891357,0.61787348985672,0.829469621181488,0.03421397879719734,0.04283331334590912,0.05795910954475403,0.0941917821764946,0.9843131899833679,0.6169800758361816,0.8316515684127808,0.027759766206145287,0.036512747406959534,0.05262928456068039,0.09277545660734177,0.9823189973831177,0.6185784339904785,0.8185410499572754,0.04008851200342178,0.043837741017341614,0.056226544082164764,0.09173276275396347
68,972,275,0.9967241883277893,0.774990439414978,0.9555548429489136,0.32380080223083496,0.3073314130306244,0.31214502453804016,0.3554072380065918,0.9820616245269775,0.6307924389839172,0.8271660804748535,0.04862343892455101,0.049934595823287964,0.05968322604894638,0.09261821955442429,0.9848505854606628,0.6366095542907715,0.8399271965026855,0.05171607807278633,0.05112079530954361,0.06255387514829636,0.09409845620393753,0.9851948022842407,0.6259639263153076,0.835654079914093,0.04097910225391388,0.041665591299533844,0.05479009076952934,0.09042317420244217
69,714,789,0.988653302192688,0.7476456165313721,0.9223368763923645,0.30193930864334106,0.3084312677383423,0.32598480582237244,0.37054842710494995,0.9859559535980225,0.6209593415260315,0.8311470150947571,0.035439226776361465,0.04005546495318413,0.05824723839759827,0.09584739804267883,0.9870917201042175,0.618425190448761,0.8353677988052368,0.03570997714996338,0.04247269406914711,0.06229401007294655,0.09877282381057739,0.98430335521698,0.6101585626602173,0.8239423632621765,0.04215090349316597,0.04244699329137802,0.054613880813121796,0.09048637002706528
70,732,286,0.9850264191627502,0.6963958740234375,0.8856587409973145,0.16993732750415802,0.16319242119789124,0.17968255281448364,0.22011874616146088,0.9818365573883057,0.6161476969718933,0.8166224360466003,0.02629333734512329,0.03578203171491623,0.05098563805222511,0.0862022414803505,0.979932963848114,0.6096733212471008,0.8095791935920715,0.030689867213368416,0.03583375737071037,0.05082056671380997,0.08792699873447418,0.969406247138977,0.5658139586448669,0.7727598547935486,0.07198543101549149,0.07361254096031189,0.07928311824798584,0.1070232167840004
71,574,313,0.9946823120117188,0.7125870585441589,0.9245069622993469,0.24035705626010895,0.22235040366649628,0.22229163348674774,0.2523576617240906,0.986009955406189,0.6191175580024719,0.8255971670150757,0.045416466891765594,0.05207280442118645,0.06857146322727203,0.10068052262067795,0.9855499267578125,0.6181761026382446,0.8204708099365234,0.03209313005208969,0.04038134589791298,0.06199936196208,0.09631271660327911,0.9847981929779053,0.6176279187202454,0.8275894522666931,0.027575993910431862,0.034154169261455536,0.04842854291200638,0.08392049372196198
72,392,782,0.9885824918746948,0.7523390054702759,0.9418621063232422,0.3128129243850708,0.3103778064250946,0.3311038017272949,0.38612282276153564,0.979010820388794,0.5841474533081055,0.8035796880722046,0.04239610582590103,0.04664076492190361,0.0580718070268631,0.09200067818164825,0.9808401465415955,0.6054533123970032,0.8142654895782471,0.054146308451890945,0.055717695504426956,0.0685628354549408,0.09856396913528442,0.9812402129173279,0.5997382998466492,0.8172303438186646,0.05032823234796524,0.05184249207377434,0.06254846602678299,0.09547054022550583
73,631,232,0.9907416105270386,0.7985405325889587,0.9477211833000183,0.4381764233112335,0.4282432496547699,0.42853689193725586,0.4627959132194519,0.9809554815292358,0.5945212841033936,0.8210062980651855,0.06031327322125435,0.058334916830062866,0.06312648952007294,0.09289735555648804,0.9825761318206787,0.6058641672134399,0.8272380828857422,0.07259365916252136,0.05890750139951706,0.06270124018192291,0.09421537071466446,0.9803239107131958,0.6334605813026428,0.820167601108551,0.07889080047607422,0.06220632046461105,0.06634636968374252,0.09796398133039474
74,152,245,0.9914214015007019,0.7554665207862854,0.9319059252738953,0.33054685592651367,0.3101855516433716,0.3180865943431854,0.34294578433036804,0.9781169295310974,0.6184737682342529,0.8104429244995117,0.03791467472910881,0.042739395052194595,0.057599037885665894,0.09315593540668488,0.9796438217163086,0.6210556030273438,0.8144468069076538,0.048530325293540955,0.047670770436525345,0.059975992888212204,0.09264183044433594,0.9769817590713501,0.6184141635894775,0.8063373565673828,0.09542838484048843,0.0807330384850502,0.08054991066455841,0.10432618856430054
75,58,735,0.9934590458869934,0.8047658801078796,0.9553586840629578,0.40131041407585144,0.38374271988868713,0.3930833637714386,0.42775967717170715,0.9729821681976318,0.6033449769020081,0.7922340631484985,0.04657621681690216,0.054224785417318344,0.06778862327337265,0.09982962161302567,0.9707255363464355,0.6222544312477112,0.7874382734298706,0.04712740331888199,0.053371183574199677,0.07067462056875229,0.10018040984869003,0.980130672454834,0.6159822344779968,0.8043209314346313,0.0652756616473198,0.0670856162905693,0.07546070218086243,0.10302459448575974
76,416,152,0.9930301308631897,0.7736813426017761,0.9453741312026978,0.3879181444644928,0.37194493412971497,0.3654669523239136,0.38774171471595764,0.9817184209823608,0.6083258390426636,0.8048149943351746,0.041462741792201996,0.04182233661413193,0.056281935423612595,0.09829916059970856,0.9819469451904297,0.6181980967521667,0.8090097904205322,0.034413762390613556,0.04314156994223595,0.05699717253446579,0.09540361911058426,0.9772505164146423,0.6107308864593506,0.798060953617096,0.044734034687280655,0.04757457599043846,0.06168445944786072,0.09847451746463776
77,547,531,0.9901937246322632,0.7310978770256042,0.9171436429023743,0.18746931850910187,0.1928967386484146,0.22643795609474182,0.2754722535610199,0.9765183925628662,0.6087719202041626,0.8002545237541199,0.03761328011751175,0.04510102793574333,0.05499035492539406,0.08802108466625214,0.9810603857040405,0.603874683380127,0.8195668458938599,0.0438043512403965,0.04671664163470268,0.05731154978275299,0.08752498030662537,0.9783720374107361,0.6149333715438843,0.813377857208252,0.03240438923239708,0.037160396575927734,0.052870117127895355,0.08798511326313019
78,40,220,0.9829865097999573,0.7218300104141235,0.9131935834884644,0.3905932605266571,0.38183966279029846,0.37860947847366333,0.4057767391204834,0.9660375118255615,0.5392210483551025,0.7467232346534729,0.06028048321604729,0.05388393998146057,0.061768557876348495,0.09237384796142578,0.9677917957305908,0.5520586967468262,0.7631287574768066,0.0666370689868927,0.06042023375630379,0.06725139915943146,0.09525845944881439,0.9755613207817078,0.5670999884605408,0.7907201647758484,0.06484238803386688,0.0595088005065918,0.06589894741773605,0.0968908965587616
79,918,633,0.9892853498458862,0.7406838536262512,0.925533652305603,0.2820008099079132,0.27971920371055603,0.3004184067249298,0.34674072265625,0.9804449081420898,0.627063512802124,0.8246561288833618,0.047769974917173386,0.05194750428199768,0.06514473259449005,0.10227839648723602,0.983652651309967,0.6309037208557129,0.8409289121627808,0.053282346576452255,0.05613220855593681,0.06922534108161926,0.10572942346334457,0.9833603501319885,0.6157915592193604,0.8313087821006775,0.08177270740270615,0.061312463134527206,0.06472229957580566,0.09489418566226959
80,926,693,0.9887087941169739,0.7401679754257202,0.9190813899040222,0.19666819274425507,0.2186046838760376,0.2525121569633484,0.3084786534309387,0.9829021096229553,0.620181143283844,0.8304715156555176,0.03848232328891754,0.0411774180829525,0.057218920439481735,0.09485010802745819,0.9893389344215393,0.6178840398788452,0.8535674810409546,0.04478389397263527,0.04664977639913559,0.05722062289714813,0.09125696867704391,0.9880983829498291,0.6174103617668152,0.8454362154006958,0.037734054028987885,0.03997310623526573,0.052915308624506,0.08623270690441132
81,187,676,0.9856747984886169,0.7349327206611633,0.901488721370697,0.30259111523628235,0.29332679510116577,0.30018335580825806,0.335186243057251,0.976643979549408,0.6044113039970398,0.788606584072113,0.049780864268541336,0.04714570939540863,0.061191827058792114,0.096905417740345,0.9798750281333923,0.6086419224739075,0.8014906644821167,0.04946516454219818,0.049337003380060196,0.061808738857507706,0.09684387594461441,0.98036128282547,0.6082285046577454,0.8105626106262207,0.0393686480820179,0.03938871994614601,0.05376167595386505,0.09334727376699448
82,327,70,0.9867005348205566,0.7262924313545227,0.9121572375297546,0.26832860708236694,0.2581144869327545,0.2671416699886322,0.31032702326774597,0.9816701412200928,0.6063095927238464,0.8248391151428223,0.054500285536050797,0.050291504710912704,0.06271199882030487,0.09669975936412811,0.9826030731201172,0.5991111397743225,0.8249942660331726,0.046130549162626266,0.049250464886426926,0.059208035469055176,0.09384290128946304,0.9800428748130798,0.6162782907485962,0.8190107941627502,0.07220125943422318,0.06288479268550873,0.06296540051698685,0.09163884818553925
83,157,797,0.9890923500061035,0.7332324385643005,0.9213377833366394,0.2789740562438965,0.27474281191825867,0.2931153476238251,0.337289422750473,0.9770373702049255,0.6096395254135132,0.8058058619499207,0.065411776304245,0.06950530409812927,0.07501988112926483,0.10634680837392807,0.9746073484420776,0.6003370881080627,0.7979736328125,0.06325716525316238,0.0626065731048584,0.07038620114326477,0.1025322675704956,0.9776167273521423,0.6064398884773254,0.8073377013206482,0.04983772337436676,0.052188701927661896,0.06794960796833038,0.10244663804769516
84,628,702,0.9943237900733948,0.7529323697090149,0.9359295964241028,0.28073203563690186,0.2653999328613281,0.27075430750846863,0.31039053201675415,0.9801123142242432,0.6293576955795288,0.8238330483436584,0.0894596055150032,0.07221534848213196,0.07845495641231537,0.1093742698431015,0.9829592108726501,0.6306922435760498,0.8309265375137329,0.08462683111429214,0.07104337960481644,0.07302778214216232,0.1020539328455925,0.9782904386520386,0.5813027620315552,0.8061460256576538,0.07210192084312439,0.05791251361370087,0.06500349938869476,0.09961649030447006
85,23,187,0.9911842942237854,0.7494984865188599,0.9335839748382568,0.40896403789520264,0.37497538328170776,0.3412005305290222,0.3674960136413574,0.9728187918663025,0.602184534072876,0.7817592620849609,0.07960841804742813,0.06564593315124512,0.06834009289741516,0.09513521939516068,0.9736318588256836,0.6045898795127869,0.7830370664596558,0.07777523249387741,0.06678038090467453,0.06811059266328812,0.095570407807827,0.9790225028991699,0.611680805683136,0.7974856495857239,0.06936702132225037,0.06387675553560257,0.07093693315982819,0.10235029458999634
86,922,809,0.990591824054718,0.7221947312355042,0.9168874025344849,0.20360852777957916,0.19944541156291962,0.21652701497077942,0.2618752717971802,0.9759560227394104,0.6036749482154846,0.79805588722229,0.039354123175144196,0.0458962582051754,0.056012775748968124,0.090284064412117,0.9784447550773621,0.6148781776428223,0.8167493939399719,0.038123250007629395,0.04476003348827362,0.052974049001932144,0.0880289226770401,0.9810087084770203,0.620271623134613,0.8250249624252319,0.05958867445588112,0.0528743676841259,0.060990992933511734,0.09233643859624863
87,53,289,0.983657956123352,0.7472224235534668,0.9030706882476807,0.3444693386554718,0.3273914158344269,0.3281715512275696,0.34797602891921997,0.9799124598503113,0.6307756304740906,0.8182262182235718,0.060845013707876205,0.05756553262472153,0.06732843071222305,0.09522563219070435,0.9790751934051514,0.6373937726020813,0.8162340521812439,0.07351725548505783,0.0644087940454483,0.06790772825479507,0.09737006574869156,0.9796124696731567,0.6007552742958069,0.7921352386474609,0.025764580816030502,0.03274714574217796,0.046904388815164566,0.08522532880306244
88,60,893,0.9956480264663696,0.7547269463539124,0.9477414488792419,0.3151029050350189,0.30273348093032837,0.3068775236606598,0.33238205313682556,0.9825009703636169,0.6222369074821472,0.8232667446136475,0.03552832454442978,0.03833392262458801,0.05131981149315834,0.08743252605199814,0.9825093746185303,0.6148207187652588,0.8245618939399719,0.03534826263785362,0.04000503197312355,0.051939573138952255,0.08702349662780762,0.9788374900817871,0.6189980506896973,0.8163465857505798,0.060218799859285355,0.061844728887081146,0.06833179295063019,0.09502733498811722
89,179,288,0.9950416684150696,0.8381094336509705,0.9680255055427551,0.49383077025413513,0.47028225660324097,0.47608861327171326,0.5095760226249695,0.9707344174385071,0.6074483394622803,0.7899841666221619,0.0781131312251091,0.06977157294750214,0.07091682404279709,0.09783633798360825,0.9747864007949829,0.6030152440071106,0.7970802187919617,0.08204083144664764,0.06905518472194672,0.07064542919397354,0.09811574220657349,0.9812589883804321,0.6188943386077881,0.8224917054176331,0.06326134502887726,0.06113268435001373,0.07290992140769958,0.10620152205228806
90,418,543,0.989277720451355,0.7614847421646118,0.9248935580253601,0.30328240990638733,0.3065369129180908,0.33823448419570923,0.3712862730026245,0.9835404753684998,0.6237889528274536,0.8232337832450867,0.04787050932645798,0.04928213730454445,0.06008787453174591,0.09353076666593552,0.9825005531311035,0.6220105886459351,0.8213111758232117,0.03780120238661766,0.0447223037481308,0.058225907385349274,0.09139727056026459,0.9797003269195557,0.6027622222900391,0.8099406361579895,0.04143174737691879,0.0453466959297657,0.06028222292661667,0.09457916766405106
91,867,61,0.994379460811615,0.7779282927513123,0.9500901699066162,0.42254841327667236,0.4537883698940277,0.46714556217193604,0.4912472069263458,0.9840747714042664,0.6069489121437073,0.8125203251838684,0.030219199135899544,0.03496362641453743,0.05165529251098633,0.08648037910461426,0.9865317344665527,0.6087929010391235,0.8196076154708862,0.030133003368973732,0.03564833849668503,0.05105487257242203,0.08468665927648544,0.9835473299026489,0.6024433970451355,0.8022328615188599,0.03397531434893608,0.04050159454345703,0.05407371371984482,0.09104738384485245
92,812,830,0.9903786778450012,0.6958937048912048,0.9006907939910889,0.16718783974647522,0.1757102906703949,0.1999373733997345,0.23255814611911774,0.9804117679595947,0.6222522258758545,0.8224960565567017,0.047475386410951614,0.050961174070835114,0.06114540994167328,0.09458185732364655,0.9823294281959534,0.6177421808242798,0.8245407342910767,0.04550961032509804,0.0460890457034111,0.05778941139578819,0.0921163558959961,0.9837998747825623,0.6262986063957214,0.8327727913856506,0.039843861013650894,0.043226223438978195,0.05543635040521622,0.09102948755025864
93,949,935,0.9960532188415527,0.7456316351890564,0.9485579133033752,0.2649496793746948,0.2807275056838989,0.2929270267486572,0.3330303132534027,0.9758949279785156,0.6078405976295471,0.8022987246513367,0.04787241667509079,0.043696328997612,0.052502185106277466,0.08369385451078415,0.9784598350524902,0.6160993576049805,0.8123542666435242,0.04835580289363861,0.046112965792417526,0.054245319217443466,0.08440939337015152,0.9814996123313904,0.6136378049850464,0.8226039409637451,0.05663439631462097,0.0590507909655571,0.06619616597890854,0.0948128029704094
94,632,28,0.9870191812515259,0.7562839388847351,0.9134746193885803,0.327644020318985,0.31523334980010986,0.31510835886001587,0.3473982512950897,0.9722800254821777,0.5880405306816101,0.77322918176651,0.051027096807956696,0.04869130626320839,0.05925746634602547,0.09729338437318802,0.9712996482849121,0.5940930843353271,0.7735214233398438,0.05233572795987129,0.04941199719905853,0.05887547507882118,0.0977347195148468,0.9789252281188965,0.6055979132652283,0.8072002530097961,0.04571397975087166,0.047343961894512177,0.05916230380535126,0.09197316318750381
95,362,533,0.987494945526123,0.7764359712600708,0.9253562688827515,0.425913542509079,0.3955196440219879,0.3950941860675812,0.4320106506347656,0.9822371006011963,0.6040692329406738,0.8152400851249695,0.0404055155813694,0.03979836776852608,0.05413544178009033,0.08359181135892868,0.9816526770591736,0.6099125742912292,0.8113695979118347,0.041366130113601685,0.0426766537129879,0.052910588681697845,0.08529176563024521,0.9845808744430542,0.6073988080024719,0.8203961849212646,0.04095696285367012,0.04262044280767441,0.0509384348988533,0.08473040908575058
96,236,399,0.989554226398468,0.7591143846511841,0.929291844367981,0.41450124979019165,0.3982652425765991,0.3917238116264343,0.3984065353870392,0.9780265688896179,0.6194928884506226,0.8094071745872498,0.15713728964328766,0.11728732287883759,0.1042405292391777,0.12473838031291962,0.9797534346580505,0.622191846370697,0.8168323636054993,0.1527612954378128,0.11225569993257523,0.10115630179643631,0.12007840722799301,0.9814539551734924,0.6125330328941345,0.8127213716506958,0.04795178398489952,0.05602061748504639,0.06255830824375153,0.0949263647198677
97,17,459,0.98968505859375,0.7252543568611145,0.9142451882362366,0.3014921545982361,0.28455302119255066,0.2820464074611664,0.3130064010620117,0.9829053282737732,0.610765278339386,0.8149083852767944,0.057793620973825455,0.053854867815971375,0.06334730237722397,0.09359105676412582,0.9831576347351074,0.6167526841163635,0.821700394153595,0.06243453547358513,0.0577574148774147,0.06858022511005402,0.09815147519111633,0.9780462980270386,0.5901395678520203,0.7846067547798157,0.04092496261000633,0.03894321620464325,0.055151160806417465,0.09244907647371292
98,674,372,0.9841681122779846,0.6604780554771423,0.8777839541435242,0.14767540991306305,0.17596974968910217,0.18783561885356903,0.22850598394870758,0.9755539298057556,0.5520076751708984,0.7724194526672363,0.024848828092217445,0.03577961027622223,0.050528742372989655,0.08332204818725586,0.9741852283477783,0.5533854365348816,0.7676181197166443,0.025016983970999718,0.034740690141916275,0.051742590963840485,0.08342161029577255,0.9817087650299072,0.6186962127685547,0.8135531544685364,0.032580915838479996,0.03766155242919922,0.05097580328583717,0.08715265244245529
99,247,229,0.9951667785644531,0.79327392578125,0.9537374377250671,0.3747774064540863,0.38472357392311096,0.3970832824707031,0.42062103748321533,0.9831616878509521,0.630721390247345,0.8276617527008057,0.04522612690925598,0.04454774037003517,0.05780258774757385,0.0935397520661354,0.9867005944252014,0.6227399110794067,0.836492121219635,0.048252079635858536,0.0458221361041069,0.05627789720892906,0.08867444843053818,0.9848369359970093,0.6246494650840759,0.8295069932937622,0.057064756751060486,0.052139315754175186,0.061256617307662964,0.09219085425138474
100,484,932,0.9852556586265564,0.6560503840446472,0.8611643314361572,0.16503995656967163,0.13975410163402557,0.14673373103141785,0.18400631844997406,0.9822784662246704,0.6223659515380859,0.8135418891906738,0.03416609764099121,0.04388922452926636,0.06267286837100983,0.10160005837678909,0.9836946129798889,0.6223903298377991,0.8158785700798035,0.03518668934702873,0.04546011984348297,0.06080961599946022,0.09772724658250809,0.9841574430465698,0.6090521216392517,0.8116054534912109,0.02903010882437229,0.03357858210802078,0.05061081424355507,0.0869763121008873
101,311,536,0.9892906546592712,0.7666981816291809,0.9315351843833923,0.4324338436126709,0.40279024839401245,0.39667487144470215,0.4195707142353058,0.9764391779899597,0.5872681140899658,0.7883020639419556,0.04855944961309433,0.04998338222503662,0.06203768029808998,0.09362418949604034,0.9782372117042542,0.6030569076538086,0.8005366325378418,0.04819345846772194,0.05324086174368858,0.06299775838851929,0.09540282189846039,0.9784126877784729,0.6046626567840576,0.7996650338172913,0.04842056334018707,0.047680195420980453,0.05688900873064995,0.08952323347330093
102,155,154,0.9846072196960449,0.6988956332206726,0.9080531597137451,0.247023344039917,0.2559199631214142,0.289629191160202,0.33860349655151367,0.982104480266571,0.6257979273796082,0.8272581100463867,0.06174757704138756,0.05487347021698952,0.06409791111946106,0.09751991182565689,0.9819819927215576,0.615851104259491,0.8237946629524231,0.0554477758705616,0.048880722373723984,0.058525677770376205,0.09211598336696625,0.9760178923606873,0.5883060097694397,0.8008372783660889,0.04898905009031296,0.04542619362473488,0.05710325390100479,0.0901760384440422
103,552,327,0.9894692301750183,0.7623715400695801,0.9382853507995605,0.3636179566383362,0.3612339198589325,0.3646320402622223,0.4064261317253113,0.9793571829795837,0.6230919361114502,0.8227521777153015,0.10500108450651169,0.08676805347204208,0.09042564779520035,0.11729472875595093,0.9767456650733948,0.6012394428253174,0.8121234178543091,0.12125364691019058,0.09668612480163574,0.0929340124130249,0.12204234302043915,0.983160674571991,0.5843918323516846,0.8221722841262817,0.04810987412929535,0.044227082282304764,0.05479701980948448,0.09025754779577255
104,198,827,0.9893791079521179,0.7214508056640625,0.9200999140739441,0.26121774315834045,0.26713255047798157,0.2783339023590088,0.3223855793476105,0.9826641082763672,0.584898829460144,0.7980368137359619,0.02432975359261036,0.035810016095638275,0.05055975168943405,0.08616308867931366,0.9796789884567261,0.5876774787902832,0.7955147624015808,0.02319222502410412,0.03314708545804024,0.050965726375579834,0.0846097320318222,0.9762280583381653,0.5987771153450012,0.7971782684326172,0.046623483300209045,0.05055532604455948,0.06458878517150879,0.09943173825740814
105,549,730,0.9932637810707092,0.7024115324020386,0.9344373941421509,0.29094886779785156,0.2703693211078644,0.2685210108757019,0.30796265602111816,0.9771106839179993,0.6096863746643066,0.8053549528121948,0.05461329594254494,0.05295056477189064,0.06489246338605881,0.10255219042301178,0.9763796925544739,0.6106903553009033,0.8094948530197144,0.07071804255247116,0.06043480336666107,0.06624240428209305,0.1006285771727562,0.9797854423522949,0.6203798651695251,0.825619101524353,0.09280942380428314,0.0812876969575882,0.08646883070468903,0.11216659843921661
106,911,432,0.9785947799682617,0.7274020314216614,0.8916921615600586,0.265552818775177,0.2799495756626129,0.31118014454841614,0.34936103224754333,0.9739789962768555,0.5922804474830627,0.7880460619926453,0.03585118427872658,0.047657351940870285,0.05544080585241318,0.08434875309467316,0.9765730500221252,0.5985565185546875,0.7979321479797363,0.02951834350824356,0.04250321909785271,0.0531967468559742,0.08188668638467789,0.9757190346717834,0.6059011816978455,0.7952380776405334,0.01823168434202671,0.029406217858195305,0.04509309306740761,0.08021818846464157
107,87,317,0.9921368956565857,0.7974363565444946,0.9484405517578125,0.3929908871650696,0.3916425108909607,0.405720591545105,0.43713533878326416,0.9781129360198975,0.6268375515937805,0.8077720999717712,0.039742786437273026,0.04343791678547859,0.05429656058549881,0.09093886613845825,0.9824201464653015,0.6239590048789978,0.8213586211204529,0.04354521632194519,0.042953528463840485,0.05513744428753853,0.09374982118606567,0.9811962246894836,0.6176167726516724,0.8087453842163086,0.03411528095602989,0.03591834753751755,0.053157757967710495,0.09131650626659393
108,843,104,0.9863558411598206,0.7001043558120728,0.9030559062957764,0.22551918029785156,0.2307921200990677,0.25142884254455566,0.2916940152645111,0.9803988337516785,0.6045733094215393,0.8033785223960876,0.05636471137404442,0.052889443933963776,0.062192030251026154,0.09446819126605988,0.9808115363121033,0.6090336441993713,0.8068456649780273,0.05398593470454216,0.04886992648243904,0.05796991288661957,0.09051351249217987,0.9797484278678894,0.6146027445793152,0.81162428855896,0.04762040078639984,0.045495495200157166,0.05898816138505936,0.09238898009061813
109,566,826,0.9905809760093689,0.6866560578346252,0.9073474407196045,0.15163561701774597,0.16364455223083496,0.1874460130929947,0.2361765056848526,0.9833328127861023,0.5874965190887451,0.7933067679405212,0.0156598798930645,0.021341348066926003,0.04202596843242645,0.08188863843679428,0.9868645071983337,0.5986077785491943,0.8171234130859375,0.02872488833963871,0.029047565534710884,0.04551660642027855,0.08321195840835571,0.983101487159729,0.614819347858429,0.8268364071846008,0.04528707265853882,0.04282639920711517,0.053631797432899475,0.08517085760831833
110,958,876,0.9905426502227783,0.7340550422668457,0.9219469428062439,0.3467537462711334,0.30406665802001953,0.29827821254730225,0.3277715742588043,0.9812124371528625,0.6036019921302795,0.803246796131134,0.030861737206578255,0.036055196076631546,0.04959908127784729,0.08509287238121033,0.9842329025268555,0.610884964466095,0.8199056386947632,0.04442451521754265,0.042238179594278336,0.05052034556865692,0.08461001515388489,0.9797838926315308,0.6317508220672607,0.8133115172386169,0.07864519953727722,0.07408460229635239,0.07907505333423615,0.1093437671661377
111,347,350,0.9901737570762634,0.8126248717308044,0.9540275931358337,0.4387504458427429,0.4701440632343292,0.495933473110199,0.545827329158783,0.9803131818771362,0.6012871265411377,0.8090659976005554,0.04779788479208946,0.04610028490424156,0.058470629155635834,0.09251152724027634,0.9766067266464233,0.599658191204071,0.7976351976394653,0.0344153568148613,0.035517387092113495,0.05016554519534111,0.08630525320768356,0.9781913757324219,0.5845810770988464,0.8058494329452515,0.04672390967607498,0.056291550397872925,0.06930980086326599,0.10278560221195221
112,459,640,0.9944105744361877,0.7873228788375854,0.951068639755249,0.44099950790405273,0.3883410096168518,0.36533257365226746,0.39916548132896423,0.9774844646453857,0.5952637791633606,0.7875025272369385,0.034656208008527756,0.041115544736385345,0.05705653131008148,0.09496248513460159,0.9786334037780762,0.5963135957717896,0.7939257621765137,0.03191107511520386,0.042135655879974365,0.053151559084653854,0.0907953754067421,0.9824733734130859,0.6279342174530029,0.8247243165969849,0.06619137525558472,0.06481996923685074,0.07019614428281784,0.09797418862581253
113,563,347,0.9947134256362915,0.7160405516624451,0.9365954995155334,0.17236125469207764,0.19084952771663666,0.22304598987102509,0.27641427516937256,0.9827703833580017,0.6170758008956909,0.8227826952934265,0.05155080184340477,0.047050945460796356,0.05859266221523285,0.0910014882683754,0.9848058819770813,0.6193184852600098,0.832369327545166,0.05101027712225914,0.04851118475198746,0.05835425853729248,0.09092521667480469,0.9832736849784851,0.6298485994338989,0.8308111429214478,0.033652257174253464,0.03629247099161148,0.050084374845027924,0.08640635758638382
114,613,498,0.9926392436027527,0.7047168612480164,0.9184143543243408,0.15837080776691437,0.15787188708782196,0.18277622759342194,0.23041534423828125,0.9816694259643555,0.6280999183654785,0.8327815532684326,0.05129443109035492,0.052179139107465744,0.06283259391784668,0.09735216200351715,0.9792717099189758,0.6174201965332031,0.8245846033096313,0.047113314270973206,0.046547021716833115,0.058951567858457565,0.0917181745171547,0.9729670286178589,0.6028270721435547,0.7962688207626343,0.060610331594944,0.05453861877322197,0.06385667622089386,0.09552208334207535
115,95,351,0.9887914061546326,0.7806631326675415,0.9355392456054688,0.3824886679649353,0.3860589563846588,0.40886765718460083,0.46109434962272644,0.9794903993606567,0.5982950329780579,0.7943558692932129,0.03093460015952587,0.02998117171227932,0.04297953471541405,0.07950752228498459,0.9798511862754822,0.5935669541358948,0.7992309331893921,0.02852616459131241,0.02729359082877636,0.039871811866760254,0.07747465372085571,0.9787457585334778,0.5971196293830872,0.7988945245742798,0.04171174764633179,0.04177502170205116,0.0561186820268631,0.09302693605422974
116,42,934,0.9904316067695618,0.7448468804359436,0.9256216287612915,0.33386826515197754,0.31076952815055847,0.33574411273002625,0.36998894810676575,0.9815821051597595,0.5984421968460083,0.7978063821792603,0.039195287972688675,0.03994975984096527,0.05384911224246025,0.08688017725944519,0.9820424318313599,0.585222065448761,0.8083633780479431,0.0725955218076706,0.06007872149348259,0.0628179982304573,0.09479442983865738,0.9830307960510254,0.6067624092102051,0.8192482590675354,0.08560442924499512,0.07415618747472763,0.07860883325338364,0.11253779381513596
117,881,810,0.9944686889648438,0.7694802284240723,0.9431313872337341,0.30928680300712585,0.29152366518974304,0.2911866307258606,0.3330134153366089,0.9787068367004395,0.608422040939331,0.8120133280754089,0.028112875297665596,0.039359550923109055,0.054874349385499954,0.08470815420150757,0.9805680513381958,0.6100866198539734,0.8186556696891785,0.0457419715821743,0.0540207140147686,0.05896240100264549,0.08643686026334763,0.9858521223068237,0.6401290893554688,0.8403276801109314,0.04062601551413536,0.04562190920114517,0.05977053567767143,0.09404770284891129
118,307,151,0.9947680830955505,0.8211968541145325,0.9696075320243835,0.430954247713089,0.4397905170917511,0.44946733117103577,0.48643597960472107,0.9751695990562439,0.6105219125747681,0.8033817410469055,0.03386317193508148,0.04214077442884445,0.056313131004571915,0.08865995705127716,0.9780125617980957,0.5951753854751587,0.8086110949516296,0.0455947145819664,0.04605535417795181,0.05662890896201134,0.08759808540344238,0.9763395190238953,0.6263608932495117,0.8176208734512329,0.08550768345594406,0.08243953436613083,0.08448320627212524,0.11193113774061203
119,120,925,0.9904555082321167,0.7366414070129395,0.9233839511871338,0.2063829004764557,0.21834513545036316,0.23672376573085785,0.2828112542629242,0.9791407585144043,0.631669819355011,0.8221270442008972,0.0506739616394043,0.054059989750385284,0.06298598647117615,0.09671558439731598,0.9798159003257751,0.6380855441093445,0.8239730596542358,0.045852452516555786,0.04769549146294594,0.0613357275724411,0.09548261016607285,0.980545699596405,0.6267737150192261,0.8264933228492737,0.05356113985180855,0.055766329169273376,0.06656072288751602,0.09903339296579361
120,551,668,0.9917280077934265,0.783612847328186,0.947577953338623,0.32630211114883423,0.31988415122032166,0.34193459153175354,0.38951584696769714,0.9721939563751221,0.6217610836029053,0.8033686876296997,0.059929974377155304,0.05901924893260002,0.06732665747404099,0.10120407491922379,0.9744762182235718,0.6227898597717285,0.8040856719017029,0.06626754999160767,0.06011638790369034,0.0634506344795227,0.09458080679178238,0.9787412285804749,0.6131218671798706,0.8173206448554993,0.06877589225769043,0.0626634880900383,0.06708662211894989,0.09498737752437592
121,37,237,0.9946129322052002,0.8092437982559204,0.9624952673912048,0.5175719857215881,0.5145523548126221,0.514417827129364,0.5426732301712036,0.9842972755432129,0.5862510800361633,0.8129021525382996,0.041199762374162674,0.0347147136926651,0.050309181213378906,0.089898981153965,0.9863682985305786,0.6037173271179199,0.8186380863189697,0.045255664736032486,0.03761942312121391,0.0523439459502697,0.0853801816701889,0.9833499193191528,0.5890963077545166,0.8168423771858215,0.048880547285079956,0.05365961417555809,0.06833428889513016,0.10540034621953964
122,672,29,0.9873979091644287,0.7366514801979065,0.9188491702079773,0.4199226498603821,0.3680811822414398,0.3500458002090454,0.36867332458496094,0.9793068766593933,0.6173207759857178,0.804104208946228,0.042481742799282074,0.047018393874168396,0.05999182537198067,0.09541518241167068,0.9822188019752502,0.616115927696228,0.8142744302749634,0.04880139231681824,0.05081132426857948,0.061896611005067825,0.09538253396749496,0.9805529117584229,0.605836033821106,0.8079318404197693,0.04101762920618057,0.04599748179316521,0.06004763022065163,0.09163221716880798
123,838,470,0.9930837750434875,0.7660553455352783,0.9402878284454346,0.25524792075157166,0.2740994095802307,0.2928467392921448,0.34112611413002014,0.98204505443573,0.6193718910217285,0.8250733613967896,0.04322433844208717,0.047870274633169174,0.06285478174686432,0.09658196568489075,0.9813022017478943,0.625453770160675,0.8243703246116638,0.042211953550577164,0.045959170907735825,0.05988781154155731,0.09433095902204514,0.981350302696228,0.6288401484489441,0.8260468244552612,0.04762401804327965,0.047105930745601654,0.060489606112241745,0.09780310094356537
124,915,114,0.9929488897323608,0.7910307049751282,0.9547007083892822,0.4204922020435333,0.41261816024780273,0.4147505462169647,0.4488261342048645,0.9851921200752258,0.6163806915283203,0.8289154171943665,0.047498807311058044,0.051424458622932434,0.0633467510342598,0.09510612487792969,0.9858603477478027,0.6221837401390076,0.8325501680374146,0.042208943516016006,0.04965483769774437,0.060873303562402725,0.09615788608789444,0.9886642694473267,0.6279800534248352,0.8513669371604919,0.05461059510707855,0.055079031735658646,0.06433583796024323,0.0930062085390091
125,905,120,0.989227294921875,0.7115415930747986,0.9028142690658569,0.21569833159446716,0.19652043282985687,0.20470374822616577,0.24457938969135284,0.9812483191490173,0.6116250157356262,0.8237546682357788,0.057828061282634735,0.055975716561079025,0.07107394933700562,0.1088726669549942,0.9829367399215698,0.6153134703636169,0.8318607211112976,0.06102217733860016,0.06313511729240417,0.07407646626234055,0.1101180836558342,0.9815175533294678,0.6260760426521301,0.8225739598274231,0.04332663118839264,0.041760850697755814,0.053364962339401245,0.08767745643854141
126,514,418,0.9929771423339844,0.7571300268173218,0.9500649571418762,0.3435116112232208,0.3285737633705139,0.33370697498321533,0.3730243742465973,0.9702634215354919,0.5915431380271912,0.7728431820869446,0.05358312278985977,0.05465018004179001,0.06541599333286285,0.0974009782075882,0.9737042784690857,0.6066099405288696,0.7908505797386169,0.05293950065970421,0.05379067361354828,0.061386559158563614,0.09545304626226425,0.9723038673400879,0.6018310785293579,0.7833417654037476,0.04608995094895363,0.0469735823571682,0.05741824954748154,0.08806340396404266
127,589,733,0.9897054433822632,0.802216112613678,0.9396777153015137,0.4913685619831085,0.4939076006412506,0.4938425123691559,0.5197207927703857,0.9834478497505188,0.6078553199768066,0.8109527826309204,0.06006484106183052,0.05500716343522072,0.06842082738876343,0.1017647534608841,0.9863659143447876,0.610891580581665,0.8190742135047913,0.053496696054935455,0.05393332615494728,0.067984938621521,0.09914412349462509,0.9796072840690613,0.5988189578056335,0.7969973683357239,0.07449694722890854,0.06473144143819809,0.06943992525339127,0.0959293395280838
128,163,140,0.989530086517334,0.7393091917037964,0.9250123500823975,0.2234763205051422,0.2399955838918686,0.2611936032772064,0.3122607171535492,0.9778439998626709,0.6235471963882446,0.8093519806861877,0.053354933857917786,0.04812578111886978,0.057328853756189346,0.09184767305850983,0.9777818322181702,0.6218225955963135,0.8070353865623474,0.05741209164261818,0.05065205693244934,0.05833394452929497,0.09180977940559387,0.9833176136016846,0.6161675453186035,0.8205534219741821,0.05615860968828201,0.05158195644617081,0.05894048884510994,0.08896125108003616
129,753,8,0.9842736124992371,0.7169705629348755,0.9000738859176636,0.22486203908920288,0.23261116445064545,0.2577648162841797,0.30498188734054565,0.9808254241943359,0.6136701107025146,0.8230364918708801,0.04161787033081055,0.042163487523794174,0.05448384955525398,0.08913696557283401,0.9824394583702087,0.6206337213516235,0.826404333114624,0.03443066030740738,0.037688255310058594,0.052492111921310425,0.09004943072795868,0.9815171360969543,0.6248317360877991,0.8255196213722229,0.05957535654306412,0.059526558965444565,0.06949983537197113,0.1006574034690857
130,19,740,0.9881759881973267,0.7711760401725769,0.922885537147522,0.38530468940734863,0.3805665671825409,0.3905700147151947,0.40963509678840637,0.9838463068008423,0.6351176500320435,0.8318463563919067,0.06570512056350708,0.05717744678258896,0.06537777185440063,0.09672911465167999,0.983100414276123,0.631175696849823,0.8280612826347351,0.07052044570446014,0.05902290716767311,0.06666450202465057,0.09832599759101868,0.9840748906135559,0.6109436750411987,0.8198665380477905,0.04778117313981056,0.04698828607797623,0.059617385268211365,0.09477994590997696
131,144,849,0.9946707487106323,0.7402819395065308,0.9394250512123108,0.3297458589076996,0.29467931389808655,0.2767190933227539,0.30417874455451965,0.9696404933929443,0.6027519702911377,0.7783386707305908,0.04941306263208389,0.0556894987821579,0.0701025053858757,0.10415323823690414,0.97021484375,0.5788975954055786,0.780090868473053,0.04426579549908638,0.05236981809139252,0.06752575188875198,0.1007198616862297,0.9779976010322571,0.6189205050468445,0.8071810603141785,0.04130880534648895,0.04566982388496399,0.061679691076278687,0.09753106534481049
132,736,689,0.9936981201171875,0.7675648927688599,0.9450493454933167,0.31095966696739197,0.33268508315086365,0.34062501788139343,0.37832871079444885,0.9830003380775452,0.610824465751648,0.8138539791107178,0.05720493569970131,0.05085907503962517,0.05936026945710182,0.0908379852771759,0.9838377833366394,0.6100441813468933,0.82539302110672,0.08674903959035873,0.0703527182340622,0.06976547092199326,0.09553861618041992,0.9871677756309509,0.6168495416641235,0.8413272500038147,0.039194248616695404,0.043329786509275436,0.0574357733130455,0.08886611461639404
133,475,918,0.9893463253974915,0.7334157228469849,0.9150863289833069,0.20372596383094788,0.20498314499855042,0.22819845378398895,0.2800648808479309,0.9754867553710938,0.583554208278656,0.796733558177948,0.05452220141887665,0.05361213535070419,0.061227671802043915,0.0927027016878128,0.9816831946372986,0.6114396452903748,0.8208574652671814,0.060765158385038376,0.05654076859354973,0.06399542838335037,0.09507516026496887,0.981374979019165,0.6390239596366882,0.8372097015380859,0.045038629323244095,0.05310802906751633,0.070748470723629,0.10963400453329086
134,453,686,0.9869441390037537,0.7367495894432068,0.9119159579277039,0.2771739661693573,0.2614515721797943,0.27467527985572815,0.3160565197467804,0.9831230044364929,0.623022735118866,0.8236700296401978,0.04790901392698288,0.04562268778681755,0.05596248805522919,0.08748146146535873,0.983318567276001,0.6144291162490845,0.8264329433441162,0.04251569136977196,0.04090271145105362,0.05454074591398239,0.08743716031312943,0.9754857420921326,0.6150636076927185,0.8022804856300354,0.040826957672834396,0.038625575602054596,0.05283260717988014,0.08733665198087692
135,685,627,0.990486741065979,0.7269037961959839,0.9276858568191528,0.26087865233421326,0.2696417272090912,0.26430556178092957,0.30176594853401184,0.9707914590835571,0.5951763987541199,0.77557373046875,0.036002881824970245,0.04309414327144623,0.05065410956740379,0.08386459201574326,0.970909595489502,0.5738911628723145,0.786719560623169,0.0546904131770134,0.053509727120399475,0.06256990879774094,0.0944484993815422,0.9767955541610718,0.6132108569145203,0.8154773712158203,0.0950242355465889,0.08148384094238281,0.081315778195858,0.11001342535018921
136,151,988,0.995063304901123,0.7496692538261414,0.9455785751342773,0.32054832577705383,0.2965647280216217,0.3043574392795563,0.3424988389015198,0.9753962755203247,0.6123248338699341,0.7980666756629944,0.0718083307147026,0.0630120113492012,0.07440740615129471,0.11065150052309036,0.9765335321426392,0.632707953453064,0.8095988035202026,0.09750311821699142,0.08095772564411163,0.08697466552257538,0.1195150762796402,0.9836336970329285,0.6129809617996216,0.8203038573265076,0.06664302945137024,0.05415746942162514,0.056840136647224426,0.08964256197214127
137,59,725,0.9902647733688354,0.7924262881278992,0.9459580183029175,0.4659600555896759,0.4547559320926666,0.45657914876937866,0.47834691405296326,0.980645477771759,0.622372031211853,0.815711259841919,0.07093411684036255,0.06094282492995262,0.06568745523691177,0.09280908852815628,0.980514645576477,0.6035191416740417,0.8146662712097168,0.07908667623996735,0.07162328064441681,0.07443800568580627,0.10210917890071869,0.9780154228210449,0.6074641942977905,0.791785717010498,0.06746551394462585,0.05892898514866829,0.0678769201040268,0.09815407544374466
138,671,129,0.9933421611785889,0.7425469160079956,0.9381009936332703,0.295685350894928,0.28768131136894226,0.2931012213230133,0.33130091428756714,0.9873827695846558,0.6396589279174805,0.8419748544692993,0.04853677749633789,0.052065879106521606,0.06083088740706444,0.09839887171983719,0.9862648844718933,0.6348435282707214,0.8405559062957764,0.06528105586767197,0.05935921519994736,0.06987304240465164,0.10147842019796371,0.9826571345329285,0.6155894994735718,0.8325940370559692,0.09167992323637009,0.07471634447574615,0.07884135097265244,0.10990716516971588
139,542,3,0.9883925318717957,0.787348747253418,0.934921383857727,0.33381977677345276,0.34215638041496277,0.37617427110671997,0.40820661187171936,0.9827432036399841,0.6275482773780823,0.825251579284668,0.07525942474603653,0.061939820647239685,0.06824071705341339,0.10298614948987961,0.9813064336776733,0.6176885962486267,0.8235050439834595,0.07823774963617325,0.06598764657974243,0.07102994620800018,0.10244058072566986,0.9823319315910339,0.6195286512374878,0.8341299891471863,0.06164470687508583,0.05521398410201073,0.06423944979906082,0.1012968122959137
140,534,873,0.9938623905181885,0.8134034276008606,0.9557896852493286,0.5300000905990601,0.5049111247062683,0.4890040159225464,0.5194016098976135,0.9837698936462402,0.6267508864402771,0.8261723518371582,0.0457361601293087,0.0462287962436676,0.05790383368730545,0.09157750755548477,0.981111466884613,0.6253029704093933,0.8204387426376343,0.03594954311847687,0.04010223597288132,0.0586484894156456,0.0953110083937645,0.9814102053642273,0.6124134063720703,0.8145532011985779,0.06513699144124985,0.060721300542354584,0.0679226815700531,0.09560038149356842
141,984,836,0.988025426864624,0.8095424175262451,0.9393854737281799,0.5002367496490479,0.49915802478790283,0.5072370767593384,0.515861988067627,0.9811217188835144,0.5810954570770264,0.8046702146530151,0.06951331347227097,0.06949494034051895,0.0755765289068222,0.10571861267089844,0.9801897406578064,0.5734199285507202,0.7955979704856873,0.05698459967970848,0.06247757747769356,0.07232552021741867,0.10126861184835434,0.9829514026641846,0.6097123026847839,0.8201363682746887,0.07820315659046173,0.07682803273200989,0.07951676845550537,0.10629473626613617
142,103,523,0.9870296716690063,0.7177442908287048,0.9096629619598389,0.2871064245700836,0.26660987734794617,0.2655782103538513,0.2966974973678589,0.979464590549469,0.5879936814308167,0.7980415225028992,0.05348917841911316,0.04917431250214577,0.05961411073803902,0.09045085310935974,0.9799149036407471,0.5968679189682007,0.7998091578483582,0.05694064125418663,0.05049780383706093,0.059441253542900085,0.09124241769313812,0.9792157411575317,0.5908898115158081,0.7971898317337036,0.029901869595050812,0.03422071412205696,0.04929478093981743,0.08584100008010864
143,106,190,0.9874323606491089,0.7487962245941162,0.920583963394165,0.39148133993148804,0.37266018986701965,0.3673279285430908,0.400186687707901,0.9758047461509705,0.5820543169975281,0.7815443873405457,0.020127426832914352,0.03690553456544876,0.055520933121442795,0.08514945209026337,0.9813858270645142,0.5877662897109985,0.7970350384712219,0.03014795482158661,0.04433455690741539,0.06116258725523949,0.09091965109109879,0.9827813506126404,0.5954739451408386,0.8021957874298096,0.03403978422284126,0.04004906862974167,0.058213938027620316,0.0967428982257843
144,601,996,0.9937666058540344,0.7852742671966553,0.9636377692222595,0.4663728177547455,0.43153348565101624,0.40713515877723694,0.43674612045288086,0.98067706823349,0.6006102561950684,0.8034054040908813,0.017565786838531494,0.032196756452322006,0.06139923632144928,0.10076653212308884,0.9771935343742371,0.6012099385261536,0.7977070808410645,0.02555263228714466,0.038578834384679794,0.06151379272341728,0.1007421538233757,0.975131094455719,0.6116886138916016,0.7939454317092896,0.03740149363875389,0.03831811994314194,0.05452572926878929,0.09167009592056274
145,720,606,0.9929447174072266,0.7812098264694214,0.9473979473114014,0.4344748556613922,0.42050856351852417,0.4093792140483856,0.4346961975097656,0.9848751425743103,0.604897141456604,0.8148229122161865,0.04363987222313881,0.043712493032217026,0.053461406379938126,0.08938933163881302,0.9851108193397522,0.6118248105049133,0.8168787956237793,0.04442054405808449,0.044461414217948914,0.05465560406446457,0.09004205465316772,0.9832504391670227,0.6100486516952515,0.818105936050415,0.04156626760959625,0.041003819555044174,0.05179106816649437,0.08958785235881805
146,425,97,0.9859082698822021,0.5688446760177612,0.8501989245414734,0.09577713906764984,0.10004456341266632,0.08824319392442703,0.1157522052526474,0.9707401394844055,0.6012243032455444,0.7829481959342957,0.06226580962538719,0.0619056299328804,0.0713755264878273,0.10572158545255661,0.970558762550354,0.5991628170013428,0.778758704662323,0.04966768994927406,0.05309556424617767,0.06626176089048386,0.09829970449209213,0.9732186198234558,0.5950778722763062,0.7764447331428528,0.04284348711371422,0.04219570383429527,0.05146987363696098,0.08786652982234955
147,576,196,0.9941410422325134,0.7595987915992737,0.9393905401229858,0.3811158835887909,0.3542395532131195,0.34653985500335693,0.37160414457321167,0.9784427881240845,0.6161439418792725,0.8108891844749451,0.03358450531959534,0.03959500044584274,0.0550023578107357,0.09002771973609924,0.978206992149353,0.6007729768753052,0.804997980594635,0.043084755539894104,0.049457937479019165,0.0609736442565918,0.09017357230186462,0.9819989800453186,0.6070927977561951,0.8076924681663513,0.03998161479830742,0.04636424779891968,0.058138441294431686,0.09640052914619446
148,841,12,0.9892362952232361,0.7763473391532898,0.94217848777771,0.3477105498313904,0.36407408118247986,0.3825182020664215,0.41838040947914124,0.9726976752281189,0.5763819217681885,0.7923793792724609,0.057776179164648056,0.057051822543144226,0.06246519833803177,0.09156401455402374,0.9782138466835022,0.5801883339881897,0.8115995526313782,0.06952735036611557,0.06137821450829506,0.06327413767576218,0.09183153510093689,0.9745312929153442,0.5848434567451477,0.7966889142990112,0.07370197027921677,0.06401944160461426,0.06300979852676392,0.09135018289089203
149,677,306,0.987185537815094,0.74686199426651,0.9147331714630127,0.30785664916038513,0.30181869864463806,0.31726565957069397,0.3484504520893097,0.9844909906387329,0.6262581944465637,0.8341814875602722,0.03291536495089531,0.03633393347263336,0.05121266096830368,0.08628716319799423,0.9822882413864136,0.6117782592773438,0.8286865949630737,0.03731859475374222,0.041883379220962524,0.05912282317876816,0.09220144152641296,0.9852340817451477,0.6361631751060486,0.8392922878265381,0.03107837773859501,0.04308024048805237,0.06226687505841255,0.10317225009202957
150,263,161,0.9901718497276306,0.8175644278526306,0.9564095139503479,0.4335244596004486,0.42886775732040405,0.46834468841552734,0.512749969959259,0.9789945483207703,0.573589563369751,0.7850227952003479,0.026250211521983147,0.03307520970702171,0.051563236862421036,0.08627202361822128,0.9772709012031555,0.5839189887046814,0.7842388153076172,0.026969855651259422,0.03139077499508858,0.04762805253267288,0.08484356850385666,0.9801478385925293,0.6085222959518433,0.809780478477478,0.049050457775592804,0.04685202240943909,0.057087887078523636,0.09954532235860825
151,291,719,0.9908270239830017,0.7250483632087708,0.9277884364128113,0.38669610023498535,0.33745765686035156,0.3111492097377777,0.3285653591156006,0.98042893409729,0.5952799916267395,0.8104864358901978,0.09738016873598099,0.08888544142246246,0.09332708269357681,0.11587497591972351,0.979873776435852,0.5714176893234253,0.8078795075416565,0.08460725843906403,0.07899239659309387,0.08733807504177094,0.11322150379419327,0.9780162572860718,0.6235295534133911,0.8114886283874512,0.07495187968015671,0.0691145732998848,0.07519693672657013,0.1056663915514946
152,878,106,0.9913734197616577,0.7844027280807495,0.9427737593650818,0.305948406457901,0.32279127836227417,0.34939831495285034,0.3929325044155121,0.9827806949615479,0.6192539930343628,0.8210508823394775,0.027962831780314445,0.035889942198991776,0.05163491517305374,0.0870305523276329,0.9835533499717712,0.6111333966255188,0.8209625482559204,0.02445410192012787,0.031107915565371513,0.04535512626171112,0.08370454609394073,0.9751364588737488,0.5920726656913757,0.7927643060684204,0.029068686068058014,0.041335996240377426,0.05454472824931145,0.08837918937206268
153,143,601,0.99156653881073,0.735614538192749,0.932742178440094,0.3121289610862732,0.3031190037727356,0.3172527253627777,0.3478589355945587,0.9857321381568909,0.568325936794281,0.807405948638916,0.017169997096061707,0.023274557664990425,0.04479074478149414,0.0830916166305542,0.9846698641777039,0.5775760412216187,0.8079372644424438,0.013074862770736217,0.02318740263581276,0.04527473449707031,0.08465173095464706,0.9880985617637634,0.5783562064170837,0.8206459879875183,0.010402715764939785,0.020169423893094063,0.039051949977874756,0.07700835168361664
154,169,252,0.9943263530731201,0.7632858157157898,0.9441819787025452,0.3005193769931793,0.27996760606765747,0.2965601980686188,0.3376304507255554,0.9795044660568237,0.6152032017707825,0.8128556609153748,0.0401657298207283,0.03815457969903946,0.05180669575929642,0.08597198873758316,0.98247891664505,0.6213728785514832,0.8274332284927368,0.051061347126960754,0.046151842921972275,0.05753655731678009,0.09259974956512451,0.9829597473144531,0.6213506460189819,0.8261571526527405,0.06330716609954834,0.056513477116823196,0.06072450056672096,0.0916522666811943
155,852,632,0.9886505603790283,0.7305748462677002,0.9102826714515686,0.21450912952423096,0.21099424362182617,0.2287420928478241,0.2735109031200409,0.9836335778236389,0.628700315952301,0.8278523683547974,0.04640363156795502,0.04860397055745125,0.060231469571590424,0.09598477184772491,0.9855955243110657,0.6365429162979126,0.8367055654525757,0.0452788807451725,0.04388751834630966,0.05902305617928505,0.09356418997049332,0.9738625884056091,0.5940656065940857,0.7865376472473145,0.053642671555280685,0.055950719863176346,0.06499166041612625,0.09686495363712311
156,30,182,0.9918946623802185,0.7575581669807434,0.9458426237106323,0.3079943358898163,0.3102005422115326,0.3327181339263916,0.3699253499507904,0.9699361324310303,0.5724256634712219,0.7693784832954407,0.040361687541007996,0.04153631255030632,0.05601120740175247,0.09206313639879227,0.9699491858482361,0.5711784958839417,0.7790428996086121,0.05770348012447357,0.05318024009466171,0.06358207017183304,0.09730082750320435,0.9819425940513611,0.6145206093788147,0.8306350708007812,0.07556625455617905,0.06763917952775955,0.07191724330186844,0.10073769837617874
157,344,684,0.9850771427154541,0.7388911247253418,0.90550297498703,0.3244147002696991,0.3049059808254242,0.30576667189598083,0.3476767838001251,0.9745830297470093,0.5766440033912659,0.7742615938186646,0.06591596454381943,0.060698311775922775,0.06643766909837723,0.09668239206075668,0.976801335811615,0.5865542888641357,0.7897810339927673,0.06543637067079544,0.06005037948489189,0.06787165999412537,0.09832625091075897,0.983241617679596,0.6094955205917358,0.8249201774597168,0.033683259040117264,0.03950080648064613,0.05191586911678314,0.08815706521272659
158,100,100,0.9945192933082581,0.7081021666526794,0.9286837577819824,0.19393585622310638,0.19078244268894196,0.20370645821094513,0.24069882929325104,0.9817169904708862,0.6110752820968628,0.8087623715400696,0.03596805781126022,0.04013483226299286,0.055120889097452164,0.09126289188861847,0.9786230325698853,0.6222488880157471,0.8139582872390747,0.04228206351399422,0.04989910125732422,0.06232711300253868,0.09694071859121323,0.9786230325698853,0.6222488880157471,0.8139582872390747,0.04228206351399422,0.04989910125732422,0.06232711300253868,0.09694071859121323
159,116,636,0.9936674237251282,0.790825366973877,0.9590311646461487,0.5176079273223877,0.4999331831932068,0.4546094536781311,0.4711492657661438,0.9776560664176941,0.6046275496482849,0.798608124256134,0.07665252685546875,0.07288781553506851,0.07997439056634903,0.1153007224202156,0.978299081325531,0.618133544921875,0.8107464909553528,0.09655940532684326,0.08103875070810318,0.08550883084535599,0.12038622051477432,0.9792557954788208,0.6027409434318542,0.8054203987121582,0.0777205303311348,0.0669027641415596,0.07190639525651932,0.0988970398902893
160,578,549,0.9947068691253662,0.7709330320358276,0.9490866661071777,0.28729313611984253,0.29999107122421265,0.3243374526500702,0.3680143356323242,0.9770480394363403,0.5842535495758057,0.788787841796875,0.05827970430254936,0.0541013702750206,0.062236156314611435,0.09274550527334213,0.9828239679336548,0.6017249822616577,0.8133543729782104,0.06815649569034576,0.059271153062582016,0.06557980924844742,0.09400632232427597,0.9802887439727783,0.6054791808128357,0.8148334622383118,0.05763351544737816,0.04671599343419075,0.053070034831762314,0.08724497258663177
161,857,276,0.9871811866760254,0.7063252925872803,0.9181805849075317,0.30540937185287476,0.33672231435775757,0.36840343475341797,0.39712944626808167,0.9814339876174927,0.5952345728874207,0.802424430847168,0.0318036749958992,0.043444059789180756,0.05922868102788925,0.09104198217391968,0.9820612668991089,0.6044874787330627,0.8120679259300232,0.038165971636772156,0.04784906655550003,0.05955497547984123,0.09406131505966187,0.982803225517273,0.6108434796333313,0.8160905241966248,0.036730311810970306,0.03946275636553764,0.05306481197476387,0.0877973735332489
162,403,864,0.9809179306030273,0.7018961906433105,0.8991451263427734,0.3286149203777313,0.3249143064022064,0.32931485772132874,0.36686310172080994,0.9755315780639648,0.5995014905929565,0.7920131683349609,0.028253093361854553,0.035971760749816895,0.0528162382543087,0.09196794778108597,0.9799242615699768,0.601577639579773,0.8058918118476868,0.03285256028175354,0.03873910754919052,0.0515156090259552,0.08932073414325714,0.9751811027526855,0.5946549773216248,0.7875358462333679,0.02344171330332756,0.02912968397140503,0.042408671230077744,0.07915783673524857
163,567,788,0.9904564023017883,0.7601114511489868,0.9310244917869568,0.31666964292526245,0.3059456944465637,0.3092675507068634,0.34608903527259827,0.9718685150146484,0.5945994257926941,0.7884718179702759,0.060099806636571884,0.06022470071911812,0.0658184364438057,0.10056228935718536,0.9724142551422119,0.6061666011810303,0.795753538608551,0.050888799130916595,0.055023692548274994,0.0679381713271141,0.10051136463880539,0.9762086272239685,0.6135151982307434,0.8024359345436096,0.05977228656411171,0.055449310690164566,0.06357453018426895,0.09571952372789383
164,722,599,0.9956005215644836,0.8184319138526917,0.9700997471809387,0.5254833102226257,0.5002866983413696,0.5058392882347107,0.5236905813217163,0.9805867671966553,0.6153452396392822,0.8110705018043518,0.04145754501223564,0.0474269799888134,0.0639139860868454,0.10120142251253128,0.9785014390945435,0.6031128764152527,0.8040732145309448,0.03486340865492821,0.044857531785964966,0.06310801953077316,0.09681479632854462,0.9809499979019165,0.6018247008323669,0.8107467889785767,0.07215212285518646,0.06440285593271255,0.07203258574008942,0.1009327843785286
165,73,715,0.9920120239257812,0.7357937693595886,0.9271666407585144,0.22296202182769775,0.26006439328193665,0.29274824261665344,0.3400143086910248,0.979957103729248,0.6139200329780579,0.8092614412307739,0.0312824621796608,0.040761690586805344,0.05664241313934326,0.08864130824804306,0.981753408908844,0.6167085766792297,0.8189557790756226,0.03272659704089165,0.040524858981370926,0.0552826002240181,0.08913320302963257,0.981489896774292,0.6010556221008301,0.8063870668411255,0.025321869179606438,0.0373530313372612,0.055498700588941574,0.08958925306797028
166,458,637,0.9876153469085693,0.7647318840026855,0.9349218606948853,0.3992350995540619,0.3699422776699066,0.3641106188297272,0.3926545977592468,0.9771121144294739,0.6093583703041077,0.8065341711044312,0.04870036244392395,0.04969167709350586,0.06522974371910095,0.10043869912624359,0.9772112369537354,0.6175957322120667,0.8116015791893005,0.0457908995449543,0.04510921239852905,0.059097133576869965,0.09534169733524323,0.9774696826934814,0.6079265475273132,0.8113462328910828,0.0980963185429573,0.08259700983762741,0.08136063814163208,0.10287903249263763
167,751,921,0.988925039768219,0.7708274722099304,0.9370772242546082,0.43452468514442444,0.44598591327667236,0.419599711894989,0.43704089522361755,0.9725517630577087,0.5968759059906006,0.7898402214050293,0.07376490533351898,0.07057560980319977,0.06736524403095245,0.09322455525398254,0.9749916195869446,0.5946314930915833,0.792962908744812,0.07139235734939575,0.06558862328529358,0.06672335416078568,0.09529950469732285,0.9738643169403076,0.585175096988678,0.7828317880630493,0.07057569921016693,0.06724036484956741,0.07006490230560303,0.09957566112279892
168,611,167,0.9887128472328186,0.7292994260787964,0.9117417335510254,0.26612767577171326,0.25482305884361267,0.2585704028606415,0.2984269857406616,0.9815802574157715,0.617421567440033,0.8171396851539612,0.04621787741780281,0.04704367369413376,0.05791279301047325,0.09007244557142258,0.9802728295326233,0.6170624494552612,0.8093953132629395,0.050666652619838715,0.04881652072072029,0.06069101020693779,0.09475680440664291,0.9708188772201538,0.5863650441169739,0.7703775763511658,0.026715846732258797,0.03887515142560005,0.055910926312208176,0.09508868306875229
169,63,51,0.9903808832168579,0.7380346059799194,0.9241242408752441,0.23027987778186798,0.24555470049381256,0.2799193263053894,0.33149468898773193,0.9828087687492371,0.619124174118042,0.8300270438194275,0.039115242660045624,0.04467340186238289,0.06050119549036026,0.09318912774324417,0.9807460308074951,0.63283371925354,0.8254867792129517,0.038093000650405884,0.044347070157527924,0.06052977219223976,0.09733130037784576,0.9832514524459839,0.6230044960975647,0.8328018188476562,0.057002607733011246,0.059706516563892365,0.0694248378276825,0.10259394347667694
170,939,240,0.9841573238372803,0.7639902830123901,0.9085081219673157,0.43351128697395325,0.41162699460983276,0.4168080687522888,0.4419768154621124,0.9779989719390869,0.5806462168693542,0.80445796251297,0.06087467819452286,0.059777356684207916,0.06406686455011368,0.09388161450624466,0.978584885597229,0.5730095505714417,0.8064619898796082,0.06209355965256691,0.05577435716986656,0.0614132396876812,0.09202840924263,0.9824685454368591,0.6174451112747192,0.8250635862350464,0.03331533446907997,0.041117385029792786,0.053133051842451096,0.0886215791106224
171,953,950,0.9867570400238037,0.7705761790275574,0.9310814738273621,0.38436704874038696,0.35926568508148193,0.353752076625824,0.38686078786849976,0.9738750457763672,0.6214938163757324,0.8025635480880737,0.1061677485704422,0.09569621086120605,0.09682729095220566,0.1233752891421318,0.9776073694229126,0.6240655183792114,0.8175359964370728,0.11370489001274109,0.10506017506122589,0.1022946685552597,0.12507593631744385,0.9667874574661255,0.6016955971717834,0.7812818288803101,0.06953706592321396,0.06951393187046051,0.07424350082874298,0.10562993586063385
172,422,495,0.9909757971763611,0.7526233196258545,0.9335379600524902,0.28507184982299805,0.26552173495292664,0.279535174369812,0.3289041221141815,0.9772329330444336,0.6161723732948303,0.8097933530807495,0.05416122451424599,0.0549563467502594,0.0642319992184639,0.09710630029439926,0.9771243929862976,0.6162850856781006,0.8128291368484497,0.050696276128292084,0.05209013447165489,0.05978953465819359,0.09672101587057114,0.9814603924751282,0.6189008951187134,0.8236586451530457,0.05643155053257942,0.05642198398709297,0.06858835369348526,0.1013072058558464
173,429,680,0.9910566210746765,0.7686030864715576,0.9410284161567688,0.5008705854415894,0.4212159812450409,0.39037805795669556,0.39253610372543335,0.9700956344604492,0.5805432200431824,0.753407895565033,0.029646893963217735,0.03440306708216667,0.05465931072831154,0.09051081538200378,0.973272979259491,0.5981349349021912,0.7750478386878967,0.044241759926080704,0.04468903690576553,0.05720420554280281,0.0892190933227539,0.9844213724136353,0.5982476472854614,0.8150872588157654,0.07195982336997986,0.06251981854438782,0.06954736262559891,0.09930115938186646
174,903,778,0.9923766851425171,0.8024992346763611,0.953158438205719,0.45981714129447937,0.42872875928878784,0.4487539231777191,0.48363807797431946,0.9778507351875305,0.6042762398719788,0.8024338483810425,0.06620858609676361,0.05963917076587677,0.06686431169509888,0.09604159742593765,0.9792196154594421,0.6122260689735413,0.8080023527145386,0.07102556526660919,0.0603221096098423,0.06900279968976974,0.09985002875328064,0.9816678166389465,0.6048661470413208,0.8076167702674866,0.03691428527235985,0.040338847786188126,0.051599159836769104,0.08354461193084717
175,208,438,0.9927811622619629,0.74134761095047,0.9362249970436096,0.364025354385376,0.318667471408844,0.3146976828575134,0.339413046836853,0.9818660616874695,0.6217998266220093,0.825430691242218,0.055858805775642395,0.05900963768362999,0.06870157271623611,0.10112941265106201,0.9843159914016724,0.6225717663764954,0.8286411166191101,0.05051780119538307,0.05429995805025101,0.06376391649246216,0.09880422055721283,0.9859340190887451,0.6145878434181213,0.837160050868988,0.033138457685709,0.039359647780656815,0.05644354596734047,0.09431573003530502
176,760,99,0.9909636378288269,0.7646440863609314,0.9367632269859314,0.33845099806785583,0.31797894835472107,0.33150357007980347,0.37453693151474,0.9733512997627258,0.6140393018722534,0.7931579351425171,0.04372512921690941,0.038638290017843246,0.04744582995772362,0.08577312529087067,0.97262042760849,0.6136305332183838,0.7879425287246704,0.06717120110988617,0.05686835199594498,0.06106025353074074,0.09052976965904236,0.9849691390991211,0.6188459992408752,0.834473729133606,0.0841931700706482,0.06987007707357407,0.07292861491441727,0.10089664161205292
177,54,300,0.992538332939148,0.7676354050636292,0.9483541250228882,0.43580564856529236,0.44626960158348083,0.42877262830734253,0.4492528438568115,0.9721938967704773,0.5966976881027222,0.7825547456741333,0.06021709740161896,0.06469981372356415,0.07007948309183121,0.09757590293884277,0.9769893288612366,0.6084876656532288,0.7979492545127869,0.06311977654695511,0.0672069787979126,0.07012271136045456,0.09603913128376007,0.9745585918426514,0.6000612378120422,0.7913734316825867,0.0415416844189167,0.050602201372385025,0.05842552334070206,0.09477215260267258
178,635,732,0.9890097379684448,0.7705427408218384,0.9238287210464478,0.39298656582832336,0.3603874444961548,0.3365190923213959,0.3664173185825348,0.9813162088394165,0.6094684600830078,0.8074440956115723,0.053161416202783585,0.05309676006436348,0.061497416347265244,0.09710607677698135,0.982568621635437,0.6328396797180176,0.825643002986908,0.05884415656328201,0.06011119857430458,0.06837677955627441,0.10439024120569229,0.9836386442184448,0.6188655495643616,0.826996386051178,0.053130682557821274,0.04975426197052002,0.06274435669183731,0.08861365169286728
179,161,591,0.9868565797805786,0.7451381087303162,0.9258939623832703,0.34670302271842957,0.3291567265987396,0.32577869296073914,0.3675140142440796,0.971230149269104,0.5964608192443848,0.7812899351119995,0.04721270501613617,0.05108372122049332,0.06208034232258797,0.09925908595323563,0.9737047553062439,0.5888089537620544,0.7917711734771729,0.07363265752792358,0.06167199835181236,0.06314730644226074,0.09236841648817062,0.9704733490943909,0.5761203169822693,0.7557687163352966,0.05941293016076088,0.05700230598449707,0.06564540416002274,0.0957149937748909
180,733,985,0.9881455302238464,0.755397617816925,0.9312523603439331,0.35854464769363403,0.349939227104187,0.3338105380535126,0.3740318715572357,0.973886251449585,0.6051625609397888,0.7926766872406006,0.052105747163295746,0.05581438168883324,0.0751810222864151,0.11612722277641296,0.970288872718811,0.6020175218582153,0.7828463315963745,0.04980293661355972,0.055996447801589966,0.07338599860668182,0.11097739636898041,0.973775327205658,0.5905166864395142,0.7894822359085083,0.036779217422008514,0.04364321008324623,0.05380821228027344,0.08740111440420151
181,440,395,0.9942066073417664,0.762457013130188,0.9518280625343323,0.26065316796302795,0.2682288885116577,0.3017849028110504,0.36056625843048096,0.9816714525222778,0.6199951767921448,0.8274266719818115,0.042216937988996506,0.03938525542616844,0.05316903069615364,0.08963309973478317,0.9856692552566528,0.6278449892997742,0.8409215807914734,0.04019297659397125,0.042162153869867325,0.05510534346103668,0.09115864336490631,0.9798526167869568,0.6189674139022827,0.8139193654060364,0.043718863278627396,0.04247672110795975,0.05771014466881752,0.09553203731775284
182,389,645,0.9927536249160767,0.7308344841003418,0.93056321144104,0.3105504810810089,0.290325403213501,0.289743036031723,0.3145877718925476,0.9864680171012878,0.6232206225395203,0.8420125842094421,0.06338632851839066,0.06715227663516998,0.07454055547714233,0.1083821952342987,0.9866395592689514,0.6179150342941284,0.8408992290496826,0.07605969905853271,0.06797470152378082,0.0725574940443039,0.10092679411172867,0.9847608208656311,0.6109294295310974,0.8351730704307556,0.08515801280736923,0.073893703520298,0.08138073235750198,0.10909876227378845
183,212,665,0.988473117351532,0.7793723940849304,0.9339367151260376,0.4380435347557068,0.39302903413772583,0.3837057054042816,0.4128260314464569,0.9771633148193359,0.6223869919776917,0.8073037266731262,0.08323577791452408,0.06927723437547684,0.07082854211330414,0.09814850240945816,0.9789268374443054,0.6276704668998718,0.8181924223899841,0.07974609732627869,0.06337197124958038,0.06713707745075226,0.09618765860795975,0.9837858080863953,0.6223225593566895,0.8307457566261292,0.06915038079023361,0.06131068989634514,0.06768008321523666,0.0984489768743515
184,964,172,0.9942089319229126,0.7654401063919067,0.9455692172050476,0.3149647116661072,0.30259156227111816,0.3062089681625366,0.34638917446136475,0.9782688021659851,0.6031631231307983,0.8077989816665649,0.04069099202752113,0.04856672137975693,0.0652548298239708,0.10106287151575089,0.981623113155365,0.6061462759971619,0.8159369230270386,0.06487173587083817,0.06142570450901985,0.07496625185012817,0.10486073791980743,0.9797523617744446,0.6177681684494019,0.8171247243881226,0.06839572638273239,0.06160084903240204,0.06512558460235596,0.09697302430868149
185,25,746,0.993910014629364,0.7824646234512329,0.9469215869903564,0.37045279145240784,0.3646388053894043,0.3643266260623932,0.3921704590320587,0.9801114201545715,0.6255841851234436,0.8130824565887451,0.04616699740290642,0.04581119492650032,0.05631053075194359,0.08588951081037521,0.9831671714782715,0.6243349313735962,0.821266770362854,0.048994582146406174,0.05023813247680664,0.06157812476158142,0.09443137049674988,0.985049843788147,0.5724532604217529,0.813427209854126,0.022135885432362556,0.02696801908314228,0.040310781449079514,0.07680293172597885
186,350,354,0.9898842573165894,0.7582802772521973,0.9287000298500061,0.24371327459812164,0.2492983639240265,0.2722693681716919,0.3155175447463989,0.9804271459579468,0.6265674233436584,0.8263001441955566,0.054322998970746994,0.0542941652238369,0.06514027714729309,0.09917613863945007,0.9803844690322876,0.625873863697052,0.8248714208602905,0.05761299282312393,0.05579026788473129,0.06611177325248718,0.1008123904466629,0.9804547429084778,0.598354697227478,0.8291406035423279,0.05222954601049423,0.0531611330807209,0.06610435992479324,0.10042333602905273
187,508,581,0.991730809211731,0.8189650177955627,0.9508505463600159,0.527449369430542,0.5128380060195923,0.5079688429832458,0.5280443429946899,0.9811051487922668,0.6181337833404541,0.8138523101806641,0.07709701359272003,0.06386896967887878,0.06942244619131088,0.10071609169244766,0.9832822680473328,0.6146224737167358,0.816680371761322,0.062145669013261795,0.051813192665576935,0.05787819251418114,0.09055135399103165,0.9776772856712341,0.601257860660553,0.7885631322860718,0.038933008909225464,0.03526880592107773,0.0494290329515934,0.09068679809570312
188,969,595,0.9929693937301636,0.7536264657974243,0.9409809112548828,0.44543179869651794,0.3904171586036682,0.3517876863479614,0.3609767258167267,0.9759923815727234,0.5998910069465637,0.7999759316444397,0.05462443083524704,0.055334195494651794,0.05698574334383011,0.09234052896499634,0.9730405211448669,0.605929434299469,0.791644275188446,0.05583567917346954,0.052978068590164185,0.06228580325841904,0.09564422070980072,0.9795576333999634,0.5675303339958191,0.8006840944290161,0.06125525012612343,0.06004295498132706,0.06447985768318176,0.09614820778369904
189,746,616,0.9883575439453125,0.764496922492981,0.9308515191078186,0.35092711448669434,0.3404737412929535,0.358539879322052,0.4049305021762848,0.9834758043289185,0.5654467344284058,0.8055998682975769,0.015016930177807808,0.022743353620171547,0.04176758602261543,0.07755500078201294,0.984469473361969,0.5600581765174866,0.8045199513435364,0.015325200743973255,0.023454317823052406,0.03947427496314049,0.07650648802518845,0.9816953539848328,0.5815340280532837,0.8104994297027588,0.04813461750745773,0.04934576898813248,0.06211517006158829,0.09205508232116699
190,910,940,0.9950112700462341,0.7960813641548157,0.9573155641555786,0.45118993520736694,0.4375682771205902,0.4388347566127777,0.462814062833786,0.9797627925872803,0.6090363264083862,0.8090754747390747,0.04140302166342735,0.048209574073553085,0.06000534072518349,0.09737637639045715,0.9801188707351685,0.6060225367546082,0.8134338855743408,0.04098348319530487,0.04596688598394394,0.057364027947187424,0.09371010959148407,0.9774515628814697,0.6069306135177612,0.7904047966003418,0.046439554542303085,0.053719814866781235,0.060173965990543365,0.09282255917787552
191,853,333,0.9891988039016724,0.7095996737480164,0.9071346521377563,0.20853547751903534,0.21709689497947693,0.23190365731716156,0.27102360129356384,0.9820709824562073,0.5944879651069641,0.8203089237213135,0.061452217400074005,0.06182831525802612,0.06875619292259216,0.09834038466215134,0.9833716154098511,0.6178796887397766,0.8291552066802979,0.06477848440408707,0.06300967931747437,0.07002557814121246,0.09931344538927078,0.9809534549713135,0.604473888874054,0.8159216642379761,0.06460047513246536,0.055381570011377335,0.056881632655858994,0.08571306616067886
192,445,184,0.9921764731407166,0.7531270384788513,0.935950517654419,0.29983285069465637,0.2976216971874237,0.32089412212371826,0.3650136888027191,0.9812830686569214,0.6200278997421265,0.8174123167991638,0.053925998508930206,0.05054890364408493,0.06026053801178932,0.09367187321186066,0.983870804309845,0.6229985356330872,0.830193817615509,0.0691264271736145,0.06153383105993271,0.06818606704473495,0.10175083577632904,0.9849925637245178,0.6304994821548462,0.8356287479400635,0.055868178606033325,0.05083233863115311,0.05989085137844086,0.09312306344509125
193,289,661,0.9881705045700073,0.7344868779182434,0.9249350428581238,0.25011155009269714,0.2670314908027649,0.2954051196575165,0.34407922625541687,0.9822641015052795,0.573275625705719,0.7934916019439697,0.007937552407383919,0.014616693370044231,0.03222418203949928,0.07070296257734299,0.9828431606292725,0.5756915807723999,0.8000444769859314,0.013542475178837776,0.018094336614012718,0.032285306602716446,0.07301449775695801,0.9797844886779785,0.6135936379432678,0.8245334625244141,0.03572038561105728,0.045500725507736206,0.06732607632875443,0.10396898537874222
194,11,964,0.9929919838905334,0.7512576580047607,0.9305686950683594,0.22816212475299835,0.24173058569431305,0.2696062922477722,0.3228021562099457,0.981044352054596,0.5838865041732788,0.7979751825332642,0.01805970072746277,0.023661961778998375,0.04364540055394173,0.08002549409866333,0.984402596950531,0.5978795289993286,0.8155747056007385,0.023947056382894516,0.03168284520506859,0.048138320446014404,0.08508839458227158,0.9882717132568359,0.6266774535179138,0.8365504741668701,0.04641614481806755,0.05094534531235695,0.06466179341077805,0.09817846864461899
195,215,653,0.9890620708465576,0.8146235942840576,0.9452194571495056,0.5300192832946777,0.5061575174331665,0.5016101598739624,0.5318676829338074,0.9776451587677002,0.6082339882850647,0.7960832118988037,0.06427467614412308,0.059333354234695435,0.07044220715761185,0.0984567180275917,0.9755166172981262,0.5997645854949951,0.7910282015800476,0.055674243718385696,0.05396281182765961,0.06524906307458878,0.09675253182649612,0.9762663245201111,0.6049777865409851,0.7909571528434753,0.052065011113882065,0.046776074916124344,0.056205399334430695,0.08963711559772491
196,450,98,0.9870535135269165,0.7784993648529053,0.9298615455627441,0.45268288254737854,0.4521801173686981,0.4498427212238312,0.47351741790771484,0.9811822175979614,0.6069774627685547,0.8104040622711182,0.05180525779724121,0.058961424976587296,0.07226607948541641,0.10234089940786362,0.9861509203910828,0.6106671690940857,0.8307749629020691,0.07469739764928818,0.0681593045592308,0.07080433517694473,0.10162787139415741,0.9730902314186096,0.5807625651359558,0.7899773716926575,0.051848702132701874,0.05348800867795944,0.06446149200201035,0.09656238555908203
197,117,681,0.9971545338630676,0.8090801239013672,0.9692878723144531,0.5724741220474243,0.5204501748085022,0.5009145140647888,0.5042248964309692,0.9838096499443054,0.6138403415679932,0.8150480389595032,0.021865997463464737,0.03763735294342041,0.05533832684159279,0.08751250058412552,0.9848305583000183,0.6247377991676331,0.8234317898750305,0.02402731589972973,0.038036417216062546,0.05803825333714485,0.09131550788879395,0.9779453277587891,0.6102030277252197,0.813827395439148,0.11816762387752533,0.09759362041950226,0.09555117040872574,0.11893979460000992
198,268,425,0.9935600757598877,0.7642909288406372,0.9404780864715576,0.34658029675483704,0.3715781271457672,0.40487703680992126,0.42787161469459534,0.9821323156356812,0.5776578187942505,0.8066966533660889,0.02227211929857731,0.028859250247478485,0.047854453325271606,0.08903806656599045,0.9828019738197327,0.5913708806037903,0.8120102882385254,0.0229183379560709,0.027540437877178192,0.045733436942100525,0.08759032934904099,0.9864627122879028,0.5893024206161499,0.8223762512207031,0.017863761633634567,0.026373978704214096,0.042479563504457474,0.07780682295560837
199,51,487,0.9921713471412659,0.7608670592308044,0.9405781030654907,0.32401975989341736,0.33828407526016235,0.3555586636066437,0.3921830952167511,0.981921374797821,0.5989777445793152,0.8051183223724365,0.029733959585428238,0.03331927955150604,0.04723571985960007,0.08313039690256119,0.9840747117996216,0.6161544322967529,0.8223719000816345,0.038458481431007385,0.042230039834976196,0.052552688866853714,0.08784224092960358,0.975182831287384,0.5905362367630005,0.7926255464553833,0.04549265652894974,0.04686009883880615,0.05791939049959183,0.09138750284910202
200,99,17,0.9928398132324219,0.7292958498001099,0.9330679774284363,0.23420807719230652,0.23832660913467407,0.26373010873794556,0.3107863664627075,0.989362895488739,0.6276130080223083,0.8510880470275879,0.03988625481724739,0.04428025707602501,0.06256531924009323,0.09940715879201889,0.9894425868988037,0.6300603151321411,0.8513562679290771,0.039480142295360565,0.04350831359624863,0.06159958988428116,0.09946443140506744,0.987463116645813,0.6355718374252319,0.8512236475944519,0.05376574397087097,0.05010994151234627,0.06250476092100143,0.09642704576253891
201,66,975,0.9926082491874695,0.7849001288414001,0.9429534673690796,0.4078134596347809,0.3906956911087036,0.394001841545105,0.42012500762939453,0.9818792939186096,0.6077006459236145,0.8127634525299072,0.03444582223892212,0.03753196820616722,0.05128765106201172,0.09192445129156113,0.983674168586731,0.6150345802307129,0.8227196335792542,0.03596658632159233,0.041145313531160355,0.053632259368896484,0.09278511255979538,0.9832771420478821,0.601721465587616,0.8268548250198364,0.0682288110256195,0.056598518043756485,0.05653812736272812,0.09113772958517075
202,378,801,0.9944448471069336,0.7826213836669922,0.9520257115364075,0.3306576907634735,0.32504746317863464,0.3326319456100464,0.3762800693511963,0.9796526432037354,0.6180048584938049,0.8091703057289124,0.04081936180591583,0.05572481453418732,0.06800185143947601,0.10294804722070694,0.9773887991905212,0.6005143523216248,0.7983940243721008,0.046185318380594254,0.056094568222761154,0.06604117900133133,0.10035505145788193,0.9756004214286804,0.6022688150405884,0.7962538003921509,0.039536625146865845,0.04961278289556503,0.057755906134843826,0.09089747816324234
203,238,117,0.9912858009338379,0.7459041476249695,0.9275272488594055,0.3676486313343048,0.34215715527534485,0.32206758856773376,0.3333413898944855,0.9828535914421082,0.6238799691200256,0.8214849233627319,0.0325176864862442,0.03938312828540802,0.05376753956079483,0.08748402446508408,0.9807325601577759,0.6177307963371277,0.8121515512466431,0.038213688880205154,0.04328029975295067,0.05453771352767944,0.08764199912548065,0.9854274988174438,0.6192969083786011,0.831854522228241,0.03628398850560188,0.04680866003036499,0.06322845816612244,0.09582003206014633
204,596,382,0.9858642816543579,0.7127100229263306,0.9007332921028137,0.2949771285057068,0.2584039568901062,0.2521001696586609,0.2862529158592224,0.984510600566864,0.5990089774131775,0.8235965371131897,0.0779879242181778,0.06187431514263153,0.06737211346626282,0.09968118369579315,0.9857186675071716,0.5869517922401428,0.8337072730064392,0.08721347898244858,0.07009119540452957,0.07311985641717911,0.09971531480550766,0.9824824333190918,0.605457067489624,0.8374252319335938,0.12538166344165802,0.09888917207717896,0.09337982535362244,0.1205688863992691
205,261,596,0.9927737712860107,0.7651158571243286,0.9377668499946594,0.37335219979286194,0.36728793382644653,0.37645238637924194,0.40363675355911255,0.9781064391136169,0.6017293334007263,0.8005093932151794,0.06471924483776093,0.06003663316369057,0.06760554015636444,0.09797056764364243,0.9800214171409607,0.6013558506965637,0.8058591485023499,0.05831226706504822,0.059429317712783813,0.06667626649141312,0.09500955045223236,0.9862772822380066,0.5786676406860352,0.8261033296585083,0.047027189284563065,0.04754122719168663,0.059809789061546326,0.09331506490707397
206,512,94,0.9893710613250732,0.7636549472808838,0.9267425537109375,0.32600969076156616,0.3316730558872223,0.3431370258331299,0.373132586479187,0.9821453094482422,0.6176237463951111,0.8223668336868286,0.04752342775464058,0.048320118337869644,0.0593620203435421,0.09189806133508682,0.9837013483047485,0.6128296256065369,0.8294576406478882,0.04776495695114136,0.046764206141233444,0.056587714701890945,0.08981630206108093,0.9837331175804138,0.6273781061172485,0.8265515565872192,0.0367986224591732,0.0453365184366703,0.06002352014183998,0.09357442706823349
207,744,712,0.9888166785240173,0.7000892162322998,0.905689001083374,0.16123932600021362,0.17317421734333038,0.19738410413265228,0.24568450450897217,0.9863215684890747,0.6176725029945374,0.8393061757087708,0.0460938923060894,0.050658389925956726,0.06033063307404518,0.0912674069404602,0.9825633764266968,0.6105184555053711,0.826282799243927,0.050221800804138184,0.04915641248226166,0.06051626056432724,0.09095460176467896,0.9831642508506775,0.6119183301925659,0.8224116563796997,0.043344028294086456,0.04460974037647247,0.05746234953403473,0.08909916132688522
208,974,607,0.9955658912658691,0.7315301299095154,0.9401299357414246,0.22322037816047668,0.23484058678150177,0.24781502783298492,0.2912857234477997,0.9736772179603577,0.6035798192024231,0.7945183515548706,0.047094449400901794,0.05366915464401245,0.06499480456113815,0.09979262202978134,0.9737104773521423,0.5937947034835815,0.7944508790969849,0.05172804743051529,0.05615896359086037,0.06580223888158798,0.09738961607217789,0.9804268479347229,0.6022413969039917,0.8273984789848328,0.06124601885676384,0.067490354180336,0.0766289085149765,0.1058502346277237
209,355,908,0.9903595447540283,0.7794650793075562,0.9348822236061096,0.4197094440460205,0.37399470806121826,0.3776499629020691,0.4009930193424225,0.9856582880020142,0.6212366223335266,0.825562596321106,0.04837875813245773,0.04939904436469078,0.06417607516050339,0.10195481032133102,0.9867317080497742,0.6294124722480774,0.8259320855140686,0.05039512738585472,0.047728363424539566,0.06328556686639786,0.09901120513677597,0.9783310890197754,0.5995620489120483,0.805688202381134,0.05760085582733154,0.053465306758880615,0.06014179438352585,0.09070254117250443
210,315,247,0.9899910092353821,0.8148120641708374,0.9495604038238525,0.4726099967956543,0.49046263098716736,0.5034725069999695,0.5336409211158752,0.981940746307373,0.6190140843391418,0.8092702627182007,0.05161724239587784,0.05232640728354454,0.06632735580205917,0.09872722625732422,0.9842091798782349,0.6184515357017517,0.8136870265007019,0.05843370035290718,0.05370841547846794,0.06796754896640778,0.0977146178483963,0.9817134141921997,0.6098269820213318,0.8138396143913269,0.03682958334684372,0.04008066654205322,0.05405544489622116,0.09086717665195465
211,190,874,0.9843371510505676,0.7376999855041504,0.8996214270591736,0.3595823049545288,0.31194788217544556,0.3006274998188019,0.3263196349143982,0.9786168336868286,0.621309220790863,0.806243360042572,0.06092137470841408,0.0631348267197609,0.07006384432315826,0.10125833749771118,0.9786766171455383,0.6116297841072083,0.8020431995391846,0.06933002918958664,0.06687731295824051,0.07213544845581055,0.0980072170495987,0.9754474759101868,0.6255357265472412,0.7949898838996887,0.0522160530090332,0.05162441357970238,0.0648762658238411,0.09475534409284592
212,382,600,0.9845327734947205,0.7214228510856628,0.8960494995117188,0.32583388686180115,0.2595311999320984,0.24950304627418518,0.2829011082649231,0.9786319732666016,0.6407748460769653,0.8250936269760132,0.11555496603250504,0.09703321009874344,0.09805488586425781,0.12510229647159576,0.9770784974098206,0.6082322001457214,0.8124228119850159,0.095585897564888,0.08398006111383438,0.08839070051908493,0.11647120863199234,0.9739211797714233,0.5918605327606201,0.7950453162193298,0.06552240252494812,0.061965785920619965,0.06638110429048538,0.0958733931183815
213,254,479,0.9880875945091248,0.7511392831802368,0.9169660210609436,0.4072953462600708,0.3703089952468872,0.36348652839660645,0.38032957911491394,0.9821081161499023,0.6212410926818848,0.814900279045105,0.026622606441378593,0.03343137353658676,0.053128328174352646,0.09365180879831314,0.9840441346168518,0.6161676645278931,0.8199920654296875,0.052235133945941925,0.051559995859861374,0.06672211736440659,0.10144809633493423,0.9770660400390625,0.6137275695800781,0.8030762672424316,0.04287371411919594,0.051196154206991196,0.06197381392121315,0.09643692523241043
214,497,446,0.9872084259986877,0.7587514519691467,0.9230369925498962,0.3521248400211334,0.36008578538894653,0.3744611144065857,0.40730416774749756,0.9817012548446655,0.635347843170166,0.8268191814422607,0.03564010187983513,0.045503947883844376,0.06362877786159515,0.09925120323896408,0.98270583152771,0.628383457660675,0.8272138833999634,0.04165352135896683,0.052298061549663544,0.0657360702753067,0.10115751624107361,0.9764850735664368,0.5970825552940369,0.7918500304222107,0.034651052206754684,0.04418357089161873,0.061158087104558945,0.09556945413351059
215,998,175,0.9915719628334045,0.698721706867218,0.9068477153778076,0.20823901891708374,0.18879064917564392,0.19364632666110992,0.23405946791172028,0.9842573404312134,0.6028534770011902,0.8114131093025208,0.0306831207126379,0.0354418121278286,0.05135248973965645,0.0882069543004036,0.9851603507995605,0.6109604239463806,0.8167885541915894,0.03110637702047825,0.03428109362721443,0.053327616304159164,0.09129152446985245,0.9830020070075989,0.6230656504631042,0.8185545802116394,0.06832282990217209,0.059513188898563385,0.07029081881046295,0.09784539043903351
216,324,748,0.986395537853241,0.6811767816543579,0.8849578499794006,0.15311285853385925,0.15028563141822815,0.1476532518863678,0.18287456035614014,0.979088306427002,0.6313701272010803,0.8192077875137329,0.0679132491350174,0.06391386687755585,0.07222500443458557,0.10397733747959137,0.9773423671722412,0.6081751585006714,0.8123269081115723,0.06892095506191254,0.06692618876695633,0.07303179055452347,0.1036071926355362,0.9800476431846619,0.5915648937225342,0.8053659796714783,0.048548609018325806,0.05194519832730293,0.06305564194917679,0.09834180027246475
217,141,804,0.9867150783538818,0.7458821535110474,0.9134505987167358,0.5026676654815674,0.42432302236557007,0.37524428963661194,0.38383108377456665,0.9792836904525757,0.6276941895484924,0.8218637704849243,0.1657063513994217,0.12723609805107117,0.11347043514251709,0.1364065408706665,0.9774354100227356,0.6211535334587097,0.8112501502037048,0.13897834718227386,0.1087358146905899,0.0992899239063263,0.12634959816932678,0.9775162935256958,0.5940163731575012,0.7933033108711243,0.04577406123280525,0.046670615673065186,0.05908260866999626,0.0935739055275917
218,646,356,0.9931714534759521,0.8212138414382935,0.9596853256225586,0.586834192276001,0.563697338104248,0.567795991897583,0.6165069937705994,0.9790055751800537,0.5773844122886658,0.7907507419586182,0.04997113347053528,0.05230497568845749,0.059105873107910156,0.09108047187328339,0.9758720993995667,0.5901671051979065,0.7882355451583862,0.045269351452589035,0.05226444453001022,0.06403501331806183,0.09762843698263168,0.9781286716461182,0.5874834656715393,0.7891597747802734,0.030008241534233093,0.039102282375097275,0.05829919874668121,0.09251590818166733
219,259,659,0.9912453889846802,0.710085391998291,0.9126504063606262,0.19414514303207397,0.19455483555793762,0.2145220786333084,0.25271865725517273,0.9804654717445374,0.6099724173545837,0.8150438666343689,0.059139981865882874,0.05708915367722511,0.06203475967049599,0.0939970389008522,0.9815863370895386,0.6170669794082642,0.8181309700012207,0.06846336275339127,0.06072986125946045,0.06729032099246979,0.09659439325332642,0.9835511445999146,0.6177611351013184,0.8259426355361938,0.052022963762283325,0.05400766432285309,0.06601118296384811,0.0992407500743866
220,948,254,0.991195797920227,0.7343090176582336,0.9246268272399902,0.31515032052993774,0.2740117311477661,0.26653915643692017,0.2934645116329193,0.9834150671958923,0.624374270439148,0.8272348642349243,0.037692248821258545,0.04215332865715027,0.05694206431508064,0.09017547965049744,0.981988251209259,0.6124657392501831,0.8244883418083191,0.040186867117881775,0.0423496849834919,0.05535641312599182,0.0903073325753212,0.987497091293335,0.6113772392272949,0.8375816941261292,0.05406270548701286,0.05355634540319443,0.06472385674715042,0.09417253732681274
221,854,50,0.9890401363372803,0.7261136770248413,0.9143962860107422,0.314698189496994,0.2915382385253906,0.29739928245544434,0.32806703448295593,0.9841219782829285,0.6195785403251648,0.8260822296142578,0.0487559475004673,0.0495351143181324,0.061056949198246,0.09898357093334198,0.9792938232421875,0.6093116998672485,0.8104429841041565,0.043693169951438904,0.04747422784566879,0.0626596212387085,0.09919732064008713,0.9816141724586487,0.6105800271034241,0.8103198409080505,0.030475381761789322,0.03676392883062363,0.0513373464345932,0.0886768028140068
222,868,891,0.9923099875450134,0.7486170530319214,0.9455999135971069,0.3370819389820099,0.3311050832271576,0.34942492842674255,0.39441290497779846,0.9770658016204834,0.5861647129058838,0.7940569519996643,0.03067714348435402,0.03743147477507591,0.05446390435099602,0.0925237312912941,0.9753327369689941,0.5758858919143677,0.7906873226165771,0.03946830332279205,0.04046516865491867,0.054945215582847595,0.08816803246736526,0.9794894456863403,0.5653828382492065,0.792212724685669,0.02743280678987503,0.03415438532829285,0.05159688740968704,0.08739176392555237
223,8,398,0.9900149703025818,0.6871203780174255,0.890869140625,0.19606062769889832,0.1866658627986908,0.18364566564559937,0.21613003313541412,0.9755517244338989,0.5959466099739075,0.7850467562675476,0.042460259050130844,0.04707789793610573,0.06245933473110199,0.09683212637901306,0.9767757654190063,0.591927707195282,0.7859389185905457,0.03576685115695,0.04230669513344765,0.057564929127693176,0.09387709200382233,0.97646164894104,0.6065441966056824,0.7876976132392883,0.07717487215995789,0.07086125761270523,0.07228715717792511,0.10216675698757172
224,703,243,0.9905088543891907,0.7691593170166016,0.9328059554100037,0.3028430640697479,0.3230404257774353,0.34110718965530396,0.3726540207862854,0.9744009971618652,0.5961200594902039,0.7870039343833923,0.04034101217985153,0.04321225732564926,0.053775422275066376,0.08757692575454712,0.9771617650985718,0.6063230037689209,0.8053854703903198,0.04733370617032051,0.047182898968458176,0.05560491979122162,0.08794891089200974,0.9810489416122437,0.6388832330703735,0.8382875919342041,0.09016269445419312,0.09309953451156616,0.11084095388650894,0.14190641045570374
225,431,919,0.9949796795845032,0.764636218547821,0.9474058747291565,0.35304710268974304,0.30166763067245483,0.2958371937274933,0.3355596959590912,0.9808121919631958,0.5997622609138489,0.8223750591278076,0.03403576463460922,0.043668244034051895,0.05800430849194527,0.09236618131399155,0.9832189083099365,0.5830739140510559,0.8296667337417603,0.04759570583701134,0.05200831964612007,0.0625428855419159,0.09388486295938492,0.9792999029159546,0.6178919076919556,0.8219580054283142,0.0653713196516037,0.05944360792636871,0.06792186200618744,0.09833146631717682
226,158,941,0.989632248878479,0.7616412043571472,0.9259393215179443,0.4666374921798706,0.417109876871109,0.40427249670028687,0.4477371573448181,0.9782460927963257,0.5958772897720337,0.7904222011566162,0.05068371072411537,0.05372394621372223,0.07016367465257645,0.09912179410457611,0.9755687713623047,0.591394305229187,0.7804349660873413,0.04297979548573494,0.04826343059539795,0.06868339329957962,0.09949087351560593,0.9790770411491394,0.5952380299568176,0.7958387732505798,0.047854822129011154,0.05808568373322487,0.07532411813735962,0.10192101448774338
227,893,821,0.9883307218551636,0.790550708770752,0.9381800293922424,0.4329794645309448,0.43047356605529785,0.42861491441726685,0.45962604880332947,0.9727135896682739,0.5965287089347839,0.7796110510826111,0.05351027473807335,0.0536624938249588,0.056158069521188736,0.0872574970126152,0.9737898111343384,0.6117621064186096,0.7922978401184082,0.05015892907977104,0.054548777639865875,0.06058835983276367,0.09180039912462234,0.9785981774330139,0.6111489534378052,0.8040675520896912,0.051763202995061874,0.049088381230831146,0.05803300440311432,0.09481538832187653
228,755,844,0.9875410199165344,0.732103705406189,0.915242612361908,0.2847021520137787,0.26911330223083496,0.28151097893714905,0.3187927305698395,0.9755945801734924,0.5964223742485046,0.7963171601295471,0.04067058861255646,0.052653469145298004,0.07042813301086426,0.10790680348873138,0.980366051197052,0.6146541237831116,0.8146665692329407,0.05836118012666702,0.06106138974428177,0.07303998619318008,0.10920656472444534,0.9771791100502014,0.6196282505989075,0.805285632610321,0.04653412848711014,0.04326152801513672,0.05637441202998161,0.08795961737632751
229,62,379,0.9918667078018188,0.7499967217445374,0.9344367980957031,0.30556681752204895,0.2978016436100006,0.29575544595718384,0.33083102107048035,0.9819296598434448,0.6113401651382446,0.8176964521408081,0.05783505365252495,0.05122852697968483,0.057427454739809036,0.09237205237150192,0.9830381870269775,0.6144740581512451,0.8268264532089233,0.0654759332537651,0.05814196914434433,0.06399915367364883,0.09669960290193558,0.9799739718437195,0.626994788646698,0.814704418182373,0.07428998500108719,0.058602020144462585,0.0640382170677185,0.09567194432020187
230,365,902,0.9931233525276184,0.7651739120483398,0.9466083645820618,0.312869668006897,0.31008458137512207,0.3176860213279724,0.35676032304763794,0.9791626930236816,0.611182451248169,0.8105638027191162,0.04628511145710945,0.04886077716946602,0.061788469552993774,0.09329535812139511,0.9819483757019043,0.6095243692398071,0.821710467338562,0.0537661612033844,0.053151488304138184,0.06547275930643082,0.09566406905651093,0.9698863625526428,0.6030908226966858,0.7858640551567078,0.0615430511534214,0.0603630393743515,0.0713917687535286,0.10265325009822845
231,650,492,0.9807600378990173,0.7569331526756287,0.9239168763160706,0.3743436634540558,0.3782337009906769,0.4011845290660858,0.4505792558193207,0.971346914768219,0.5238346457481384,0.7707656621932983,0.026144858449697495,0.029335184022784233,0.04220843315124512,0.0810442864894867,0.9723837375640869,0.5451200604438782,0.7720014452934265,0.029781265184283257,0.03363000974059105,0.045785680413246155,0.08375264704227448,0.9749260544776917,0.5903282165527344,0.7984733581542969,0.04385039210319519,0.05135075002908707,0.06701938807964325,0.10629091411828995
232,882,648,0.9913824796676636,0.8039860725402832,0.9463648200035095,0.39656612277030945,0.3919364809989929,0.4134492576122284,0.45500999689102173,0.9798462986946106,0.6282413005828857,0.8172447085380554,0.03948824480175972,0.04030311107635498,0.05467294529080391,0.08912878483533859,0.9814977645874023,0.6313051581382751,0.8214755654335022,0.04474833607673645,0.046330105513334274,0.057187389582395554,0.09033859521150589,0.9742370843887329,0.616706371307373,0.8001230955123901,0.06538412719964981,0.05717747285962105,0.060018278658390045,0.08885426074266434
233,110,383,0.9938616752624512,0.7606245875358582,0.9439954161643982,0.3085576891899109,0.3084492087364197,0.30698245763778687,0.34270504117012024,0.982704758644104,0.6277536749839783,0.821861743927002,0.05397487059235573,0.05090406909584999,0.0575890839099884,0.08999164402484894,0.9826915264129639,0.6165820956230164,0.8164745569229126,0.05406245216727257,0.047568369656801224,0.05478862300515175,0.08556276559829712,0.976409912109375,0.6194498538970947,0.7990665435791016,0.05814126878976822,0.06392871588468552,0.06867051124572754,0.10174856334924698
234,401,511,0.9899246692657471,0.762445330619812,0.9330301880836487,0.3885783553123474,0.37727120518684387,0.3754862844944,0.4118809103965759,0.9805189967155457,0.6160774827003479,0.8151847720146179,0.07878879457712173,0.06796848028898239,0.07317996025085449,0.10031550377607346,0.9823527932167053,0.6169617772102356,0.822351336479187,0.08359932899475098,0.06894661486148834,0.07133907079696655,0.09779920428991318,0.9809802174568176,0.586211085319519,0.7980538010597229,0.07295091450214386,0.06302046775817871,0.0708615854382515,0.09887518733739853
235,138,420,0.9863871335983276,0.7143735885620117,0.9024215936660767,0.21681375801563263,0.21441081166267395,0.2335786521434784,0.27361392974853516,0.9830455780029297,0.6206421852111816,0.8258296251296997,0.053301237523555756,0.04934193938970566,0.05794705078005791,0.08998673409223557,0.9832578301429749,0.6152053475379944,0.8310654163360596,0.05160778388381004,0.04791676998138428,0.057585056871175766,0.08908719569444656,0.9788945913314819,0.6165056228637695,0.8119143843650818,0.06047582998871803,0.05709604546427727,0.06411817669868469,0.09423016011714935
236,150,586,0.9869738221168518,0.820580005645752,0.9406523108482361,0.622283399105072,0.5612084269523621,0.5317421555519104,0.543018102645874,0.9665409326553345,0.5676935911178589,0.7462753057479858,0.04351060464978218,0.03994828090071678,0.04893794283270836,0.0761965960264206,0.9695374965667725,0.5772950649261475,0.758190393447876,0.04465322196483612,0.04339364171028137,0.05312202125787735,0.07851554453372955,0.9726444482803345,0.5863662958145142,0.7795599699020386,0.05431641638278961,0.051714010536670685,0.061631426215171814,0.08995280414819717
237,253,198,0.9868238568305969,0.7388072609901428,0.9121205806732178,0.29727476835250854,0.2717462182044983,0.27643081545829773,0.3103550970554352,0.9788044095039368,0.6181224584579468,0.8066234588623047,0.04044752195477486,0.04490162432193756,0.05531489849090576,0.08962998539209366,0.9792066812515259,0.6179702877998352,0.8078113198280334,0.042555492371320724,0.04537314549088478,0.055558860301971436,0.08919337391853333,0.9840487241744995,0.5937281250953674,0.8245860934257507,0.04156918451189995,0.04906468838453293,0.06422824412584305,0.09999042749404907
238,912,557,0.9888905882835388,0.7122992277145386,0.9063718318939209,0.1465950906276703,0.16537609696388245,0.19153647124767303,0.24076983332633972,0.9795998930931091,0.6177451014518738,0.8122787475585938,0.032027166336774826,0.04035651683807373,0.06088472902774811,0.09924397617578506,0.9838480949401855,0.6225510239601135,0.828169047832489,0.035974860191345215,0.04211883991956711,0.05872561037540436,0.096788689494133,0.9848459959030151,0.6134301424026489,0.8247778415679932,0.029332101345062256,0.034231286495923996,0.047824256122112274,0.08286727964878082
239,135,281,0.991065502166748,0.8011599779129028,0.939338743686676,0.4486621916294098,0.40964558720588684,0.40669775009155273,0.4289374053478241,0.9768003225326538,0.6221516728401184,0.8083730340003967,0.05730382725596428,0.06317628920078278,0.07380203157663345,0.10439015924930573,0.9786954522132874,0.6202613711357117,0.8132184147834778,0.05035945773124695,0.059781886637210846,0.07057616859674454,0.09989790618419647,0.9821990728378296,0.6188622117042542,0.8212971687316895,0.030673405155539513,0.042174942791461945,0.05571897700428963,0.0935545563697815
240,283,440,0.9878998398780823,0.7082250118255615,0.9030876159667969,0.22691918909549713,0.2300165295600891,0.25368279218673706,0.2967992424964905,0.9810241460800171,0.602463960647583,0.8113499879837036,0.02609061636030674,0.0352998748421669,0.052567530423402786,0.09152816981077194,0.9826879501342773,0.6085317134857178,0.8131484985351562,0.022100575268268585,0.0334627628326416,0.05074459686875343,0.09023944288492203,0.9858391880989075,0.6232975721359253,0.8337146639823914,0.03127878159284592,0.042163245379924774,0.061968013644218445,0.10177318006753922
241,700,513,0.983130693435669,0.6728216409683228,0.8741827607154846,0.19819070398807526,0.18891330063343048,0.18736445903778076,0.21937574446201324,0.9843742847442627,0.6265309453010559,0.8350930213928223,0.07536216825246811,0.06608656048774719,0.07618437707424164,0.10895509272813797,0.9855861663818359,0.6236041784286499,0.8374350070953369,0.08168690651655197,0.06908145546913147,0.07710521668195724,0.1066170483827591,0.9767654538154602,0.5934939980506897,0.7944375276565552,0.0637475997209549,0.061455804854631424,0.06347065418958664,0.09015675634145737
242,761,125,0.9916637539863586,0.7723989486694336,0.939620852470398,0.3324967920780182,0.36117610335350037,0.4063704311847687,0.45781180262565613,0.9811102151870728,0.5996981263160706,0.803945779800415,0.013313818722963333,0.02263486571609974,0.04144570231437683,0.0857732892036438,0.9820986390113831,0.6101957559585571,0.8145175576210022,0.01685469038784504,0.02624565176665783,0.04687076434493065,0.08894696086645126,0.9822657108306885,0.6000245213508606,0.813503086566925,0.029511459171772003,0.03218844532966614,0.047702185809612274,0.0846511498093605
243,290,343,0.989417552947998,0.7780400514602661,0.9395262598991394,0.38054949045181274,0.3631648123264313,0.37721648812294006,0.42099207639694214,0.9833292961120605,0.6056234836578369,0.8149262070655823,0.026848286390304565,0.036041758954524994,0.051930882036685944,0.09310917556285858,0.980869710445404,0.6009921431541443,0.8075660467147827,0.032274555414915085,0.0365876778960228,0.05218561366200447,0.08977629244327545,0.985009491443634,0.593230664730072,0.8172488808631897,0.04046633094549179,0.04112083092331886,0.052655838429927826,0.08671656250953674
244,790,515,0.992463231086731,0.7936089038848877,0.948391854763031,0.4405588209629059,0.422210693359375,0.42506399750709534,0.4701336622238159,0.9811546206474304,0.6140280365943909,0.8075757622718811,0.04313499107956886,0.04819207265973091,0.06608712673187256,0.10405290871858597,0.9830023646354675,0.626406192779541,0.8168631196022034,0.03836602717638016,0.046487778425216675,0.06797788292169571,0.10690883547067642,0.9791533350944519,0.589308500289917,0.80022132396698,0.048099126666784286,0.05138006806373596,0.06809621304273605,0.101473368704319
245,102,763,0.9865370392799377,0.6391444206237793,0.87180095911026,0.14380834996700287,0.14151526987552643,0.14788362383842468,0.18915294110774994,0.96711665391922,0.5858966708183289,0.7574702501296997,0.03834957629442215,0.04006022587418556,0.052261870354413986,0.08809923380613327,0.9698285460472107,0.5745283365249634,0.7744148969650269,0.05072256922721863,0.05177750810980797,0.06285182386636734,0.09861170500516891,0.9703184962272644,0.581186056137085,0.7643018364906311,0.07333599030971527,0.08592472970485687,0.08414056897163391,0.10791807621717453
246,770,391,0.9987107515335083,0.9311789274215698,0.9944483637809753,0.7719483375549316,0.7712377309799194,0.7713646292686462,0.7843442559242249,0.9765820503234863,0.6039714217185974,0.7927993535995483,0.05050721392035484,0.04534962773323059,0.05837994068861008,0.09001649171113968,0.9751386046409607,0.6060064435005188,0.7908707857131958,0.055385977029800415,0.05136501416563988,0.058915819972753525,0.09254134446382523,0.9795060157775879,0.6223846077919006,0.8078693151473999,0.03751974552869797,0.041351523250341415,0.05615115910768509,0.09124960005283356
247,232,15,0.9886012077331543,0.7078312039375305,0.9167086482048035,0.29294219613075256,0.2714613974094391,0.26548415422439575,0.3013083040714264,0.9792641997337341,0.6215627789497375,0.8191828727722168,0.05927808955311775,0.05160131677985191,0.059261880815029144,0.09069356322288513,0.9817222356796265,0.6200172901153564,0.8286214470863342,0.06442830711603165,0.05702245235443115,0.0629047080874443,0.09268706291913986,0.9812313318252563,0.6041868329048157,0.8299833536148071,0.11651716381311417,0.0998503640294075,0.0962490364909172,0.11768291145563126
248,472,837,0.9868537783622742,0.734331488609314,0.9105783104896545,0.2462930828332901,0.23414720594882965,0.2434060424566269,0.279513418674469,0.9771543145179749,0.617510199546814,0.8005330562591553,0.037977173924446106,0.04796077311038971,0.06499449908733368,0.09852369874715805,0.979962944984436,0.6169365048408508,0.8087337017059326,0.04289010167121887,0.04836290702223778,0.061807017773389816,0.0965999960899353,0.9776519536972046,0.6306315064430237,0.8140174746513367,0.06600330024957657,0.06304238736629486,0.06888653337955475,0.09716925024986267
249,288,771,0.9904685020446777,0.7790326476097107,0.9372696876525879,0.3941733241081238,0.4008965790271759,0.38437986373901367,0.4044361114501953,0.9762710928916931,0.603747546672821,0.7926232218742371,0.01877898909151554,0.032037947326898575,0.048584215342998505,0.08682998269796371,0.9781405329704285,0.6039164662361145,0.8017550110816956,0.03133537620306015,0.04571731761097908,0.06405030936002731,0.09716629236936569,0.9759398102760315,0.5912682414054871,0.7964703440666199,0.03507523238658905,0.04194693639874458,0.05276138707995415,0.08616400510072708
250,909,6,0.9921361207962036,0.7223321199417114,0.9214596748352051,0.18002821505069733,0.19277611374855042,0.21907104551792145,0.2740440368652344,0.9810482263565063,0.6095830798149109,0.8170155882835388,0.0484742633998394,0.05299949645996094,0.06971675157546997,0.10640016943216324,0.9852308630943298,0.6138208508491516,0.82967609167099,0.04687780141830444,0.05573989450931549,0.07058712840080261,0.10443742573261261,0.971571683883667,0.6023148894309998,0.7833392024040222,0.03770264983177185,0.04068790003657341,0.05247147008776665,0.08787070214748383
251,48,11,0.9919072389602661,0.7185094356536865,0.917872965335846,0.18909208476543427,0.1924411952495575,0.20766125619411469,0.25097644329071045,0.9817841053009033,0.6058724522590637,0.8158447742462158,0.051975030452013016,0.0491153858602047,0.062315959483385086,0.09671784937381744,0.9836894273757935,0.6129794120788574,0.8204684257507324,0.05866088718175888,0.054312899708747864,0.06409159302711487,0.09747923165559769,0.9825199246406555,0.5961487889289856,0.811188280582428,0.028744470328092575,0.03585923835635185,0.04632819443941116,0.08224315941333771
252,483,393,0.9872607588768005,0.6972332000732422,0.8966333866119385,0.20090344548225403,0.19736509025096893,0.2141258418560028,0.2552260458469391,0.9833418726921082,0.6232244968414307,0.832595944404602,0.07017599046230316,0.05781970173120499,0.06205085664987564,0.0945521742105484,0.9850661158561707,0.6281397342681885,0.8406471610069275,0.08101408928632736,0.06401964277029037,0.06668152660131454,0.09380221366882324,0.9840038418769836,0.6232523918151855,0.8314727544784546,0.09301066398620605,0.07018110901117325,0.0679067000746727,0.09594828635454178
253,647,338,0.9933200478553772,0.8294667601585388,0.9620381593704224,0.5331474542617798,0.5334483981132507,0.5344682931900024,0.5572958588600159,0.9780106544494629,0.6075663566589355,0.8042702674865723,0.034021686762571335,0.033567365258932114,0.046240873634815216,0.08818840235471725,0.9797865748405457,0.5963484048843384,0.8108842372894287,0.03633072227239609,0.037822600454092026,0.05080531910061836,0.0873837098479271,0.9816221594810486,0.5923769474029541,0.8128383159637451,0.04811771586537361,0.05108240619301796,0.0654892772436142,0.098536916077137
254,716,277,0.9877834320068359,0.768124520778656,0.9246760606765747,0.3672140836715698,0.33543986082077026,0.3639156222343445,0.4135619103908539,0.9773072004318237,0.5848797559738159,0.7988629341125488,0.02833963930606842,0.03576505929231644,0.05217023566365242,0.09021683037281036,0.9769847989082336,0.5899876952171326,0.8023374676704407,0.028639724478125572,0.03583371639251709,0.050027504563331604,0.08754473179578781,0.9867534637451172,0.6169050931930542,0.821412980556488,0.024937307462096214,0.026804598048329353,0.038656361401081085,0.07588370889425278
255,874,369,0.9837461113929749,0.6345174908638,0.8550267815589905,0.15789657831192017,0.13052983582019806,0.12938116490840912,0.15776416659355164,0.9773270487785339,0.613014280796051,0.8021451234817505,0.05650942400097847,0.051745057106018066,0.06383426487445831,0.09695626050233841,0.9803170561790466,0.6221985220909119,0.8166875839233398,0.06253866851329803,0.05576670169830322,0.06663136184215546,0.10193955153226852,0.9889636635780334,0.6248713731765747,0.8507830500602722,0.06483184546232224,0.0618039146065712,0.06634677946567535,0.09506015479564667
256,695,706,0.9938395023345947,0.8048200607299805,0.9580267667770386,0.41645118594169617,0.4414680600166321,0.4534955620765686,0.47694194316864014,0.9823307394981384,0.6260154247283936,0.816899836063385,0.056012630462646484,0.05955273658037186,0.0732090026140213,0.10686834901571274,0.979410707950592,0.6200624704360962,0.8102911114692688,0.04718700796365738,0.049387600272893906,0.06381810456514359,0.10112075507640839,0.9802295565605164,0.625506579875946,0.8152921199798584,0.049471937119960785,0.0497722290456295,0.06308304518461227,0.0974629670381546
257,935,58,0.9917086958885193,0.7686899900436401,0.9396492838859558,0.417762815952301,0.40471571683883667,0.39486628770828247,0.40795889496803284,0.9822128415107727,0.6116313338279724,0.8130465149879456,0.04378443583846092,0.04798584431409836,0.059275802224874496,0.0901559367775917,0.9825791120529175,0.6118457913398743,0.8184992074966431,0.042874015867710114,0.042322929948568344,0.051489755511283875,0.08387064933776855,0.9701928496360779,0.593317449092865,0.7782979011535645,0.07613013684749603,0.0688382238149643,0.07095353305339813,0.09763089567422867
258,569,695,0.9870848059654236,0.7636150121688843,0.9238826036453247,0.4212022125720978,0.5212768316268921,0.5372065901756287,0.5211603045463562,0.9872129559516907,0.606949508190155,0.8229296803474426,0.031233850866556168,0.04441487789154053,0.06147110089659691,0.09412186592817307,0.9865379333496094,0.6181166768074036,0.8221039772033691,0.03323129191994667,0.05108049511909485,0.06892704218626022,0.1003250926733017,0.9833698272705078,0.5973927974700928,0.8145012855529785,0.017438823357224464,0.02915102057158947,0.05522480607032776,0.09551656991243362
259,633,401,0.9904834628105164,0.7388036847114563,0.932271420955658,0.3235194981098175,0.2943626642227173,0.3012174963951111,0.3361213803291321,0.9802442193031311,0.6006854176521301,0.819011926651001,0.05559578910470009,0.050843607634305954,0.05922669544816017,0.09090964496135712,0.9824822545051575,0.5942215919494629,0.822314977645874,0.04770250245928764,0.047190722078084946,0.05667123943567276,0.0896901935338974,0.9781526923179626,0.6011151671409607,0.8072652816772461,0.04874194413423538,0.04812219738960266,0.05769876018166542,0.09104599803686142
260,213,690,0.9923509955406189,0.8069738745689392,0.9579238891601562,0.3646240234375,0.3992277979850769,0.4224318563938141,0.45480993390083313,0.9755779504776001,0.599804162979126,0.7957045435905457,0.047111835330724716,0.04929419979453087,0.058913834393024445,0.09567879140377045,0.9775890111923218,0.6035988330841064,0.8029492497444153,0.06502778083086014,0.05591214448213577,0.062133535742759705,0.09897864609956741,0.9719507694244385,0.5948379039764404,0.7902324199676514,0.07171595841646194,0.06336652487516403,0.06880184262990952,0.09852569550275803
261,132,962,0.990915834903717,0.7357168197631836,0.9255755543708801,0.2855824828147888,0.27269136905670166,0.276064932346344,0.3179849088191986,0.9830472469329834,0.6052988767623901,0.8269045948982239,0.07795731723308563,0.0691959410905838,0.07458887994289398,0.1050146073102951,0.9821167588233948,0.6040564179420471,0.8229546546936035,0.07117056846618652,0.06520261615514755,0.07009158283472061,0.10100176930427551,0.9798462986946106,0.5565646290779114,0.8170401453971863,0.05631649121642113,0.05344062298536301,0.06307392567396164,0.09665943682193756
262,930,717,0.9938558340072632,0.7749029397964478,0.9507782459259033,0.4540412127971649,0.39504751563072205,0.3670189380645752,0.3872941732406616,0.9717997312545776,0.608684241771698,0.7847358584403992,0.022890407592058182,0.028209544718265533,0.04261401295661926,0.08164580166339874,0.9751978516578674,0.6066295504570007,0.8019587993621826,0.03839710354804993,0.04044477641582489,0.053452640771865845,0.08806298673152924,0.9854510426521301,0.6201944351196289,0.846686840057373,0.08621873706579208,0.08496243506669998,0.08392868936061859,0.11014587432146072
263,904,476,0.9867875576019287,0.7690339088439941,0.9298973679542542,0.359600305557251,0.3723655045032501,0.41455715894699097,0.4830910861492157,0.9752940535545349,0.5811197757720947,0.7851635813713074,0.03967151790857315,0.047748882323503494,0.06485452502965927,0.10014117509126663,0.9756439924240112,0.5843374133110046,0.7887622117996216,0.03572819381952286,0.04587728530168533,0.05936255678534508,0.09406165778636932,0.984017014503479,0.582234263420105,0.8045697212219238,0.032994192093610764,0.03851494938135147,0.04810875654220581,0.08296413719654083
264,383,816,0.9961331486701965,0.8341277837753296,0.9768757820129395,0.5854550004005432,0.5058066248893738,0.4881613254547119,0.5049778819084167,0.9713582396507263,0.6020886898040771,0.7814364433288574,0.07734926044940948,0.06968838721513748,0.07756007462739944,0.10695819556713104,0.9721305966377258,0.6088849902153015,0.7883154153823853,0.09458809345960617,0.08194460719823837,0.08430261164903641,0.11220922321081161,0.9769179224967957,0.623863697052002,0.8140270113945007,0.07191991806030273,0.0615072138607502,0.0646512508392334,0.0960504338145256
265,875,133,0.9927296042442322,0.6962845325469971,0.9230998754501343,0.20721209049224854,0.2341853529214859,0.24387437105178833,0.27662599086761475,0.9723213315010071,0.6057663559913635,0.7852067351341248,0.03832900524139404,0.05361777916550636,0.07261218875646591,0.10719281435012817,0.9759443402290344,0.6172600984573364,0.802301824092865,0.041225653141736984,0.053760234266519547,0.07377082109451294,0.10369798541069031,0.9794307947158813,0.6087982058525085,0.8129728436470032,0.04018763452768326,0.04617207124829292,0.0588531531393528,0.09129638969898224
266,845,573,0.987704336643219,0.6806437373161316,0.8968273401260376,0.3060212731361389,0.24843846261501312,0.22307337820529938,0.25187554955482483,0.9754207134246826,0.6032444834709167,0.803168773651123,0.0735902413725853,0.06170085817575455,0.06632206588983536,0.09553264826536179,0.9758606553077698,0.6104792952537537,0.8060125112533569,0.07372472435235977,0.06131483614444733,0.06750823557376862,0.0954165905714035,0.9751532077789307,0.6037153005599976,0.7994714975357056,0.06676854938268661,0.05939634516835213,0.06619138270616531,0.0957009419798851
267,925,189,0.9906820058822632,0.743643581867218,0.9306313395500183,0.2503648102283478,0.25215286016464233,0.2680349051952362,0.31028079986572266,0.9816615581512451,0.6262366771697998,0.8287959098815918,0.0799131989479065,0.06991425901651382,0.07190192490816116,0.09694989025592804,0.9850255250930786,0.6319738030433655,0.8397583365440369,0.081740602850914,0.06915397197008133,0.06959665566682816,0.09554831683635712,0.9852913022041321,0.6226482391357422,0.8358192443847656,0.049930717796087265,0.057344239205121994,0.07003669440746307,0.09713409841060638
268,262,138,0.9927470684051514,0.7326881289482117,0.9311270117759705,0.2655079662799835,0.26326629519462585,0.26793378591537476,0.30298489332199097,0.9854609966278076,0.628948986530304,0.8406186699867249,0.08869347721338272,0.08507147431373596,0.0732271671295166,0.09858596324920654,0.987139105796814,0.6401678919792175,0.8493457436561584,0.09148287773132324,0.08902333676815033,0.07863039523363113,0.10360140353441238,0.9814772009849548,0.5970869660377502,0.8304635286331177,0.05748532712459564,0.056561049073934555,0.06649058312177658,0.09953350573778152
269,726,749,0.9899693727493286,0.7432166934013367,0.9258517622947693,0.43348419666290283,0.34047433733940125,0.3009212911128998,0.3217461407184601,0.9814207553863525,0.6011291146278381,0.8164777159690857,0.05734042078256607,0.055674560368061066,0.06597283482551575,0.09939108043909073,0.9819206595420837,0.6022618412971497,0.8125168085098267,0.04077266901731491,0.04247764125466347,0.05960801988840103,0.09857553243637085,0.9801443815231323,0.6111335754394531,0.8101114630699158,0.0905299261212349,0.0894390419125557,0.0842088982462883,0.10192205011844635
270,146,729,0.996975302696228,0.8122413754463196,0.9717591404914856,0.5032058954238892,0.47990965843200684,0.46779313683509827,0.5063098669052124,0.9724676609039307,0.6017141938209534,0.7893092632293701,0.07363604009151459,0.08008711785078049,0.07562039792537689,0.10137367993593216,0.9727914333343506,0.5594740509986877,0.8000237345695496,0.0968530997633934,0.09065375477075577,0.08407314121723175,0.11105973273515701,0.9761001467704773,0.6019564270973206,0.7949203252792358,0.06151560693979263,0.05723434314131737,0.06372704356908798,0.09367437660694122
271,850,736,0.9905943274497986,0.7404894232749939,0.9279081225395203,0.28196874260902405,0.2846044898033142,0.29352617263793945,0.3371111750602722,0.9725129008293152,0.6004990935325623,0.7886167764663696,0.06844276189804077,0.058053985238075256,0.06568048149347305,0.09398201107978821,0.9726370573043823,0.6065686345100403,0.7938088774681091,0.06636995822191238,0.061337050050497055,0.06861814856529236,0.09930349886417389,0.9783740639686584,0.5851563215255737,0.8070200681686401,0.07656088471412659,0.06468923389911652,0.06984174996614456,0.10313572734594345
272,769,130,0.9842848777770996,0.6330661773681641,0.8621625900268555,0.08798694610595703,0.10200147330760956,0.125922292470932,0.1653514802455902,0.9735256433486938,0.6177191138267517,0.802871584892273,0.05277733877301216,0.053852662444114685,0.06614754348993301,0.1050097867846489,0.9754723906517029,0.6190438270568848,0.8062057495117188,0.05942054092884064,0.0552348755300045,0.06632693111896515,0.10187479853630066,0.9793217778205872,0.611369788646698,0.8080955147743225,0.06598959118127823,0.057840943336486816,0.06458383798599243,0.09431842714548111
273,370,282,0.9905992150306702,0.7733169794082642,0.939057469367981,0.4963313341140747,0.45293718576431274,0.43209272623062134,0.4394122064113617,0.9842498898506165,0.602373480796814,0.807351291179657,0.020007871091365814,0.030916519463062286,0.049261029809713364,0.08481337130069733,0.983801543712616,0.6124403476715088,0.8115736842155457,0.021840916946530342,0.03152352571487427,0.04742036387324333,0.08626693487167358,0.98330157995224,0.5981301069259644,0.8175036907196045,0.0363783985376358,0.04096916690468788,0.05310414731502533,0.08501089364290237
274,126,777,0.9907410144805908,0.7668506503105164,0.9359129071235657,0.4242587089538574,0.4067157804965973,0.3989092707633972,0.4044433832168579,0.9726176261901855,0.6001280546188354,0.7822049260139465,0.07208747416734695,0.07024601846933365,0.07074794918298721,0.09475760161876678,0.9732742309570312,0.6134492754936218,0.7958142161369324,0.09332572668790817,0.07953522354364395,0.07551618665456772,0.09959109872579575,0.9748704433441162,0.5964124798774719,0.78716641664505,0.06815708428621292,0.06383159011602402,0.06602685153484344,0.09236311912536621
275,491,859,0.9937281012535095,0.7682532072067261,0.941684365272522,0.2821505069732666,0.28750982880592346,0.3091358542442322,0.3545001149177551,0.984115719795227,0.6285231113433838,0.8264003992080688,0.03128540515899658,0.03419739753007889,0.0506071113049984,0.09099560976028442,0.9849754571914673,0.6278313398361206,0.8306060433387756,0.03282473608851433,0.03774382919073105,0.05191705375909805,0.09016937017440796,0.9774566888809204,0.6162996888160706,0.8054454922676086,0.028195779770612717,0.03370264917612076,0.05146389082074165,0.0881773978471756
276,0,186,0.9923305511474609,0.7650297284126282,0.9373449087142944,0.2821735441684723,0.28077369928359985,0.30251604318618774,0.3395098149776459,0.979640543460846,0.6156790256500244,0.8201122283935547,0.06880759447813034,0.06762447953224182,0.07500415295362473,0.1021328940987587,0.9815203547477722,0.6222245097160339,0.8233004808425903,0.06698939949274063,0.06421492248773575,0.07076805830001831,0.10294558852910995,0.9838249087333679,0.631838858127594,0.8408122658729553,0.08900607377290726,0.07970137149095535,0.08438394218683243,0.11129174381494522
277,983,52,0.9977717995643616,0.9417039155960083,0.9909241199493408,0.8255265355110168,0.8229939937591553,0.8133860230445862,0.8233836889266968,0.9839768409729004,0.61064612865448,0.8173272013664246,0.04020838066935539,0.04246828332543373,0.05943673849105835,0.0949445590376854,0.9816623330116272,0.6162264347076416,0.8137026429176331,0.03533637523651123,0.0427374430000782,0.061484623700380325,0.09710202366113663,0.9797853827476501,0.5916279554367065,0.793342113494873,0.05248308926820755,0.05382386967539787,0.062475983053445816,0.09388944506645203
278,372,889,0.9924806952476501,0.8002614974975586,0.9626079201698303,0.42566531896591187,0.41688334941864014,0.4161754548549652,0.4549807906150818,0.972576379776001,0.6188669800758362,0.7986882328987122,0.061483774334192276,0.06272229552268982,0.06988774240016937,0.10018205642700195,0.9731476902961731,0.6154352426528931,0.7975016832351685,0.06266692280769348,0.060902632772922516,0.06832577288150787,0.09613952785730362,0.9754889011383057,0.6072366833686829,0.7941928505897522,0.0588044635951519,0.05953769013285637,0.06553447246551514,0.09345284849405289
279,131,47,0.9884181022644043,0.7529706954956055,0.9224473237991333,0.2810482084751129,0.2746199667453766,0.2863902449607849,0.33124101161956787,0.9826340079307556,0.6084449291229248,0.8356003165245056,0.05354040861129761,0.05721704661846161,0.06756345182657242,0.1033259779214859,0.9841080904006958,0.6154678463935852,0.8390795588493347,0.05328108370304108,0.05824538692831993,0.06733356416225433,0.10306474566459656,0.9817691445350647,0.6195467114448547,0.8264010548591614,0.03860699012875557,0.041319943964481354,0.054351478815078735,0.08945325016975403
280,975,775,0.9902485013008118,0.7386060357093811,0.9241705536842346,0.34401193261146545,0.3436743915081024,0.3619921803474426,0.39595213532447815,0.9845424890518188,0.6009658575057983,0.8151252865791321,0.041248828172683716,0.04852569103240967,0.060624655336141586,0.09414804726839066,0.985044002532959,0.5781073570251465,0.816565215587616,0.044395651668310165,0.048675116151571274,0.061853569000959396,0.09464552998542786,0.983616292476654,0.6119495034217834,0.808372974395752,0.04217367619276047,0.04834295064210892,0.0653916671872139,0.1018717810511589
281,546,236,0.9909084439277649,0.755390465259552,0.9362219572067261,0.25150513648986816,0.25915807485580444,0.29132187366485596,0.34714260697364807,0.9806492924690247,0.6089231967926025,0.8191070556640625,0.0312650166451931,0.03347287327051163,0.045574985444545746,0.08264876902103424,0.9807707071304321,0.6120467782020569,0.8219873905181885,0.029796667397022247,0.03375564515590668,0.048698410391807556,0.08524880558252335,0.9717811942100525,0.5772508382797241,0.7736142873764038,0.037457749247550964,0.037375759333372116,0.04824601113796234,0.08649454265832901
282,623,139,0.9866508841514587,0.7127531170845032,0.9087731838226318,0.2233811616897583,0.2270698845386505,0.23913295567035675,0.2780084013938904,0.9790987968444824,0.6140630841255188,0.8034790754318237,0.02914617210626602,0.03800702095031738,0.05535019189119339,0.09408000111579895,0.9798105955123901,0.6189653873443604,0.8119537830352783,0.0413249172270298,0.04997410625219345,0.06304936110973358,0.0980115756392479,0.9789291620254517,0.6058716177940369,0.8214434385299683,0.03687787055969238,0.04081173241138458,0.05517774447798729,0.09019927680492401
283,426,323,0.9871276617050171,0.7140383720397949,0.9035621285438538,0.27824538946151733,0.23538920283317566,0.22681815922260284,0.26356440782546997,0.9809725880622864,0.6327113509178162,0.8286629319190979,0.15099693834781647,0.11075939238071442,0.10180509835481644,0.1218775287270546,0.9793174862861633,0.6398302316665649,0.8255032896995544,0.15869642794132233,0.11319800466299057,0.10245270282030106,0.12134937942028046,0.966851532459259,0.5882332921028137,0.7647125720977783,0.08052656799554825,0.0687698945403099,0.07270468026399612,0.10093842446804047
284,165,634,0.99034583568573,0.7179431915283203,0.9125687479972839,0.21892203390598297,0.21948783099651337,0.23428592085838318,0.26819074153900146,0.9885573387145996,0.6141114234924316,0.844996452331543,0.05108461529016495,0.05439204350113869,0.06154065206646919,0.08962523937225342,0.9890331029891968,0.6247372627258301,0.8451690673828125,0.046356040984392166,0.05188509449362755,0.06373502314090729,0.09575144946575165,0.9879207015037537,0.6342593431472778,0.8417786359786987,0.058347828686237335,0.05607597902417183,0.06431685388088226,0.09563761204481125
285,438,4,0.9896643161773682,0.7479307055473328,0.9351927638053894,0.261802077293396,0.2642313838005066,0.2960842251777649,0.34735792875289917,0.9784671664237976,0.6066752672195435,0.8190613985061646,0.03722906485199928,0.04368029534816742,0.05951058864593506,0.09647427499294281,0.9803318381309509,0.5948220491409302,0.8166580200195312,0.03067275695502758,0.035119105130434036,0.05129076912999153,0.08866498619318008,0.9778568148612976,0.5961040258407593,0.8053365349769592,0.04526454582810402,0.047125328332185745,0.05667852237820625,0.09304173290729523
286,302,589,0.9943357706069946,0.819581151008606,0.9763659834861755,0.5379939675331116,0.5399925708770752,0.5418994426727295,0.5552622079849243,0.9719220995903015,0.5626001954078674,0.7767736315727234,0.07321985065937042,0.06684952229261398,0.06624417006969452,0.09469649195671082,0.9739858508110046,0.5557661056518555,0.7867403626441956,0.07939989119768143,0.07147558778524399,0.07231651991605759,0.10247272253036499,0.9743945002555847,0.5636755228042603,0.7802917957305908,0.058863259851932526,0.061954423785209656,0.06822056323289871,0.09984182566404343
287,482,18,0.9886752963066101,0.7198861241340637,0.9140625,0.25847941637039185,0.25966668128967285,0.27528735995292664,0.31265076994895935,0.9816432595252991,0.6220666170120239,0.816937267780304,0.04134364426136017,0.04222078621387482,0.057149067521095276,0.09547173231840134,0.9856696128845215,0.6167644262313843,0.8313814401626587,0.05036020278930664,0.049782078713178635,0.06266536563634872,0.09912803769111633,0.9815521240234375,0.6023470759391785,0.8192863464355469,0.04680999368429184,0.045800063759088516,0.06026185303926468,0.09261968731880188
288,154,910,0.9827457070350647,0.7305670380592346,0.8978836536407471,0.2624801993370056,0.28432443737983704,0.29793018102645874,0.3268830478191376,0.9770734310150146,0.6114886999130249,0.8050526976585388,0.04510490968823433,0.04449954628944397,0.060874033719301224,0.09877835214138031,0.9779574275016785,0.6117273569107056,0.8101982474327087,0.046346887946128845,0.047484152019023895,0.06253083050251007,0.09829691052436829,0.9768906831741333,0.6112815141677856,0.8040237426757812,0.0416351854801178,0.04039181396365166,0.05587138235569,0.09435960650444031
289,341,157,0.9905748963356018,0.7835773229598999,0.9454630613327026,0.5423240065574646,0.5330810546875,0.5076168775558472,0.508388876914978,0.9857189059257507,0.6090486645698547,0.8137017488479614,0.012129328213632107,0.023172946646809578,0.04394249990582466,0.0841507539153099,0.985143780708313,0.6062949299812317,0.8136531114578247,0.02619067020714283,0.03360540419816971,0.0505194365978241,0.0886450782418251,0.9833312034606934,0.5997356176376343,0.809826135635376,0.04118431732058525,0.045629631727933884,0.05985787883400917,0.0987170860171318
290,851,233,0.9896218180656433,0.7815132141113281,0.9331752061843872,0.4437396824359894,0.43383079767227173,0.4550395905971527,0.47415778040885925,0.9881256818771362,0.6229052543640137,0.8329896330833435,0.04531574249267578,0.046417236328125,0.059086933732032776,0.09127424657344818,0.9871938228607178,0.6230342388153076,0.83138507604599,0.042721495032310486,0.045091357082128525,0.05926008149981499,0.09358981251716614,0.9848577976226807,0.6200252175331116,0.8259515166282654,0.04659338295459747,0.05543113499879837,0.070375956594944,0.10023871064186096
291,557,482,0.9917526841163635,0.7628936767578125,0.93678218126297,0.3621807098388672,0.39141538739204407,0.40118420124053955,0.4460996389389038,0.9791222214698792,0.5801581144332886,0.7817673683166504,0.023560138419270515,0.025811562314629555,0.045249149203300476,0.07955703884363174,0.9782930016517639,0.5866527557373047,0.7862291932106018,0.02267879992723465,0.02504236251115799,0.041509632021188736,0.07922110706567764,0.9788997173309326,0.5943903923034668,0.7960205078125,0.04438308626413345,0.04513329640030861,0.055777158588171005,0.09241308271884918
292,936,628,0.9923940896987915,0.7820017337799072,0.9459681510925293,0.3270202875137329,0.34321266412734985,0.36263394355773926,0.39858362078666687,0.9824959635734558,0.6216551065444946,0.823548436164856,0.051089607179164886,0.04379289969801903,0.056976813822984695,0.0965033546090126,0.9839438199996948,0.6211841106414795,0.8291711211204529,0.046111367642879486,0.042553987354040146,0.05700526013970375,0.09677635878324509,0.9853752255439758,0.6413763761520386,0.8478510975837708,0.10720288008451462,0.0975734144449234,0.09992073476314545,0.12168127298355103
293,93,819,0.9899240136146545,0.7129522562026978,0.916267454624176,0.19727060198783875,0.20390620827674866,0.22759386897087097,0.27014660835266113,0.9797336459159851,0.6014982461929321,0.812641978263855,0.03932600095868111,0.04296090453863144,0.056851815432310104,0.08964157104492188,0.9803410768508911,0.6039077639579773,0.8199682235717773,0.038270216435194016,0.04196958988904953,0.055184267461299896,0.09023574739694595,0.9766613245010376,0.6184932589530945,0.8104676008224487,0.06582079082727432,0.06217294558882713,0.0671381950378418,0.09972439706325531
294,929,312,0.9909595847129822,0.7947437167167664,0.9605075716972351,0.44326624274253845,0.41048625111579895,0.4194987416267395,0.4462853968143463,0.9728754758834839,0.5751093029975891,0.7773672342300415,0.033336397260427475,0.038408029824495316,0.05422297120094299,0.09123830497264862,0.9768239855766296,0.5789949893951416,0.7929815053939819,0.040385402739048004,0.04636549949645996,0.05636722967028618,0.09068313986063004,0.9763631820678711,0.5583333373069763,0.7925161123275757,0.049378298223018646,0.05071023851633072,0.05839748680591583,0.09066502004861832
295,519,622,0.9860807657241821,0.7554758787155151,0.9103989601135254,0.40328821539878845,0.3717605471611023,0.35858288407325745,0.3744857609272003,0.9816955327987671,0.6267785429954529,0.818565845489502,0.07292816787958145,0.06512968987226486,0.06975618749856949,0.10409114509820938,0.9814029335975647,0.6191859841346741,0.8147743344306946,0.09529561549425125,0.07670412957668304,0.07097914814949036,0.0996377095580101,0.977148175239563,0.6206371188163757,0.8126770853996277,0.12004853039979935,0.10592760145664215,0.10472743213176727,0.1303950846195221
296,992,833,0.9958602786064148,0.7664413452148438,0.9528612494468689,0.2870914041996002,0.3012101948261261,0.30385205149650574,0.3437882959842682,0.9689123034477234,0.5880242586135864,0.7763265371322632,0.048477452248334885,0.04755254089832306,0.05634777620434761,0.0935467854142189,0.9701301455497742,0.5895622968673706,0.7750367522239685,0.04947074130177498,0.0478370375931263,0.058374181389808655,0.09176120907068253,0.9744330048561096,0.6128526926040649,0.7960322499275208,0.06586236506700516,0.062285397201776505,0.06785120815038681,0.09786463528871536
297,39,760,0.9913725256919861,0.7486764192581177,0.9356496334075928,0.3142669200897217,0.337299108505249,0.3554428219795227,0.38908135890960693,0.9806500673294067,0.5880650281906128,0.7984477877616882,0.05250626429915428,0.04564907029271126,0.05855635181069374,0.0937691479921341,0.9805315732955933,0.5910260081291199,0.7942680716514587,0.05156353488564491,0.044208381325006485,0.05478633940219879,0.09031794965267181,0.9709179997444153,0.5881568193435669,0.7720799446105957,0.06297316402196884,0.05630948394536972,0.060913532972335815,0.09328896552324295
298,488,841,0.9898672103881836,0.8047661185264587,0.9422057867050171,0.48307931423187256,0.5105443000793457,0.5138835906982422,0.5372316241264343,0.981768786907196,0.6083763241767883,0.8117902874946594,0.03514892980456352,0.039178092032670975,0.05576178431510925,0.09159905463457108,0.981784462928772,0.6173434257507324,0.8076340556144714,0.036341920495033264,0.041958242654800415,0.05891437828540802,0.09260757267475128,0.9819056987762451,0.6068918704986572,0.8183389902114868,0.03094184584915638,0.04401705041527748,0.060840457677841187,0.09833809733390808
299,835,348,0.9867331385612488,0.7492477893829346,0.9267179369926453,0.2514548599720001,0.26529133319854736,0.29021164774894714,0.34225890040397644,0.9683874249458313,0.5886775851249695,0.777729332447052,0.07536738365888596,0.0688566267490387,0.0707445964217186,0.09996211528778076,0.9689356684684753,0.6025186777114868,0.7845193147659302,0.07481911033391953,0.06867217272520065,0.07114413380622864,0.09866148978471756,0.9713715314865112,0.6017113327980042,0.7854958176612854,0.03980425000190735,0.04676302894949913,0.05889935791492462,0.0965423583984375
300,518,42,0.9926852583885193,0.7608364224433899,0.946735143661499,0.32187652587890625,0.31636446714401245,0.31703534722328186,0.3617745041847229,0.9794225692749023,0.6151096224784851,0.8134456872940063,0.05807402729988098,0.04974062368273735,0.0566042885184288,0.08617836982011795,0.9782021641731262,0.605984091758728,0.8105296492576599,0.07167460024356842,0.05840540677309036,0.06255635619163513,0.08959227055311203,0.9764922857284546,0.5875368714332581,0.8068225383758545,0.06474769860506058,0.05684664845466614,0.06376291066408157,0.09409001469612122
301,267,647,0.9880713224411011,0.7547428011894226,0.9252844452857971,0.34075766801834106,0.33817189931869507,0.35190752148628235,0.37861812114715576,0.9831896424293518,0.6307638883590698,0.8304687738418579,0.05580783262848854,0.058477140963077545,0.07248532027006149,0.09850899130105972,0.9817246198654175,0.6184306740760803,0.8260987401008606,0.054958127439022064,0.05993282422423363,0.06950610876083374,0.09729723632335663,0.9847304224967957,0.617709219455719,0.8274509310722351,0.045923952013254166,0.050497524440288544,0.06103160232305527,0.09057725965976715
302,997,783,0.9879631400108337,0.7088568210601807,0.9064106941223145,0.23841285705566406,0.22771836817264557,0.2361217439174652,0.2775840163230896,0.9816526770591736,0.6344746351242065,0.8173395991325378,0.047285888344049454,0.04576511308550835,0.05848238244652748,0.09323859214782715,0.9792773723602295,0.6257861852645874,0.8049830198287964,0.045115821063518524,0.044203076511621475,0.05753110349178314,0.09218761324882507,0.9785457849502563,0.629946231842041,0.8107465505599976,0.04349561035633087,0.04068618640303612,0.05694485455751419,0.09196493029594421
303,226,118,0.9880816340446472,0.7678466439247131,0.9290812015533447,0.3706219792366028,0.34782618284225464,0.34708303213119507,0.37878793478012085,0.9796677827835083,0.5961284637451172,0.7932455539703369,0.049994245171546936,0.04967297613620758,0.06605788320302963,0.09879813343286514,0.9811102747917175,0.598707377910614,0.801947295665741,0.05229010432958603,0.04897607862949371,0.061356522142887115,0.09628430753946304,0.9761355519294739,0.6086550354957581,0.8094908595085144,0.08130738884210587,0.0667724609375,0.07058345526456833,0.09689901024103165
304,513,160,0.9860089421272278,0.7140633463859558,0.9058027863502502,0.21242403984069824,0.20680871605873108,0.21980440616607666,0.26109498739242554,0.970831573009491,0.587541401386261,0.7725124359130859,0.0543450191617012,0.05614788457751274,0.06498918682336807,0.09214601665735245,0.9700084328651428,0.5909432172775269,0.7757045030593872,0.05760544165968895,0.05199594795703888,0.05888155475258827,0.09124549478292465,0.9823785424232483,0.6107192039489746,0.827277660369873,0.07651490718126297,0.06233225390315056,0.06686579436063766,0.09647006541490555
305,584,215,0.9870433807373047,0.7568319439888,0.9234286546707153,0.26969656348228455,0.2715083956718445,0.2931283712387085,0.3445000946521759,0.9796527624130249,0.609279453754425,0.8022350072860718,0.024862444028258324,0.03304378688335419,0.054154425859451294,0.09636497497558594,0.982431948184967,0.6201063394546509,0.8173382878303528,0.036852478981018066,0.04031822457909584,0.057572491466999054,0.10011528432369232,0.9828724265098572,0.6063612699508667,0.8286892175674438,0.027896398678421974,0.038227591663599014,0.0556904673576355,0.09474378824234009
306,848,309,0.9882999062538147,0.7738350033760071,0.9246442914009094,0.338508278131485,0.3470929265022278,0.35939913988113403,0.39090004563331604,0.9827461242675781,0.6245309114456177,0.8229178190231323,0.030258281156420708,0.04119035601615906,0.05588555708527565,0.08998076617717743,0.9837202429771423,0.6266456246376038,0.8289383053779602,0.033230941742658615,0.04157286137342453,0.05515344813466072,0.09003395587205887,0.9822106957435608,0.635204553604126,0.8289905190467834,0.051253292709589005,0.05379772186279297,0.06926237791776657,0.1046123057603836
307,866,597,0.9904842376708984,0.7111313939094543,0.9112834930419922,0.2172924429178238,0.21351495385169983,0.22112636268138885,0.260323703289032,0.9849588871002197,0.6258113980293274,0.8358854651451111,0.03711925819516182,0.04407862201333046,0.05770665779709816,0.09199151396751404,0.9850673079490662,0.6280903816223145,0.84100341796875,0.03267756104469299,0.04183661937713623,0.059228722006082535,0.09552596509456635,0.9852601289749146,0.6301882266998291,0.8360224366188049,0.03827989846467972,0.044858332723379135,0.05741197243332863,0.09207211434841156
308,658,225,0.9863561391830444,0.7783153057098389,0.9276734590530396,0.3384854793548584,0.3512827455997467,0.37467652559280396,0.4147507846355438,0.9767678380012512,0.6191150546073914,0.8102447986602783,0.05189912021160126,0.05772845447063446,0.0707731619477272,0.1024138554930687,0.9759544730186462,0.6178449392318726,0.8103636503219604,0.06499180197715759,0.06709323823451996,0.07474476844072342,0.1059982106089592,0.9810513854026794,0.6148699522018433,0.8250648379325867,0.07311059534549713,0.06591939181089401,0.07350673526525497,0.10261842608451843
309,402,408,0.9892489314079285,0.7202358245849609,0.911335825920105,0.22192099690437317,0.22035855054855347,0.24419543147087097,0.2872656583786011,0.9811264276504517,0.597363293170929,0.7991673350334167,0.034869302064180374,0.04379239305853844,0.05809666961431503,0.08986163139343262,0.9840641021728516,0.6058983206748962,0.8145370483398438,0.03938240930438042,0.04861907288432121,0.059856969863176346,0.09092465043067932,0.9811244010925293,0.6190725564956665,0.8161751627922058,0.04563702270388603,0.04713360220193863,0.061951130628585815,0.0973249077796936
310,52,264,0.99171382188797,0.7611132860183716,0.9406431317329407,0.3805774748325348,0.34811246395111084,0.34972697496414185,0.3730551302433014,0.977432370185852,0.5641040802001953,0.7902364730834961,0.040841687470674515,0.04960770532488823,0.06489451229572296,0.10011705011129379,0.9789062738418579,0.5889014601707458,0.8004227876663208,0.03612542524933815,0.04775494709610939,0.06257865577936172,0.09591347724199295,0.9744472503662109,0.6051811575889587,0.7985756993293762,0.045314934104681015,0.05088145658373833,0.06685584038496017,0.10025504231452942
311,197,887,0.984627366065979,0.7616950869560242,0.9220718145370483,0.4040956199169159,0.41869673132896423,0.42065900564193726,0.45246267318725586,0.9746926426887512,0.5802899599075317,0.7751363515853882,0.03228777274489403,0.04167617857456207,0.056127455085515976,0.08937013894319534,0.973067581653595,0.5830045938491821,0.7690303325653076,0.034608207643032074,0.04313794896006584,0.056191571056842804,0.08773486316204071,0.972713828086853,0.585823118686676,0.7808218002319336,0.051776107400655746,0.05431300774216652,0.06143755838274956,0.096346914768219
312,727,561,0.991940438747406,0.7629922032356262,0.934598445892334,0.3461920917034149,0.33074381947517395,0.34051501750946045,0.37222132086753845,0.9806870222091675,0.5790495872497559,0.8109778165817261,0.03349699825048447,0.04432671144604683,0.060821667313575745,0.0942435935139656,0.9811931848526001,0.5985652804374695,0.8139777779579163,0.031607355922460556,0.043364640325307846,0.061283376067876816,0.09788137674331665,0.9841469526290894,0.6206254363059998,0.8254512548446655,0.05723961815237999,0.052815474569797516,0.0599110946059227,0.09452048689126968
313,251,521,0.9922023415565491,0.7288944125175476,0.926095187664032,0.27301865816116333,0.29397767782211304,0.30623728036880493,0.34187978506088257,0.9846290349960327,0.6045762300491333,0.8167140483856201,0.0198880136013031,0.02659781090915203,0.04183540493249893,0.0799831822514534,0.9823476076126099,0.6146313548088074,0.8134921193122864,0.02111656963825226,0.03250790759921074,0.05312598496675491,0.09211061149835587,0.9819392561912537,0.6143605709075928,0.8065186142921448,0.03057725541293621,0.040716033428907394,0.05875006690621376,0.09467361122369766
314,501,839,0.9919105768203735,0.8083676695823669,0.9517126083374023,0.5132710337638855,0.49453526735305786,0.5148030519485474,0.5315322279930115,0.978341817855835,0.589160680770874,0.7908932566642761,0.09340257197618484,0.08042609691619873,0.07942994683980942,0.10260912775993347,0.9731361865997314,0.5780662894248962,0.7813366055488586,0.1103794202208519,0.09344283491373062,0.08989442884922028,0.11193811148405075,0.971882164478302,0.5704467296600342,0.7673155069351196,0.026701761409640312,0.03344389423727989,0.05118558183312416,0.09010723233222961
315,479,111,0.9930056929588318,0.8033071160316467,0.9484910368919373,0.46533629298210144,0.4386594891548157,0.43265706300735474,0.46166563034057617,0.9862307906150818,0.6145187020301819,0.8340750336647034,0.044274162501096725,0.04504731670022011,0.0566919669508934,0.09191673249006271,0.9836961030960083,0.6128076910972595,0.8267919421195984,0.04021424427628517,0.04513101652264595,0.057232119143009186,0.09338774532079697,0.9765350222587585,0.6167401671409607,0.7973493933677673,0.06476136296987534,0.05481540411710739,0.06259727478027344,0.0987352728843689
316,764,862,0.9822356104850769,0.75251704454422,0.9125186800956726,0.34165075421333313,0.3473808765411377,0.3705475926399231,0.4007478654384613,0.9762770533561707,0.5895789265632629,0.7887634634971619,0.03903605788946152,0.03739279881119728,0.051051657646894455,0.08863036334514618,0.9760727286338806,0.5879811644554138,0.7853468060493469,0.03951941803097725,0.039390213787555695,0.054404567927122116,0.09129903465509415,0.9794921875,0.5908417701721191,0.8023676872253418,0.032784052193164825,0.036831121891736984,0.049385517835617065,0.08310681581497192
317,792,124,0.995180070400238,0.8240474462509155,0.9707825183868408,0.5220471024513245,0.5656611919403076,0.5731579661369324,0.5831855535507202,0.9772678017616272,0.6177273988723755,0.8048368692398071,0.07233217358589172,0.07283467799425125,0.08021190762519836,0.10540711134672165,0.9784403443336487,0.6200470924377441,0.8086841106414795,0.09019223600625992,0.08083437383174896,0.08217205852270126,0.10829396545886993,0.9761958122253418,0.6108627915382385,0.7972866892814636,0.06417842209339142,0.06609861552715302,0.0720226988196373,0.10245262831449509
318,41,284,0.992304265499115,0.7676358819007874,0.942115306854248,0.31953632831573486,0.3239562213420868,0.3467218279838562,0.3897598683834076,0.9815673828125,0.6126171946525574,0.8127401471138,0.04652510583400726,0.04714500531554222,0.059596434235572815,0.09247151017189026,0.9840828776359558,0.6133965849876404,0.8261741995811462,0.05479477718472481,0.0540730357170105,0.061168085783720016,0.09222511202096939,0.9846934080123901,0.6260712742805481,0.8310796618461609,0.04813085496425629,0.05008905753493309,0.05947853624820709,0.09176137298345566
319,560,868,0.9907212257385254,0.6892044544219971,0.9155609607696533,0.25878849625587463,0.23966047167778015,0.24334751069545746,0.2824764549732208,0.9749155640602112,0.6151261925697327,0.787973165512085,0.04695620760321617,0.04825788363814354,0.06024450436234474,0.09769900143146515,0.9802643060684204,0.6239550709724426,0.8112099170684814,0.04571215435862541,0.04636874422430992,0.05809285491704941,0.09274881333112717,0.9817625284194946,0.6266350746154785,0.822784423828125,0.06360780447721481,0.05985365808010101,0.0650605633854866,0.09423377364873886
320,966,209,0.9930464625358582,0.7875445485115051,0.9541851282119751,0.3551802635192871,0.35889026522636414,0.384957879781723,0.43223583698272705,0.9712934494018555,0.5979662537574768,0.771020770072937,0.05406263470649719,0.0553220734000206,0.06573424488306046,0.09564251452684402,0.972221851348877,0.5940476655960083,0.7740262150764465,0.05116415023803711,0.04929571598768234,0.05886739864945412,0.09178145229816437,0.9773028492927551,0.6113836765289307,0.8017998337745667,0.05806805565953255,0.05574877932667732,0.0643761083483696,0.0975387915968895
321,523,948,0.997218906879425,0.8013138175010681,0.9646992683410645,0.47710463404655457,0.4437742233276367,0.43414631485939026,0.45500850677490234,0.9744365215301514,0.5873159766197205,0.7811302542686462,0.027440650388598442,0.0316864475607872,0.045955266803503036,0.08893086016178131,0.9780614376068115,0.6000709533691406,0.7941427230834961,0.03165775537490845,0.03393896669149399,0.05448971688747406,0.09256251156330109,0.9817037582397461,0.6167458891868591,0.8190489411354065,0.04449855908751488,0.05313493683934212,0.06393525749444962,0.10073758661746979
322,88,578,0.9878195524215698,0.7490399479866028,0.9216059446334839,0.31695929169654846,0.3035162091255188,0.3217030167579651,0.3605251908302307,0.9793615937232971,0.6085262298583984,0.8063397407531738,0.05603157728910446,0.04861731454730034,0.05967361107468605,0.09339800477027893,0.9799355268478394,0.6006481051445007,0.8066945672035217,0.04618411883711815,0.045561663806438446,0.05825826898217201,0.09333755075931549,0.9844846725463867,0.602789044380188,0.8220317363739014,0.07320231199264526,0.06981222331523895,0.07365325093269348,0.10565982013940811
323,274,292,0.986129105091095,0.7796241641044617,0.9371283054351807,0.508736252784729,0.5052413940429688,0.485945463180542,0.511429488658905,0.9758946895599365,0.5739921927452087,0.7807053327560425,0.05163899064064026,0.059356264770030975,0.059826936572790146,0.09414107352495193,0.9767090082168579,0.5708537101745605,0.7824326753616333,0.05516339838504791,0.06050371006131172,0.06412909179925919,0.09654472768306732,0.977234959602356,0.5805395841598511,0.7916802167892456,0.05049046501517296,0.04974570870399475,0.05511963367462158,0.09005743265151978
324,495,734,0.98956298828125,0.7196052670478821,0.9128237366676331,0.24707242846488953,0.23903188109397888,0.24298574030399323,0.2781166434288025,0.9860222339630127,0.6394346356391907,0.836837887763977,0.058110401034355164,0.055925797671079636,0.0681251659989357,0.09883088618516922,0.9859511256217957,0.6398454904556274,0.8384687304496765,0.05872458219528198,0.05992460250854492,0.07142925262451172,0.10251104086637497,0.9835108518600464,0.6235713958740234,0.8299935460090637,0.07446376234292984,0.06659718602895737,0.06967156380414963,0.09600406885147095
325,245,556,0.9903371334075928,0.7193588614463806,0.9175651669502258,0.1845233291387558,0.18682870268821716,0.205694779753685,0.2585189640522003,0.9757940769195557,0.5880789160728455,0.7898691892623901,0.03959030285477638,0.042553629726171494,0.056621238589286804,0.08965406566858292,0.978583037853241,0.6121096014976501,0.8055119514465332,0.05046365410089493,0.052042946219444275,0.058066725730895996,0.08962059020996094,0.98293137550354,0.6175159215927124,0.8242261409759521,0.02045394852757454,0.02747996896505356,0.045742217451334,0.08493310213088989
326,540,894,0.9920454621315002,0.7782579660415649,0.9507441520690918,0.33607760071754456,0.3720853626728058,0.39471155405044556,0.42157697677612305,0.9748625159263611,0.5954127907752991,0.7944329380989075,0.03414146602153778,0.04257718846201897,0.05731818825006485,0.09436840564012527,0.9766920208930969,0.6021615266799927,0.8005436062812805,0.050827234983444214,0.052369873970746994,0.06039475277066231,0.09731883555650711,0.976452112197876,0.5994663238525391,0.8005132079124451,0.05159531533718109,0.05401988700032234,0.06484539806842804,0.0985487625002861
327,46,242,0.9907992482185364,0.7640025019645691,0.9290338158607483,0.2701229453086853,0.2834753692150116,0.31597182154655457,0.3630754351615906,0.9763647317886353,0.6028711795806885,0.7929495573043823,0.024691080674529076,0.036526937037706375,0.05323384702205658,0.09203260391950607,0.9788908362388611,0.6106386184692383,0.804426372051239,0.03179910033941269,0.041205745190382004,0.0608489066362381,0.09736967086791992,0.986724317073822,0.6231958866119385,0.8390060663223267,0.05746973305940628,0.06048520654439926,0.07396004348993301,0.10483790189027786
328,572,491,0.9868864417076111,0.7267011404037476,0.9037566781044006,0.24461206793785095,0.24277912080287933,0.23744875192642212,0.268159419298172,0.9816928505897522,0.6264854073524475,0.8215146660804749,0.0554807111620903,0.0524175651371479,0.0637936219573021,0.09752842783927917,0.9808706045150757,0.6242098808288574,0.8204625844955444,0.058862362056970596,0.05555838719010353,0.06355276703834534,0.0953751727938652,0.9826105833053589,0.6267460584640503,0.8291751742362976,0.062290873378515244,0.05925155058503151,0.06867632269859314,0.09861482679843903
329,300,147,0.9908687472343445,0.7468012571334839,0.926685631275177,0.2528986632823944,0.2639178931713104,0.27897772192955017,0.32056382298469543,0.9784691333770752,0.6227800250053406,0.8151495456695557,0.0313602089881897,0.03735686093568802,0.05011295527219772,0.08297619223594666,0.9767652153968811,0.6093333959579468,0.802362322807312,0.02892221137881279,0.03547869995236397,0.04909800365567207,0.08400504291057587,0.9841433167457581,0.6295642256736755,0.8327163457870483,0.05261218547821045,0.0532752126455307,0.06499326974153519,0.10289265215396881
330,1,82,0.9881706237792969,0.7642017006874084,0.9285505414009094,0.3175698518753052,0.309933602809906,0.3331109285354614,0.3747442960739136,0.9826564788818359,0.6088449954986572,0.8120947480201721,0.05069119855761528,0.050549037754535675,0.061326853930950165,0.08954305201768875,0.9782052040100098,0.5449321269989014,0.8104589581489563,0.051638055592775345,0.05191604420542717,0.06284519284963608,0.09506047517061234,0.9857680201530457,0.6230860352516174,0.8319504857063293,0.04450520500540733,0.04013889655470848,0.05308563634753227,0.08806699514389038
331,481,755,0.9844735264778137,0.7810765504837036,0.9288997054100037,0.40337255597114563,0.40440741181373596,0.4165012538433075,0.45705705881118774,0.975678563117981,0.5979907512664795,0.7783272862434387,0.04409616068005562,0.04948149621486664,0.058279115706682205,0.08501982688903809,0.9769157767295837,0.5994497537612915,0.7810972332954407,0.036112602800130844,0.04193892702460289,0.05417777597904205,0.08823857456445694,0.9807944297790527,0.6040276288986206,0.803816020488739,0.043356914073228836,0.04331792891025543,0.052236635237932205,0.08557029813528061
332,740,939,0.9925380945205688,0.7420416474342346,0.9375733733177185,0.2966557443141937,0.28803712129592896,0.3029550015926361,0.3427073657512665,0.9793685674667358,0.6270355582237244,0.8144000172615051,0.043977219611406326,0.0505959652364254,0.06285537779331207,0.09531939774751663,0.9795264005661011,0.6204143166542053,0.8135213255882263,0.04942546412348747,0.05315225198864937,0.06274450570344925,0.09374691545963287,0.981695830821991,0.5847472548484802,0.8290815949440002,0.08156780153512955,0.07279626280069351,0.07484280318021774,0.10362733155488968
333,573,45,0.9830980896949768,0.7059515118598938,0.90008544921875,0.3792000412940979,0.32219013571739197,0.31018921732902527,0.33325958251953125,0.9676072597503662,0.5832672119140625,0.7674079537391663,0.05741617828607559,0.05195798724889755,0.05849340930581093,0.08869384229183197,0.9748488068580627,0.607918918132782,0.7956466674804688,0.07573000341653824,0.06225143000483513,0.06454829126596451,0.09288688749074936,0.9755092263221741,0.6172242164611816,0.8083732724189758,0.13450144231319427,0.10145772993564606,0.09182878583669662,0.11183545738458633
334,923,974,0.9908692836761475,0.807437002658844,0.9602326154708862,0.4379013478755951,0.454389750957489,0.4570607542991638,0.4844416677951813,0.980372965335846,0.5670695900917053,0.8230339884757996,0.057612597942352295,0.05905744805932045,0.06626264750957489,0.09766010195016861,0.9750138521194458,0.5560633540153503,0.8029047846794128,0.05925099179148674,0.057091981172561646,0.06614302098751068,0.09742207080125809,0.9679644703865051,0.5610161423683167,0.7745072841644287,0.06426037102937698,0.06127220019698143,0.06706530600786209,0.0984363928437233
335,170,316,0.9909698367118835,0.7583336234092712,0.9459284543991089,0.3249877691268921,0.3265472650527954,0.3286883533000946,0.37658175826072693,0.9757471680641174,0.584485650062561,0.7948288321495056,0.050526607781648636,0.04925420135259628,0.056815486401319504,0.09044410288333893,0.97166907787323,0.5776348114013672,0.7799901962280273,0.05042890086770058,0.04495571181178093,0.05550399795174599,0.09148064255714417,0.9707432985305786,0.5759875178337097,0.7717731595039368,0.060994576662778854,0.06092686578631401,0.06367546319961548,0.0928134098649025
336,492,575,0.9903498888015747,0.7365558743476868,0.9227932095527649,0.2554105222225189,0.24733130633831024,0.26278820633888245,0.3076540529727936,0.9845400452613831,0.615038275718689,0.829059898853302,0.04925106465816498,0.04909852147102356,0.057877667248249054,0.0892755538225174,0.9830144047737122,0.6190337538719177,0.83282470703125,0.06280238926410675,0.053576547652482986,0.06463773548603058,0.0961582213640213,0.9865429997444153,0.6246058940887451,0.8354673981666565,0.04154950752854347,0.042730335146188736,0.053457483649253845,0.0887606292963028
337,196,315,0.9916479587554932,0.7781291007995605,0.9377570152282715,0.44275906682014465,0.4180898666381836,0.42649045586586,0.4477732181549072,0.9774635434150696,0.5907205939292908,0.7787210941314697,0.03135569766163826,0.04258175194263458,0.06215530261397362,0.09329167753458023,0.9797911643981934,0.5982341766357422,0.7855520248413086,0.0349917970597744,0.047442805022001266,0.0595654658973217,0.0945822075009346,0.9873988032341003,0.6195094585418701,0.8175955414772034,0.03944689407944679,0.041784003376960754,0.051119107753038406,0.08772154897451401
338,730,112,0.9902894496917725,0.8194204568862915,0.946725070476532,0.4895884692668915,0.488910436630249,0.49240583181381226,0.5302720069885254,0.9829151034355164,0.608596920967102,0.820797324180603,0.051866333931684494,0.051942434161901474,0.06168641895055771,0.09640103578567505,0.9808017611503601,0.6044359803199768,0.8150253891944885,0.04985646530985832,0.04850460961461067,0.06282411515712738,0.09545489400625229,0.981704831123352,0.6221119165420532,0.8218039274215698,0.06303109973669052,0.05569871515035629,0.06410855799913406,0.09983412176370621
339,16,846,0.9883298277854919,0.740041196346283,0.9127101898193359,0.34820276498794556,0.30075889825820923,0.290763795375824,0.3179839551448822,0.9835076928138733,0.6296637654304504,0.8338503241539001,0.05165046453475952,0.05269018933176994,0.06314107030630112,0.095794178545475,0.9830952882766724,0.6349563598632812,0.8306323885917664,0.07466017454862595,0.06745415180921555,0.07021728903055191,0.09881038963794708,0.97749263048172,0.6034893989562988,0.8108424544334412,0.07482560724020004,0.06582493335008621,0.07200656831264496,0.10422265529632568
340,113,713,0.9845384955406189,0.7297481298446655,0.9182302355766296,0.220499187707901,0.23153607547283173,0.2563682198524475,0.3103434145450592,0.9733959436416626,0.595808207988739,0.792797863483429,0.028625205159187317,0.034015897661447525,0.04695403575897217,0.08412481844425201,0.9754832983016968,0.5748608708381653,0.8044487833976746,0.042306188493967056,0.042960554361343384,0.054739076644182205,0.08982685208320618,0.9735779166221619,0.5790080428123474,0.7939280271530151,0.04150950908660889,0.04691426455974579,0.05748416855931282,0.08876343071460724
341,594,217,0.9932615756988525,0.761418879032135,0.9396833181381226,0.2728389799594879,0.2715735137462616,0.2839582562446594,0.3267988860607147,0.9806618094444275,0.6298249363899231,0.8246079683303833,0.05456177517771721,0.05437121167778969,0.06818491965532303,0.10041482001543045,0.9828553795814514,0.635156512260437,0.8334431648254395,0.060689155012369156,0.058461062610149384,0.07278521358966827,0.10309640318155289,0.9825109243392944,0.6105114817619324,0.8109267950057983,0.055067528039216995,0.05724147707223892,0.06632931530475616,0.09683530777692795
342,786,39,0.9874557256698608,0.7253739237785339,0.9148970246315002,0.2217985987663269,0.2331494688987732,0.24754886329174042,0.2942708432674408,0.9803630113601685,0.6200093626976013,0.8219958543777466,0.05531284585595131,0.047177668660879135,0.05546224117279053,0.09384424984455109,0.978485107421875,0.6068155765533447,0.811535120010376,0.05192621424794197,0.045107584446668625,0.05504923313856125,0.09192740172147751,0.98537677526474,0.6173994541168213,0.8260425329208374,0.04042544215917587,0.03628678619861603,0.04469232261180878,0.07570842653512955
343,932,928,0.9889252781867981,0.7884615659713745,0.9404864311218262,0.42533278465270996,0.4740303158760071,0.5238461494445801,0.5457619428634644,0.9817743897438049,0.592728853225708,0.8025569319725037,0.02030254900455475,0.031008832156658173,0.05054362863302231,0.0945805087685585,0.9833850264549255,0.593124270439148,0.8048816323280334,0.022250806912779808,0.030920879915356636,0.05137815698981285,0.09620456397533417,0.9798155426979065,0.5837185978889465,0.7919882535934448,0.05180708318948746,0.05163899064064026,0.06693678349256516,0.09643001854419708
344,108,739,0.9906947612762451,0.768300473690033,0.9490571618080139,0.43363916873931885,0.4300580620765686,0.45708200335502625,0.49658748507499695,0.9778463840484619,0.5845672488212585,0.7884311676025391,0.0437173992395401,0.037584662437438965,0.04896903410553932,0.08672206848859787,0.9769237637519836,0.5715255737304688,0.7879607081413269,0.05653003230690956,0.04889306798577309,0.054879091680049896,0.0887216106057167,0.9803098440170288,0.5781984925270081,0.7896726131439209,0.06677434593439102,0.058797143399715424,0.06300576031208038,0.09072771668434143
345,139,253,0.9941753149032593,0.8028392791748047,0.9612099528312683,0.3458590507507324,0.37459492683410645,0.3917334973812103,0.4393746554851532,0.979141354560852,0.5849735140800476,0.8145576119422913,0.058501116931438446,0.052420083433389664,0.06149477884173393,0.09608551114797592,0.9818854331970215,0.592776358127594,0.8265716433525085,0.05627652630209923,0.05423588678240776,0.058764923363924026,0.09093320369720459,0.9764440059661865,0.6074289679527283,0.8001922369003296,0.04251376911997795,0.047796424478292465,0.05743192881345749,0.0876525416970253
346,474,21,0.9928368926048279,0.7692019939422607,0.9460620880126953,0.34119439125061035,0.35623741149902344,0.38007399439811707,0.41996055841445923,0.9811474084854126,0.604475200176239,0.8070879578590393,0.03696751967072487,0.038638677448034286,0.0508108027279377,0.08637452125549316,0.981354296207428,0.6105927228927612,0.8120761513710022,0.041238538920879364,0.039660241454839706,0.051806118339300156,0.09000781923532486,0.9842549562454224,0.6168653964996338,0.820123016834259,0.035305317491292953,0.04185020178556442,0.0545491948723793,0.09141335636377335
347,669,949,0.991481602191925,0.7514178156852722,0.9310018420219421,0.25533631443977356,0.2585950493812561,0.2858831286430359,0.3356090486049652,0.9757277369499207,0.602489173412323,0.7945850491523743,0.051854148507118225,0.051719050854444504,0.06388207525014877,0.09403639286756516,0.9800675511360168,0.6089732050895691,0.8094823360443115,0.05018632113933563,0.05349542573094368,0.06716747581958771,0.09795551002025604,0.980312168598175,0.6102611422538757,0.815002977848053,0.051027219742536545,0.045131832361221313,0.05427568778395653,0.0821625217795372
348,686,832,0.9918686151504517,0.7567376494407654,0.9333348274230957,0.38018983602523804,0.35224881768226624,0.340787410736084,0.35665082931518555,0.981992244720459,0.6228399276733398,0.8201524019241333,0.04341603070497513,0.05222899839282036,0.06254834681749344,0.09434051811695099,0.9828921556472778,0.6192888617515564,0.8257953524589539,0.04863592982292175,0.051348671317100525,0.06150970980525017,0.09209133684635162,0.9750643968582153,0.5995752811431885,0.7878398895263672,0.0398058146238327,0.044398050755262375,0.05726560205221176,0.09350024908781052
349,216,624,0.9928563833236694,0.7751545906066895,0.9510362148284912,0.42829403281211853,0.37272241711616516,0.3575388491153717,0.3903600573539734,0.9744748473167419,0.6089826822280884,0.7891324162483215,0.047313131392002106,0.044428203254938126,0.05486520007252693,0.08843755722045898,0.9717771410942078,0.6171444058418274,0.7920354604721069,0.07343155890703201,0.06575189530849457,0.0691399946808815,0.09691613912582397,0.9800238609313965,0.6247574687004089,0.8109631538391113,0.05431066080927849,0.05385874584317207,0.06691846251487732,0.10186823457479477
350,34,244,0.9930997490882874,0.8168370723724365,0.966079831123352,0.42749926447868347,0.4296834468841553,0.46537819504737854,0.5081886053085327,0.977010190486908,0.6259808540344238,0.8171656727790833,0.05681837722659111,0.054687000811100006,0.06520457565784454,0.10034500807523727,0.977013111114502,0.6106619238853455,0.8157868385314941,0.056241102516651154,0.05120839178562164,0.06464147567749023,0.10185453295707703,0.9824966192245483,0.6000460982322693,0.8088880181312561,0.04976363107562065,0.05022928863763809,0.0547538585960865,0.08766220510005951
351,461,915,0.9829451441764832,0.7253601551055908,0.9015111327171326,0.2249026745557785,0.2467605620622635,0.2804098129272461,0.3342606723308563,0.9797504544258118,0.5922535061836243,0.8019986152648926,0.024444667622447014,0.0345669761300087,0.050865624099969864,0.08370281755924225,0.9781787395477295,0.5978779792785645,0.7980042695999146,0.031025594100356102,0.03956545144319534,0.053407590836286545,0.08358228951692581,0.9798637628555298,0.5991119146347046,0.8062708973884583,0.02135525830090046,0.029500775039196014,0.0461418442428112,0.08132084459066391
352,588,829,0.98979651927948,0.7650794982910156,0.92828369140625,0.3283502459526062,0.298165887594223,0.30352267622947693,0.3435828387737274,0.9737300872802734,0.6021827459335327,0.7861827611923218,0.06311260163784027,0.05464904010295868,0.06018843874335289,0.09036058932542801,0.9774244427680969,0.6133856177330017,0.80692458152771,0.07498272508382797,0.062008317559957504,0.06376633048057556,0.0950995609164238,0.9784195423126221,0.6351467967033386,0.8156962394714355,0.04127553850412369,0.04434295371174812,0.05943775922060013,0.09447835385799408
353,156,447,0.9926203489303589,0.7486462593078613,0.9372565150260925,0.3117567002773285,0.3159550726413727,0.3291827440261841,0.3631661832332611,0.9840143918991089,0.617371141910553,0.8308270573616028,0.045865125954151154,0.05376838892698288,0.06592649221420288,0.10085055232048035,0.9852328300476074,0.6170995831489563,0.8281537294387817,0.04289498180150986,0.04979211837053299,0.06310947239398956,0.09978173673152924,0.9786944389343262,0.6202558279037476,0.8107616305351257,0.04968678951263428,0.05615716800093651,0.06969702988862991,0.10348962992429733
354,299,485,0.9866463541984558,0.639306366443634,0.8764773607254028,0.0868755355477333,0.09271510690450668,0.11199353635311127,0.15824604034423828,0.972606897354126,0.6070887446403503,0.7936130166053772,0.032052651047706604,0.03391484171152115,0.05320153012871742,0.0894443690776825,0.9808449745178223,0.627184271812439,0.8232969045639038,0.035178977996110916,0.038747143000364304,0.053111106157302856,0.08882222324609756,0.9819735884666443,0.5973737835884094,0.8258650302886963,0.03284085914492607,0.04144434630870819,0.058616217225790024,0.09359347075223923
355,186,784,0.9916949272155762,0.7564868330955505,0.9347299933433533,0.34857022762298584,0.34190502762794495,0.3564299941062927,0.39217159152030945,0.9825388789176941,0.6255616545677185,0.8264531493186951,0.046212296932935715,0.04931964725255966,0.06222397834062576,0.09789816290140152,0.9814622402191162,0.62523353099823,0.82236248254776,0.0534663051366806,0.05749254673719406,0.06948642432689667,0.10244628041982651,0.9841236472129822,0.6160764694213867,0.8298378586769104,0.06954559683799744,0.06781376153230667,0.07432832568883896,0.10363027453422546
356,629,711,0.9863685965538025,0.7216843366622925,0.9063700437545776,0.3358078598976135,0.30284354090690613,0.28660640120506287,0.31474533677101135,0.9766174554824829,0.6222031712532043,0.8170973062515259,0.08699222654104233,0.08090674877166748,0.09266746789216995,0.1291252076625824,0.9793137311935425,0.5988200902938843,0.827155351638794,0.11306554079055786,0.09546869248151779,0.10241863131523132,0.1376892626285553,0.9819797873497009,0.6086649298667908,0.8217946290969849,0.09276899695396423,0.07215002179145813,0.07284685224294662,0.10070467740297318
357,765,528,0.9895430207252502,0.8072261810302734,0.9401241540908813,0.4123600423336029,0.42829349637031555,0.46249231696128845,0.5008898973464966,0.98106849193573,0.6051083207130432,0.8098790645599365,0.03613458201289177,0.03369646519422531,0.04897956922650337,0.08811286836862564,0.9780657887458801,0.6007012128829956,0.7997206449508667,0.03403603658080101,0.035291846841573715,0.05025000497698784,0.08818361163139343,0.9810143113136292,0.6127387881278992,0.8125376105308533,0.046794816851615906,0.04284005984663963,0.05303281545639038,0.09030438959598541
358,962,258,0.990442156791687,0.707766592502594,0.9070562124252319,0.16473981738090515,0.16882877051830292,0.19019737839698792,0.24242287874221802,0.9805179238319397,0.6166378855705261,0.8172564506530762,0.05443375185132027,0.05537376180291176,0.0679972767829895,0.099232517182827,0.9854973554611206,0.6091313362121582,0.8416229486465454,0.047011248767375946,0.057613126933574677,0.06933219730854034,0.10430950671434402,0.9796307682991028,0.5984593033790588,0.7984147071838379,0.025280412286520004,0.03753237426280975,0.05166781693696976,0.08606081455945969
359,777,757,0.9937904477119446,0.7755928635597229,0.9538875818252563,0.3709696829319,0.3956674635410309,0.420880526304245,0.47270286083221436,0.9797086119651794,0.5889532566070557,0.7951976656913757,0.04397895187139511,0.04249395430088043,0.04957817867398262,0.08494215458631516,0.9769405126571655,0.5762141346931458,0.7911670804023743,0.04004577174782753,0.03990310803055763,0.05162791535258293,0.08662446588277817,0.9783422946929932,0.6034373641014099,0.8021939992904663,0.04804388806223869,0.05348727107048035,0.0632423534989357,0.09693807363510132
360,689,144,0.9879968166351318,0.7499265670776367,0.9207639098167419,0.2302108258008957,0.27213171124458313,0.3139239251613617,0.366621196269989,0.9883766174316406,0.6209434270858765,0.8456953763961792,0.013482468202710152,0.02226857654750347,0.04040319845080376,0.07556416094303131,0.9876219630241394,0.6285359263420105,0.845332145690918,0.020323358476161957,0.02828921377658844,0.04666627198457718,0.08205810934305191,0.9789067506790161,0.5957889556884766,0.8087906837463379,0.03752228617668152,0.04345979914069176,0.054578009992837906,0.09243538975715637
361,715,772,0.9913878440856934,0.7586519718170166,0.9405888915061951,0.3994837999343872,0.39641010761260986,0.36594924330711365,0.37831705808639526,0.9656069874763489,0.5987839102745056,0.7504972219467163,0.042087800800800323,0.05189015716314316,0.06374002993106842,0.0963682308793068,0.9691652655601501,0.5925788879394531,0.7667933702468872,0.06426291167736053,0.06564383208751678,0.07011251151561737,0.10299879312515259,0.978952944278717,0.6213509440422058,0.8244580626487732,0.13155819475650787,0.11661691963672638,0.1017642468214035,0.12188626080751419
362,498,223,0.9927049279212952,0.7396491765975952,0.9346423149108887,0.23040460050106049,0.2271357923746109,0.2514364719390869,0.299325168132782,0.9778191447257996,0.6019640564918518,0.8039410710334778,0.06038934364914894,0.05717785283923149,0.062494922429323196,0.0912812352180481,0.9759396910667419,0.6105201840400696,0.8004627227783203,0.05390486493706703,0.05063552036881447,0.05936836451292038,0.0908220112323761,0.9787705540657043,0.6176657676696777,0.8150169253349304,0.047611430287361145,0.04799945279955864,0.05983159691095352,0.08983218669891357
363,967,170,0.9862399697303772,0.7379649877548218,0.9250473976135254,0.3279646337032318,0.322828084230423,0.3395264148712158,0.3824107348918915,0.9766274094581604,0.5941811203956604,0.7957034707069397,0.014639170840382576,0.02891376055777073,0.054174937307834625,0.10184651613235474,0.9763181209564209,0.6095803380012512,0.8033734560012817,0.020530184730887413,0.03480831906199455,0.056815408170223236,0.09990265965461731,0.9766072630882263,0.5970940589904785,0.792689859867096,0.03746630996465683,0.044374387711286545,0.05291040614247322,0.08601482212543488
364,827,558,0.9879814982414246,0.7635288238525391,0.9263353943824768,0.37690359354019165,0.3720426559448242,0.3869418203830719,0.42236390709877014,0.9824224710464478,0.5981138944625854,0.8235216736793518,0.05392685905098915,0.053271953016519547,0.0598856545984745,0.09634962677955627,0.9787237048149109,0.6080083847045898,0.809640645980835,0.04796013608574867,0.051559846848249435,0.06243138387799263,0.0998852401971817,0.9738287925720215,0.603057861328125,0.7935497164726257,0.05942180007696152,0.055611561983823776,0.06407403200864792,0.09526139497756958
365,775,812,0.9932450652122498,0.7496299743652344,0.9339331388473511,0.3123815059661865,0.2975585162639618,0.298348605632782,0.3294033110141754,0.9858922958374023,0.6350809931755066,0.8332865238189697,0.05381633713841438,0.05534348636865616,0.062296636402606964,0.09192050248384476,0.9829586148262024,0.6353023052215576,0.822748601436615,0.04683169350028038,0.048832006752491,0.0611078254878521,0.0924125388264656,0.982917308807373,0.6297520399093628,0.8309476375579834,0.0731404647231102,0.0661715641617775,0.07200784981250763,0.10179653763771057
366,122,163,0.9926186800003052,0.7619636654853821,0.9366351366043091,0.2728581130504608,0.2715214788913727,0.2839011549949646,0.32773542404174805,0.9811028838157654,0.613660991191864,0.8123995661735535,0.05196773633360863,0.052376363426446915,0.0631810650229454,0.09313599765300751,0.9778719544410706,0.5997744202613831,0.8054271936416626,0.0551324263215065,0.0561349056661129,0.06625324487686157,0.09335342794656754,0.9773921370506287,0.6215803623199463,0.8109078407287598,0.07068787515163422,0.07193539291620255,0.07910659164190292,0.10549440234899521
367,933,955,0.9785616993904114,0.742159366607666,0.883662760257721,0.398260235786438,0.3821519911289215,0.3623654842376709,0.3772728443145752,0.9771769642829895,0.5906320214271545,0.7827672362327576,0.06023579463362694,0.06371306627988815,0.0709509328007698,0.09754547476768494,0.9775391221046448,0.5882583260536194,0.7929606437683105,0.050628241151571274,0.052966777235269547,0.06268870085477829,0.09223172068595886,0.9772253632545471,0.614632248878479,0.8013635873794556,0.0783478394150734,0.067569799721241,0.0687459334731102,0.09587446600198746
368,510,410,0.9889320731163025,0.7895572185516357,0.9483222961425781,0.5056619048118591,0.48807820677757263,0.4747595489025116,0.4974829852581024,0.9691159725189209,0.5809576511383057,0.7654496431350708,0.054635100066661835,0.060457635670900345,0.06610314548015594,0.0980241522192955,0.9698131680488586,0.5861114859580994,0.7665289640426636,0.05997685715556145,0.05683894827961922,0.06504194438457489,0.10024001449346542,0.9728983640670776,0.5840144157409668,0.7807533740997314,0.043689318001270294,0.05198284983634949,0.06117728352546692,0.09529479593038559
369,661,57,0.9886216521263123,0.7265998721122742,0.922079861164093,0.3311433494091034,0.31022223830223083,0.3152863085269928,0.3495141565799713,0.9840541481971741,0.6256608366966248,0.8296664357185364,0.04830976203083992,0.047146912664175034,0.05795890465378761,0.09141408652067184,0.9845365285873413,0.6327565312385559,0.835949718952179,0.056339096277952194,0.054089631885290146,0.06350743025541306,0.09404812008142471,0.9806572794914246,0.6242613196372986,0.8184646964073181,0.05635133385658264,0.055761560797691345,0.06210116669535637,0.09280405938625336
370,423,605,0.9886197447776794,0.7600113153457642,0.9213047027587891,0.3362204134464264,0.33740630745887756,0.35238492488861084,0.3864942491054535,0.9837336540222168,0.6101527214050293,0.8158820867538452,0.0383019782602787,0.04663184657692909,0.060301974415779114,0.09192737936973572,0.9870753884315491,0.6235946416854858,0.8282997608184814,0.04527362436056137,0.05704878643155098,0.0696113184094429,0.1024010106921196,0.9743190407752991,0.5911789536476135,0.7799549102783203,0.017705483362078667,0.029441941529512405,0.05054473876953125,0.09001052379608154
371,570,608,0.9907377362251282,0.757448673248291,0.9371013641357422,0.34003403782844543,0.3406647741794586,0.35071057081222534,0.3861445188522339,0.9807338714599609,0.6092119812965393,0.819789469242096,0.030863143503665924,0.0376492403447628,0.05181941017508507,0.0902266874909401,0.9829602837562561,0.6170715093612671,0.8243364691734314,0.028920387849211693,0.033377617597579956,0.04815046861767769,0.08836451917886734,0.9814168810844421,0.6188071370124817,0.8284342288970947,0.0406658872961998,0.04758477583527565,0.06232472136616707,0.09911584854125977
372,791,793,0.9898406863212585,0.7576200366020203,0.9243432283401489,0.31605175137519836,0.2988624572753906,0.30916374921798706,0.34641343355178833,0.9840264320373535,0.6347386240959167,0.8306463956832886,0.07919662445783615,0.07065490633249283,0.0774216428399086,0.10350990295410156,0.9827393293380737,0.6304501891136169,0.8273433446884155,0.07118203490972519,0.06439004838466644,0.07165572047233582,0.09947080165147781,0.9840020537376404,0.6353773474693298,0.8393405079841614,0.04290208965539932,0.04626665636897087,0.062073055654764175,0.09832500666379929
373,796,620,0.9881380796432495,0.7845301032066345,0.9505735039710999,0.41896095871925354,0.4028611481189728,0.41182267665863037,0.4407384693622589,0.9700798392295837,0.580641508102417,0.7769678831100464,0.05164159834384918,0.05406448617577553,0.06692300736904144,0.0948605015873909,0.9691597819328308,0.5835313200950623,0.780471920967102,0.054198332130908966,0.05404838174581528,0.06612119823694229,0.09423284977674484,0.9773058295249939,0.593965470790863,0.79735267162323,0.05851190909743309,0.05089427903294563,0.06253109872341156,0.09444985538721085
374,768,703,0.993969738483429,0.7910200953483582,0.9520246386528015,0.4019995629787445,0.4199562072753906,0.4112158715724945,0.44039642810821533,0.9840736985206604,0.6130485534667969,0.8201881051063538,0.032868288457393646,0.034251149743795395,0.051286667585372925,0.08512837439775467,0.9850772023200989,0.6213163137435913,0.8208293914794922,0.026607954874634743,0.03182187303900719,0.04719124361872673,0.08466800302267075,0.9797636866569519,0.6091433167457581,0.8107956647872925,0.04895135387778282,0.04591115191578865,0.05418691411614418,0.09105715900659561
375,432,612,0.9897667765617371,0.7761516571044922,0.9329338669776917,0.3814270496368408,0.38148847222328186,0.3830837607383728,0.4194992780685425,0.9841485619544983,0.618420422077179,0.8299973607063293,0.05523887276649475,0.05297638475894928,0.0657978355884552,0.10310781747102737,0.9854114651679993,0.625998318195343,0.8301234245300293,0.06522424519062042,0.057455092668533325,0.06432921439409256,0.0973094031214714,0.9789662957191467,0.5945450663566589,0.7933459877967834,0.025935715064406395,0.0333392508327961,0.0497732013463974,0.08894781768321991
376,91,37,0.9867612719535828,0.7171348333358765,0.9044201970100403,0.159754678606987,0.17482931911945343,0.20180417597293854,0.2502242922782898,0.984295666217804,0.601126492023468,0.8205291628837585,0.04162997379899025,0.04110237956047058,0.05762532353401184,0.0894407108426094,0.9840224981307983,0.5909435153007507,0.8140862584114075,0.036790743470191956,0.04236897453665733,0.0568106584250927,0.0876738652586937,0.984559178352356,0.6124727725982666,0.8258687257766724,0.032766833901405334,0.034688375890254974,0.04897868633270264,0.08715324103832245
377,166,359,0.9883454442024231,0.7108799815177917,0.9109434485435486,0.21170829236507416,0.20664750039577484,0.22462299466133118,0.270090252161026,0.9771933555603027,0.6166310906410217,0.8055750131607056,0.037447456270456314,0.041079189628362656,0.0544414296746254,0.08692716062068939,0.9779748320579529,0.603007972240448,0.8070790767669678,0.03343808650970459,0.03600439429283142,0.04949487745761871,0.08508405834436417,0.9819227457046509,0.6104391813278198,0.8150863647460938,0.027407489717006683,0.030682945623993874,0.05168638378381729,0.09343869239091873
378,617,90,0.9910128712654114,0.7195578217506409,0.9241734743118286,0.4656679928302765,0.4840777516365051,0.41758018732070923,0.40546587109565735,0.9819070100784302,0.6134883761405945,0.812188446521759,0.054322123527526855,0.0602300651371479,0.07311560958623886,0.10900459438562393,0.9837629199028015,0.6164395213127136,0.8159580230712891,0.05150054395198822,0.055571671575307846,0.07036434859037399,0.10654249042272568,0.9857783317565918,0.6192143559455872,0.8226938843727112,0.03971600532531738,0.04752422869205475,0.06682208925485611,0.09835992008447647
379,367,529,0.9886451959609985,0.7503454685211182,0.9189789295196533,0.4313676059246063,0.38770464062690735,0.3685264587402344,0.3844039738178253,0.9792613983154297,0.6161509156227112,0.8092184066772461,0.07338972389698029,0.06920614838600159,0.07775623351335526,0.10543238371610641,0.9749657511711121,0.6126819252967834,0.789020836353302,0.07510687410831451,0.06313126534223557,0.06839757412672043,0.09532268345355988,0.9838272333145142,0.6210892796516418,0.8266388773918152,0.08321497589349747,0.06817108392715454,0.07759372889995575,0.10418375581502914
380,890,520,0.9870943427085876,0.7318320870399475,0.9070200324058533,0.33664265275001526,0.2949589788913727,0.29095345735549927,0.3191486597061157,0.9815478920936584,0.6108832955360413,0.819729745388031,0.060676850378513336,0.06352066248655319,0.07539790868759155,0.10696789622306824,0.9853211641311646,0.6300512552261353,0.8381643891334534,0.06720791012048721,0.06620405614376068,0.07627210021018982,0.10856209695339203,0.984438955783844,0.6071304082870483,0.8264855742454529,0.04644221439957619,0.04764004051685333,0.05961543694138527,0.09445126354694366
381,741,656,0.9853496551513672,0.6919450163841248,0.9056086540222168,0.20183254778385162,0.20583534240722656,0.2258567363023758,0.2770802080631256,0.9753795862197876,0.6055905222892761,0.8034549355506897,0.045506659895181656,0.04457797855138779,0.05173185467720032,0.0867723748087883,0.9722633957862854,0.6032737493515015,0.7940361499786377,0.047862257808446884,0.04495454579591751,0.05512481555342674,0.09031171351671219,0.9795824885368347,0.6101193428039551,0.8187847137451172,0.06843385100364685,0.061819594353437424,0.06876365095376968,0.10073980689048767
382,284,774,0.9892314672470093,0.7007949352264404,0.910300076007843,0.25984469056129456,0.22323526442050934,0.2294093817472458,0.2581176459789276,0.9823667407035828,0.6349548101425171,0.8299061059951782,0.05485394969582558,0.052670642733573914,0.06115102022886276,0.09424128383398056,0.9817703366279602,0.6375293731689453,0.8291598558425903,0.07510344684123993,0.059414710849523544,0.061750590801239014,0.09399349987506866,0.9740978479385376,0.5949563980102539,0.7919008731842041,0.03770865499973297,0.04163588583469391,0.057133838534355164,0.09424219280481339
383,310,404,0.9857780337333679,0.7673652768135071,0.9133283495903015,0.4759945273399353,0.4123455286026001,0.3728242516517639,0.38313865661621094,0.9788961410522461,0.6068311333656311,0.8089754581451416,0.09053068608045578,0.0819549709558487,0.08048596978187561,0.10266873985528946,0.9786389470100403,0.6133548021316528,0.8067499995231628,0.10453386604785919,0.09229224175214767,0.08977427333593369,0.1125016063451767,0.9726840853691101,0.589694619178772,0.7870920896530151,0.0650257021188736,0.0695328414440155,0.07346915453672409,0.10565376281738281
384,825,847,0.9918064475059509,0.7617592215538025,0.9336922764778137,0.36046886444091797,0.31310033798217773,0.31329071521759033,0.34684619307518005,0.9820348620414734,0.6116859316825867,0.8202589154243469,0.05228507146239281,0.05490221828222275,0.06681773066520691,0.09576130658388138,0.9816840887069702,0.6024530529975891,0.819423258304596,0.05532185360789299,0.057638537138700485,0.06880468875169754,0.09785038232803345,0.9717764258384705,0.5701900720596313,0.7733190059661865,0.048683565109968185,0.05457495525479317,0.061679594218730927,0.09163420647382736
385,541,726,0.9911489486694336,0.7808023691177368,0.9396466612815857,0.2556717097759247,0.281248539686203,0.31378746032714844,0.36405032873153687,0.9888420701026917,0.6333084106445312,0.8540804982185364,0.031220771372318268,0.039990462362766266,0.05565861985087395,0.09150245785713196,0.9889734983444214,0.6195767521858215,0.8547292947769165,0.030045296996831894,0.038164764642715454,0.054146330803632736,0.09169895946979523,0.98418128490448,0.6209282279014587,0.8298221230506897,0.025567451491951942,0.03220851346850395,0.0504782572388649,0.08797068148851395
386,656,414,0.9867111444473267,0.6919695734977722,0.890618622303009,0.19340327382087708,0.18051275610923767,0.18665862083435059,0.2261584848165512,0.9868630170822144,0.6304075121879578,0.8410657644271851,0.05383079871535301,0.05298691615462303,0.05879327282309532,0.09074968099594116,0.9858351349830627,0.6245608925819397,0.8394172787666321,0.07434272021055222,0.06405749171972275,0.06519423425197601,0.09459199756383896,0.9812989234924316,0.6212193369865417,0.8189364075660706,0.05638504773378372,0.05384206771850586,0.06387214362621307,0.0958331897854805
387,728,280,0.9918344020843506,0.7700332999229431,0.9513211846351624,0.38030627369880676,0.37177103757858276,0.3721267580986023,0.40478938817977905,0.9732760787010193,0.5843874216079712,0.7834376096725464,0.043675120919942856,0.04313795268535614,0.0504598505795002,0.08232799917459488,0.9762616753578186,0.5924672484397888,0.798553466796875,0.04321588575839996,0.046174611896276474,0.05334869772195816,0.08449191600084305,0.9751243591308594,0.5917972326278687,0.7842486500740051,0.0628899410367012,0.05359124019742012,0.06209743022918701,0.09824836254119873
388,802,854,0.9905202388763428,0.6995699405670166,0.9095149040222168,0.22688893973827362,0.21792593598365784,0.22924239933490753,0.2672610282897949,0.9824222326278687,0.6069408059120178,0.8153868317604065,0.03118761070072651,0.037204936146736145,0.05031408369541168,0.08982539176940918,0.9792732000350952,0.601582407951355,0.8057847023010254,0.03308911249041557,0.03678080812096596,0.04982169717550278,0.08893588185310364,0.9759895205497742,0.5948078036308289,0.7987686395645142,0.04258041828870773,0.0502924770116806,0.06183639541268349,0.09190264344215393
389,286,508,0.9939115643501282,0.7365725636482239,0.9381577968597412,0.3167305588722229,0.292225182056427,0.2883342504501343,0.3185800611972809,0.9699699282646179,0.571419894695282,0.7714912295341492,0.05196065083146095,0.059533048421144485,0.06727674603462219,0.09869395941495895,0.971527636051178,0.5857521295547485,0.7800077795982361,0.05787583068013191,0.061339206993579865,0.06874421238899231,0.10066631436347961,0.9835399389266968,0.6153804659843445,0.8293473720550537,0.06105592101812363,0.059819795191287994,0.0655471608042717,0.09813477843999863
390,943,318,0.9893307089805603,0.7651258111000061,0.929140031337738,0.30294308066368103,0.29291805624961853,0.31185123324394226,0.3530136048793793,0.9812328219413757,0.6209186315536499,0.8218179941177368,0.03571518510580063,0.035235580056905746,0.048084910959005356,0.08454824984073639,0.9850667715072632,0.6248614192008972,0.8365820646286011,0.0361059308052063,0.034218963235616684,0.04896453022956848,0.08727696537971497,0.9865787625312805,0.6305988430976868,0.837418258190155,0.049418672919273376,0.04719828441739082,0.056601084768772125,0.09136388450860977
391,65,488,0.9870530366897583,0.764230489730835,0.9206090569496155,0.3205837905406952,0.3306197226047516,0.33837640285491943,0.3769717514514923,0.9835869669914246,0.6198522448539734,0.8334879279136658,0.05672026053071022,0.057388629764318466,0.06734012812376022,0.09702137112617493,0.9851545691490173,0.6147493720054626,0.8381764888763428,0.04637487977743149,0.05342777818441391,0.06383521854877472,0.09495611488819122,0.9830711483955383,0.612511157989502,0.8240385055541992,0.077679343521595,0.06433296948671341,0.06598162651062012,0.09329850226640701
392,159,211,0.9870376586914062,0.6993443965911865,0.9070775508880615,0.2139255851507187,0.22159259021282196,0.24127298593521118,0.2920798063278198,0.9745369553565979,0.5987086296081543,0.7959325909614563,0.06255986541509628,0.058903321623802185,0.06663262099027634,0.09757382422685623,0.9736953973770142,0.5812185406684875,0.7958567142486572,0.0620235800743103,0.0608799122273922,0.06793594360351562,0.09899476170539856,0.9808668494224548,0.6115447878837585,0.8152560591697693,0.06134480610489845,0.05434305593371391,0.06568552553653717,0.09791455417871475
393,191,103,0.9914438724517822,0.7454397678375244,0.9354531168937683,0.4340653717517853,0.3725226819515228,0.3633480668067932,0.38148197531700134,0.9839071035385132,0.6060557961463928,0.821601152420044,0.07581451535224915,0.06841151416301727,0.07068713009357452,0.09717189520597458,0.9846940040588379,0.6188062429428101,0.8302509188652039,0.07193092256784439,0.06648900359869003,0.07101687788963318,0.09943273663520813,0.9820333123207092,0.6028324961662292,0.8108507990837097,0.08331742137670517,0.06422845274209976,0.06592857092618942,0.09405848383903503
394,412,623,0.9943049550056458,0.8037763237953186,0.9595962762832642,0.480922132730484,0.48328888416290283,0.47104012966156006,0.49770283699035645,0.9856417775154114,0.60151606798172,0.815886914730072,0.02590806595981121,0.031263817101716995,0.046934824436903,0.08038187772035599,0.9852668642997742,0.6033248901367188,0.8184605836868286,0.025439325720071793,0.03392913192510605,0.04878607392311096,0.08270397782325745,0.9817056059837341,0.5866101384162903,0.7987174987792969,0.031763892620801926,0.03632555902004242,0.053163688629865646,0.08785679936408997
395,597,271,0.9896581172943115,0.7341408133506775,0.9156976342201233,0.27197563648223877,0.24976450204849243,0.2553221583366394,0.2873559892177582,0.9840105772018433,0.6346067786216736,0.8297184109687805,0.05978373810648918,0.055769920349121094,0.06833534687757492,0.09771111607551575,0.9818878173828125,0.6346827149391174,0.822151780128479,0.07200784981250763,0.06911558657884598,0.07882079482078552,0.10769608616828918,0.9785634279251099,0.6138442158699036,0.8087503910064697,0.05339745059609413,0.04874939098954201,0.056782808154821396,0.08925076574087143
396,448,260,0.9923285245895386,0.8365125060081482,0.9657815098762512,0.5148656964302063,0.49601230025291443,0.5032522678375244,0.5428152680397034,0.9792661070823669,0.616656482219696,0.8140344023704529,0.06621968001127243,0.05836499482393265,0.061366017907857895,0.08900900930166245,0.9793617725372314,0.6145716309547424,0.8116801381111145,0.05732908844947815,0.055500779300928116,0.064224474132061,0.09462710469961166,0.980675995349884,0.6083893179893494,0.8217287659645081,0.06430145353078842,0.05597197264432907,0.06772921234369278,0.10257763415575027
397,833,59,0.9929797649383545,0.7990507483482361,0.9534748196601868,0.4399634301662445,0.41802459955215454,0.4108768701553345,0.44119012355804443,0.9859836101531982,0.6199904084205627,0.8344277143478394,0.07404880970716476,0.06623729318380356,0.07064175605773926,0.09875117987394333,0.983596682548523,0.6202417612075806,0.8262304067611694,0.06878197938203812,0.06560831516981125,0.07073478400707245,0.09902217984199524,0.9813367128372192,0.608032763004303,0.8246215581893921,0.08020279556512833,0.07461055368185043,0.0790984034538269,0.10863546282052994
398,89,105,0.9856328964233398,0.7224854826927185,0.8944125771522522,0.2967093288898468,0.28259843587875366,0.27713942527770996,0.3049578368663788,0.9806292653083801,0.6297367215156555,0.8203656673431396,0.07591526955366135,0.06769804656505585,0.07177857309579849,0.10299289226531982,0.9827514886856079,0.6280938386917114,0.8261024355888367,0.07391367107629776,0.06744953244924545,0.07374938577413559,0.1031179279088974,0.9773774147033691,0.5948283076286316,0.805627703666687,0.06988262385129929,0.062169842422008514,0.0688929557800293,0.09972693771123886
399,951,466,0.9889255166053772,0.7781708240509033,0.9343374967575073,0.4473426043987274,0.40954768657684326,0.40718933939933777,0.42582300305366516,0.9794660210609436,0.6086673140525818,0.8029372096061707,0.0755046010017395,0.07312560826539993,0.07481536269187927,0.0994429662823677,0.9816964268684387,0.6163795590400696,0.81162029504776,0.07884584367275238,0.06917401403188705,0.07420431077480316,0.10003071278333664,0.9845129251480103,0.6234158873558044,0.8252049684524536,0.06803256273269653,0.06334614008665085,0.07099606096744537,0.09839947521686554
400,276,551,0.9867231845855713,0.6470940709114075,0.8648802638053894,0.1329500377178192,0.13235126435756683,0.16122184693813324,0.20600610971450806,0.9830439686775208,0.6015816330909729,0.8170408606529236,0.05841630697250366,0.048990581184625626,0.05972933769226074,0.09739192575216293,0.9849180579185486,0.6082796454429626,0.8217852711677551,0.05172099173069,0.04424423351883888,0.05444931983947754,0.09294542670249939,0.9787931442260742,0.5952032804489136,0.8008992075920105,0.06124480441212654,0.06024530902504921,0.07094478607177734,0.10052498430013657
401,496,437,0.9863441586494446,0.7726824283599854,0.9252962470054626,0.34408193826675415,0.33870929479599,0.35555577278137207,0.3890415132045746,0.9807496666908264,0.6230310797691345,0.8229806423187256,0.05229752138257027,0.04769672080874443,0.05935659259557724,0.09709911048412323,0.9816822409629822,0.6285090446472168,0.8296906352043152,0.050913624465465546,0.04630306735634804,0.058326009660959244,0.09719812124967575,0.9800573587417603,0.6283363103866577,0.8200451135635376,0.0556291826069355,0.05696761608123779,0.06881972402334213,0.09970440715551376
402,29,496,0.9902390241622925,0.8138718605041504,0.9490514397621155,0.5891607403755188,0.5465062260627747,0.5120689272880554,0.5303494334220886,0.9735941886901855,0.5969272255897522,0.7779256701469421,0.05374430492520332,0.05869345739483833,0.06569711118936539,0.09439084678888321,0.9765304327011108,0.6040487289428711,0.7896897792816162,0.04459015652537346,0.05803297832608223,0.06611441820859909,0.09373857080936432,0.9806755185127258,0.6054204106330872,0.8126299381256104,0.07292956113815308,0.06745943427085876,0.0700567364692688,0.09851974993944168
403,993,156,0.9900304079055786,0.787117600440979,0.9368064999580383,0.3658563196659088,0.36144593358039856,0.38374918699264526,0.4198935925960541,0.9758230447769165,0.5889506936073303,0.7970475554466248,0.05326678603887558,0.05315186083316803,0.06238773837685585,0.09397728741168976,0.9718948602676392,0.5691211223602295,0.7870302796363831,0.05484523996710777,0.0526772104203701,0.0628994032740593,0.0950842872262001,0.9809688329696655,0.6152286529541016,0.8171433210372925,0.0311113428324461,0.03975258395075798,0.056787751615047455,0.09492753446102142
404,415,24,0.9951574802398682,0.7390545010566711,0.9466476440429688,0.3404827415943146,0.33957627415657043,0.32322654128074646,0.34308740496635437,0.9800682663917542,0.6187854409217834,0.8143831491470337,0.05204886570572853,0.053605541586875916,0.0633876845240593,0.09746784716844559,0.9801745414733887,0.6147722601890564,0.8110405802726746,0.05080532282590866,0.049501992762088776,0.06105706840753555,0.09560324251651764,0.977654755115509,0.5976195931434631,0.7943738698959351,0.0418589785695076,0.044804319739341736,0.05865030735731125,0.09430937469005585
405,644,394,0.9843217134475708,0.6914716362953186,0.8864662051200867,0.30133697390556335,0.2674653232097626,0.2706526517868042,0.29744458198547363,0.9795088171958923,0.5911707282066345,0.7852286100387573,0.06754855811595917,0.056629013270139694,0.06599178165197372,0.09817362576723099,0.9749644994735718,0.5933524966239929,0.7705193758010864,0.0584208220243454,0.04968022555112839,0.06039333716034889,0.09041843563318253,0.9837996363639832,0.5802847146987915,0.7987735867500305,0.02636752836406231,0.030320869758725166,0.044720686972141266,0.08577856421470642
406,734,922,0.983335018157959,0.6979621648788452,0.8899691700935364,0.21161673963069916,0.1945805549621582,0.21408595144748688,0.2612246870994568,0.9835317134857178,0.6028303503990173,0.8230403661727905,0.035651858896017075,0.03957579657435417,0.04871181398630142,0.08150479942560196,0.981392502784729,0.5817403793334961,0.8155449032783508,0.059321340173482895,0.0510556623339653,0.05793062970042229,0.08653847128152847,0.9779837131500244,0.5960564613342285,0.8086711764335632,0.05500369146466255,0.06045771390199661,0.06647387146949768,0.09560240060091019
407,271,860,0.9845165014266968,0.7280652523040771,0.9045047760009766,0.30357274413108826,0.3211451768875122,0.33081409335136414,0.38299980759620667,0.9742674231529236,0.5643228888511658,0.7696530222892761,0.022864272817969322,0.03144469112157822,0.04422169551253319,0.07980489730834961,0.9738582372665405,0.5807073712348938,0.7761511206626892,0.021201975643634796,0.02797894924879074,0.04093753919005394,0.07846885174512863,0.9820551872253418,0.597506582736969,0.8022398352622986,0.032554153352975845,0.04446247220039368,0.055844854563474655,0.0862509086728096
408,167,879,0.9867371320724487,0.7681075930595398,0.9262198209762573,0.3914850652217865,0.3768276572227478,0.3974384367465973,0.41701292991638184,0.9670268297195435,0.5787661075592041,0.7629914283752441,0.05882032960653305,0.057839907705783844,0.06807158142328262,0.09865707904100418,0.9700448513031006,0.586574912071228,0.7743389010429382,0.06273160874843597,0.057415202260017395,0.0688900575041771,0.09927397966384888,0.9797503352165222,0.6203785538673401,0.8147442936897278,0.0937272384762764,0.08360724151134491,0.08719827234745026,0.11197882145643234
409,320,897,0.9931055903434753,0.7630677223205566,0.938997745513916,0.3551626205444336,0.3456023931503296,0.3675616383552551,0.399018257856369,0.9782535433769226,0.6054991483688354,0.8033728003501892,0.042597949504852295,0.04784297198057175,0.06588713079690933,0.10316319018602371,0.9772380590438843,0.6129401922225952,0.8048160672187805,0.049770306795835495,0.05277431011199951,0.06932103633880615,0.1035747081041336,0.9837384819984436,0.6151732802391052,0.8214964270591736,0.05303255468606949,0.05531901493668556,0.06815547496080399,0.10317841917276382
410,435,914,0.990659236907959,0.7448374032974243,0.924745500087738,0.2604994773864746,0.2782340347766876,0.2950378656387329,0.32389023900032043,0.9824015498161316,0.6292163729667664,0.825513482093811,0.06714992225170135,0.07079249620437622,0.07688351720571518,0.10858826339244843,0.9823060035705566,0.6240127086639404,0.822644829750061,0.07389651983976364,0.07329879701137543,0.07987900823354721,0.11123047769069672,0.9815247058868408,0.6364628672599792,0.8263942003250122,0.05756545439362526,0.06134166568517685,0.07381599396467209,0.10781729966402054
411,954,564,0.9923973679542542,0.772090494632721,0.938060998916626,0.34472596645355225,0.33903437852859497,0.3360259234905243,0.3719103932380676,0.9832631349563599,0.6248220205307007,0.8282181620597839,0.053054727613925934,0.05640218034386635,0.06862147897481918,0.10488497465848923,0.9820338487625122,0.6209359169006348,0.8220797181129456,0.05036786571145058,0.05649387091398239,0.07171420007944107,0.10799724608659744,0.9811480045318604,0.6111117005348206,0.8162984848022461,0.039874326437711716,0.04449194297194481,0.060291677713394165,0.09422849118709564
412,211,269,0.9899543523788452,0.7461705207824707,0.9273092746734619,0.2922113835811615,0.28586164116859436,0.31358978152275085,0.36178073287010193,0.9807144999504089,0.5984060764312744,0.8061714768409729,0.019862614572048187,0.026058396324515343,0.042195700109004974,0.07980010658502579,0.9824984669685364,0.6137713193893433,0.813537061214447,0.027565917000174522,0.03315415233373642,0.04871278256177902,0.08650624752044678,0.9821928143501282,0.6020763516426086,0.8092049360275269,0.039516862481832504,0.04475460946559906,0.05765468254685402,0.08567295968532562
413,898,199,0.9965704083442688,0.775637686252594,0.9603193402290344,0.3746515214443207,0.36595359444618225,0.37915778160095215,0.4131552278995514,0.9757238626480103,0.6037203073501587,0.7893824577331543,0.06988190114498138,0.05913205072283745,0.06967271119356155,0.1018105000257492,0.9755465388298035,0.6107842326164246,0.7947988510131836,0.06559649854898453,0.05712655931711197,0.06614388525485992,0.1010235920548439,0.9791460633277893,0.6114732623100281,0.797418475151062,0.03641131892800331,0.03859046474099159,0.05882041156291962,0.09463578462600708
414,520,875,0.9814683198928833,0.7597073912620544,0.8969593048095703,0.3394918441772461,0.3238649368286133,0.3338507115840912,0.3688032925128937,0.9822274446487427,0.6106328964233398,0.815967857837677,0.03362079709768295,0.0441884882748127,0.05895527824759483,0.09286816418170929,0.9857615828514099,0.6212435960769653,0.8305855393409729,0.031057853251695633,0.04045938327908516,0.0570637583732605,0.0873212218284607,0.9801420569419861,0.6223284006118774,0.8180404305458069,0.025498203933238983,0.029701661318540573,0.05146067216992378,0.08998534083366394
415,902,475,0.9901764392852783,0.7487749457359314,0.9259344339370728,0.2770061194896698,0.2897348999977112,0.3062824010848999,0.33793243765830994,0.9732829332351685,0.598246157169342,0.7885652780532837,0.04704217240214348,0.048367537558078766,0.0630028024315834,0.10046937316656113,0.9745870232582092,0.60444575548172,0.7970705628395081,0.052725888788700104,0.05211090296506882,0.06388134509325027,0.10087306052446365,0.9801251888275146,0.6181464195251465,0.8152099251747131,0.06252337247133255,0.061895787715911865,0.06878210604190826,0.09888027608394623
416,74,46,0.9914815425872803,0.7761918306350708,0.9360514283180237,0.36509642004966736,0.3730248212814331,0.3871690630912781,0.4235738515853882,0.9807488322257996,0.6102755069732666,0.8035418391227722,0.03132966160774231,0.03865145146846771,0.05765607953071594,0.09281044453382492,0.9863200783729553,0.6179678440093994,0.8274269700050354,0.03646344691514969,0.04636180400848389,0.06321847438812256,0.09850852191448212,0.9784436821937561,0.5980329513549805,0.7894223928451538,0.0188637413084507,0.028165390715003014,0.048183031380176544,0.09015863388776779
417,269,522,0.9876788258552551,0.7529678344726562,0.9291834235191345,0.29856693744659424,0.3029533624649048,0.33176931738853455,0.3740759789943695,0.9785987734794617,0.585189700126648,0.7963639497756958,0.04073130711913109,0.0466778464615345,0.06035223603248596,0.09270358085632324,0.9752131700515747,0.5945908427238464,0.7844457626342773,0.033278688788414,0.039067015051841736,0.055071208626031876,0.08935420215129852,0.9786174893379211,0.6098435521125793,0.7978373765945435,0.03345551714301109,0.04204000532627106,0.05755787342786789,0.09076373279094696
418,464,604,0.9943655729293823,0.8125060796737671,0.9637784957885742,0.43254369497299194,0.42127373814582825,0.4380979537963867,0.47456857562065125,0.9788864850997925,0.6193224787712097,0.8064042329788208,0.0438271127641201,0.046484604477882385,0.06103149428963661,0.0953105017542839,0.9791894555091858,0.6178445219993591,0.8056760430335999,0.04187988117337227,0.04438493028283119,0.05648961290717125,0.09145968407392502,0.9786043763160706,0.5951268076896667,0.7959113717079163,0.056366365402936935,0.05358953773975372,0.06384607404470444,0.09566573798656464
419,694,787,0.9901906251907349,0.7657210230827332,0.9371165037155151,0.32051682472229004,0.32105037569999695,0.34201371669769287,0.39024618268013,0.9787209033966064,0.6126197576522827,0.801191508769989,0.0322783924639225,0.03785637021064758,0.05123334750533104,0.08842287957668304,0.9805875420570374,0.6176353096961975,0.8086508512496948,0.03368736431002617,0.03701825812458992,0.05117961764335632,0.09107700735330582,0.9680036902427673,0.5963249206542969,0.7666949033737183,0.03738972917199135,0.04331156611442566,0.055935245007276535,0.0880482941865921
420,913,326,0.9891626834869385,0.7109487056732178,0.9081342816352844,0.23571842908859253,0.21805021166801453,0.21624284982681274,0.2561715841293335,0.9804973602294922,0.6219831109046936,0.815628707408905,0.05961425229907036,0.052924416959285736,0.05825231969356537,0.08780607581138611,0.9790637493133545,0.6190552711486816,0.8121734857559204,0.05590761825442314,0.05359931290149689,0.06010814011096954,0.09241241961717606,0.9742807745933533,0.6058666110038757,0.795656144618988,0.055839166045188904,0.05606255307793617,0.06564068049192429,0.09722353518009186
421,593,165,0.9930504560470581,0.7374961972236633,0.9377586245536804,0.3648645877838135,0.34948113560676575,0.3243591785430908,0.3456248641014099,0.9805827140808105,0.5900339484214783,0.795367956161499,0.045253582298755646,0.049695540219545364,0.07033249735832214,0.10863747447729111,0.9819122552871704,0.6082563400268555,0.818294882774353,0.07169882208108902,0.0686250850558281,0.07934936881065369,0.10843557119369507,0.9850627183914185,0.6187354922294617,0.8284299373626709,0.041266459971666336,0.04913020506501198,0.0631757453083992,0.09674451500177383
422,147,885,0.9833051562309265,0.7452877163887024,0.9045881628990173,0.27850955724716187,0.2625146210193634,0.27872467041015625,0.3184211850166321,0.979867160320282,0.6140798330307007,0.810695230960846,0.04188838228583336,0.04247831553220749,0.05721171945333481,0.09264504164457321,0.9811775088310242,0.6191218495368958,0.8167701959609985,0.052581287920475006,0.04831664636731148,0.06016416847705841,0.09319783002138138,0.9792821407318115,0.6248342394828796,0.8137757778167725,0.056582070887088776,0.05503059923648834,0.06390803307294846,0.09742172807455063
423,804,265,0.9863619804382324,0.7159191966056824,0.9029911160469055,0.32932883501052856,0.29771867394447327,0.2780283987522125,0.30704179406166077,0.980537474155426,0.6345710754394531,0.8254114389419556,0.10322084277868271,0.0930904820561409,0.09750243276357651,0.12383764237165451,0.981366753578186,0.6313069462776184,0.8322527408599854,0.13055212795734406,0.11510561406612396,0.11310246586799622,0.13424353301525116,0.9769803881645203,0.605859100818634,0.807293176651001,0.05181260034441948,0.05602623522281647,0.068511463701725,0.10219219326972961
424,171,574,0.9881874322891235,0.7955272197723389,0.931367039680481,0.5388936996459961,0.49310535192489624,0.46722355484962463,0.49525606632232666,0.9727367162704468,0.6149680018424988,0.7878471612930298,0.14690633118152618,0.11511372029781342,0.10533297806978226,0.12949030101299286,0.9778510928153992,0.6183571219444275,0.8030619621276855,0.16787174344062805,0.10775009542703629,0.09509709477424622,0.12164831906557083,0.9798848628997803,0.6010825634002686,0.7841135859489441,0.04599824175238609,0.05288213491439819,0.06260092556476593,0.09503909945487976
425,485,817,0.9906710386276245,0.7387439012527466,0.9275206327438354,0.24747785925865173,0.24581095576286316,0.25630083680152893,0.2988642752170563,0.9792646765708923,0.5671404600143433,0.8114283084869385,0.0301789790391922,0.03592950478196144,0.052318818867206573,0.0883781835436821,0.9805497527122498,0.5635712742805481,0.818539023399353,0.03242086246609688,0.036220598965883255,0.051314789801836014,0.08718903362751007,0.9790725708007812,0.5871069431304932,0.8013909459114075,0.04429144039750099,0.046559613198041916,0.05670733377337456,0.09254558384418488
426,696,9,0.9951637983322144,0.78996741771698,0.9570203423500061,0.5097571015357971,0.44779279828071594,0.41950276494026184,0.42446649074554443,0.981020450592041,0.6070593595504761,0.8058066964149475,0.0278621856123209,0.035081710666418076,0.05110235512256622,0.08765126764774323,0.9846312403678894,0.6068018078804016,0.8206372261047363,0.04459122195839882,0.047851093113422394,0.059600867331027985,0.09308958798646927,0.9854981899261475,0.5796446800231934,0.829694926738739,0.03731133043766022,0.04509763419628143,0.05860307067632675,0.09654904901981354
427,840,428,0.9900280237197876,0.7476494908332825,0.9256560206413269,0.37594807147979736,0.3905336856842041,0.3611997365951538,0.37172842025756836,0.9796379208564758,0.6019956469535828,0.803621232509613,0.07458890229463577,0.07499807327985764,0.07921784371137619,0.10432379692792892,0.9819247126579285,0.5838935375213623,0.8173263669013977,0.07814540714025497,0.07439615577459335,0.07832391560077667,0.10576298832893372,0.9805202484130859,0.5941813588142395,0.8089108467102051,0.08644373714923859,0.08661478012800217,0.07924327999353409,0.10261595994234085
428,861,654,0.9927612543106079,0.757314920425415,0.9380505681037903,0.4049232602119446,0.40842631459236145,0.3958418369293213,0.4111819267272949,0.9790384769439697,0.6061599850654602,0.8023309111595154,0.05246732383966446,0.05429033190011978,0.06765003502368927,0.10576117783784866,0.982728123664856,0.6024933457374573,0.8145711421966553,0.07333631813526154,0.0649307370185852,0.07237318903207779,0.10502425581216812,0.9827220439910889,0.6055194735527039,0.817806601524353,0.046586453914642334,0.045613083988428116,0.05976399406790733,0.0945892482995987
429,413,969,0.9941463470458984,0.7312517762184143,0.9332972764968872,0.34066835045814514,0.3385728597640991,0.3224274218082428,0.34767282009124756,0.9695562124252319,0.5804316997528076,0.7544635534286499,0.040930189192295074,0.04986131191253662,0.06365619599819183,0.09275048971176147,0.9693382978439331,0.575474202632904,0.7601379752159119,0.04126614332199097,0.04619700834155083,0.05578497424721718,0.08739165961742401,0.9689574241638184,0.5909413695335388,0.7700218558311462,0.03970939293503761,0.04635383561253548,0.060870394110679626,0.09375264495611191
430,690,909,0.994569718837738,0.7952929139137268,0.9591883420944214,0.3810170888900757,0.36073294281959534,0.3683452010154724,0.40797704458236694,0.9699034094810486,0.6141580939292908,0.7857934236526489,0.07925771921873093,0.07355238497257233,0.07314956933259964,0.10697617381811142,0.9689321517944336,0.5998506546020508,0.7818567752838135,0.08531752973794937,0.07455921173095703,0.07408887147903442,0.10441027581691742,0.976004421710968,0.6180691719055176,0.8018253445625305,0.06533435732126236,0.056646112352609634,0.060837272554636,0.08772694319486618
431,502,155,0.9878672361373901,0.6981046795845032,0.897000253200531,0.13704580068588257,0.15422266721725464,0.1876085251569748,0.24184748530387878,0.9833065271377563,0.6234979629516602,0.8346565365791321,0.03619597852230072,0.03988009691238403,0.0574176087975502,0.09326086938381195,0.9844540953636169,0.6292291879653931,0.8386505842208862,0.042389824986457825,0.04927664250135422,0.06063095107674599,0.09319137781858444,0.9851795434951782,0.6306715607643127,0.842080295085907,0.031641192734241486,0.041579317301511765,0.05849770829081535,0.09716930985450745
432,387,858,0.9868493676185608,0.7443256378173828,0.910499095916748,0.32003000378608704,0.30156445503234863,0.31289908289909363,0.34419354796409607,0.9748706221580505,0.6081210374832153,0.7978041172027588,0.0545334592461586,0.05638013407588005,0.0685800164937973,0.10215140879154205,0.9748031497001648,0.6152724027633667,0.7980989813804626,0.057462409138679504,0.055823277682065964,0.06349680572748184,0.09688375890254974,0.9826656579971313,0.631799578666687,0.8304685950279236,0.09247008711099625,0.0802476778626442,0.07802359759807587,0.10270274430513382
433,379,669,0.9878098964691162,0.7730044722557068,0.9243361353874207,0.365224689245224,0.33898594975471497,0.34201779961586,0.37257617712020874,0.980320394039154,0.6249800324440002,0.814763605594635,0.06033279001712799,0.054614171385765076,0.06479752063751221,0.09932800382375717,0.9817169904708862,0.6248106956481934,0.8221234679222107,0.07121957093477249,0.0651790201663971,0.07141834497451782,0.10364269465208054,0.9806912541389465,0.6128457188606262,0.8129678964614868,0.051867105066776276,0.05587117373943329,0.06530576944351196,0.09420375525951385
434,153,424,0.9894418120384216,0.6820474863052368,0.8913919925689697,0.10953661799430847,0.11331429332494736,0.1362999826669693,0.18813125789165497,0.98739093542099,0.6010294556617737,0.8317319750785828,0.019431481137871742,0.028863457962870598,0.043479908257722855,0.07927733659744263,0.9898514747619629,0.6157857775688171,0.8507011532783508,0.047963131219148636,0.04698259010910988,0.05599673464894295,0.08828334510326385,0.9869636297225952,0.6201335191726685,0.8268117904663086,0.06364588439464569,0.056487154215574265,0.0643228068947792,0.09938971698284149
435,532,374,0.983069896697998,0.7295798063278198,0.8947699069976807,0.30626705288887024,0.27627861499786377,0.28769081830978394,0.31514960527420044,0.9785763025283813,0.622028112411499,0.8119354248046875,0.07706169039011002,0.07159292697906494,0.0751185417175293,0.10266108810901642,0.9804009199142456,0.6137534976005554,0.821342945098877,0.10933000594377518,0.0874253436923027,0.0826043114066124,0.10633663088083267,0.9803643822669983,0.6070805788040161,0.8090075850486755,0.07638401538133621,0.061574749648571014,0.0628543496131897,0.09063813835382462
436,553,195,0.9952338933944702,0.7467114329338074,0.9538628458976746,0.3486643433570862,0.3247520327568054,0.32304081320762634,0.36872801184654236,0.9801350831985474,0.6015151739120483,0.8117425441741943,0.07458959519863129,0.05508938431739807,0.05992312356829643,0.09109693765640259,0.9823390245437622,0.6059365272521973,0.8197342753410339,0.08104155212640762,0.057908251881599426,0.0616624616086483,0.09344746172428131,0.9737094044685364,0.5925325751304626,0.7884153127670288,0.09825315326452255,0.07026799768209457,0.07140643894672394,0.09906137734651566
437,619,662,0.9916253685951233,0.7625086307525635,0.9399844408035278,0.31666290760040283,0.304283082485199,0.3072544038295746,0.3400985896587372,0.9823243618011475,0.6210981607437134,0.828899621963501,0.04037024825811386,0.046761758625507355,0.05843796581029892,0.0907953605055809,0.9788076281547546,0.6250616312026978,0.8219466805458069,0.060957543551921844,0.05854278430342674,0.06642855703830719,0.0953812301158905,0.9781891107559204,0.6102040410041809,0.802478551864624,0.03618684411048889,0.047676317393779755,0.062151722609996796,0.09840328991413116
438,380,888,0.9856564998626709,0.6721733808517456,0.8791255354881287,0.07364347577095032,0.08908384293317795,0.11851460486650467,0.17047525942325592,0.9815346598625183,0.6179190874099731,0.8277156352996826,0.037029754370450974,0.043291762471199036,0.05697605386376381,0.09405467659235,0.9792261719703674,0.6268128752708435,0.8209826350212097,0.03098829835653305,0.03978569433093071,0.05613517761230469,0.09547660499811172,0.9811260104179382,0.6279198527336121,0.8308796882629395,0.034994885325431824,0.043296393007040024,0.061291348189115524,0.09351342916488647
439,301,704,0.9921507239341736,0.7480854988098145,0.9328266382217407,0.3223685622215271,0.30630621314048767,0.30123671889305115,0.32979676127433777,0.9833461046218872,0.6144804358482361,0.8288553953170776,0.04926705360412598,0.05118847265839577,0.06236478313803673,0.09446796029806137,0.9842285513877869,0.6199556589126587,0.8349449634552002,0.0526951402425766,0.05310685187578201,0.06304856389760971,0.09699144959449768,0.9817695617675781,0.6020274758338928,0.8144856691360474,0.05118731036782265,0.05163540691137314,0.06306411325931549,0.0957908034324646
440,260,502,0.9890203475952148,0.72684645652771,0.915331244468689,0.23027905821800232,0.23789280652999878,0.2660113275051117,0.3131937086582184,0.9775133728981018,0.6094166040420532,0.8099678158760071,0.05852843075990677,0.05104341357946396,0.06248806416988373,0.09617246687412262,0.9807201623916626,0.6178885102272034,0.8198146820068359,0.058835942298173904,0.05523747578263283,0.06575005501508713,0.0981481522321701,0.9831631779670715,0.6123396158218384,0.826508641242981,0.04639723151922226,0.051669780164957047,0.06413426250219345,0.09447699785232544
441,999,823,0.9932741522789001,0.7185458540916443,0.9340925812721252,0.19794771075248718,0.21297495067119598,0.22641995549201965,0.26939859986305237,0.9752830266952515,0.592031717300415,0.7827292084693909,0.04050951078534126,0.04163804650306702,0.05733104422688484,0.09403868019580841,0.9778491854667664,0.6048858165740967,0.7998191714286804,0.038937777280807495,0.04519295692443848,0.05894606187939644,0.09251675754785538,0.974079966545105,0.5862188935279846,0.781977117061615,0.049574363976716995,0.045576322823762894,0.05426761880517006,0.0900585800409317
442,476,385,0.9933838844299316,0.7911571264266968,0.9468263983726501,0.35859012603759766,0.40983086824417114,0.41680455207824707,0.4443402886390686,0.9860884547233582,0.6345436573028564,0.8425005674362183,0.06690801680088043,0.06171322241425514,0.06798951327800751,0.09745515137910843,0.9867067933082581,0.630341649055481,0.8386767506599426,0.05813318118453026,0.054271094501018524,0.06354045122861862,0.09387341886758804,0.986896276473999,0.6444532871246338,0.8432707190513611,0.028778444975614548,0.036983367055654526,0.057709064334630966,0.09422271698713303
443,224,109,0.9898740649223328,0.7967513799667358,0.9458840489387512,0.5620423555374146,0.5616181492805481,0.5210848450660706,0.526814877986908,0.9803930521011353,0.6084416508674622,0.8067483305931091,0.03392540290951729,0.04178893566131592,0.055530697107315063,0.09327878803014755,0.9826812744140625,0.6154605746269226,0.8117882609367371,0.037035319954156876,0.0441693440079689,0.057646092027425766,0.09270420670509338,0.9805806875228882,0.5994919538497925,0.8046104311943054,0.041531242430210114,0.039091307669878006,0.051734115928411484,0.08819310367107391
444,961,803,0.9939334988594055,0.7495800852775574,0.946078360080719,0.455030620098114,0.3765798509120941,0.35007381439208984,0.36678633093833923,0.9723811149597168,0.5939958095550537,0.7942012548446655,0.06790051609277725,0.06522445380687714,0.06826192140579224,0.09612776339054108,0.9695824384689331,0.5932203531265259,0.7868156433105469,0.0584561862051487,0.06016973406076431,0.06877213716506958,0.09857228398323059,0.9738079309463501,0.5808666944503784,0.7960670590400696,0.08588530123233795,0.0749339684844017,0.07113828510046005,0.09844353795051575
445,223,865,0.991973876953125,0.7950181365013123,0.9516610503196716,0.44175225496292114,0.43180254101753235,0.4261643886566162,0.44632548093795776,0.9753648042678833,0.599416196346283,0.7867935299873352,0.08228544145822525,0.08490417897701263,0.08292879909276962,0.10626596212387085,0.9758106470108032,0.6087576150894165,0.8023203611373901,0.07114028930664062,0.06256832927465439,0.06449387967586517,0.09349473565816879,0.9743382930755615,0.6006025671958923,0.7958613634109497,0.0492478683590889,0.048245467245578766,0.05894531309604645,0.09416476637125015
446,787,709,0.9867176413536072,0.8157188892364502,0.9466388821601868,0.5169068574905396,0.5245923399925232,0.5604873299598694,0.5784472227096558,0.9705986380577087,0.590871274471283,0.7726168036460876,0.043503157794475555,0.04737391695380211,0.06895163655281067,0.10708281397819519,0.9700980186462402,0.588299036026001,0.7711166143417358,0.04702610895037651,0.05323367938399315,0.07041173428297043,0.10306721925735474,0.9811190366744995,0.6121972799301147,0.814235270023346,0.05550805851817131,0.05601281300187111,0.07101166993379593,0.10797517746686935
447,562,696,0.9835970997810364,0.6940770745277405,0.880520224571228,0.17692464590072632,0.18276984989643097,0.19412285089492798,0.23616641759872437,0.9744657874107361,0.6172186136245728,0.7930766940116882,0.037804536521434784,0.04304676502943039,0.05646800994873047,0.09158401936292648,0.976972758769989,0.611867368221283,0.7999677062034607,0.03836332634091377,0.042928703129291534,0.05886717513203621,0.09325498342514038,0.9808942079544067,0.618627667427063,0.8204641342163086,0.04096309095621109,0.044253505766391754,0.05935300141572952,0.09140117466449738
448,309,238,0.992501974105835,0.7561932802200317,0.940924346446991,0.34191271662712097,0.3202390670776367,0.31225380301475525,0.3433953523635864,0.9837124943733215,0.6177619695663452,0.8255590200424194,0.03693421557545662,0.041989557445049286,0.05693697929382324,0.09489111602306366,0.9808120727539062,0.6252607703208923,0.8206236362457275,0.04072590544819832,0.0452345609664917,0.05797934904694557,0.09160590171813965,0.9816320538520813,0.6244968175888062,0.8228828310966492,0.03929206728935242,0.04224444180727005,0.055022843182086945,0.08833740651607513
449,862,373,0.9826940298080444,0.7142693400382996,0.8913928866386414,0.15117692947387695,0.1640019416809082,0.19832563400268555,0.2493250072002411,0.9777868986129761,0.6088151931762695,0.8103119134902954,0.039777085185050964,0.04098212718963623,0.05487716943025589,0.08871249854564667,0.9792742133140564,0.6125244498252869,0.8125318884849548,0.03507393226027489,0.03859240561723709,0.05132615566253662,0.08474075049161911,0.9745616912841797,0.5958904027938843,0.7953952550888062,0.024006979539990425,0.03234795480966568,0.04982372745871544,0.08694840967655182
450,598,716,0.9885994791984558,0.7292044162750244,0.9065333008766174,0.32765284180641174,0.32137006521224976,0.30806154012680054,0.3175000846385956,0.9793937802314758,0.6204968094825745,0.8093645572662354,0.05636824294924736,0.05502266064286232,0.06242142617702484,0.09294282644987106,0.9833985567092896,0.6258302927017212,0.8246966004371643,0.05640701204538345,0.058015428483486176,0.0661730021238327,0.09502366185188293,0.9736430048942566,0.5756506323814392,0.7919360995292664,0.05692853778600693,0.0529354028403759,0.05563077703118324,0.08708597719669342
451,295,767,0.9854210019111633,0.7030120491981506,0.8913747072219849,0.2592224180698395,0.22384878993034363,0.21596993505954742,0.2503354847431183,0.9796591401100159,0.6133743524551392,0.8086199164390564,0.04932519420981407,0.05253029614686966,0.06465943157672882,0.0967426598072052,0.9832276105880737,0.6258791089057922,0.8226338624954224,0.07121174782514572,0.06952959299087524,0.07746336609125137,0.10657062381505966,0.9830321073532104,0.614032506942749,0.8268616199493408,0.05984397232532501,0.05981086194515228,0.07355192303657532,0.10856666415929794
452,816,478,0.9879957437515259,0.7810181379318237,0.9309217929840088,0.42134398221969604,0.4055550992488861,0.41850847005844116,0.4529949724674225,0.9833090305328369,0.6209332346916199,0.8231604099273682,0.057239580899477005,0.053200870752334595,0.06244697421789169,0.0960276648402214,0.9837988615036011,0.6315059661865234,0.8352667689323425,0.06870711594820023,0.06094222515821457,0.0671781525015831,0.09850067645311356,0.9838771820068359,0.6236869692802429,0.8315353393554688,0.06472400575876236,0.06367692351341248,0.07113280892372131,0.10114721208810806
453,678,700,0.992919921875,0.7097002863883972,0.9163376092910767,0.17469218373298645,0.18012745678424835,0.1968410164117813,0.2438097894191742,0.9892646670341492,0.6309823989868164,0.8490184545516968,0.06883496791124344,0.06323694437742233,0.07376378029584885,0.10724969208240509,0.9870563745498657,0.6361504793167114,0.8440291285514832,0.06783196330070496,0.06759651750326157,0.07584685832262039,0.10684828460216522,0.9893956780433655,0.6274455189704895,0.8445836901664734,0.05399367958307266,0.04779985919594765,0.06327778100967407,0.0969129279255867
454,27,674,0.9949659705162048,0.7263215184211731,0.9402014017105103,0.23309791088104248,0.2448389083147049,0.2437446117401123,0.2798520624637604,0.9721699953079224,0.5994240641593933,0.7877739071846008,0.04108387604355812,0.04477629438042641,0.05870494246482849,0.09266006201505661,0.973242998123169,0.6015454530715942,0.7913122177124023,0.05017727240920067,0.050835512578487396,0.060317959636449814,0.09054792672395706,0.9673148989677429,0.5473440289497375,0.7551185488700867,0.03272638097405434,0.03422059863805771,0.04741678759455681,0.08484480530023575
455,657,489,0.9899814128875732,0.7502236366271973,0.9290441274642944,0.3425496220588684,0.31516221165657043,0.3102662265300751,0.33852526545524597,0.981806218624115,0.6222459077835083,0.8261388540267944,0.08968508988618851,0.07443080842494965,0.07678219676017761,0.10562452673912048,0.9830738306045532,0.6259527206420898,0.8308665752410889,0.09493456780910492,0.07794380187988281,0.07745448499917984,0.10195319354534149,0.9775680303573608,0.616451621055603,0.8156822323799133,0.09029948711395264,0.07809848338365555,0.083818219602108,0.11635559797286987
456,81,293,0.9909461736679077,0.7360613942146301,0.9272622466087341,0.27781179547309875,0.2612256705760956,0.26640936732292175,0.30558937788009644,0.9794935584068298,0.6070139408111572,0.8131383657455444,0.0914636105298996,0.07592687010765076,0.07887972146272659,0.11107905954122543,0.9855166673660278,0.6143189072608948,0.8344663381576538,0.09483177959918976,0.0797792449593544,0.0819653868675232,0.11002197116613388,0.9857357144355774,0.615581214427948,0.8365342020988464,0.06414851546287537,0.05944477766752243,0.0649452954530716,0.09459958225488663
457,408,567,0.9902619123458862,0.7668660283088684,0.9351334571838379,0.340080201625824,0.3554038107395172,0.3771907091140747,0.42086556553840637,0.9789388179779053,0.6072636842727661,0.8003446459770203,0.05187225341796875,0.04622514918446541,0.05856664851307869,0.09239677339792252,0.9786124229431152,0.6075669527053833,0.8059660196304321,0.04785860702395439,0.043721508234739304,0.056218136101961136,0.09514656662940979,0.9769772887229919,0.6093562841415405,0.8047268986701965,0.06133687496185303,0.05991572514176369,0.07068187743425369,0.09947825223207474
458,279,824,0.9869382977485657,0.7293248772621155,0.9061576724052429,0.2027352750301361,0.2181805521249771,0.2509307861328125,0.300131618976593,0.9819359183311462,0.6258867979049683,0.8261238932609558,0.04585441201925278,0.05293988063931465,0.0671113058924675,0.10009582340717316,0.9824904203414917,0.6213604211807251,0.8252224922180176,0.0467916838824749,0.05460270121693611,0.06453858315944672,0.09795525670051575,0.983737051486969,0.61076819896698,0.8242758512496948,0.04605383798480034,0.04869014397263527,0.06159470975399017,0.09240780770778656
459,899,688,0.992829442024231,0.7869393825531006,0.9612194299697876,0.5369807481765747,0.48428797721862793,0.4579211175441742,0.4663732051849365,0.972529411315918,0.5887805223464966,0.7718457579612732,0.0482151098549366,0.05838657170534134,0.07211495190858841,0.10186979174613953,0.9729686975479126,0.5898502469062805,0.7749786972999573,0.044818926602602005,0.055969443172216415,0.06759638339281082,0.09880596399307251,0.9776797294616699,0.5983932614326477,0.7926953434944153,0.04140278324484825,0.053530316799879074,0.06531713157892227,0.09516865760087967
460,221,452,0.993035614490509,0.7790728211402893,0.9453844428062439,0.37475571036338806,0.36529505252838135,0.38268980383872986,0.4106452167034149,0.9825376868247986,0.6077873110771179,0.8122009634971619,0.045103494077920914,0.0506630502641201,0.06148502603173256,0.09362440556287766,0.9873331785202026,0.6115428805351257,0.8356299996376038,0.04979051649570465,0.05240046977996826,0.0616464838385582,0.09305770695209503,0.9830317497253418,0.5995029211044312,0.8138059973716736,0.04977176710963249,0.04383191838860512,0.056895382702350616,0.0911850780248642
461,454,319,0.9866142272949219,0.7445346713066101,0.9172567129135132,0.314118891954422,0.3290868103504181,0.3537891209125519,0.3971306085586548,0.9754914045333862,0.5858411192893982,0.7931097745895386,0.04080859571695328,0.04610976204276085,0.05815023183822632,0.09191295504570007,0.9764924049377441,0.5918295383453369,0.8030354976654053,0.03532630205154419,0.04540052264928818,0.0554419569671154,0.08996380120515823,0.9806018471717834,0.5911883115768433,0.8059712648391724,0.024113282561302185,0.030786627903580666,0.047802165150642395,0.08255110681056976
462,345,32,0.9849846959114075,0.6770914793014526,0.8780098557472229,0.21853192150592804,0.20933808386325836,0.22483819723129272,0.2624303698539734,0.9780726432800293,0.5909128785133362,0.7929010987281799,0.055794861167669296,0.05428752675652504,0.06705860048532486,0.09834679216146469,0.9785314798355103,0.6046194434165955,0.7968401908874512,0.049812085926532745,0.04755875840783119,0.0605449378490448,0.0943271741271019,0.9799670577049255,0.6030418276786804,0.8024274706840515,0.04941202700138092,0.052385445684194565,0.06735169887542725,0.10179087519645691
463,627,158,0.9952273964881897,0.8109946846961975,0.9616318941116333,0.45312532782554626,0.4402499198913574,0.4409683346748352,0.4666540026664734,0.9838285446166992,0.6234638094902039,0.8244407773017883,0.024062346667051315,0.028366131708025932,0.0451810397207737,0.08172862976789474,0.9845826029777527,0.6163564324378967,0.8287644386291504,0.033174432814121246,0.03847617283463478,0.05046933889389038,0.08417544513940811,0.9798704981803894,0.6199834942817688,0.8139104843139648,0.026448888704180717,0.033987220376729965,0.0503135584294796,0.08857697993516922
464,409,979,0.9922006130218506,0.7624377608299255,0.9378902316093445,0.3209310472011566,0.32162711024284363,0.313643217086792,0.3464120924472809,0.9849728941917419,0.6245307922363281,0.8310900330543518,0.043281253427267075,0.044031526893377304,0.0570107065141201,0.0953688696026802,0.9843323230743408,0.6173179149627686,0.8290835022926331,0.05194349214434624,0.05070842057466507,0.06595112383365631,0.10170666128396988,0.9867984652519226,0.6277473568916321,0.8384600877761841,0.0698976144194603,0.06605806201696396,0.0735936164855957,0.10349149256944656
465,410,535,0.9897286295890808,0.7418698668479919,0.9287029504776001,0.1929393708705902,0.22011108696460724,0.25367698073387146,0.3079715371131897,0.9827602505683899,0.6270608305931091,0.823469340801239,0.017443958669900894,0.028780391439795494,0.048343807458877563,0.08483459055423737,0.9827429056167603,0.620710551738739,0.8243283629417419,0.01742541790008545,0.030261971056461334,0.048900458961725235,0.0887046754360199,0.9877421855926514,0.638490617275238,0.8490323424339294,0.04462461173534393,0.049323130398988724,0.05882597342133522,0.09083013981580734
466,249,88,0.9920705556869507,0.7385833263397217,0.9284435510635376,0.30401837825775146,0.28064700961112976,0.2885308265686035,0.31690195202827454,0.9838867783546448,0.6225880980491638,0.8195913434028625,0.04167690873146057,0.04722471535205841,0.06067867949604988,0.092501200735569,0.9823479056358337,0.6292795538902283,0.8165416121482849,0.03748615086078644,0.04499424621462822,0.060900792479515076,0.09302296489477158,0.985012412071228,0.6199554204940796,0.8262676000595093,0.05291803926229477,0.05094192922115326,0.0621345192193985,0.09339167922735214
467,298,504,0.9946759343147278,0.7446856498718262,0.9413622617721558,0.35925984382629395,0.34377238154411316,0.3147278130054474,0.3335210084915161,0.9794236421585083,0.6079959273338318,0.8009162545204163,0.037434473633766174,0.042448412626981735,0.05919262766838074,0.09452535212039948,0.9829121828079224,0.60732102394104,0.8096492290496826,0.038868531584739685,0.043641842901706696,0.05579245090484619,0.0924864411354065,0.9749374389648438,0.5970520377159119,0.783306360244751,0.051727645099163055,0.044374991208314896,0.05147095024585724,0.08485476672649384
468,13,584,0.9919930100440979,0.7399892807006836,0.9338601231575012,0.22272023558616638,0.23524275422096252,0.26749321818351746,0.31993505358695984,0.9810275435447693,0.6086685657501221,0.8128467202186584,0.023035582154989243,0.028926709666848183,0.045882973819971085,0.08567330986261368,0.9833649396896362,0.6033164858818054,0.8245906233787537,0.02869134210050106,0.033881448209285736,0.050340279936790466,0.0910661369562149,0.9842364192008972,0.6137726902961731,0.8235683441162109,0.026252685114741325,0.03355203941464424,0.05010581016540527,0.09290853887796402
469,543,598,0.9912062287330627,0.7042192816734314,0.9173681735992432,0.3226502537727356,0.3135482966899872,0.30241698026657104,0.3303332030773163,0.9724656343460083,0.5803487300872803,0.7729014754295349,0.044583652168512344,0.04760109633207321,0.05940252169966698,0.0901854932308197,0.9783726930618286,0.5882676243782043,0.7916263341903687,0.07679769396781921,0.06963163614273071,0.06639371812343597,0.08700083196163177,0.9758339524269104,0.6081657409667969,0.7866615653038025,0.05487542971968651,0.05353478714823723,0.06219934672117233,0.0939335897564888
470,642,930,0.9884751439094543,0.7712560892105103,0.9367809295654297,0.3390769958496094,0.3414820432662964,0.35832494497299194,0.3952777683734894,0.9794958233833313,0.6196794509887695,0.8085605502128601,0.045784201472997665,0.051095202565193176,0.06594300270080566,0.09972134977579117,0.9783440232276917,0.6216706037521362,0.809237003326416,0.04175777733325958,0.04798881709575653,0.06604252010583878,0.10093645751476288,0.9757375717163086,0.6164265871047974,0.8070635795593262,0.04443877935409546,0.04188315570354462,0.05843579024076462,0.09447118639945984
471,258,36,0.9940122365951538,0.7711312174797058,0.9473010301589966,0.3414902985095978,0.3436860740184784,0.34554219245910645,0.37474867701530457,0.9860085844993591,0.5883821845054626,0.8158300518989563,0.0195176899433136,0.04382653161883354,0.06325387954711914,0.09162172675132751,0.983642578125,0.598248302936554,0.8094706535339355,0.03099900111556053,0.04440729692578316,0.06164160370826721,0.09509625285863876,0.9816116094589233,0.6140258312225342,0.8123079538345337,0.05511372908949852,0.058007754385471344,0.06457113474607468,0.09468008577823639
472,343,30,0.9861122369766235,0.8002557158470154,0.9304125308990479,0.4985618591308594,0.5030156970024109,0.5192500352859497,0.5208369493484497,0.9812691807746887,0.5769148468971252,0.7850711345672607,0.0360475592315197,0.0369504913687706,0.05455850437283516,0.09561002999544144,0.9846424460411072,0.5795535445213318,0.8048808574676514,0.04182684049010277,0.042128775268793106,0.058945219963788986,0.0939594954252243,0.9730369448661804,0.5710659623146057,0.7723681330680847,0.041233889758586884,0.04373291879892349,0.05743313580751419,0.08857232332229614
473,456,204,0.9921318888664246,0.7615024447441101,0.9402183294296265,0.33775585889816284,0.3085509240627289,0.3090503513813019,0.35475388169288635,0.9809543490409851,0.622400164604187,0.8214796185493469,0.07569614052772522,0.060345958918333054,0.06582332402467728,0.09693114459514618,0.9808176755905151,0.6222869157791138,0.820446789264679,0.06826362013816833,0.056032221764326096,0.0645318403840065,0.09497599303722382,0.9809725880622864,0.6270284652709961,0.8242027163505554,0.08285210281610489,0.06536653637886047,0.0699647068977356,0.09953416883945465
474,683,41,0.9930148124694824,0.7669386267662048,0.9455229640007019,0.37944018840789795,0.36851048469543457,0.36958327889442444,0.41228628158569336,0.978792130947113,0.6164146661758423,0.8113419413566589,0.030176440253853798,0.04071887582540512,0.05595368519425392,0.09400920569896698,0.9780844449996948,0.6205276250839233,0.8132534027099609,0.037438977509737015,0.04666973650455475,0.06093737483024597,0.09694617241621017,0.978303074836731,0.6005195379257202,0.802534282207489,0.06778348237276077,0.06627098470926285,0.07375038415193558,0.10112546384334564
475,742,0,0.9863809943199158,0.766311526298523,0.9321421384811401,0.4441087543964386,0.41050854325294495,0.3950369656085968,0.4159556031227112,0.9769411683082581,0.6179152131080627,0.8148051500320435,0.0889645591378212,0.07895036786794662,0.07920189946889877,0.1052335798740387,0.9755865931510925,0.6158615946769714,0.808117151260376,0.13450424373149872,0.09979354590177536,0.09415490180253983,0.11170616745948792,0.9691683650016785,0.6132212281227112,0.7849069833755493,0.14950209856033325,0.11332585662603378,0.09899315983057022,0.11751579493284225
476,354,451,0.9867140054702759,0.7427816390991211,0.9161835312843323,0.32014891505241394,0.2898596227169037,0.2869913578033447,0.31823107600212097,0.9809271097183228,0.6285440921783447,0.8260763883590698,0.05409262329339981,0.05190080404281616,0.061312153935432434,0.09393175691366196,0.9761157035827637,0.5932798385620117,0.8154492974281311,0.09448125213384628,0.07571465522050858,0.07705952972173691,0.10207030922174454,0.9794725775718689,0.6136733293533325,0.8251973390579224,0.11211533099412918,0.09344501793384552,0.08763778209686279,0.11286821961402893
477,287,123,0.9903697967529297,0.791975200176239,0.9484480023384094,0.40241146087646484,0.4127614200115204,0.44395148754119873,0.4943181276321411,0.9825156927108765,0.5829633474349976,0.8054560422897339,0.032021332532167435,0.036363087594509125,0.04976244270801544,0.08219072967767715,0.9806972742080688,0.5875980854034424,0.8022397756576538,0.03962242230772972,0.04180589318275452,0.05315600335597992,0.085513636469841,0.9830647706985474,0.5892578363418579,0.8131959438323975,0.035418253391981125,0.037478819489479065,0.048943351954221725,0.08101636171340942
478,375,780,0.9893949627876282,0.7603773474693298,0.9240529537200928,0.3273187577724457,0.3008880615234375,0.29565945267677307,0.3265818953514099,0.9884771704673767,0.6285925507545471,0.8461499810218811,0.06256552040576935,0.06884980201721191,0.07216446846723557,0.09836286306381226,0.9861204028129578,0.6265060901641846,0.8375044465065002,0.07743562012910843,0.07322175800800323,0.07307066768407822,0.09927336126565933,0.984443187713623,0.6427689790725708,0.8420504927635193,0.12364543229341507,0.1044185683131218,0.10256469994783401,0.1249760091304779
479,209,486,0.9895813465118408,0.7320699691772461,0.919733464717865,0.2906816005706787,0.2792825400829315,0.2699681520462036,0.2986584007740021,0.983852744102478,0.6119279265403748,0.8220798373222351,0.05813785269856453,0.06010928377509117,0.06895329058170319,0.10028157383203506,0.9850413799285889,0.614050567150116,0.8307093977928162,0.06904590874910355,0.06755808740854263,0.0712352767586708,0.09953811019659042,0.9813579320907593,0.5987793803215027,0.820793628692627,0.04665436968207359,0.04938399791717529,0.05740894377231598,0.09151019901037216
480,583,334,0.994172215461731,0.7018000483512878,0.9409337043762207,0.25634175539016724,0.2715802490711212,0.2694122791290283,0.3095370829105377,0.9726155996322632,0.6113938689231873,0.798931360244751,0.05747603252530098,0.05374862626194954,0.06185081973671913,0.09214181452989578,0.9723600745201111,0.6112860441207886,0.7997319102287292,0.06717341393232346,0.05728859826922417,0.060734957456588745,0.09117744863033295,0.9704939723014832,0.6135414242744446,0.7912811636924744,0.052092861384153366,0.05276733264327049,0.0642961785197258,0.09740451723337173
481,811,93,0.9920283555984497,0.8062945008277893,0.9505898356437683,0.5604265928268433,0.5412758588790894,0.5444628000259399,0.5462436676025391,0.9815033674240112,0.5835177302360535,0.7870357036590576,0.038018546998500824,0.04973779246211052,0.06608595699071884,0.09537820518016815,0.9828497171401978,0.5911093950271606,0.8009369373321533,0.057770274579524994,0.06394752860069275,0.07538609951734543,0.10024859011173248,0.979806661605835,0.6175311207771301,0.8027443885803223,0.0433804914355278,0.0505509115755558,0.06734566390514374,0.10065878182649612
482,666,679,0.9872601628303528,0.6998792290687561,0.8990788459777832,0.2485930323600769,0.21457017958164215,0.21473918855190277,0.2552776336669922,0.9789363145828247,0.6140388250350952,0.8082575798034668,0.05982954427599907,0.05890871584415436,0.06734456866979599,0.0984446182847023,0.9821832180023193,0.6245478391647339,0.828022301197052,0.0771908089518547,0.06940283626317978,0.07492151856422424,0.10726714134216309,0.9825850129127502,0.62552410364151,0.8285244107246399,0.06200922653079033,0.05793222039937973,0.06983627378940582,0.10169599205255508
483,609,845,0.9893755316734314,0.7634294033050537,0.9298210144042969,0.3492244780063629,0.3233674168586731,0.3231377899646759,0.35070282220840454,0.98453688621521,0.6166386008262634,0.8319777250289917,0.032570257782936096,0.03988395258784294,0.05262733995914459,0.08562981337308884,0.9871522188186646,0.6294878125190735,0.8428152799606323,0.028503062203526497,0.03450515866279602,0.04928438737988472,0.08130982518196106,0.9810062050819397,0.6167891025543213,0.826508104801178,0.06797723472118378,0.063310407102108,0.06898746639490128,0.09908733516931534
484,894,614,0.9931831359863281,0.7868427038192749,0.9518178105354309,0.3473718464374542,0.3452337682247162,0.3557729721069336,0.39731767773628235,0.9762075543403625,0.6165603995323181,0.8021671175956726,0.05615457147359848,0.051235683262348175,0.06361693888902664,0.09915764629840851,0.980200469493866,0.6148079037666321,0.819879412651062,0.07909732311964035,0.06732388585805893,0.06815851479768753,0.09689780324697495,0.982821524143219,0.6198952794075012,0.8367623686790466,0.08297547698020935,0.07874782383441925,0.08450731635093689,0.11226440966129303
485,506,976,0.9937779903411865,0.8331739902496338,0.9660535454750061,0.496169775724411,0.492360383272171,0.5006018280982971,0.5354855060577393,0.97935551404953,0.5824862718582153,0.8065260052680969,0.04363534227013588,0.05058061331510544,0.061549194157123566,0.09443490952253342,0.9817449450492859,0.5885084867477417,0.8140172958374023,0.04537956789135933,0.0517045333981514,0.06262760609388351,0.09458168596029282,0.9805949926376343,0.6105428338050842,0.8161680102348328,0.04222208634018898,0.044694725424051285,0.0611100047826767,0.09169823676347733
486,162,509,0.9894082546234131,0.7531977891921997,0.9299132227897644,0.2597695291042328,0.26228997111320496,0.2864326238632202,0.3393118381500244,0.9769455790519714,0.6003357172012329,0.7986059784889221,0.03361522778868675,0.0401463657617569,0.05794505402445793,0.09445814043283463,0.982879102230072,0.6011667847633362,0.8198838233947754,0.04487407207489014,0.05045522004365921,0.06194118410348892,0.09641259908676147,0.9820296168327332,0.6060618758201599,0.820439875125885,0.05511920154094696,0.055249109864234924,0.06582589447498322,0.09844417870044708
487,634,576,0.9813780188560486,0.7350711226463318,0.9022060036659241,0.306723952293396,0.32653555274009705,0.34032392501831055,0.38014206290245056,0.9761637449264526,0.5900185704231262,0.7890715003013611,0.06112043559551239,0.05763629451394081,0.06350275874137878,0.08892308175563812,0.9763225317001343,0.5929930210113525,0.7906001806259155,0.05237025395035744,0.05101870372891426,0.05400454252958298,0.08307117968797684,0.9749146103858948,0.5902687907218933,0.7949635982513428,0.04438088834285736,0.04384595528244972,0.04995003342628479,0.08116509765386581
488,130,60,0.9909859299659729,0.7195287346839905,0.9210625290870667,0.39426517486572266,0.3152412176132202,0.27448517084121704,0.29275986552238464,0.9846637845039368,0.6287209391593933,0.8291328549385071,0.08660155534744263,0.06990060210227966,0.07442933320999146,0.10073201358318329,0.9844487905502319,0.6239420175552368,0.8288000822067261,0.09488796442747116,0.07196886092424393,0.07348600029945374,0.10149696469306946,0.9842016696929932,0.6286631226539612,0.8325424194335938,0.07873082906007767,0.06425043195486069,0.06784842908382416,0.09566657990217209
489,652,377,0.9939537644386292,0.8416563868522644,0.9734193086624146,0.4998335540294647,0.5087440013885498,0.5168449282646179,0.5566244721412659,0.9754636883735657,0.5950384736061096,0.7912297248840332,0.05733311176300049,0.04804425314068794,0.055081214755773544,0.08783366531133652,0.9761479496955872,0.5992157459259033,0.7969366312026978,0.05643496289849281,0.05156272277235985,0.0568842776119709,0.0869998037815094,0.9754003286361694,0.5801436901092529,0.792634904384613,0.052532486617565155,0.050996389240026474,0.058380547910928726,0.08682651817798615
490,823,649,0.9920515418052673,0.7823773622512817,0.9440191984176636,0.4901164174079895,0.4636833071708679,0.44682249426841736,0.4484783113002777,0.9823623895645142,0.6033533215522766,0.804291307926178,0.06567497551441193,0.06610231846570969,0.0705547109246254,0.09584839642047882,0.9794018864631653,0.5976601839065552,0.7958104610443115,0.07823581248521805,0.07338085770606995,0.07479836046695709,0.1027877926826477,0.9833666682243347,0.6188874244689941,0.8219208121299744,0.07486012578010559,0.06589490175247192,0.06908030062913895,0.0975857749581337
491,478,171,0.9888995885848999,0.7421278357505798,0.9196722507476807,0.33276358246803284,0.29998281598091125,0.29373058676719666,0.33010730147361755,0.9831928014755249,0.6361819505691528,0.8298814296722412,0.0713910460472107,0.07001698762178421,0.07552604377269745,0.10593459755182266,0.9850307703018188,0.6410989165306091,0.8408243656158447,0.08036898821592331,0.07561302185058594,0.08089756965637207,0.10841568559408188,0.9807246327400208,0.6175179481506348,0.8178713917732239,0.059849124401807785,0.0597015880048275,0.06280142068862915,0.09243521839380264
492,877,346,0.9876080751419067,0.7106040716171265,0.9050995111465454,0.21205627918243408,0.2146531641483307,0.23310381174087524,0.27834078669548035,0.9804512858390808,0.6051163673400879,0.8052152991294861,0.03972712904214859,0.045695893466472626,0.061202943325042725,0.09499175101518631,0.97740638256073,0.5894575715065002,0.802102267742157,0.040873926132917404,0.047703370451927185,0.06153511255979538,0.09600801765918732,0.98429274559021,0.6165030002593994,0.8291894197463989,0.04791757091879845,0.05656249448657036,0.0692179799079895,0.10053116828203201
493,470,483,0.9863251447677612,0.7210475206375122,0.8950528502464294,0.3334597051143646,0.2947385311126709,0.2703710198402405,0.2947745621204376,0.9792618751525879,0.6273382902145386,0.8191449642181396,0.06809724867343903,0.055610138922929764,0.06307574361562729,0.09708990156650543,0.9799942970275879,0.6264539957046509,0.8202357292175293,0.07345007359981537,0.06267444044351578,0.06909087300300598,0.10160796344280243,0.9832473993301392,0.6337999105453491,0.8342114686965942,0.09125036001205444,0.07231166958808899,0.07776792347431183,0.10764779895544052
494,230,344,0.9891902208328247,0.7395279407501221,0.9264638423919678,0.3153037130832672,0.29856187105178833,0.30044224858283997,0.33422142267227173,0.9769412875175476,0.6106919646263123,0.8052797913551331,0.05092909187078476,0.050746358931064606,0.06446537375450134,0.09806200116872787,0.9772977232933044,0.6099194884300232,0.8077724575996399,0.057752806693315506,0.056098371744155884,0.06895031780004501,0.10108766704797745,0.9796130061149597,0.5806552171707153,0.7942627668380737,0.04181194305419922,0.04015783593058586,0.05077950283885002,0.08531469106674194
495,509,670,0.9927814602851868,0.7635786533355713,0.9373548626899719,0.3232976794242859,0.3291798233985901,0.34752926230430603,0.3781304955482483,0.9794543385505676,0.6024021506309509,0.8099981546401978,0.05137580633163452,0.05014069005846977,0.06082239747047424,0.09776286780834198,0.9826523065567017,0.6089186072349548,0.8200511336326599,0.07758928090333939,0.06483804434537888,0.06884042173624039,0.09759602695703506,0.9865830540657043,0.6255969405174255,0.8396953344345093,0.04243280738592148,0.04257987439632416,0.056390177458524704,0.09219204634428024
496,529,989,0.99221271276474,0.7236172556877136,0.9289676547050476,0.20891419053077698,0.20163913071155548,0.21982835233211517,0.26897531747817993,0.9866013526916504,0.6250161528587341,0.8331228494644165,0.06705860048532486,0.05840984359383583,0.06279853731393814,0.0944443866610527,0.9845020174980164,0.6173036694526672,0.8280515074729919,0.0702030137181282,0.05471624433994293,0.06239437311887741,0.09436970949172974,0.978802502155304,0.6121695041656494,0.8143506646156311,0.05621322616934776,0.049574460834264755,0.05858144909143448,0.09400448948144913
497,330,814,0.9904872179031372,0.755604088306427,0.9268608689308167,0.322947233915329,0.3253249526023865,0.3220563232898712,0.34008151292800903,0.9828073978424072,0.6156347393989563,0.823974609375,0.04322982206940651,0.041682805866003036,0.05400702357292175,0.08725263178348541,0.9824788570404053,0.6271146535873413,0.8286516666412354,0.05469389632344246,0.052412066608667374,0.061771221458911896,0.09307404607534409,0.9818247556686401,0.6194325685501099,0.8257063031196594,0.04856308177113533,0.060953810811042786,0.07370457798242569,0.10824640095233917
498,192,993,0.9827591776847839,0.7581459879875183,0.9181458950042725,0.37671908736228943,0.35111087560653687,0.3526817262172699,0.3836512863636017,0.977649986743927,0.6056557893753052,0.8072906136512756,0.06867500394582748,0.06871537864208221,0.0737404078245163,0.10186179727315903,0.9754886627197266,0.5837794542312622,0.7988498210906982,0.07433981448411942,0.0709121972322464,0.07341945916414261,0.10084296017885208,0.9736784100532532,0.5843206644058228,0.8021619915962219,0.1082955077290535,0.10107164084911346,0.08618023991584778,0.1119420975446701
499,388,525,0.9952667951583862,0.7614485025405884,0.9570775032043457,0.34437957406044006,0.3530213534832001,0.354565292596817,0.38546454906463623,0.9788869619369507,0.5877717137336731,0.798110842704773,0.03615136817097664,0.039815206080675125,0.051542967557907104,0.08421526104211807,0.9833903312683105,0.5937057137489319,0.8207351565361023,0.0549870990216732,0.052368976175785065,0.05813872814178467,0.0889204740524292,0.9825219511985779,0.5918238162994385,0.82143634557724,0.035062484443187714,0.03709493204951286,0.05468242987990379,0.09388131648302078
500,471,526,0.9858518838882446,0.7291726469993591,0.9440302848815918,0.4683297872543335,0.4815908372402191,0.4917830228805542,0.5107403993606567,0.9664711952209473,0.5348477363586426,0.7405794858932495,0.04763893410563469,0.05852436274290085,0.06596920639276505,0.0970427542924881,0.9645538330078125,0.5338350534439087,0.7346309423446655,0.04791730269789696,0.05645452067255974,0.06733574718236923,0.09553470462560654,0.9632853865623474,0.5056056976318359,0.7198473215103149,0.035400811582803726,0.03402571380138397,0.04695902019739151,0.08640892803668976
501,555,436,0.9848281741142273,0.6554524898529053,0.8726198673248291,0.2535882890224457,0.2176915556192398,0.21865561604499817,0.24313119053840637,0.9841482043266296,0.608310878276825,0.8219866156578064,0.06463035941123962,0.06989935040473938,0.07982535660266876,0.10898056626319885,0.9839941263198853,0.6121026277542114,0.8218914270401001,0.06802231073379517,0.06777071207761765,0.08005452156066895,0.11314427107572556,0.981538712978363,0.6031317114830017,0.8131599426269531,0.09038735926151276,0.07381989061832428,0.07135629653930664,0.09732002764940262
502,639,230,0.9893154501914978,0.7289149761199951,0.9188777208328247,0.23131467401981354,0.23056580126285553,0.25760236382484436,0.30311155319213867,0.9810222387313843,0.6241781115531921,0.8290106654167175,0.0684894397854805,0.06327926367521286,0.07322962582111359,0.10751301795244217,0.9825430512428284,0.6392627954483032,0.8366000056266785,0.07072464376688004,0.06418635696172714,0.07113698869943619,0.10585732012987137,0.9787209630012512,0.6206133365631104,0.8159752488136292,0.05365496128797531,0.052799563854932785,0.06229466572403908,0.0979892760515213
503,815,861,0.9910382628440857,0.7559657096862793,0.926613450050354,0.2953231632709503,0.3001214861869812,0.2969377338886261,0.3315156400203705,0.984167218208313,0.6272923946380615,0.8320684432983398,0.048401594161987305,0.05476734787225723,0.07036927342414856,0.10785669088363647,0.9844294786453247,0.6307696104049683,0.8345068693161011,0.05727119743824005,0.059361908584833145,0.07333545386791229,0.11226950585842133,0.986817479133606,0.6240033507347107,0.8336517810821533,0.041259609162807465,0.04450608789920807,0.05618986114859581,0.09053166210651398
504,586,455,0.987070620059967,0.764721155166626,0.9304097890853882,0.3946305811405182,0.4087042510509491,0.4323637783527374,0.458442360162735,0.9759407639503479,0.5925254821777344,0.7881575226783752,0.05274724215269089,0.04744354635477066,0.054883480072021484,0.0868602767586708,0.9807136654853821,0.5950778722763062,0.802139163017273,0.05028847977519035,0.04515580087900162,0.056714318692684174,0.08797380328178406,0.9810928106307983,0.5966109037399292,0.8051310777664185,0.06478053331375122,0.05821622908115387,0.06325989961624146,0.09195394068956375
505,217,721,0.9899410009384155,0.7745758295059204,0.9261841177940369,0.47613760828971863,0.44612058997154236,0.4226916432380676,0.42048677802085876,0.9778551459312439,0.6077936887741089,0.7865689396858215,0.053667109459638596,0.05721557140350342,0.0694345012307167,0.10069210827350616,0.9809591770172119,0.6100833415985107,0.7903977632522583,0.05610897019505501,0.05824759975075722,0.06789909303188324,0.09823152422904968,0.9859869480133057,0.622588038444519,0.8264257907867432,0.039066385477781296,0.0442974790930748,0.06185160577297211,0.09970185905694962
506,439,594,0.9868237972259521,0.7812020182609558,0.9252609014511108,0.44615989923477173,0.40100517868995667,0.40307483077049255,0.4321681261062622,0.9785588979721069,0.6111769676208496,0.8032181262969971,0.044879570603370667,0.048897527158260345,0.058864135295152664,0.08913950622081757,0.9801657199859619,0.601105272769928,0.8060095310211182,0.061243899166584015,0.05757197365164757,0.06187927722930908,0.09164109081029892,0.9818789958953857,0.6191942095756531,0.8186870813369751,0.07116514444351196,0.06582394987344742,0.07370904833078384,0.10327358543872833
507,356,239,0.9913991093635559,0.8130188584327698,0.9494839906692505,0.6612814664840698,0.6438159942626953,0.5738696455955505,0.5431135296821594,0.9812510013580322,0.5803354382514954,0.8109803199768066,0.07237644493579865,0.0667998418211937,0.06821390986442566,0.09648402780294418,0.9766815900802612,0.5954301953315735,0.7967404723167419,0.08958009630441666,0.07506273686885834,0.07877133786678314,0.10514260828495026,0.9782457947731018,0.5923574566841125,0.792046070098877,0.0424933135509491,0.05318240448832512,0.07785873115062714,0.11542541533708572
508,916,899,0.9932437539100647,0.7303103804588318,0.9339151978492737,0.3025341033935547,0.26805025339126587,0.27367138862609863,0.3094530701637268,0.9815689921379089,0.6253172159194946,0.8239842653274536,0.09549158066511154,0.08116795122623444,0.08100230991840363,0.10737825930118561,0.9828644394874573,0.6244564056396484,0.8291634917259216,0.0983494222164154,0.08148601651191711,0.08109687268733978,0.10683221369981766,0.981454074382782,0.6138304471969604,0.8249403834342957,0.08200527727603912,0.0680665373802185,0.07082986831665039,0.09868336468935013
509,891,800,0.9869082570075989,0.7634366154670715,0.929053783416748,0.3639344871044159,0.3739195764064789,0.38632485270500183,0.41771379113197327,0.9728391170501709,0.5843394994735718,0.77518630027771,0.04468752443790436,0.04663723334670067,0.059792883694171906,0.09211226552724838,0.974825918674469,0.5783699154853821,0.7763163447380066,0.04471591114997864,0.04653824865818024,0.0569426529109478,0.08720026165246964,0.9775166511535645,0.6029214262962341,0.8029025793075562,0.04535217583179474,0.051761459559202194,0.06937289983034134,0.10177125781774521
510,739,386,0.9919978380203247,0.755670964717865,0.929320752620697,0.31126320362091064,0.3098872900009155,0.3159376382827759,0.34532204270362854,0.9837581515312195,0.612966001033783,0.8186416625976562,0.049757469445466995,0.05659463256597519,0.0664191022515297,0.10178030282258987,0.9845899343490601,0.6236609220504761,0.8264758586883545,0.05624108389019966,0.059459004551172256,0.07029581069946289,0.10503247380256653,0.985241174697876,0.6280167698860168,0.8326858878135681,0.05774993821978569,0.05979272350668907,0.06910483539104462,0.09835274517536163
511,86,457,0.9896053075790405,0.7552984952926636,0.9306233525276184,0.38727739453315735,0.40801048278808594,0.4176606833934784,0.44183582067489624,0.9812096953392029,0.6017120480537415,0.8049116730690002,0.04964825138449669,0.04919376224279404,0.061887290328741074,0.09888086467981339,0.9826039671897888,0.603253960609436,0.8075682520866394,0.06646332144737244,0.060028765350580215,0.06102532148361206,0.09398555755615234,0.9856489896774292,0.5905612707138062,0.8036194443702698,0.03605661913752556,0.03560550883412361,0.05130177363753319,0.08789866417646408
512,721,62,0.9908748865127563,0.7480232119560242,0.9352930784225464,0.32986488938331604,0.30405494570732117,0.3095032870769501,0.3486286699771881,0.9821126461029053,0.5935986638069153,0.8209075927734375,0.03199734166264534,0.0344943031668663,0.053402915596961975,0.08680026233196259,0.9846628904342651,0.6116471290588379,0.8274822235107422,0.03110552951693535,0.036676667630672455,0.05409926548600197,0.0901385098695755,0.9861125349998474,0.6287761926651001,0.8429087996482849,0.06162647157907486,0.06359010934829712,0.07662912458181381,0.10727418214082718
513,985,666,0.9918022155761719,0.8047292828559875,0.9584166407585144,0.5235285758972168,0.4973699450492859,0.507601261138916,0.5237140655517578,0.9687057733535767,0.5805724859237671,0.7560672760009766,0.05192359909415245,0.05453389883041382,0.06380988657474518,0.09164560586214066,0.9692103266716003,0.5739288330078125,0.7589101195335388,0.049988023936748505,0.056536585092544556,0.06659552454948425,0.09452671557664871,0.9720345139503479,0.5932826995849609,0.7749834656715393,0.05554744973778725,0.052725959569215775,0.06305240094661713,0.09336062520742416
514,533,101,0.991449236869812,0.7548085451126099,0.9440325498580933,0.38934165239334106,0.38101139664649963,0.3799552023410797,0.4020286798477173,0.9776961207389832,0.5813748240470886,0.7896902561187744,0.03693653643131256,0.046375926584005356,0.059044063091278076,0.09155480563640594,0.9773585200309753,0.5829949378967285,0.7913007140159607,0.04559919610619545,0.04667219892144203,0.056808557361364365,0.08818338811397552,0.977563738822937,0.5957104563713074,0.7938194870948792,0.0482279509305954,0.041911330074071884,0.05331908166408539,0.09037069231271744
515,20,571,0.9860369563102722,0.6994918584823608,0.8977541327476501,0.17126937210559845,0.16626980900764465,0.187612846493721,0.2380325347185135,0.9774948358535767,0.6131563782691956,0.804579496383667,0.03855123370885849,0.04003461077809334,0.05477229878306389,0.09312248229980469,0.9788069725036621,0.608399510383606,0.8107567429542542,0.03946787491440773,0.04194888100028038,0.057170234620571136,0.09197495877742767,0.9826710820198059,0.6237142086029053,0.8281551599502563,0.04744434356689453,0.04851829260587692,0.05951197072863579,0.08881145715713501
516,381,851,0.9885134100914001,0.7102312445640564,0.9053551554679871,0.28330284357070923,0.27103933691978455,0.28849244117736816,0.31414994597435,0.9826045036315918,0.6044720411300659,0.8170955181121826,0.06544049084186554,0.059693120419979095,0.06898028403520584,0.09646749496459961,0.9803594946861267,0.6060183644294739,0.8116869926452637,0.06995848566293716,0.06387165188789368,0.07064024358987808,0.09880644083023071,0.9865586757659912,0.6185678839683533,0.8242752552032471,0.045514095574617386,0.047093313187360764,0.06006750464439392,0.09165388345718384
517,71,362,0.9943117499351501,0.7722300291061401,0.944897472858429,0.30944886803627014,0.3082033097743988,0.3212073743343353,0.3601054549217224,0.9860072135925293,0.6350132822990417,0.8361290097236633,0.022997532039880753,0.03530416637659073,0.05615881457924843,0.09081967175006866,0.988034725189209,0.6370989084243774,0.8476810455322266,0.03998885303735733,0.04544709622859955,0.0572701059281826,0.09246811270713806,0.9855853915214539,0.6342884302139282,0.8355954885482788,0.03893771395087242,0.04295525327324867,0.058039069175720215,0.09146518260240555
518,469,650,0.9943504929542542,0.7205419540405273,0.9282095432281494,0.24753503501415253,0.23097485303878784,0.24258169531822205,0.290662944316864,0.9782954454421997,0.5903202891349792,0.7910755276679993,0.06341049820184708,0.0595654733479023,0.06245768815279007,0.09435102343559265,0.977584958076477,0.6049150824546814,0.8047224879264832,0.0743313580751419,0.06574147194623947,0.07081050425767899,0.10083457082509995,0.9822588562965393,0.6110549569129944,0.8253530859947205,0.11085619032382965,0.08331839740276337,0.08039931952953339,0.11356040090322495
519,781,766,0.9856746196746826,0.7070186734199524,0.8922551870346069,0.27341151237487793,0.23054994642734528,0.2290945202112198,0.25821635127067566,0.9809018969535828,0.6197870373725891,0.8129053711891174,0.044499289244413376,0.04241786524653435,0.05871541053056717,0.09474951773881912,0.9794826507568359,0.6179866790771484,0.8146986365318298,0.046367477625608444,0.05099169909954071,0.0624263621866703,0.09699093550443649,0.9834943413734436,0.6048427224159241,0.8326274156570435,0.0715479701757431,0.06487766653299332,0.07421213388442993,0.10284072160720825
520,515,813,0.9928381443023682,0.7729611396789551,0.9505580067634583,0.3287176787853241,0.3494724929332733,0.36956319212913513,0.41144847869873047,0.9742270112037659,0.6033831238746643,0.7897632122039795,0.030322307720780373,0.0388859398663044,0.05431665480136871,0.08896936476230621,0.977344274520874,0.5965002775192261,0.7999977469444275,0.03901796415448189,0.04495764151215553,0.05867160111665726,0.09105678647756577,0.9777244925498962,0.5975562930107117,0.8013103008270264,0.026955418288707733,0.03847601264715195,0.05465637892484665,0.09003063291311264
521,172,878,0.9867295026779175,0.7532152533531189,0.9195312261581421,0.30290135741233826,0.30588021874427795,0.3277376890182495,0.3638205826282501,0.9780780673027039,0.6091181039810181,0.8080180287361145,0.047297533601522446,0.049000710248947144,0.06224435567855835,0.09811742603778839,0.9812098741531372,0.6135867238044739,0.8158107995986938,0.0540071576833725,0.05150105431675911,0.06176120415329933,0.09438121318817139,0.9844111204147339,0.6020534038543701,0.8165664672851562,0.027467727661132812,0.03201007470488548,0.046643149107694626,0.07987500727176666
522,124,474,0.9875333905220032,0.7247998118400574,0.9107714295387268,0.2817755937576294,0.26654425263404846,0.2866455018520355,0.3206157684326172,0.9815100431442261,0.6105866432189941,0.8051893711090088,0.02792113646864891,0.0357663556933403,0.05246568098664284,0.08731117844581604,0.9846165776252747,0.6165024042129517,0.8181215524673462,0.0298342015594244,0.03782375156879425,0.055560462176799774,0.08795461803674698,0.9787198901176453,0.601973295211792,0.7951415777206421,0.0400787889957428,0.04230664670467377,0.055675528943538666,0.09010026603937149
523,908,180,0.9882678389549255,0.7907933592796326,0.938113808631897,0.3586246967315674,0.40604427456855774,0.4387490451335907,0.46318209171295166,0.9747109413146973,0.564325213432312,0.7902608513832092,0.035577740520238876,0.037760306149721146,0.05426284298300743,0.09645052999258041,0.9734269380569458,0.5685503482818604,0.7839134335517883,0.03639523312449455,0.03896336629986763,0.05542166158556938,0.08965009450912476,0.9686827063560486,0.5780310034751892,0.7688548564910889,0.04472211003303528,0.04226449131965637,0.0532134547829628,0.09225646406412125
524,511,353,0.9922849535942078,0.7673362493515015,0.9489231109619141,0.28592386841773987,0.31486988067626953,0.3465992510318756,0.39063045382499695,0.9836814999580383,0.5841938853263855,0.8091009855270386,0.05625567212700844,0.06368418037891388,0.07468815892934799,0.10217425227165222,0.9809736609458923,0.5763255953788757,0.803088903427124,0.05407074838876724,0.05965781584382057,0.07472041994333267,0.10187026858329773,0.9832810163497925,0.5947275757789612,0.8268941640853882,0.040568768978118896,0.04346202686429024,0.05961989611387253,0.09577403217554092
525,718,214,0.9857524633407593,0.743562638759613,0.9207054376602173,0.3073750138282776,0.32383406162261963,0.3272058963775635,0.36413803696632385,0.9795913696289062,0.5996768474578857,0.7980228066444397,0.029106199741363525,0.0388331413269043,0.05170736461877823,0.08840667456388474,0.9826909303665161,0.6018808484077454,0.8113611936569214,0.031553611159324646,0.03813996911048889,0.05157928913831711,0.08682992309331894,0.9777950048446655,0.5746020078659058,0.8107970952987671,0.04612795263528824,0.05177157744765282,0.0659157857298851,0.10124371945858002
526,836,26,0.9886231422424316,0.7491654753684998,0.9194309115409851,0.3279009759426117,0.34816935658454895,0.3677687644958496,0.40409037470817566,0.9819678068161011,0.5782483816146851,0.8021497130393982,0.02656807005405426,0.027458565309643745,0.0413653701543808,0.08302877098321915,0.9836769700050354,0.5775831937789917,0.8066535592079163,0.032561831176280975,0.035051364451646805,0.04684097692370415,0.08190789073705673,0.9851268529891968,0.5919193029403687,0.8002314567565918,0.034414466470479965,0.036457519978284836,0.05317264422774315,0.09213931113481522
527,240,92,0.9921039342880249,0.7513542771339417,0.9390694499015808,0.337619423866272,0.31759533286094666,0.3053702712059021,0.3409215211868286,0.9705153107643127,0.5707591772079468,0.7670832872390747,0.023316416889429092,0.032842960208654404,0.0508464053273201,0.08725526183843613,0.974795937538147,0.5563180446624756,0.7947143316268921,0.03794668987393379,0.04505884274840355,0.0574527345597744,0.0923152044415474,0.976446807384491,0.5953633189201355,0.8034238219261169,0.05150073394179344,0.06159088760614395,0.07266935706138611,0.10420160740613937
528,339,518,0.9920082092285156,0.7631051540374756,0.9391105771064758,0.4161747097969055,0.34606876969337463,0.3110797703266144,0.3432745635509491,0.9812958240509033,0.6282187104225159,0.8247025012969971,0.0786263570189476,0.06918472051620483,0.07386073470115662,0.1024123877286911,0.9831862449645996,0.6154096126556396,0.8291165828704834,0.0853295773267746,0.07436078041791916,0.0788617879152298,0.106105275452137,0.9813296794891357,0.6026986241340637,0.8219078183174133,0.08430726081132889,0.07108676433563232,0.07631294429302216,0.10820481181144714
529,710,74,0.9904050230979919,0.7439796924591064,0.9214508533477783,0.3313014805316925,0.3300507962703705,0.32901373505592346,0.3569801449775696,0.9869322180747986,0.6180955171585083,0.823352575302124,0.0441749133169651,0.041511937975883484,0.05354407802224159,0.08783899992704391,0.9871839284896851,0.6271805167198181,0.8292611241340637,0.0600840300321579,0.05610232427716255,0.06099274009466171,0.08999606221914291,0.9903931617736816,0.6428630352020264,0.847362756729126,0.07160194218158722,0.0662112608551979,0.0730421170592308,0.10385454446077347
530,691,794,0.994549572467804,0.7603678107261658,0.9447249174118042,0.3550516963005066,0.3361746668815613,0.31445348262786865,0.32804742455482483,0.9880803823471069,0.6311341524124146,0.8422297835350037,0.04617335647344589,0.0582270473241806,0.06773615628480911,0.09686620533466339,0.9854220151901245,0.6266649961471558,0.8345059752464294,0.05016307160258293,0.060846153646707535,0.07309073954820633,0.1054575964808464,0.974808394908905,0.5625870227813721,0.7791944146156311,0.04638395830988884,0.04940364882349968,0.061698056757450104,0.09205615520477295
531,660,582,0.9861985445022583,0.6817800998687744,0.8869473934173584,0.19880461692810059,0.18202058970928192,0.18889610469341278,0.22227269411087036,0.9807558655738831,0.6061370372772217,0.8108465075492859,0.037337690591812134,0.04093353822827339,0.053547926247119904,0.08457489311695099,0.979529082775116,0.5974344611167908,0.8107333779335022,0.03665951266884804,0.03895273432135582,0.050377313047647476,0.08246780931949615,0.978402853012085,0.6148459911346436,0.7974299192428589,0.042233895510435104,0.04881405830383301,0.06332709640264511,0.09523072093725204
532,818,630,0.9878509640693665,0.7018693089485168,0.8986268043518066,0.25800925493240356,0.23679740726947784,0.23887726664543152,0.27529531717300415,0.9786730408668518,0.6181689500808716,0.8144960999488831,0.05726960301399231,0.055081095546483994,0.06636551022529602,0.09657549113035202,0.9847900867462158,0.6233260631561279,0.8394982218742371,0.08620999753475189,0.07223675400018692,0.07164821028709412,0.09833324700593948,0.9796237349510193,0.5952332615852356,0.8066949248313904,0.05851968377828598,0.05220607668161392,0.06073490157723427,0.09081552177667618
533,244,705,0.990946352481842,0.7516841292381287,0.93455570936203,0.34700432419776917,0.3544483482837677,0.3589301109313965,0.39001044631004333,0.9785047173500061,0.5910650491714478,0.7856305241584778,0.0201339740306139,0.028753630816936493,0.04790602624416351,0.08635042607784271,0.979041576385498,0.593520998954773,0.7873044610023499,0.02277439646422863,0.029487308114767075,0.04769038036465645,0.0837988331913948,0.9825277924537659,0.5936508178710938,0.797324001789093,0.03192794322967529,0.034241434186697006,0.04883589968085289,0.0847063958644867
534,227,505,0.9889113306999207,0.7550054788589478,0.9364363551139832,0.2844747304916382,0.30691277980804443,0.34325259923934937,0.389904260635376,0.980228066444397,0.6239758729934692,0.8177216053009033,0.039380695670843124,0.04555702582001686,0.06001342833042145,0.09273681789636612,0.9808494448661804,0.6280876994132996,0.8229648470878601,0.04054222255945206,0.04546232521533966,0.059552550315856934,0.093732550740242,0.9861038327217102,0.6293890476226807,0.8350904583930969,0.07419301569461823,0.066472128033638,0.07040496170520782,0.09768696129322052
535,316,444,0.9891019463539124,0.7297185659408569,0.9159938097000122,0.2462121546268463,0.24595308303833008,0.2518799304962158,0.29320162534713745,0.977961003780365,0.5840836763381958,0.7985226511955261,0.04047146067023277,0.04272554814815521,0.05745069682598114,0.08958826959133148,0.9792667031288147,0.5840796232223511,0.8004013299942017,0.05713752284646034,0.05788753181695938,0.06538139283657074,0.09661059081554413,0.9760570526123047,0.6021108031272888,0.8041427731513977,0.09602425992488861,0.08801928162574768,0.08664923161268234,0.10966483503580093
536,668,145,0.9770165085792542,0.6202648878097534,0.8209259510040283,0.1551748514175415,0.1320984661579132,0.1276877373456955,0.15216168761253357,0.9721594452857971,0.6034729480743408,0.7867287397384644,0.08456946164369583,0.0756772980093956,0.08040288090705872,0.10663725435733795,0.9715045094490051,0.602733314037323,0.7849439978599548,0.07959047704935074,0.06604485213756561,0.07371948659420013,0.10130228102207184,0.9781779050827026,0.6039890050888062,0.7931284308433533,0.08393635600805283,0.06997697800397873,0.06706847250461578,0.09557192772626877
537,433,417,0.9931491017341614,0.7282400131225586,0.9321033358573914,0.24312108755111694,0.24740315973758698,0.25446340441703796,0.3025335669517517,0.9813883304595947,0.6025998592376709,0.8157727718353271,0.057450469583272934,0.05118010193109512,0.059995561838150024,0.09170866757631302,0.9843589663505554,0.6012107729911804,0.8283138275146484,0.0642206147313118,0.05733226239681244,0.06228099390864372,0.09420054405927658,0.9798287749290466,0.6013296842575073,0.807801365852356,0.04514706879854202,0.0427667535841465,0.05298198014497757,0.0861261710524559
538,21,593,0.9930550456047058,0.8170081973075867,0.9606002569198608,0.4524018466472626,0.46053647994995117,0.48286035656929016,0.5166465640068054,0.9821247458457947,0.6151226758956909,0.8054649233818054,0.03341425955295563,0.03653835132718086,0.04892323538661003,0.08609239012002945,0.9809942245483398,0.6158245801925659,0.805974543094635,0.028853528201580048,0.0371241457760334,0.053669705986976624,0.09391097724437714,0.9838308095932007,0.5903770923614502,0.8055036067962646,0.017300564795732498,0.025108713656663895,0.042279548943042755,0.07951142638921738
539,84,527,0.9880236387252808,0.7329078316688538,0.9086475372314453,0.2623542547225952,0.25648847222328186,0.2651739716529846,0.2908538579940796,0.9800505638122559,0.6274160742759705,0.8108901977539062,0.037781428545713425,0.039043400436639786,0.049613792449235916,0.08307862281799316,0.9823792576789856,0.6339021921157837,0.824603796005249,0.03346773609519005,0.044868189841508865,0.05964837595820427,0.09036574512720108,0.9779102206230164,0.6296204328536987,0.8164501190185547,0.05891493335366249,0.06449431926012039,0.07704901695251465,0.10394798964262009
540,772,69,0.9914820790290833,0.8201528787612915,0.9625401496887207,0.4518705904483795,0.46643975377082825,0.4809715151786804,0.5205512642860413,0.9687568545341492,0.5865488648414612,0.7709378600120544,0.03098873235285282,0.03945837542414665,0.054996684193611145,0.09105149656534195,0.9736883640289307,0.5999422669410706,0.7899907231330872,0.04451381787657738,0.045064304023981094,0.05772717669606209,0.09140311926603317,0.9790370464324951,0.6100796461105347,0.8101552724838257,0.02780008316040039,0.04099796339869499,0.062117114663124084,0.09757363796234131
541,989,983,0.9905815720558167,0.7018576264381409,0.9145625829696655,0.1595045030117035,0.18213646113872528,0.21262460947036743,0.2568904459476471,0.9830508232116699,0.6223407983779907,0.8272046446800232,0.03341608867049217,0.03928054869174957,0.05304005742073059,0.08882351219654083,0.98018878698349,0.6196296215057373,0.8211274147033691,0.051994457840919495,0.053384196013212204,0.06245747208595276,0.0926063060760498,0.9817345142364502,0.6031643748283386,0.8264374732971191,0.03592826798558235,0.04108521714806557,0.05776394531130791,0.09130443632602692
542,465,227,0.9875525236129761,0.7542877197265625,0.9221314191818237,0.37475669384002686,0.3672916293144226,0.35827285051345825,0.38649412989616394,0.9819613099098206,0.6255074143409729,0.8194131255149841,0.042090702801942825,0.04462117329239845,0.05959927290678024,0.09755667299032211,0.9793773889541626,0.6139092445373535,0.8140770196914673,0.049466077238321304,0.05050058662891388,0.06278649717569351,0.09760677069425583,0.9830304980278015,0.634306788444519,0.8243032693862915,0.07542674988508224,0.06722371280193329,0.06781072914600372,0.09757931530475616
543,682,68,0.9782952666282654,0.7084425091743469,0.8802860379219055,0.27167052030563354,0.2452559918165207,0.259365051984787,0.30021607875823975,0.97713702917099,0.6086928844451904,0.8085461854934692,0.057231638580560684,0.058838773518800735,0.06535391509532928,0.09401118755340576,0.9800809621810913,0.6090314984321594,0.8193380832672119,0.05345573648810387,0.05627724528312683,0.0654359683394432,0.09578046947717667,0.979255199432373,0.587969958782196,0.8188329935073853,0.05855859816074371,0.05373292416334152,0.06193787604570389,0.09248825907707214
544,527,724,0.9893588423728943,0.6929637789726257,0.9073708653450012,0.1470319777727127,0.16976916790008545,0.1965242475271225,0.2472190260887146,0.9746898412704468,0.5921545624732971,0.79549640417099,0.04913349077105522,0.0546332411468029,0.06691966205835342,0.0967349037528038,0.9757817983627319,0.6028401255607605,0.8035464882850647,0.05455421283841133,0.05469861254096031,0.06683298945426941,0.0986730232834816,0.9812610149383545,0.6033979654312134,0.823104977607727,0.03601403161883354,0.04255435988306999,0.057132914662361145,0.09309343248605728
545,145,146,0.9908372163772583,0.7515043616294861,0.9263675808906555,0.29005712270736694,0.2768424153327942,0.28745555877685547,0.3292476534843445,0.9838879704475403,0.6095092296600342,0.814464807510376,0.0352531373500824,0.042290978133678436,0.05899137258529663,0.09395542740821838,0.9819285869598389,0.600210428237915,0.8049067258834839,0.03959314152598381,0.04569820314645767,0.05732522904872894,0.08809951692819595,0.9737561345100403,0.5583973526954651,0.8009995222091675,0.09606489539146423,0.07845461368560791,0.07685333490371704,0.1044318675994873
546,486,329,0.9871572852134705,0.7279345989227295,0.9125151038169861,0.16207674145698547,0.18048270046710968,0.21733781695365906,0.27355530858039856,0.9831948280334473,0.6147450804710388,0.8312516212463379,0.04356827959418297,0.04525632783770561,0.057877540588378906,0.09532823413610458,0.9821678400039673,0.6059492826461792,0.8286305665969849,0.039213381707668304,0.04532751813530922,0.05813426151871681,0.09333101660013199,0.9813051819801331,0.618220865726471,0.8234423995018005,0.03811389207839966,0.03701934590935707,0.04922197759151459,0.08653934299945831
547,346,901,0.9900694489479065,0.7859243750572205,0.9411494731903076,0.4103968143463135,0.41324785351753235,0.41336262226104736,0.44351544976234436,0.9793721437454224,0.6080260872840881,0.8024593591690063,0.032280661165714264,0.03362421691417694,0.04711238294839859,0.07940197736024857,0.9812797904014587,0.6100622415542603,0.8154385685920715,0.040204860270023346,0.04133592173457146,0.053297556936740875,0.08232484012842178,0.9761462807655334,0.6105750799179077,0.8051404356956482,0.06591921299695969,0.062379900366067886,0.06523707509040833,0.09488862007856369
548,924,958,0.9903888702392578,0.7215197682380676,0.9156053066253662,0.19624340534210205,0.20383474230766296,0.2285151183605194,0.27515333890914917,0.9847964644432068,0.6229780316352844,0.8326812982559204,0.062269195914268494,0.06098100543022156,0.07008036971092224,0.10405071824789047,0.9836090803146362,0.618889570236206,0.8278952240943909,0.06388705223798752,0.05828913673758507,0.06743427366018295,0.10137046128511429,0.9863516092300415,0.6351600289344788,0.8368164300918579,0.031917210668325424,0.04079364985227585,0.059472642838954926,0.09929763525724411
549,174,19,0.9895481467247009,0.735909104347229,0.9239476919174194,0.23532316088676453,0.24626867473125458,0.2685679495334625,0.3113780915737152,0.9816576838493347,0.6043609380722046,0.8114733099937439,0.06179962307214737,0.05673497915267944,0.0661827027797699,0.09460660815238953,0.9815175533294678,0.6015388369560242,0.8109018802642822,0.061485785990953445,0.055850785225629807,0.06603527069091797,0.09677184373140335,0.9826587438583374,0.6276136636734009,0.8269279599189758,0.05986246466636658,0.057913701981306076,0.06440664827823639,0.09613801538944244
550,988,834,0.9920820593833923,0.7429769039154053,0.9327294230461121,0.299885094165802,0.2851765751838684,0.2991287410259247,0.3372674286365509,0.9792794585227966,0.5962651371955872,0.8128307461738586,0.07572019100189209,0.06307526677846909,0.06838348507881165,0.0977761298418045,0.9850194454193115,0.6057016849517822,0.8298262357711792,0.08043687045574188,0.0637696385383606,0.07095589488744736,0.1020684614777565,0.9796051979064941,0.6208196878433228,0.8191782236099243,0.08511963486671448,0.06789474934339523,0.0719747319817543,0.1000409871339798
551,863,178,0.9905515313148499,0.7290568947792053,0.9286514520645142,0.27488890290260315,0.26550623774528503,0.2583475112915039,0.291755348443985,0.9745425581932068,0.6162946820259094,0.8076874017715454,0.06095963343977928,0.058796145021915436,0.06324931234121323,0.09652246534824371,0.9761772155761719,0.6081259250640869,0.8139259815216064,0.07836829125881195,0.06572406738996506,0.06735855340957642,0.09717639535665512,0.9780793786048889,0.6055645942687988,0.8150673508644104,0.06988022476434708,0.06517183035612106,0.06730502098798752,0.0917811393737793
552,504,477,0.9870201945304871,0.7410802245140076,0.922743022441864,0.31868723034858704,0.3030056655406952,0.3220785856246948,0.3546592593193054,0.9723516702651978,0.6065321564674377,0.7807934880256653,0.06538741290569305,0.05583208426833153,0.06404560059309006,0.09759719669818878,0.9721587896347046,0.6066322326660156,0.785143256187439,0.06965760886669159,0.059278953820466995,0.06599604338407516,0.10055237263441086,0.9746676683425903,0.5751115083694458,0.7897425889968872,0.04503629729151726,0.04173944517970085,0.05338432267308235,0.08856814354658127
553,561,322,0.9908961057662964,0.76999831199646,0.9388609528541565,0.3911380171775818,0.39336636662483215,0.4127366244792938,0.4334810972213745,0.9805189967155457,0.6152122020721436,0.810461163520813,0.07091229408979416,0.055863797664642334,0.060487475246191025,0.09360195696353912,0.9833306670188904,0.6143820285797119,0.8216453194618225,0.07130038738250732,0.05981116741895676,0.06522149592638016,0.094821035861969,0.9810420274734497,0.606778085231781,0.8091353178024292,0.07381879538297653,0.06782633066177368,0.07563313841819763,0.10083665698766708
554,521,675,0.991668164730072,0.7704660892486572,0.9402956366539001,0.3834953308105469,0.35671481490135193,0.3519780933856964,0.3795509934425354,0.9813045263290405,0.6262575387954712,0.8216354250907898,0.06178373470902443,0.0657065361738205,0.08099997788667679,0.10936190187931061,0.9818021059036255,0.6293830275535583,0.8222882747650146,0.048928115516901016,0.05623709782958031,0.07309845089912415,0.10378481447696686,0.9836466908454895,0.598016619682312,0.8385711908340454,0.05168517678976059,0.05317367613315582,0.06894765794277191,0.10626301169395447
555,500,290,0.9892504811286926,0.7696627974510193,0.9296852946281433,0.3751569390296936,0.3699662983417511,0.36736732721328735,0.39749228954315186,0.965228796005249,0.5389392375946045,0.7399485111236572,0.05021294578909874,0.06193310394883156,0.06827470660209656,0.09989658743143082,0.9691289663314819,0.5624775886535645,0.7591682076454163,0.05714699625968933,0.059489939361810684,0.06468813866376877,0.09636489301919937,0.9804503321647644,0.6181160807609558,0.8101394772529602,0.05768394470214844,0.054068222641944885,0.061963725835084915,0.09658430516719818
556,105,923,0.9859930872917175,0.749538004398346,0.9144562482833862,0.239800363779068,0.26383811235427856,0.30392175912857056,0.3632234036922455,0.977450430393219,0.5957422852516174,0.7999946475028992,0.028458667919039726,0.03364593908190727,0.051803167909383774,0.08951589465141296,0.9772417545318604,0.587867021560669,0.8049637079238892,0.030699757859110832,0.03343479335308075,0.0505739226937294,0.0880628302693367,0.9816663861274719,0.6038178205490112,0.8209897875785828,0.02944261208176613,0.034800026565790176,0.051380738615989685,0.08709920942783356
557,783,409,0.9846754670143127,0.7523748874664307,0.9141497015953064,0.37265995144844055,0.38331419229507446,0.39288267493247986,0.4303630292415619,0.9808578491210938,0.5961136817932129,0.8009603023529053,0.03228048235177994,0.03688071668148041,0.05207524821162224,0.0872700959444046,0.9823360443115234,0.6027522683143616,0.806435227394104,0.03213151916861534,0.035208698362112045,0.05279925465583801,0.08321858197450638,0.9835790395736694,0.6053040027618408,0.810870885848999,0.058120016008615494,0.056347329169511795,0.06416153162717819,0.09144606441259384
558,748,991,0.9880943894386292,0.7496703863143921,0.9346643090248108,0.3940689265727997,0.33078667521476746,0.3158815801143646,0.3534398376941681,0.9775309562683105,0.5931837558746338,0.8067505359649658,0.06305962055921555,0.05517824366688728,0.06564720720052719,0.10122286528348923,0.9774938821792603,0.5919668078422546,0.8041161894798279,0.06281030923128128,0.06004791334271431,0.06659960746765137,0.10076723247766495,0.9769830107688904,0.6316813230514526,0.8229252099990845,0.11450610309839249,0.08796501904726028,0.08467855304479599,0.11535560339689255
559,338,76,0.9907383322715759,0.7430679202079773,0.923080563545227,0.2986805737018585,0.2639300525188446,0.2652636170387268,0.3003047704696655,0.98405921459198,0.6195549368858337,0.8271207213401794,0.055633313953876495,0.048625729978084564,0.05610201135277748,0.08738705515861511,0.9840119481086731,0.6182894706726074,0.8212941884994507,0.054073721170425415,0.04515746235847473,0.05521521344780922,0.08691470324993134,0.9820388555526733,0.6341229677200317,0.8257591128349304,0.0945202186703682,0.08260931819677353,0.08256268501281738,0.11130235344171524
560,273,381,0.9884571433067322,0.7692381739616394,0.932724118232727,0.31438979506492615,0.29567092657089233,0.3047546446323395,0.3504536747932434,0.9745827317237854,0.5694172382354736,0.7770134806632996,0.019808802753686905,0.028619300574064255,0.045876938849687576,0.08769570291042328,0.9768102169036865,0.5706972479820251,0.7859236001968384,0.02762315422296524,0.033525168895721436,0.05036699399352074,0.08962024748325348,0.9706144332885742,0.5971007943153381,0.7876896858215332,0.052993353456258774,0.05464814975857735,0.06539218872785568,0.097999706864357
561,22,308,0.9929919838905334,0.7821261286735535,0.9509338736534119,0.39089420437812805,0.3911595046520233,0.39201679825782776,0.4206710159778595,0.9831435084342957,0.6189088225364685,0.8187876343727112,0.056203246116638184,0.05219866335391998,0.0598895400762558,0.08953630179166794,0.9842020869255066,0.6220101118087769,0.8285965919494629,0.0592937245965004,0.056650757789611816,0.06494597345590591,0.09453382343053818,0.9785940051078796,0.6117463111877441,0.8131198287010193,0.05291149020195007,0.049147460609674454,0.05981059744954109,0.09218206256628036
562,2,539,0.9925822615623474,0.7501668930053711,0.9337975382804871,0.38431453704833984,0.32924166321754456,0.30325058102607727,0.3282806873321533,0.9780818223953247,0.5952905416488647,0.7924391627311707,0.04700880125164986,0.05039415508508682,0.05952761322259903,0.09249214082956314,0.9808599948883057,0.5992907881736755,0.8052754998207092,0.07064572721719742,0.06632685661315918,0.07074133306741714,0.1002521812915802,0.9825911521911621,0.6343942880630493,0.8296558260917664,0.06416548043489456,0.06495446711778641,0.06978782266378403,0.09838712960481644
563,708,916,0.9926505088806152,0.7610571384429932,0.9441319704055786,0.3790404498577118,0.33799055218696594,0.3454970419406891,0.3810252249240875,0.9819908738136292,0.5845062136650085,0.8153374791145325,0.022425660863518715,0.037207841873168945,0.06129991263151169,0.09745047986507416,0.9850691556930542,0.6196739673614502,0.832363486289978,0.05798378586769104,0.0573008731007576,0.07034231722354889,0.10097859799861908,0.9843766689300537,0.6235211491584778,0.8286640048027039,0.09615807235240936,0.07142851501703262,0.07238703221082687,0.09943493455648422
564,581,943,0.9889298677444458,0.7411590218544006,0.9215606451034546,0.2385249137878418,0.27398622035980225,0.3124399185180664,0.34990209341049194,0.9788818359375,0.6074345111846924,0.7978522181510925,0.02462846413254738,0.03466343879699707,0.05348934233188629,0.08892366290092468,0.9785763025283813,0.597106397151947,0.7931718230247498,0.02760945074260235,0.03422943502664566,0.04883011803030968,0.08633898198604584,0.9821998476982117,0.6108177900314331,0.8190017342567444,0.02390282042324543,0.033398956060409546,0.05316413938999176,0.08683311194181442
565,256,917,0.9922674894332886,0.7510913014411926,0.930659830570221,0.2467220276594162,0.237147718667984,0.25400757789611816,0.2986172139644623,0.981622040271759,0.6243842840194702,0.8182974457740784,0.04544714465737343,0.046566467732191086,0.05920335277915001,0.0932934433221817,0.9854933619499207,0.6298661231994629,0.832724392414093,0.04750657454133034,0.04700850322842598,0.06106922775506973,0.09486927092075348,0.9735051393508911,0.5948688387870789,0.7886337041854858,0.08467789739370346,0.07206355780363083,0.07571598142385483,0.09867709130048752
566,793,506,0.9935129880905151,0.7660732269287109,0.9456385374069214,0.47341179847717285,0.48089438676834106,0.5007785558700562,0.5249328017234802,0.984309732913971,0.596896231174469,0.7974393963813782,0.016215162351727486,0.025676866993308067,0.04848145321011543,0.08968626707792282,0.9826064109802246,0.5934791564941406,0.7938504815101624,0.018192501738667488,0.022915324196219444,0.04110129922628403,0.08964702486991882,0.9839432239532471,0.5872223973274231,0.7871000170707703,0.02842220850288868,0.03463764488697052,0.052310116589069366,0.09362339973449707
567,136,570,0.9788547158241272,0.6789304614067078,0.8729161620140076,0.2912279963493347,0.2310274839401245,0.22240696847438812,0.25013864040374756,0.9760359525680542,0.6096843481063843,0.8049817681312561,0.07472841441631317,0.06732356548309326,0.0735141858458519,0.10994364321231842,0.9786629676818848,0.5983433723449707,0.8166560530662537,0.07892338931560516,0.07020071148872375,0.07493288815021515,0.10652746260166168,0.9741783738136292,0.6031208038330078,0.7975980043411255,0.055292099714279175,0.05379047244787216,0.06820192188024521,0.09929647296667099
568,849,202,0.9894102215766907,0.7195646166801453,0.9129568338394165,0.2199510633945465,0.22240467369556427,0.24360041320323944,0.2891239821910858,0.9813940525054932,0.6141492128372192,0.8223686218261719,0.02873576432466507,0.03827377036213875,0.0513121522963047,0.0868418738245964,0.984571099281311,0.6239010691642761,0.8337559700012207,0.04604693874716759,0.0442718081176281,0.05790343135595322,0.09159130603075027,0.9821192622184753,0.6281787157058716,0.8325487971305847,0.06293757259845734,0.059905439615249634,0.07268041372299194,0.10483282059431076
569,805,480,0.9928973317146301,0.78558349609375,0.9455338716506958,0.48197999596595764,0.42771825194358826,0.4071214199066162,0.4239403307437897,0.986861526966095,0.6210712194442749,0.8251966238021851,0.019873790442943573,0.026433471590280533,0.04919920489192009,0.09473643451929092,0.988282322883606,0.6234162449836731,0.8404439687728882,0.03300246223807335,0.03696230798959732,0.05564515292644501,0.09567942470312119,0.980331540107727,0.6078362464904785,0.822297215461731,0.06258463114500046,0.059688255190849304,0.06581228226423264,0.09722164273262024
570,750,131,0.9916476607322693,0.7376790642738342,0.9306893348693848,0.20377270877361298,0.20247836410999298,0.23470014333724976,0.2922416925430298,0.985376238822937,0.6295974850654602,0.8400139212608337,0.038042519241571426,0.043669380247592926,0.05586400255560875,0.08928904682397842,0.9835121035575867,0.6319180727005005,0.8343996405601501,0.04016687348484993,0.042659856379032135,0.055486731231212616,0.09170743823051453,0.9788315296173096,0.6200283765792847,0.8140155673027039,0.042248159646987915,0.04567402973771095,0.05703672021627426,0.088737852871418
571,358,924,0.9943509697914124,0.7542394399642944,0.9429126977920532,0.31407761573791504,0.29919204115867615,0.3032345175743103,0.33507147431373596,0.9841540455818176,0.6212992072105408,0.8247084021568298,0.031102295964956284,0.03268251568078995,0.04572020471096039,0.07900420576334,0.9880573153495789,0.6291463971138,0.8472740650177002,0.038363922387361526,0.04545624181628227,0.05524540692567825,0.08873162418603897,0.984036386013031,0.6272801756858826,0.8261528611183167,0.049895722419023514,0.04574062302708626,0.05877932533621788,0.09292066842317581
572,255,44,0.993009090423584,0.7656475901603699,0.9416220188140869,0.3215235769748688,0.3336631953716278,0.33386319875717163,0.37108078598976135,0.9828860759735107,0.6177628040313721,0.8215684294700623,0.04701244458556175,0.044346101582050323,0.06030457094311714,0.09744760394096375,0.9802024960517883,0.5874905586242676,0.8121498823165894,0.04200433939695358,0.04466871917247772,0.06012972816824913,0.09668898582458496,0.981582522392273,0.6028013825416565,0.8140493631362915,0.028998861089348793,0.03624587133526802,0.05617089942097664,0.09383783489465714
573,773,79,0.9862295389175415,0.7417201995849609,0.9332712888717651,0.3481343984603882,0.3444353938102722,0.35654523968696594,0.4040803909301758,0.9702881574630737,0.5714588165283203,0.7723192572593689,0.0452595092356205,0.0440155565738678,0.0534207858145237,0.08918804675340652,0.9718710780143738,0.5570374131202698,0.777338445186615,0.045371539890766144,0.042813681066036224,0.05683373287320137,0.09168493002653122,0.9706971645355225,0.5881187319755554,0.7859361171722412,0.05939169600605965,0.06175072863698006,0.07558295130729675,0.1087278500199318
574,323,540,0.9912567138671875,0.8020493984222412,0.9465762972831726,0.4686298370361328,0.45915135741233826,0.46877288818359375,0.48729798197746277,0.9702556133270264,0.5721661448478699,0.7595012187957764,0.036258284002542496,0.03945891559123993,0.05382885783910751,0.0969671979546547,0.9673539400100708,0.58653324842453,0.7522937655448914,0.04265483468770981,0.04163602739572525,0.0559898279607296,0.09149014204740524,0.9793711304664612,0.6028234958648682,0.7992709875106812,0.05121416971087456,0.05656708404421806,0.06806501001119614,0.0979345291852951
575,759,933,0.9902315735816956,0.7171943187713623,0.910505473613739,0.3427938222885132,0.27316099405288696,0.2688324451446533,0.294019490480423,0.9837387800216675,0.6058489084243774,0.8094258308410645,0.023985158652067184,0.03468766063451767,0.051601164042949677,0.08937698602676392,0.98396235704422,0.5897055864334106,0.8111613392829895,0.03467850387096405,0.04083317890763283,0.05581437796354294,0.0918322205543518,0.9816678762435913,0.5912402272224426,0.7988133430480957,0.03578736633062363,0.036744993180036545,0.0563751682639122,0.09481459110975266
576,233,427,0.9960548281669617,0.7747454047203064,0.9572829008102417,0.3453941345214844,0.34128227829933167,0.32970675826072693,0.3614463806152344,0.9789639711380005,0.634844958782196,0.8186637759208679,0.04038523510098457,0.04883652180433273,0.060705699026584625,0.09360917657613754,0.9828963279724121,0.6363486051559448,0.8337830901145935,0.06130170822143555,0.0621061809360981,0.06519193202257156,0.09196420758962631,0.9734557867050171,0.6202050447463989,0.7910783290863037,0.030929170548915863,0.043459128588438034,0.06059243530035019,0.09157377481460571
577,47,458,0.990553081035614,0.8002386093139648,0.9544212818145752,0.5280253291130066,0.5170341730117798,0.5290494561195374,0.5417083501815796,0.9791519641876221,0.5910530686378479,0.7930450439453125,0.023700078949332237,0.035020794719457626,0.05209122598171234,0.09061478078365326,0.9777456521987915,0.5943787693977356,0.790462851524353,0.02924491837620735,0.037023819983005524,0.05714179947972298,0.09354984015226364,0.9780009984970093,0.5961949825286865,0.797847330570221,0.027312010526657104,0.03518809378147125,0.05293215811252594,0.09177538752555847
578,626,790,0.9840197563171387,0.7155778408050537,0.9000759124755859,0.3546298146247864,0.33487972617149353,0.3250405490398407,0.35785940289497375,0.97701495885849,0.5935000777244568,0.790723443031311,0.05224956199526787,0.04998597130179405,0.057193461805582047,0.09182287752628326,0.9769247770309448,0.5816506147384644,0.7890732288360596,0.05496290326118469,0.05157392844557762,0.05752252787351608,0.08820419013500214,0.9787253141403198,0.5920252799987793,0.794849693775177,0.037041425704956055,0.037355516105890274,0.04505892097949982,0.08100174367427826
579,32,460,0.9918703436851501,0.7419373989105225,0.9286791682243347,0.25757741928100586,0.25981637835502625,0.2788795232772827,0.3255476653575897,0.9804934859275818,0.6211483478546143,0.8253905177116394,0.06143847107887268,0.05336465686559677,0.06383171677589417,0.09399523586034775,0.9819257259368896,0.6258893609046936,0.8245633244514465,0.049234919250011444,0.05027471110224724,0.06130301207304001,0.09444340318441391,0.9842562079429626,0.620327353477478,0.8241897821426392,0.04497063159942627,0.04424470663070679,0.053417157381772995,0.08868123590946198
580,334,352,0.9894270300865173,0.7924792170524597,0.9371650815010071,0.30041611194610596,0.31183961033821106,0.3483957350254059,0.401001513004303,0.9766233563423157,0.5986239910125732,0.8139163255691528,0.0500086285173893,0.05446850508451462,0.061578817665576935,0.09412349760532379,0.9767695665359497,0.6083223819732666,0.8116468787193298,0.04552561789751053,0.04791216924786568,0.05939042195677757,0.09327065199613571,0.9779239296913147,0.629187285900116,0.813675582408905,0.04028854891657829,0.039467230439186096,0.05370337888598442,0.08867549896240234
581,830,805,0.9897740483283997,0.7831347584724426,0.9392690658569336,0.4156375825405121,0.4044609069824219,0.4195147752761841,0.453664094209671,0.9795122742652893,0.621772050857544,0.807711660861969,0.031091125681996346,0.034657761454582214,0.048975564539432526,0.08267437666654587,0.9822485446929932,0.625442385673523,0.8170878291130066,0.030697187408804893,0.03652500361204147,0.05136531591415405,0.08507935702800751,0.983681321144104,0.6185882687568665,0.8295654058456421,0.038190506398677826,0.053208865225315094,0.07746055722236633,0.11268407106399536
582,98,380,0.9880068898200989,0.8231330513954163,0.9440611004829407,0.5682410001754761,0.5535970330238342,0.5419235825538635,0.5494706034660339,0.9713644981384277,0.5825620293617249,0.7650439739227295,0.03251907229423523,0.0406092144548893,0.05692745000123978,0.09212978184223175,0.9685924649238586,0.5617389678955078,0.769446074962616,0.04262040928006172,0.05121825635433197,0.06011868268251419,0.0903625637292862,0.9754181504249573,0.6057404279708862,0.8015656471252441,0.11365588754415512,0.10483504086732864,0.10386311262845993,0.12637846171855927
583,160,224,0.9860445857048035,0.7871701717376709,0.9360392093658447,0.3848254084587097,0.3851834535598755,0.40025457739830017,0.4400803744792938,0.9807305932044983,0.6048691868782043,0.8145239353179932,0.0569227933883667,0.05526931211352348,0.06460930407047272,0.09303353726863861,0.9804301261901855,0.6033675074577332,0.8194440007209778,0.06289659440517426,0.059577129781246185,0.06416893005371094,0.09617409855127335,0.9780176877975464,0.6172330379486084,0.8076964020729065,0.03887942433357239,0.04141081124544144,0.05162598192691803,0.0868140384554863
584,282,83,0.9921639561653137,0.7639920711517334,0.9454652070999146,0.3922884464263916,0.4001133143901825,0.4074782729148865,0.4314425587654114,0.9787941575050354,0.605547308921814,0.8034902215003967,0.027519147843122482,0.038749657571315765,0.05546530708670616,0.09303789585828781,0.9794301986694336,0.6000415682792664,0.8048168420791626,0.030905039981007576,0.04339667782187462,0.05921909958124161,0.09547863155603409,0.9774966835975647,0.598173201084137,0.7946787476539612,0.02678489126265049,0.03636728972196579,0.054872386157512665,0.09525705873966217
585,385,911,0.9916585087776184,0.8289273977279663,0.9519903659820557,0.47126850485801697,0.45827218890190125,0.4622802734375,0.4964418411254883,0.9807456731796265,0.6256951093673706,0.8253105282783508,0.023405037820339203,0.029558420181274414,0.052573446184396744,0.09214932471513748,0.982254147529602,0.6325714588165283,0.8309074640274048,0.0283580981194973,0.03754238411784172,0.057892680168151855,0.0980372205376625,0.9782984256744385,0.5993002653121948,0.8114343881607056,0.067200668156147,0.06356263160705566,0.0664326623082161,0.10060689598321915
586,332,884,0.9865037202835083,0.7576330900192261,0.9268646240234375,0.30162256956100464,0.30939364433288574,0.3305794298648834,0.37051570415496826,0.980181097984314,0.6133078336715698,0.8210551738739014,0.057523712515830994,0.05905596539378166,0.06591244786977768,0.09834828227758408,0.9817139506340027,0.5825322270393372,0.8269849419593811,0.05894048139452934,0.057551294565200806,0.06573285907506943,0.09706493467092514,0.9788444638252258,0.6207010746002197,0.8126903772354126,0.056165266782045364,0.05811808258295059,0.06969213485717773,0.10064145922660828
587,181,580,0.993539571762085,0.7447189092636108,0.9405889511108398,0.2165006697177887,0.22176046669483185,0.25213608145713806,0.30916690826416016,0.982767641544342,0.626796543598175,0.8328086733818054,0.04018348455429077,0.042762868106365204,0.055517978966236115,0.09044314175844193,0.9846047759056091,0.6239842772483826,0.8370447754859924,0.04039185121655464,0.0411747582256794,0.05467291548848152,0.09117520600557327,0.9829249382019043,0.6303324103355408,0.8340587615966797,0.0346185602247715,0.04030562937259674,0.057950034737586975,0.09461552649736404
588,649,168,0.9905514121055603,0.7787030339241028,0.9424192309379578,0.42312192916870117,0.41568201780319214,0.4158848226070404,0.43438583612442017,0.9761663675308228,0.6028608679771423,0.7991865277290344,0.09046825021505356,0.07820207625627518,0.07809195667505264,0.1038661003112793,0.9811698794364929,0.6173950433731079,0.8212700486183167,0.11083975434303284,0.08796489983797073,0.07988768815994263,0.09970719367265701,0.9765979647636414,0.6078780889511108,0.7946416139602661,0.07022593170404434,0.06020428240299225,0.06783408671617508,0.09767543524503708
589,855,698,0.9911404848098755,0.7200897932052612,0.915355920791626,0.2342950403690338,0.22179876267910004,0.23915107548236847,0.27850306034088135,0.9814407229423523,0.5953530669212341,0.8099368810653687,0.05873560160398483,0.07052826881408691,0.09121201932430267,0.1308586597442627,0.9816234111785889,0.5996111035346985,0.8132268190383911,0.06459477543830872,0.07421377301216125,0.09406820684671402,0.1285562962293625,0.9804351925849915,0.6284964084625244,0.8193838596343994,0.07638716697692871,0.0728127583861351,0.08216709643602371,0.10943277180194855
590,901,929,0.9862010478973389,0.7344010472297668,0.9061735272407532,0.2480342835187912,0.24577593803405762,0.25587740540504456,0.3045748174190521,0.9759746789932251,0.6097427606582642,0.8085757493972778,0.07848132401704788,0.05831136927008629,0.06093820184469223,0.09313873201608658,0.9782943725585938,0.6064116358757019,0.8152538537979126,0.0834755003452301,0.06234809383749962,0.0641959011554718,0.09592702239751816,0.9815980195999146,0.609963059425354,0.8143760561943054,0.038541585206985474,0.04284457862377167,0.05789496377110481,0.09612873196601868
591,333,431,0.9870764017105103,0.8174748420715332,0.9377464056015015,0.567949652671814,0.5858402252197266,0.5923378467559814,0.6074198484420776,0.9766080975532532,0.5885140895843506,0.7751336097717285,0.07477179169654846,0.069838747382164,0.07323094457387924,0.10356257855892181,0.9799689054489136,0.5958125591278076,0.7908756136894226,0.0865059494972229,0.07361356168985367,0.07662054151296616,0.10565011948347092,0.9836717247962952,0.5982421636581421,0.8134220242500305,0.11359485238790512,0.09642162919044495,0.09406603127717972,0.11748924851417542
592,938,430,0.9943277835845947,0.7934867739677429,0.9579778909683228,0.49160704016685486,0.4633263051509857,0.4675861895084381,0.4844626188278198,0.9798689484596252,0.6098988652229309,0.8105726838111877,0.03643909841775894,0.0428939163684845,0.057200849056243896,0.09057432413101196,0.9813164472579956,0.60343998670578,0.8120511174201965,0.03870992362499237,0.04617578163743019,0.05619865283370018,0.08906178176403046,0.9730390906333923,0.6159856915473938,0.7972567081451416,0.06100985035300255,0.061385903507471085,0.06982167065143585,0.10241896659135818
593,539,678,0.9916896820068359,0.7485488653182983,0.9313174486160278,0.42573055624961853,0.4221149981021881,0.43484169244766235,0.4579594135284424,0.9850795269012451,0.5803099274635315,0.8089714646339417,0.021695250645279884,0.03629493713378906,0.06352182477712631,0.09933322668075562,0.9844252467155457,0.5819799900054932,0.8068751096725464,0.03477536886930466,0.04265539348125458,0.06190858781337738,0.09918829798698425,0.9857956171035767,0.6011027097702026,0.8107232451438904,0.03699180856347084,0.04085063934326172,0.054528459906578064,0.09302631765604019
594,859,462,0.9890715479850769,0.7392747402191162,0.9137169718742371,0.29862356185913086,0.2776282727718353,0.2724497318267822,0.3070736229419708,0.9776135683059692,0.6118271946907043,0.7973310947418213,0.05203813686966896,0.04879263788461685,0.059730518609285355,0.08989247679710388,0.975823700428009,0.6236341595649719,0.8038502931594849,0.06654620170593262,0.05856373906135559,0.06540819257497787,0.09472552686929703,0.9838252067565918,0.6245372891426086,0.8307241201400757,0.10031923651695251,0.08106832206249237,0.081058070063591,0.1059388667345047
595,979,126,0.9854184985160828,0.7505394816398621,0.9101421236991882,0.40030211210250854,0.37461236119270325,0.36881765723228455,0.40888163447380066,0.9838654398918152,0.6134307384490967,0.81283038854599,0.01692016050219536,0.02679619938135147,0.04614558815956116,0.08492586761713028,0.986727774143219,0.6185867786407471,0.828500509262085,0.014192638918757439,0.025244934484362602,0.046192534267902374,0.08911670744419098,0.9750527739524841,0.6030083894729614,0.78872150182724,0.019992627203464508,0.02355586737394333,0.04077997803688049,0.08108696341514587
596,614,241,0.990114152431488,0.7302882671356201,0.9222461581230164,0.2905454933643341,0.2909240126609802,0.30834102630615234,0.36058691143989563,0.9852254390716553,0.6038182973861694,0.8230950832366943,0.04360506311058998,0.04153857380151749,0.05748940259218216,0.09286173433065414,0.9854357242584229,0.6138694882392883,0.8234574794769287,0.04649997502565384,0.04425583779811859,0.05764572322368622,0.09295319020748138,0.980226993560791,0.6086238622665405,0.8058379888534546,0.06007402762770653,0.05317211151123047,0.06501289457082748,0.09693556278944016
597,360,655,0.9872788786888123,0.7564963102340698,0.9189522862434387,0.28343719244003296,0.29167860746383667,0.3135591447353363,0.3596419394016266,0.9860886335372925,0.6228041052818298,0.8364720344543457,0.02742921933531761,0.034954771399497986,0.05066174641251564,0.08706258982419968,0.9873421788215637,0.632305920124054,0.8433108329772949,0.03567500784993172,0.042832549661397934,0.05591626092791557,0.09038572013378143,0.9858527183532715,0.6276818513870239,0.8410475254058838,0.07973896712064743,0.07199782878160477,0.07451189309358597,0.10375679284334183
598,692,95,0.9914189577102661,0.7716237306594849,0.934740424156189,0.33147695660591125,0.32466113567352295,0.3202621340751648,0.35227829217910767,0.9751477837562561,0.5941058993339539,0.7880043387413025,0.04047523811459541,0.043456923216581345,0.05567379295825958,0.08922216296195984,0.9765257239341736,0.6044971346855164,0.7921698093414307,0.042943719774484634,0.04619504511356354,0.05776922032237053,0.08895139396190643,0.977918803691864,0.6058520078659058,0.8052525520324707,0.07202790677547455,0.06656795740127563,0.06977736949920654,0.09487663954496384
599,558,896,0.9887439608573914,0.7784367799758911,0.9356113076210022,0.41293880343437195,0.4076298475265503,0.42017456889152527,0.44858482480049133,0.9705762267112732,0.6078534126281738,0.7874011397361755,0.07890686392784119,0.06494006514549255,0.06915202736854553,0.0980859249830246,0.9697060585021973,0.5857012271881104,0.7876129150390625,0.07951731979846954,0.06984875351190567,0.07274309545755386,0.10088463127613068,0.9772139191627502,0.606005847454071,0.8089579939842224,0.05710848793387413,0.054146092385053635,0.06393745541572571,0.09648257493972778
600,654,895,0.9911869168281555,0.6625545024871826,0.905194103717804,0.14679990708827972,0.16619612276554108,0.1824086606502533,0.23035281896591187,0.9816500544548035,0.5996556878089905,0.8238542079925537,0.030559763312339783,0.03923504054546356,0.05632345750927925,0.09379104524850845,0.9797046780586243,0.5961610674858093,0.8143858313560486,0.02012699469923973,0.031200945377349854,0.05248742178082466,0.09072047472000122,0.978851318359375,0.5899236798286438,0.8011767268180847,0.024548955261707306,0.034838199615478516,0.04760010913014412,0.08377187699079514
601,800,287,0.9896573424339294,0.7727562785148621,0.9272233247756958,0.3060387670993805,0.37473398447036743,0.4194456934928894,0.45755526423454285,0.9886876344680786,0.6074848175048828,0.8270012736320496,0.024477452039718628,0.03530409187078476,0.04980850964784622,0.08719712495803833,0.9883919954299927,0.6213311553001404,0.849014401435852,0.07287164777517319,0.0869467556476593,0.10644815117120743,0.14405466616153717,0.9865742921829224,0.6069300174713135,0.822169840335846,0.037424586713314056,0.04594595357775688,0.06203477084636688,0.09585070610046387
602,239,913,0.9887467622756958,0.7498700618743896,0.9203050136566162,0.3975105881690979,0.39617007970809937,0.3820560574531555,0.3980534076690674,0.9833878874778748,0.6187734007835388,0.8069990277290344,0.028499435633420944,0.03927246481180191,0.05844029411673546,0.09832599759101868,0.9842240810394287,0.6176260709762573,0.8049149513244629,0.027952298521995544,0.035651564598083496,0.05337090790271759,0.09565732628107071,0.9856941103935242,0.6151624321937561,0.8204183578491211,0.04280632361769676,0.048600517213344574,0.06259618699550629,0.09415217489004135
603,917,367,0.9919032454490662,0.707394540309906,0.9134799838066101,0.26004788279533386,0.23585818707942963,0.22659684717655182,0.2562209963798523,0.9795941710472107,0.5939863920211792,0.8179399967193604,0.09604594111442566,0.08778838813304901,0.0800301656126976,0.10858110338449478,0.9779019951820374,0.5942981243133545,0.8139663934707642,0.11244631558656693,0.09437457472085953,0.08285738527774811,0.10731743276119232,0.9757920503616333,0.6077689528465271,0.7988467812538147,0.07150273025035858,0.06330960988998413,0.0646875649690628,0.09659920632839203
604,107,349,0.9946953654289246,0.784570038318634,0.9604974389076233,0.45995795726776123,0.45533517003059387,0.4416405260562897,0.48024630546569824,0.9808259606361389,0.5980852842330933,0.7966557741165161,0.03302476182579994,0.0378287099301815,0.052950095385313034,0.0902797132730484,0.9827962517738342,0.6042792797088623,0.8064479827880859,0.03910272940993309,0.042940653860569,0.05947812646627426,0.09621226787567139,0.9772297143936157,0.5988576412200928,0.7902327179908752,0.04250875115394592,0.03779244050383568,0.04991459101438522,0.08938419073820114
605,803,565,0.9945303201675415,0.8117632269859314,0.9656068086624146,0.41207605600357056,0.4413607716560364,0.4411422610282898,0.48143845796585083,0.9786839485168457,0.5912264585494995,0.8102365732192993,0.05274282023310661,0.055683933198451996,0.07180196046829224,0.10556671023368835,0.9794914722442627,0.5968127846717834,0.8142911791801453,0.06686072051525116,0.06814269721508026,0.07545392215251923,0.10429713875055313,0.9763072729110718,0.6124695539474487,0.8007405996322632,0.04280288890004158,0.044964272528886795,0.056385476142168045,0.09160411357879639
606,876,368,0.9893667101860046,0.7388319373130798,0.9243528246879578,0.2557125687599182,0.26683109998703003,0.2866215109825134,0.3316671848297119,0.9801494479179382,0.6044057607650757,0.8064431548118591,0.05036678537726402,0.056263357400894165,0.06814158707857132,0.10119414329528809,0.9800682663917542,0.615982174873352,0.8112327456474304,0.061275918036699295,0.0604209303855896,0.07040534913539886,0.09973535686731339,0.9708968997001648,0.592126727104187,0.7841058969497681,0.06613873690366745,0.05837438255548477,0.06189551204442978,0.0922907218337059
607,697,973,0.992287278175354,0.7393367290496826,0.9348153471946716,0.25530803203582764,0.2587917745113373,0.2714204490184784,0.30825644731521606,0.9757758975028992,0.610529363155365,0.7979416847229004,0.06316639482975006,0.05950548127293587,0.0688944160938263,0.09701327979564667,0.9754372239112854,0.6131578683853149,0.7958325743675232,0.06216541305184364,0.05757797509431839,0.06593253463506699,0.09505187720060349,0.980771541595459,0.6086820363998413,0.8273011445999146,0.05294172838330269,0.05974484235048294,0.07163054496049881,0.1008007675409317
608,735,585,0.9847091436386108,0.7219297289848328,0.8971748948097229,0.16996999084949493,0.18510586023330688,0.21617358922958374,0.2668069005012512,0.9742363095283508,0.595879852771759,0.776755154132843,0.04572032019495964,0.04629471153020859,0.05824386328458786,0.09367434680461884,0.974653422832489,0.6095365285873413,0.7851643562316895,0.041821613907814026,0.04490601643919945,0.058208711445331573,0.09263285994529724,0.9783203601837158,0.6357095837593079,0.817793071269989,0.03802984207868576,0.04840166121721268,0.06333169341087341,0.09907133877277374
609,90,548,0.9900084137916565,0.7638152837753296,0.9290142059326172,0.2621803879737854,0.2718796133995056,0.30386778712272644,0.35192784667015076,0.9866364002227783,0.6310893893241882,0.8399796485900879,0.03471577167510986,0.03936875984072685,0.05686340481042862,0.09967801719903946,0.9862025380134583,0.6328181028366089,0.8379614353179932,0.03439478948712349,0.0388718843460083,0.05820976942777634,0.09869217127561569,0.9865837693214417,0.6340840458869934,0.8477522730827332,0.05639595910906792,0.0583568774163723,0.07180404663085938,0.10534363240003586
610,531,906,0.9916834235191345,0.696631669998169,0.9154893159866333,0.14884407818317413,0.15744997560977936,0.18010586500167847,0.22678722441196442,0.978693425655365,0.5867196321487427,0.8131495714187622,0.031091295182704926,0.03935512155294418,0.05667660012841225,0.09768686443567276,0.9779994487762451,0.5981394648551941,0.813960611820221,0.03375554457306862,0.041321851313114166,0.05513288453221321,0.09019166231155396,0.9785128235816956,0.6158136129379272,0.8137631416320801,0.023465823382139206,0.03029090166091919,0.048161786049604416,0.08220981061458588
611,934,135,0.9865803122520447,0.7509017586708069,0.9166778326034546,0.3595393896102905,0.30850884318351746,0.3089713156223297,0.34820789098739624,0.9803808331489563,0.6078579425811768,0.8152506947517395,0.08916778862476349,0.0745808407664299,0.07297686487436295,0.09890639036893845,0.980732798576355,0.5865334272384644,0.8155965209007263,0.08452082425355911,0.06880310922861099,0.06598338484764099,0.09367844462394714,0.9770996570587158,0.6146001219749451,0.8053699135780334,0.0638103261590004,0.061812855303287506,0.0672714039683342,0.09358397871255875
612,313,448,0.9961838722229004,0.8663323521614075,0.9814028739929199,0.609493613243103,0.6060691475868225,0.6150498390197754,0.6501160860061646,0.9797173738479614,0.5945501327514648,0.7880405187606812,0.02403741143643856,0.03186173364520073,0.04674877971410751,0.08368181437253952,0.979793131351471,0.5914598703384399,0.7968724370002747,0.028665903955698013,0.03379631042480469,0.04830220341682434,0.08610102534294128,0.9741686582565308,0.6005978584289551,0.7789663076400757,0.022903839126229286,0.031135061755776405,0.05254289135336876,0.09367883205413818
613,57,927,0.9924915432929993,0.7629122138023376,0.9512362480163574,0.3112030625343323,0.3307623565196991,0.35139888525009155,0.40036576986312866,0.9803360104560852,0.6157445311546326,0.8209277391433716,0.06347593665122986,0.06638234108686447,0.07471950352191925,0.10669006407260895,0.9804598689079285,0.616722047328949,0.822604238986969,0.061971791088581085,0.06426697224378586,0.0733301118016243,0.10282517969608307,0.9821633696556091,0.6348068118095398,0.8289566040039062,0.07844424247741699,0.0852368175983429,0.0947638601064682,0.12257618457078934
614,592,999,0.9930542707443237,0.7791643738746643,0.9470624327659607,0.3382648527622223,0.33251625299453735,0.35152262449264526,0.3941326439380646,0.9836148619651794,0.5771967768669128,0.8226548433303833,0.048118941485881805,0.05327724665403366,0.06270314753055573,0.09506219625473022,0.9837889671325684,0.5843586921691895,0.8191628456115723,0.05555688962340355,0.05434473976492882,0.06373243033885956,0.09431420266628265,0.9814295768737793,0.6019114851951599,0.8204176425933838,0.06763554364442825,0.059946924448013306,0.06929125636816025,0.1002463772892952
615,35,461,0.9895640015602112,0.75334632396698,0.9242218732833862,0.2662218511104584,0.2854095995426178,0.3197420835494995,0.3677850067615509,0.979422390460968,0.6277971863746643,0.8141868710517883,0.05840745195746422,0.0580315962433815,0.06967510282993317,0.10364752262830734,0.981086254119873,0.5730540752410889,0.8215737342834473,0.06680743396282196,0.062093447893857956,0.06890866905450821,0.0986887663602829,0.9818994998931885,0.6100677847862244,0.8102506995201111,0.028415311127901077,0.03444163128733635,0.05349579453468323,0.08917993307113647
616,707,635,0.989741861820221,0.6716862916946411,0.8999678492546082,0.25046220421791077,0.21856950223445892,0.2079841047525406,0.23318885266780853,0.980002224445343,0.5851041674613953,0.8012176752090454,0.02153284102678299,0.028531929478049278,0.04739852249622345,0.0870850682258606,0.9800615906715393,0.5898227691650391,0.8042647242546082,0.0345706045627594,0.03431976959109306,0.048976752907037735,0.0854707658290863,0.9791695475578308,0.6134133338928223,0.8131256103515625,0.07588530331850052,0.06750462204217911,0.07455039024353027,0.10322041064500809
617,335,218,0.9870895147323608,0.7788422107696533,0.9289432764053345,0.37388092279434204,0.397043377161026,0.41247105598449707,0.43383896350860596,0.9705417156219482,0.587054967880249,0.7775260806083679,0.05444752424955368,0.05131637305021286,0.05919937044382095,0.09045960754156113,0.9724478125572205,0.5983492732048035,0.7853482365608215,0.05366675928235054,0.052114252001047134,0.05857473239302635,0.08761657029390335,0.982502281665802,0.5774008631706238,0.7968747019767761,0.04097745195031166,0.04756563901901245,0.0636962503194809,0.09849810600280762
618,50,67,0.9893098473548889,0.778487503528595,0.9334651827812195,0.31387725472450256,0.3288063704967499,0.3512282073497772,0.3968725800514221,0.9806656837463379,0.6191935539245605,0.8171705603599548,0.03524956479668617,0.04611365869641304,0.05686124786734581,0.0896819531917572,0.9806135892868042,0.6171458959579468,0.8153684139251709,0.034812409430742264,0.041391488164663315,0.05298670381307602,0.08596763014793396,0.9839455485343933,0.6134189367294312,0.8349515795707703,0.03745410218834877,0.04194409027695656,0.05503956973552704,0.09295836836099625
619,950,842,0.9936580657958984,0.7717769145965576,0.9432381987571716,0.3342072665691376,0.312019407749176,0.31299349665641785,0.3487332761287689,0.9724858999252319,0.5680899024009705,0.7831682562828064,0.037665531039237976,0.040643204003572464,0.05613953620195389,0.09018736332654953,0.974483847618103,0.5861417055130005,0.7978389263153076,0.04373198375105858,0.04447003826498985,0.05801260098814964,0.09089965373277664,0.9831830263137817,0.6177330017089844,0.8246895670890808,0.0446065291762352,0.04791545867919922,0.059391800314188004,0.08851755410432816
620,270,443,0.9887354969978333,0.7822037935256958,0.929510235786438,0.47141337394714355,0.4786674976348877,0.4885946810245514,0.49091556668281555,0.9826910495758057,0.611408531665802,0.8099366426467896,0.07070746272802353,0.06834503263235092,0.07120504230260849,0.10043056309223175,0.9839030504226685,0.6085571646690369,0.8135145306587219,0.07513613253831863,0.07353189587593079,0.0736239105463028,0.10079531371593475,0.9868972897529602,0.5993354320526123,0.8084207773208618,0.04804021865129471,0.04608194902539253,0.05329805240035057,0.094155453145504
621,67,856,0.98961341381073,0.7551438808441162,0.930063784122467,0.2919187545776367,0.2917669713497162,0.3130075931549072,0.35528263449668884,0.9804378747940063,0.6233639121055603,0.8267248272895813,0.04260900989174843,0.049066152423620224,0.0642225369811058,0.10087209939956665,0.9816380739212036,0.5913503766059875,0.8250378966331482,0.05406119301915169,0.05353701859712601,0.06373673677444458,0.0971197858452797,0.9772522449493408,0.6212771534919739,0.8083391785621643,0.04033743217587471,0.04075157642364502,0.0534740649163723,0.08507738262414932
622,188,336,0.9874585270881653,0.7364850640296936,0.9156436920166016,0.29717642068862915,0.2786494791507721,0.28532975912094116,0.32413914799690247,0.9752320051193237,0.6173856258392334,0.799780011177063,0.06959893554449081,0.06488152593374252,0.07468920946121216,0.10429887473583221,0.9757208824157715,0.6190357804298401,0.8007215857505798,0.06498609483242035,0.06374939531087875,0.07620649039745331,0.10750570893287659,0.9811087250709534,0.5920332670211792,0.8213969469070435,0.05332357808947563,0.05554882064461708,0.06695820391178131,0.09736145287752151
623,363,419,0.9857301115989685,0.7631404995918274,0.9100707769393921,0.42065754532814026,0.4012540280818939,0.3861088454723358,0.40728649497032166,0.9746770262718201,0.5914195775985718,0.7780334949493408,0.03603806719183922,0.035879917442798615,0.053306736052036285,0.08914604783058167,0.9744189381599426,0.5914502739906311,0.7826088666915894,0.044545385986566544,0.04108365625143051,0.05688060075044632,0.09129569679498672,0.9791256189346313,0.6187914609909058,0.8070651888847351,0.06262611597776413,0.056898996233940125,0.06849069148302078,0.10434934496879578
624,489,970,0.9943225979804993,0.769353449344635,0.9467427730560303,0.423160582780838,0.3815896213054657,0.3725907504558563,0.3965419828891754,0.9775983095169067,0.5911431312561035,0.7892758846282959,0.03431452065706253,0.03565644472837448,0.05080940201878548,0.08491700887680054,0.9779653549194336,0.5927368998527527,0.7935331463813782,0.03787674009799957,0.039181746542453766,0.05292891710996628,0.08587898313999176,0.9872211813926697,0.606150209903717,0.8372819423675537,0.04653444141149521,0.05007496476173401,0.06412151455879211,0.09786450117826462
625,959,150,0.9904935359954834,0.7387087941169739,0.9282137751579285,0.3044315278530121,0.3007039725780487,0.3100791275501251,0.33896178007125854,0.9740741848945618,0.5766489505767822,0.771113395690918,0.030594605952501297,0.03103000670671463,0.044539641588926315,0.07793276757001877,0.9755876064300537,0.5851935148239136,0.7816712856292725,0.023412562906742096,0.028521912172436714,0.04754837229847908,0.08282773196697235,0.9818667769432068,0.6036549806594849,0.8067201972007751,0.0436614491045475,0.04324047639966011,0.05228738859295845,0.08406740427017212
626,463,388,0.9881430268287659,0.776864230632782,0.9307084083557129,0.40680721402168274,0.3759927451610565,0.38761430978775024,0.4299173057079315,0.98307204246521,0.6255456209182739,0.8195515871047974,0.020570915192365646,0.024633586406707764,0.04288485646247864,0.08397882431745529,0.9813334941864014,0.6297680735588074,0.81998211145401,0.029354726895689964,0.032002002000808716,0.04774874076247215,0.08640661090612411,0.9811564087867737,0.6013039350509644,0.8209443092346191,0.07047602534294128,0.06473883241415024,0.06834091991186142,0.09807276725769043
627,846,751,0.9907989501953125,0.7451673746109009,0.9288282990455627,0.2809523344039917,0.2603206932544708,0.27761903405189514,0.3203485608100891,0.977516770362854,0.6100583672523499,0.8019859194755554,0.06041831150650978,0.05604136735200882,0.06153495982289314,0.09251929074525833,0.9773602485656738,0.5982491374015808,0.8102869391441345,0.06637351959943771,0.05970103293657303,0.06428463011980057,0.09663916379213333,0.9883192777633667,0.629688024520874,0.8459447622299194,0.08119972050189972,0.07038196921348572,0.07142667472362518,0.10076367110013962
628,357,900,0.989730954170227,0.7217986583709717,0.9170568585395813,0.23957493901252747,0.2213457077741623,0.23129135370254517,0.2751500904560089,0.9810420274734497,0.6063929200172424,0.8127508759498596,0.038861773908138275,0.0389450304210186,0.05179253965616226,0.08711742609739304,0.9826170206069946,0.6100323796272278,0.8178461790084839,0.031508348882198334,0.03871452435851097,0.051000047475099564,0.08561163395643234,0.9813389182090759,0.6001392006874084,0.8159540891647339,0.07150378078222275,0.06249186396598816,0.06630822271108627,0.09603112936019897
629,394,546,0.9903492331504822,0.7191000580787659,0.927467942237854,0.3072463274002075,0.31287771463394165,0.31583499908447266,0.34054937958717346,0.9766920208930969,0.5923667550086975,0.787621796131134,0.026747459545731544,0.03643651679158211,0.05512036010622978,0.09369755536317825,0.9790706634521484,0.5897324085235596,0.7968611121177673,0.026567183434963226,0.0440489798784256,0.05812988430261612,0.09332498908042908,0.97709059715271,0.6079856753349304,0.8028102517127991,0.028786899521946907,0.03383650630712509,0.05079038813710213,0.08945652842521667
630,466,298,0.9873601198196411,0.760394811630249,0.9264684319496155,0.3735022246837616,0.3899373710155487,0.3935233950614929,0.43913644552230835,0.988199770450592,0.6195181012153625,0.8355932235717773,0.08528291434049606,0.07698332518339157,0.08459590375423431,0.11210465431213379,0.9872037172317505,0.6155297160148621,0.836327850818634,0.07456763088703156,0.07312772423028946,0.07923673093318939,0.10857004672288895,0.9856531620025635,0.5833686590194702,0.8081123232841492,0.01984442211687565,0.02869497984647751,0.039660822600126266,0.07716847211122513
631,822,802,0.9955152869224548,0.7522168755531311,0.950249969959259,0.2661564350128174,0.2829400599002838,0.3097977936267853,0.349067360162735,0.978597104549408,0.6112526655197144,0.8129881620407104,0.06112462654709816,0.06106217950582504,0.06543523073196411,0.0966389998793602,0.9767764210700989,0.6148276925086975,0.8043435215950012,0.05754373222589493,0.058477092534303665,0.06455204635858536,0.09547460824251175,0.9864864349365234,0.6052624583244324,0.8348829746246338,0.031150415539741516,0.03490458056330681,0.04859165474772453,0.08102373033761978
632,405,516,0.9974129796028137,0.8513849973678589,0.9806084036827087,0.5644679665565491,0.6376450657844543,0.601771354675293,0.6359096765518188,0.9763814210891724,0.5818926692008972,0.7842390537261963,0.060201358050107956,0.05071994662284851,0.06127239018678665,0.10025918483734131,0.9719557166099548,0.5803245306015015,0.7715874910354614,0.08019774407148361,0.07134485989809036,0.0713900625705719,0.09880002588033676,0.9752844572067261,0.5904680490493774,0.7829171419143677,0.07554789632558823,0.06994244456291199,0.07752135396003723,0.10786623507738113
633,940,534,0.9877632260322571,0.7082319855690002,0.902228593826294,0.22038854658603668,0.19116759300231934,0.1988101601600647,0.24056044220924377,0.9781017303466797,0.6054421663284302,0.8059950470924377,0.06393811851739883,0.054013028740882874,0.06097416952252388,0.09585161507129669,0.9764129519462585,0.6080349683761597,0.8025258183479309,0.06261865049600601,0.05575454235076904,0.06286393851041794,0.0973469689488411,0.9787061810493469,0.6214939951896667,0.8284837007522583,0.04958396404981613,0.04742617532610893,0.06262283027172089,0.10290595144033432
634,449,555,0.9953946471214294,0.7926228642463684,0.9543004631996155,0.4455493092536926,0.4027443528175354,0.39257967472076416,0.4274006187915802,0.979714035987854,0.6149811148643494,0.8057579398155212,0.024648485705256462,0.03478521481156349,0.05229438096284866,0.08471783995628357,0.9809277653694153,0.6311305165290833,0.8213356733322144,0.04308605194091797,0.04811721667647362,0.05936025083065033,0.09033752977848053,0.9866747856140137,0.626873791217804,0.8265783190727234,0.04187822714447975,0.044393859803676605,0.05550605431199074,0.09228947758674622
635,839,411,0.9906014204025269,0.742763876914978,0.9256184697151184,0.362449049949646,0.3500034809112549,0.3309096395969391,0.36816442012786865,0.9790034294128418,0.5831558704376221,0.7945489287376404,0.03522428497672081,0.040502212941646576,0.05090612545609474,0.08611447364091873,0.9788405299186707,0.5821161866188049,0.792644202709198,0.035972658544778824,0.04114357382059097,0.051615387201309204,0.08678416907787323,0.986152708530426,0.6254765391349792,0.8331606984138489,0.09765475243330002,0.08420073986053467,0.08499560505151749,0.11173004657030106
636,428,128,0.9932184815406799,0.7508646249771118,0.9390875101089478,0.4588540494441986,0.4044240117073059,0.3747762441635132,0.3891933858394623,0.9823342561721802,0.5668908953666687,0.7914668321609497,0.055908605456352234,0.052854303270578384,0.05960318446159363,0.08847948908805847,0.981754720211029,0.5591766238212585,0.8011938333511353,0.07002747803926468,0.06080999970436096,0.06263742595911026,0.08940184861421585,0.9840274453163147,0.5817614793777466,0.8161128163337708,0.07471974939107895,0.06039353832602501,0.06628389656543732,0.0936235710978508
637,636,208,0.9866676926612854,0.6615015864372253,0.8847399353981018,0.24633677303791046,0.23596441745758057,0.21928603947162628,0.24415899813175201,0.9812332391738892,0.5783168077468872,0.7902736663818359,0.05637703090906143,0.05573910102248192,0.06349256634712219,0.09373045712709427,0.9790909290313721,0.5907819867134094,0.7910417914390564,0.05391758307814598,0.052934907376766205,0.0574009008705616,0.0865715965628624,0.9790574312210083,0.5975449085235596,0.8006048202514648,0.05177825689315796,0.057623229920864105,0.06319500505924225,0.09452871978282928
638,101,162,0.9899709224700928,0.7759910225868225,0.93354731798172,0.38418030738830566,0.3425033688545227,0.33958324790000916,0.3713480532169342,0.9864469170570374,0.6203054189682007,0.8359254002571106,0.05337059497833252,0.05070823058485985,0.061969093978405,0.09497561305761337,0.9859784245491028,0.6217423677444458,0.8345685601234436,0.04924197122454643,0.049228161573410034,0.06301876157522202,0.09259481728076935,0.9822108149528503,0.5906870365142822,0.817025899887085,0.036604300141334534,0.04158250615000725,0.056855708360672,0.09277801960706711
639,643,995,0.9910192489624023,0.7398346662521362,0.9264920353889465,0.2676514685153961,0.24771176278591156,0.25425776839256287,0.2961905002593994,0.9751389026641846,0.5948621034622192,0.7976444363594055,0.05685167759656906,0.05038711056113243,0.0578605979681015,0.08999690413475037,0.9772523045539856,0.6115398406982422,0.8082792162895203,0.05511069670319557,0.052556443959474564,0.059452153742313385,0.09025152027606964,0.9765567183494568,0.5946859121322632,0.8094465136528015,0.07838869094848633,0.06560301035642624,0.06903468817472458,0.09786330163478851
640,782,463,0.9857072234153748,0.7136165499687195,0.8981788754463196,0.2158154398202896,0.2303619384765625,0.24688805639743805,0.2958184778690338,0.9799678921699524,0.6058729887008667,0.8147284388542175,0.046188753098249435,0.04044811800122261,0.04991554468870163,0.08707297593355179,0.9790383577346802,0.6002316474914551,0.813753068447113,0.04416012018918991,0.0421358123421669,0.055369239300489426,0.09263677150011063,0.9783329963684082,0.6102272868156433,0.8067874312400818,0.02902764081954956,0.036654699593782425,0.05175134539604187,0.08734714239835739
641,679,191,0.9909108877182007,0.7883707284927368,0.9560894966125488,0.42156779766082764,0.4091469943523407,0.4133181571960449,0.4579983055591583,0.967593252658844,0.5768530368804932,0.7625692486763,0.0378401018679142,0.043919920921325684,0.05591879040002823,0.08596751093864441,0.9679592251777649,0.5792579650878906,0.764204204082489,0.03501012176275253,0.038260266184806824,0.05315377563238144,0.08754631876945496,0.9678772687911987,0.5649048686027527,0.762895941734314,0.027034586295485497,0.03189438581466675,0.04602231830358505,0.08112286031246185
642,82,429,0.9930097460746765,0.7673389315605164,0.9406925439834595,0.36923474073410034,0.3342297077178955,0.32198289036750793,0.34921178221702576,0.9819784164428711,0.6056401133537292,0.8156401515007019,0.03664904087781906,0.041300516575574875,0.06065254285931587,0.09415968507528305,0.98464035987854,0.6253294348716736,0.8260579109191895,0.03490813449025154,0.043761610984802246,0.058247461915016174,0.09592937678098679,0.9806984066963196,0.620527982711792,0.8173630237579346,0.07473635673522949,0.07043903321027756,0.07332204282283783,0.10325431823730469
643,517,853,0.9886429905891418,0.6896957159042358,0.9108778238296509,0.21427221596240997,0.21860916912555695,0.22962160408496857,0.26696524024009705,0.9778228998184204,0.5970644354820251,0.8085836172103882,0.0702321007847786,0.059556134045124054,0.0657043531537056,0.09325133264064789,0.9760562777519226,0.5934984683990479,0.7997254729270935,0.06279651075601578,0.05537087470293045,0.06240951269865036,0.09101799130439758,0.9751681089401245,0.6173099279403687,0.805429220199585,0.07561163604259491,0.06470751017332077,0.07253707200288773,0.10479164868593216
644,31,153,0.9899203777313232,0.7682408690452576,0.9397199749946594,0.4642576277256012,0.4287619888782501,0.4527159631252289,0.49057185649871826,0.9830284714698792,0.5879150032997131,0.8052276968955994,0.06152492016553879,0.05879167839884758,0.07005973905324936,0.10195977240800858,0.9808088541030884,0.6024502515792847,0.801723062992096,0.08316812664270401,0.07022406905889511,0.0757879912853241,0.10289133340120316,0.9853559732437134,0.5785311460494995,0.8182154893875122,0.050329986959695816,0.05725686252117157,0.07224219292402267,0.10698633641004562
645,556,490,0.9856153130531311,0.7272242307662964,0.9045454859733582,0.30909714102745056,0.29167836904525757,0.2930159270763397,0.32765236496925354,0.980719268321991,0.609929084777832,0.8175696134567261,0.03105367161333561,0.037961289286613464,0.054509226232767105,0.09213696420192719,0.9815201163291931,0.6148211359977722,0.8176818490028381,0.028223644942045212,0.03503838926553726,0.051205527037382126,0.0909450501203537,0.9830186367034912,0.6080713272094727,0.8146772384643555,0.08530354499816895,0.06842610239982605,0.07029253989458084,0.09705235064029694
646,945,855,0.9841180443763733,0.6406252384185791,0.8624019622802734,0.12445465475320816,0.1115453690290451,0.11176406592130661,0.1465831845998764,0.9803848266601562,0.6258816719055176,0.8157935738563538,0.05167282372713089,0.04977348819375038,0.06016332283616066,0.09182895720005035,0.9803770184516907,0.6276393532752991,0.8163284063339233,0.059764742851257324,0.05513894185423851,0.06656541675329208,0.09615533798933029,0.9794307351112366,0.5970168709754944,0.7957953214645386,0.03647315502166748,0.03701912611722946,0.04996470361948013,0.08802706003189087
647,272,330,0.9899620413780212,0.7576691508293152,0.9325876832008362,0.2810794711112976,0.29699191451072693,0.3179794251918793,0.36551570892333984,0.9775821566581726,0.6057424545288086,0.8028846383094788,0.037535373121500015,0.04560239985585213,0.059774912893772125,0.09221642464399338,0.9826533794403076,0.6082823276519775,0.8303576111793518,0.03107181377708912,0.03907676413655281,0.05606221407651901,0.09270922839641571,0.9816489219665527,0.6254956126213074,0.8233240842819214,0.05119727924466133,0.04695644974708557,0.057206910103559494,0.09059411287307739
648,794,568,0.9933634996414185,0.8015233278274536,0.9598276615142822,0.3303544223308563,0.36240145564079285,0.3989035487174988,0.4410787522792816,0.9757296442985535,0.5932889580726624,0.7896985411643982,0.042667679488658905,0.0416523702442646,0.05803050845861435,0.0906960591673851,0.9737406969070435,0.57600337266922,0.7871200442314148,0.04334646835923195,0.04384135454893112,0.05776400491595268,0.09324275702238083,0.9765806794166565,0.6180197596549988,0.8125256896018982,0.05607585236430168,0.05883277580142021,0.07234461605548859,0.10569287091493607
649,33,980,0.9896892309188843,0.7609993815422058,0.9275665283203125,0.3752501904964447,0.3476930558681488,0.33802199363708496,0.3635001480579376,0.9755021333694458,0.6368712186813354,0.8173556923866272,0.1432115137577057,0.11904900521039963,0.10836006700992584,0.12739190459251404,0.9765095710754395,0.6507886052131653,0.826587438583374,0.14729054272174835,0.13375404477119446,0.12264258414506912,0.14100389182567596,0.9792992472648621,0.6350047588348389,0.8175022006034851,0.06649404019117355,0.058594152331352234,0.06552815437316895,0.09875272214412689
650,625,415,0.9865318536758423,0.7126328945159912,0.9154207706451416,0.3658214509487152,0.2995680272579193,0.2794986367225647,0.3112638592720032,0.9797593355178833,0.5773522257804871,0.8065210580825806,0.06399994343519211,0.051700107753276825,0.05933815985918045,0.08952377736568451,0.9806737899780273,0.585945725440979,0.8187927007675171,0.08053552359342575,0.06599961221218109,0.06702753156423569,0.09860579669475555,0.9809830188751221,0.5908359885215759,0.8252321481704712,0.11442884057760239,0.0926055908203125,0.09381411969661713,0.11921432614326477
651,368,532,0.9928914904594421,0.7698976993560791,0.9438332915306091,0.42297035455703735,0.40505746006965637,0.41413143277168274,0.44808632135391235,0.9704918265342712,0.5646113157272339,0.7590960264205933,0.04599596560001373,0.04744955524802208,0.051403600722551346,0.08497865498065948,0.9717006087303162,0.5740198493003845,0.7649431824684143,0.0522376112639904,0.054175570607185364,0.05768688768148422,0.08704697340726852,0.9840872287750244,0.613126277923584,0.8145129680633545,0.05249084532260895,0.05464566871523857,0.0618608221411705,0.09020894765853882
652,112,143,0.9887517690658569,0.7549298405647278,0.9282738566398621,0.32617154717445374,0.31949180364608765,0.33154264092445374,0.3649483919143677,0.9802895188331604,0.6187337040901184,0.8150606751441956,0.05758213996887207,0.05179856717586517,0.06441409140825272,0.10023178160190582,0.9797132015228271,0.6086726188659668,0.8113391995429993,0.056953512132167816,0.05027478560805321,0.061586447060108185,0.0967513844370842,0.9807796478271484,0.5946235060691833,0.8007470369338989,0.03618840500712395,0.03585546836256981,0.047825831919908524,0.08314415067434311
653,201,752,0.990083634853363,0.7174135446548462,0.9135366678237915,0.23925445973873138,0.23103857040405273,0.2400938719511032,0.27500033378601074,0.9846199154853821,0.6177913546562195,0.828073263168335,0.0370345413684845,0.03987797722220421,0.05520344525575638,0.09152544289827347,0.9822947978973389,0.6070760488510132,0.8161441683769226,0.03453448414802551,0.04197263717651367,0.05510096997022629,0.09147874265909195,0.9826163053512573,0.6090330481529236,0.8292055726051331,0.051001060754060745,0.054544974118471146,0.06588388234376907,0.10156071931123734
654,421,638,0.9914119243621826,0.7319359183311462,0.9235751032829285,0.15017540752887726,0.17268052697181702,0.2119739055633545,0.2712927460670471,0.982965350151062,0.6111542582511902,0.8306194543838501,0.04304613173007965,0.04827512055635452,0.06327556073665619,0.09820671379566193,0.979560136795044,0.6043663024902344,0.820075273513794,0.046408262103796005,0.04922781512141228,0.06577854603528976,0.1014179065823555,0.9854521751403809,0.629760205745697,0.8404067754745483,0.05546097084879875,0.051955826580524445,0.06509486585855484,0.09746790677309036
655,638,583,0.9928022027015686,0.7480273246765137,0.9403160214424133,0.3147744834423065,0.3043016791343689,0.31444498896598816,0.3540622889995575,0.9857468008995056,0.6345075964927673,0.8428261280059814,0.06997963041067123,0.06332055479288101,0.06897281855344772,0.0994940921664238,0.982083797454834,0.6274177432060242,0.826361894607544,0.07607145607471466,0.07186554372310638,0.07743579149246216,0.10580585896968842,0.9744448661804199,0.6144458651542664,0.8018870949745178,0.0659310445189476,0.05725593492388725,0.06595053523778915,0.09869405627250671
656,537,994,0.9925052523612976,0.7160311937332153,0.912659227848053,0.22174355387687683,0.207282155752182,0.205797016620636,0.24391689896583557,0.984178900718689,0.614922821521759,0.8248826265335083,0.056443776935338974,0.0518026240170002,0.06327658891677856,0.09511503577232361,0.9867243766784668,0.6324231028556824,0.8385749459266663,0.047087572515010834,0.04378015175461769,0.05955667793750763,0.09364783763885498,0.9776179790496826,0.6157323122024536,0.8058044910430908,0.05215899646282196,0.05193980783224106,0.064774289727211,0.09821144491434097
657,832,977,0.993102490901947,0.7600513100624084,0.9426067471504211,0.3011610805988312,0.29854831099510193,0.31257012486457825,0.3482452630996704,0.9754644632339478,0.6141864061355591,0.7932742238044739,0.0395783931016922,0.039091482758522034,0.04841567948460579,0.08404216170310974,0.9764357209205627,0.6103436946868896,0.8017469644546509,0.037900716066360474,0.0407336950302124,0.04992815852165222,0.08779085427522659,0.9791067838668823,0.6224849224090576,0.8153160214424133,0.06979450583457947,0.061500634998083115,0.06719167530536652,0.09532778710126877
658,185,173,0.9914615750312805,0.7262803316116333,0.9181188344955444,0.20768752694129944,0.20452816784381866,0.21213820576667786,0.2453455626964569,0.9826739430427551,0.6286486983299255,0.8299042582511902,0.046937115490436554,0.05080889165401459,0.06176126003265381,0.0908488929271698,0.9834751486778259,0.6290862560272217,0.8347434997558594,0.05335180461406708,0.0491817407310009,0.05849429592490196,0.08852539956569672,0.9754623770713806,0.5905088782310486,0.7944794297218323,0.05716333165764809,0.05334495007991791,0.06479362398386002,0.09765851497650146
659,134,773,0.991136908531189,0.6756457686424255,0.9021311402320862,0.22245079278945923,0.18845541775226593,0.18120022118091583,0.20743556320667267,0.9813677668571472,0.6023073792457581,0.812029242515564,0.03406717628240585,0.03850763291120529,0.05169694125652313,0.08526536077260971,0.9833291172981262,0.6048187613487244,0.8250779509544373,0.053674064576625824,0.05380634590983391,0.060146864503622055,0.09140349179506302,0.9834437370300293,0.5813843011856079,0.8126394748687744,0.04814529791474342,0.044858261942863464,0.05586562305688858,0.08963856101036072
660,745,701,0.9891817569732666,0.7563729286193848,0.924826443195343,0.28739914298057556,0.27799221873283386,0.2917366027832031,0.3342440128326416,0.9834367036819458,0.6295013427734375,0.8346815705299377,0.07182646542787552,0.06176834926009178,0.06455463916063309,0.09755335003137589,0.9857516288757324,0.622582733631134,0.8370188474655151,0.06261339783668518,0.05562277510762215,0.06548720598220825,0.0983331948518753,0.9800007939338684,0.6133167147636414,0.8167649507522583,0.06312043964862823,0.06242530047893524,0.06745106726884842,0.09638385474681854
661,96,981,0.9906655550003052,0.76700758934021,0.934645414352417,0.2808901369571686,0.2873517870903015,0.3118741512298584,0.3591311275959015,0.980256974697113,0.6117361783981323,0.8113579750061035,0.03519316390156746,0.042440637946128845,0.05487760156393051,0.08847684413194656,0.9820709228515625,0.6105164885520935,0.8133423328399658,0.03271973133087158,0.03765468671917915,0.048395827412605286,0.08435869961977005,0.9791484475135803,0.6021660566329956,0.8137423396110535,0.041883427649736404,0.048346225172281265,0.06008841097354889,0.09638950228691101
662,77,364,0.9860344529151917,0.7751359343528748,0.9291081428527832,0.4520374834537506,0.44343340396881104,0.4503629207611084,0.47464096546173096,0.9764723777770996,0.5945007801055908,0.7895722389221191,0.016465166583657265,0.02487773448228836,0.044929683208465576,0.08121534436941147,0.9780378937721252,0.5924524664878845,0.7934300303459167,0.03491029515862465,0.038365259766578674,0.049064937978982925,0.08584626764059067,0.9793428778648376,0.5976501107215881,0.7960455417633057,0.04555883631110191,0.04926784709095955,0.05603586882352829,0.08910926431417465
663,9,754,0.9948329329490662,0.7969645261764526,0.9635747671127319,0.4172137379646301,0.4393870234489441,0.4839930534362793,0.51605224609375,0.9798526167869568,0.5952061414718628,0.8011508584022522,0.024386128410696983,0.02811647579073906,0.044786546379327774,0.08553823828697205,0.9828084707260132,0.5926274657249451,0.8106710314750671,0.019853750243782997,0.030363615602254868,0.049386896193027496,0.0877077579498291,0.9787862300872803,0.5863233208656311,0.7960762977600098,0.048160895705223083,0.05359750613570213,0.06598169356584549,0.10026923567056656
664,203,566,0.9838405251502991,0.6856082081794739,0.8804755806922913,0.1085500419139862,0.1269177943468094,0.16036906838417053,0.2111537605524063,0.9837778806686401,0.6262402534484863,0.830970048904419,0.049096494913101196,0.050451889634132385,0.06219492107629776,0.09626847505569458,0.9831820130348206,0.6237552165985107,0.8278965950012207,0.05006757006049156,0.04947971552610397,0.06125980243086815,0.09292721748352051,0.983608603477478,0.6047905683517456,0.8121339082717896,0.029049072414636612,0.040150236338377,0.055012673139572144,0.09195366501808167
665,931,744,0.9869993925094604,0.7324519157409668,0.9180542230606079,0.19809703528881073,0.21637262403964996,0.2507357597351074,0.30500105023384094,0.9809359908103943,0.60857093334198,0.812218189239502,0.04414333030581474,0.04478589817881584,0.057272862643003464,0.0916963741183281,0.981595516204834,0.6226128935813904,0.8276054263114929,0.057236816734075546,0.05236879736185074,0.06201430782675743,0.09337105602025986,0.983028769493103,0.6323772072792053,0.8371684551239014,0.047400202602148056,0.04902879521250725,0.06282460689544678,0.09900084882974625
666,457,978,0.9883168935775757,0.7290537357330322,0.9095543622970581,0.2895607650279999,0.2547304034233093,0.2501695454120636,0.2826927602291107,0.9816908836364746,0.6125149130821228,0.812319278717041,0.046158090233802795,0.04660961404442787,0.058920178562402725,0.08952399343252182,0.984510064125061,0.6097099184989929,0.8205427527427673,0.049639005213975906,0.04793233051896095,0.057520393282175064,0.09032832831144333,0.979204535484314,0.6143132448196411,0.8135986924171448,0.05532146245241165,0.053943879902362823,0.06523166596889496,0.096866175532341
667,4,544,0.9863956570625305,0.7232348322868347,0.906288743019104,0.1933632791042328,0.20365729928016663,0.22356274724006653,0.27097249031066895,0.9788107872009277,0.6139861941337585,0.8103483319282532,0.050437070429325104,0.05597574636340141,0.06705491989850998,0.10003593564033508,0.9798169732093811,0.6197457909584045,0.817508339881897,0.05942165479063988,0.0595100112259388,0.06628238409757614,0.09801745414733887,0.9781033992767334,0.6200709939002991,0.81432044506073,0.027460137382149696,0.031095333397388458,0.04899870604276657,0.086044542491436
668,535,261,0.9870770573616028,0.7763029932975769,0.9371585845947266,0.34338563680648804,0.3384629487991333,0.3579752743244171,0.4073263108730316,0.979501485824585,0.5973398089408875,0.8100992441177368,0.06152370944619179,0.059007495641708374,0.06311962753534317,0.08921217918395996,0.9791606664657593,0.6084590554237366,0.8116130828857422,0.06575683504343033,0.06048331782221794,0.06532405316829681,0.09063362330198288,0.9786186218261719,0.6029056310653687,0.8090943098068237,0.08738579601049423,0.06932438164949417,0.06827173382043839,0.09254666417837143
669,321,497,0.990358829498291,0.7961413264274597,0.953140377998352,0.4728803336620331,0.4530692398548126,0.4456603229045868,0.46787455677986145,0.98009192943573,0.6092050671577454,0.8084173202514648,0.06713073700666428,0.06390906870365143,0.06608841568231583,0.09733349084854126,0.9815497398376465,0.6123079061508179,0.8111853003501892,0.076769158244133,0.06608503311872482,0.06860695034265518,0.09678694605827332,0.9747106432914734,0.6081348061561584,0.793258786201477,0.05482524633407593,0.0584026537835598,0.06871915608644485,0.10004928708076477
670,399,397,0.9926918148994446,0.7846097350120544,0.9465246796607971,0.2784483730792999,0.2904854118824005,0.3185742497444153,0.37223827838897705,0.983077883720398,0.6253326535224915,0.8208209276199341,0.05494171008467674,0.0516468770802021,0.06181866675615311,0.09468765556812286,0.985166072845459,0.6314717531204224,0.8277939558029175,0.053015269339084625,0.05205947905778885,0.061313532292842865,0.09075786173343658,0.9844422936439514,0.6283908486366272,0.8335340619087219,0.05257292091846466,0.04996419697999954,0.06167644262313843,0.0961410328745842
671,28,820,0.989717423915863,0.7495308518409729,0.9207212328910828,0.28573834896087646,0.2913320064544678,0.3004815876483917,0.33395591378211975,0.9812785387039185,0.5880563855171204,0.817288339138031,0.03083120472729206,0.03547601401805878,0.04832041263580322,0.08700954169034958,0.9868541955947876,0.6120640635490417,0.8339860439300537,0.043310023844242096,0.04852255433797836,0.058626797050237656,0.09575016796588898,0.9843460321426392,0.617885172367096,0.8303027153015137,0.054664961993694305,0.054160673171281815,0.061853185296058655,0.09723711758852005
672,942,603,0.9915268421173096,0.7583541870117188,0.9329946041107178,0.25026512145996094,0.25269484519958496,0.274325430393219,0.31645578145980835,0.977668821811676,0.6082130074501038,0.802405834197998,0.0471784733235836,0.04936453327536583,0.05960898473858833,0.09007967263460159,0.9788730144500732,0.6246985793113708,0.8108516931533813,0.048015497624874115,0.05365699902176857,0.06718838959932327,0.09649563580751419,0.9779495000839233,0.6134068369865417,0.8070083260536194,0.04197239875793457,0.05246798321604729,0.07056677341461182,0.09900980442762375
673,505,337,0.9899874925613403,0.7196309566497803,0.9138553142547607,0.26095274090766907,0.23779296875,0.23759564757347107,0.27899491786956787,0.9812584519386292,0.619860053062439,0.8107031583786011,0.05706712231040001,0.058267559856176376,0.0670250654220581,0.09595996141433716,0.9829403162002563,0.6233236789703369,0.8175582885742188,0.06687184423208237,0.05786329135298729,0.06605599075555801,0.09650655835866928,0.9786389470100403,0.6006879806518555,0.7977763414382935,0.065251924097538,0.058334603905677795,0.062394753098487854,0.09082017093896866
674,393,560,0.9875916242599487,0.8227362036705017,0.9673547148704529,0.5534866452217102,0.5862783789634705,0.5782467722892761,0.6146675944328308,0.9775162935256958,0.5528716444969177,0.7802358865737915,0.024789011105895042,0.03006306104362011,0.04328472539782524,0.07714436203241348,0.978949248790741,0.56593918800354,0.7891978025436401,0.030590752139687538,0.03535113111138344,0.04262533038854599,0.07497242838144302,0.9741243720054626,0.5607079267501831,0.7806066274642944,0.02283722721040249,0.03425288945436478,0.05059602111577988,0.09012860804796219
675,807,770,0.9888044595718384,0.6953615546226501,0.9037631154060364,0.14060121774673462,0.15545472502708435,0.1850254088640213,0.22916071116924286,0.9798812866210938,0.6096400022506714,0.8121099472045898,0.04464496299624443,0.04599602147936821,0.05891123414039612,0.09211230278015137,0.9815642237663269,0.6272697448730469,0.8217350244522095,0.04585130140185356,0.04671308025717735,0.05879131332039833,0.09392835199832916,0.975768506526947,0.6098595857620239,0.8012934327125549,0.03723100945353508,0.04051200672984123,0.056969840079545975,0.09311343729496002
676,304,877,0.9898672699928284,0.7500300407409668,0.9299222826957703,0.40726742148399353,0.35706448554992676,0.33167070150375366,0.3551793694496155,0.979525625705719,0.6222663521766663,0.8127557039260864,0.05230021849274635,0.05617177113890648,0.07207068800926208,0.10583333671092987,0.9812402129173279,0.6210538148880005,0.8156337738037109,0.05490842089056969,0.05640331283211708,0.0676858052611351,0.10101635754108429,0.9803492426872253,0.6157557964324951,0.8100998997688293,0.049204833805561066,0.04887069761753082,0.061529938131570816,0.0970773696899414
677,494,210,0.9895802736282349,0.6973796486854553,0.9138456583023071,0.17795321345329285,0.1869313269853592,0.2059895247220993,0.25801560282707214,0.9835066199302673,0.6086284518241882,0.8248746991157532,0.03434360399842262,0.03925776854157448,0.0511905811727047,0.08656219393014908,0.9827040433883667,0.6171888709068298,0.8251103758811951,0.03574540466070175,0.038215674459934235,0.05255553498864174,0.08764486759901047,0.9820826649665833,0.6182318329811096,0.8157507181167603,0.035839907824993134,0.04012851417064667,0.05222388729453087,0.09002724289894104
678,616,328,0.9889152646064758,0.7374383211135864,0.9174283146858215,0.2618628144264221,0.25607922673225403,0.27067095041275024,0.31382080912590027,0.9829979538917542,0.6095131635665894,0.825124204158783,0.07389698922634125,0.06557540595531464,0.07382204383611679,0.10136251896619797,0.9814425110816956,0.605587363243103,0.8187370896339417,0.07602544873952866,0.06881656497716904,0.07609684765338898,0.10333892703056335,0.9782565236091614,0.6047349572181702,0.810448169708252,0.03876938670873642,0.044288910925388336,0.05734901875257492,0.0923302099108696
679,719,904,0.9892297387123108,0.7233783602714539,0.9172008037567139,0.251853346824646,0.25735658407211304,0.26351648569107056,0.2957732379436493,0.9794865846633911,0.6196601390838623,0.8153982758522034,0.029091766104102135,0.03839718922972679,0.055835410952568054,0.0912691205739975,0.9814125299453735,0.6248145699501038,0.8194553256034851,0.031838368624448776,0.04089292138814926,0.05772396922111511,0.09288155287504196,0.9772868156433105,0.6085290312767029,0.8147428631782532,0.056456632912158966,0.0555071122944355,0.0637858659029007,0.09902031719684601
680,906,965,0.9910648465156555,0.7486711740493774,0.9311928153038025,0.3139820396900177,0.3141878843307495,0.3283819854259491,0.3594702482223511,0.9852616786956787,0.6111817359924316,0.8239130973815918,0.024883568286895752,0.032861027866601944,0.04785886034369469,0.08032287657260895,0.9793254733085632,0.6085008382797241,0.8103373050689697,0.025693707168102264,0.03369572386145592,0.051509466022253036,0.08683347702026367,0.9830440282821655,0.6208857297897339,0.8260887265205383,0.051451824605464935,0.047037504613399506,0.06087111309170723,0.09221653640270233
681,559,360,0.9923816323280334,0.7158271670341492,0.9363159537315369,0.34235990047454834,0.3143737018108368,0.29440855979919434,0.3243943750858307,0.9764156341552734,0.6116207838058472,0.8080236911773682,0.09012714773416519,0.0819278210401535,0.07997852563858032,0.10502243041992188,0.9751551747322083,0.6129462718963623,0.7979903817176819,0.07615125924348831,0.0683194026350975,0.07382015138864517,0.10372468829154968,0.9759522676467896,0.6023601293563843,0.7950705289840698,0.02995298244059086,0.03749316185712814,0.0578494593501091,0.09306147694587708
682,175,815,0.9855501651763916,0.7605559229850769,0.9115530848503113,0.33822908997535706,0.3317643702030182,0.33333510160446167,0.36410969495773315,0.9802041053771973,0.6256246566772461,0.8171073794364929,0.05535876005887985,0.06145251542329788,0.07434403151273727,0.1110554188489914,0.9812377691268921,0.6345764994621277,0.8221458196640015,0.07773640751838684,0.07021895796060562,0.0820658951997757,0.11248763650655746,0.9827089905738831,0.6239030957221985,0.826075553894043,0.06617651879787445,0.06482180953025818,0.07269476354122162,0.10421416163444519
683,390,65,0.988197922706604,0.7369370460510254,0.917140543460846,0.19137199223041534,0.2038503736257553,0.23648293316364288,0.2870377004146576,0.9861729741096497,0.6332276463508606,0.8412036299705505,0.03788366913795471,0.03858735412359238,0.052512090653181076,0.0865088626742363,0.9852731227874756,0.6310187578201294,0.8401939272880554,0.036561109125614166,0.04090838134288788,0.05472221225500107,0.09125026315450668,0.9830551147460938,0.6133550405502319,0.8300305604934692,0.021715683862566948,0.032434914261102676,0.04834612458944321,0.08383681625127792
684,920,102,0.9920302033424377,0.7477415204048157,0.9375412464141846,0.30457180738449097,0.3039930760860443,0.32547470927238464,0.371204674243927,0.9842751622200012,0.5845162272453308,0.8240092992782593,0.018368588760495186,0.0335625521838665,0.05876464024186134,0.099948450922966,0.9855670928955078,0.5867613554000854,0.829541802406311,0.02301415614783764,0.034900303930044174,0.05871087685227394,0.09789731353521347,0.9813455939292908,0.6014668941497803,0.8149773478507996,0.019980095326900482,0.027065038681030273,0.04556776583194733,0.08174585551023483
685,675,262,0.9904255270957947,0.68917316198349,0.9037534594535828,0.1812722533941269,0.19936363399028778,0.22393837571144104,0.26886922121047974,0.9774893522262573,0.606445848941803,0.7978342771530151,0.0250842422246933,0.0320042259991169,0.045748572796583176,0.08309593796730042,0.97923344373703,0.5826816558837891,0.808904230594635,0.032336894422769547,0.039259374141693115,0.05298862233757973,0.08834747225046158,0.9745907783508301,0.6114139556884766,0.7866079211235046,0.038893189281225204,0.04307998716831207,0.05428440496325493,0.08952681720256805
686,944,967,0.98350989818573,0.7172303199768066,0.8906252980232239,0.18008269369602203,0.19834406673908234,0.21425414085388184,0.262617290019989,0.9785609245300293,0.6041394472122192,0.808349609375,0.032623905688524246,0.03844683617353439,0.054434698075056076,0.09083697199821472,0.9798797369003296,0.5997812151908875,0.8115186095237732,0.024433830752968788,0.03244006633758545,0.04841714724898338,0.08647322654724121,0.9786648750305176,0.6342947483062744,0.8190007209777832,0.03449022397398949,0.04397604241967201,0.056319721043109894,0.0893026664853096
687,955,85,0.9916697144508362,0.7463761568069458,0.9359859228134155,0.345710426568985,0.33653831481933594,0.3238280415534973,0.3452344834804535,0.9759928584098816,0.6207576394081116,0.8058409094810486,0.05335143208503723,0.055191412568092346,0.06683189421892166,0.10132409632205963,0.9772395491600037,0.6195073127746582,0.8075848817825317,0.055235832929611206,0.05666676163673401,0.06546024978160858,0.09858004003763199,0.982069730758667,0.6253188252449036,0.830348551273346,0.12272433936595917,0.1098097562789917,0.09541773051023483,0.11415044218301773
688,524,108,0.9898695945739746,0.7429609894752502,0.9267680048942566,0.37940865755081177,0.359723299741745,0.3349233567714691,0.35312172770500183,0.9805192351341248,0.6115245223045349,0.8161667585372925,0.04279399290680885,0.045210592448711395,0.060602352023124695,0.09418591111898422,0.9836606979370117,0.6200752854347229,0.8262121677398682,0.051028307527303696,0.04834820702672005,0.059368569403886795,0.09194719046354294,0.9785161018371582,0.5807431936264038,0.809479832649231,0.07471173256635666,0.06131579726934433,0.06452570110559464,0.09482165426015854
689,810,538,0.9934875965118408,0.7909340858459473,0.9536842703819275,0.2841176986694336,0.3107965290546417,0.3432803452014923,0.39820823073387146,0.9864611625671387,0.6128177642822266,0.8389646410942078,0.022603832185268402,0.031883228570222855,0.04903179034590721,0.08562827110290527,0.9851751923561096,0.6303008794784546,0.8396424055099487,0.027393603697419167,0.03233624994754791,0.047947756946086884,0.08893079310655594,0.9828822016716003,0.5971484780311584,0.8191415071487427,0.015572858043015003,0.02411389723420143,0.04357485473155975,0.08278955519199371
690,411,340,0.9931359887123108,0.7417315244674683,0.939147412776947,0.3761046230792999,0.3479626774787903,0.3250787556171417,0.34665143489837646,0.9731119871139526,0.6081839203834534,0.7914241552352905,0.04890301823616028,0.04556149244308472,0.058442436158657074,0.09037702530622482,0.972332239151001,0.6047099828720093,0.7876618504524231,0.0679812878370285,0.05940982699394226,0.0650758370757103,0.09451205283403397,0.9719907641410828,0.6099048256874084,0.7923370599746704,0.072882741689682,0.066485196352005,0.07204042375087738,0.1013038381934166
691,503,116,0.9911543726921082,0.7187055945396423,0.9183228015899658,0.20382477343082428,0.21165831387043,0.22306013107299805,0.26113590598106384,0.9846912026405334,0.6241757869720459,0.83170485496521,0.022502819076180458,0.030384821817278862,0.049002066254615784,0.08609526604413986,0.9872205853462219,0.6319375038146973,0.8454135656356812,0.030393186956644058,0.0353863425552845,0.05210994929075241,0.09064755588769913,0.987630307674408,0.6280865669250488,0.8352974057197571,0.04157989099621773,0.041366565972566605,0.059595052152872086,0.09782448410987854
692,941,562,0.9908552765846252,0.7755788564682007,0.949524998664856,0.4549592435359955,0.4269406497478485,0.4107728600502014,0.4488618075847626,0.9720861911773682,0.575990617275238,0.7791834473609924,0.029356935992836952,0.03800790011882782,0.059022221714258194,0.09146647155284882,0.9742509126663208,0.5824690461158752,0.7841029167175293,0.03168981522321701,0.043407343327999115,0.060613688081502914,0.09160594642162323,0.9806490540504456,0.5894280076026917,0.8067499399185181,0.054188113659620285,0.05568208545446396,0.0658271312713623,0.10023484379053116
693,980,390,0.9919916987419128,0.73697829246521,0.9305155873298645,0.2847685217857361,0.2817061245441437,0.2884235680103302,0.3235056698322296,0.9833287596702576,0.6334419846534729,0.8357226252555847,0.07942208647727966,0.06712640076875687,0.07020461559295654,0.09913395345211029,0.9822658896446228,0.6303412914276123,0.8289139270782471,0.08154965937137604,0.0700531154870987,0.0707070529460907,0.09565223753452301,0.9806720614433289,0.6296183466911316,0.8207932710647583,0.05275890603661537,0.04839072749018669,0.058285340666770935,0.09029656648635864
694,278,445,0.9914574027061462,0.7643766403198242,0.9352849721908569,0.36025798320770264,0.32242318987846375,0.320514440536499,0.34657973051071167,0.9719564914703369,0.6214946508407593,0.801179051399231,0.10638894885778427,0.09426543116569519,0.09109926968812943,0.11530895531177521,0.9723426699638367,0.6230092644691467,0.8036087155342102,0.10159283131361008,0.08789215981960297,0.0888020247220993,0.11699137836694717,0.979103684425354,0.607292890548706,0.8074944019317627,0.06314130872488022,0.055902060121297836,0.06433413177728653,0.09383618086576462
695,705,512,0.9919353127479553,0.7433709502220154,0.9258260726928711,0.26173514127731323,0.25775614380836487,0.27195847034454346,0.31650224328041077,0.9845116138458252,0.611054539680481,0.8163064122200012,0.032852157950401306,0.04239799827337265,0.06154892221093178,0.0925803855061531,0.9861712455749512,0.6074165105819702,0.8170714974403381,0.03805319964885712,0.046978969126939774,0.06283736228942871,0.09309019148349762,0.9831770062446594,0.6094868183135986,0.8256427049636841,0.04654498025774956,0.04792333021759987,0.060543663799762726,0.09587990492582321
696,118,982,0.9904402494430542,0.7267878651618958,0.9197139739990234,0.23560939729213715,0.2207140028476715,0.2417530119419098,0.28438496589660645,0.9746898412704468,0.6221924424171448,0.80096435546875,0.04162631556391716,0.046713683754205704,0.0574624203145504,0.09052712470293045,0.9753661155700684,0.6146494150161743,0.8016760349273682,0.03934141620993614,0.0428239107131958,0.056364137679338455,0.08949505537748337,0.9751263856887817,0.6020416617393494,0.7937934994697571,0.03735239431262016,0.03801935911178589,0.04713207110762596,0.08222315460443497
697,322,710,0.9883679747581482,0.787415623664856,0.9348602294921875,0.4862240254878998,0.4541706144809723,0.4435625970363617,0.4661088287830353,0.9805904626846313,0.6195058822631836,0.819832444190979,0.13755901157855988,0.11037656664848328,0.1052374541759491,0.1288842260837555,0.9803581833839417,0.6177901029586792,0.8176781535148621,0.1351606249809265,0.11164011061191559,0.10663306713104248,0.1274631768465042,0.9812554717063904,0.6175476908683777,0.8119785189628601,0.06438981741666794,0.05540185049176216,0.06685902923345566,0.09953609853982925
698,621,14,0.9873314499855042,0.7531269192695618,0.9162594079971313,0.3343110680580139,0.3099828064441681,0.3161300718784332,0.3535836935043335,0.9767171144485474,0.6250589489936829,0.804597020149231,0.05538313463330269,0.04966114088892937,0.058097291737794876,0.0938744992017746,0.9783318638801575,0.622261106967926,0.8090190887451172,0.06756474077701569,0.06044093891978264,0.06546817719936371,0.09774091094732285,0.9773430228233337,0.6286961436271667,0.8100032806396484,0.0908227264881134,0.07781599462032318,0.07845493406057358,0.1035538986325264
699,817,579,0.9944474101066589,0.7234624624252319,0.9389210939407349,0.27871930599212646,0.2781575322151184,0.28657612204551697,0.3134789764881134,0.9795070290565491,0.5923576951026917,0.7945948839187622,0.020213043317198753,0.02633899450302124,0.0501684844493866,0.09346943348646164,0.9795634746551514,0.5846148729324341,0.7946160435676575,0.02686840109527111,0.0341268815100193,0.05266832560300827,0.09227555245161057,0.9812428951263428,0.606469988822937,0.8111038208007812,0.03321491926908493,0.03723817691206932,0.05315886065363884,0.09176773577928543
700,821,473,0.9937167763710022,0.7722254395484924,0.943932831287384,0.35767993330955505,0.3427260220050812,0.33988702297210693,0.3725760579109192,0.9822418689727783,0.6116514205932617,0.8115291595458984,0.03797111287713051,0.03812386095523834,0.05332743376493454,0.09237799048423767,0.9815396666526794,0.6196706891059875,0.8194998502731323,0.054386433213949203,0.05079251155257225,0.06326927989721298,0.09830797463655472,0.982293963432312,0.6244044303894043,0.8237022757530212,0.059349507093429565,0.05222615972161293,0.06105954572558403,0.09260136634111404
701,182,664,0.9837242960929871,0.7004488706588745,0.9034615159034729,0.2759428918361664,0.26234039664268494,0.2770509421825409,0.31985417008399963,0.981913149356842,0.5997734069824219,0.8192023038864136,0.035828880965709686,0.04166223853826523,0.052383024245500565,0.08827419579029083,0.9822761416435242,0.6023923754692078,0.8221689462661743,0.03992675989866257,0.0452905036509037,0.05603409558534622,0.08863859623670578,0.9799838662147522,0.5998759865760803,0.8155333399772644,0.027649423107504845,0.03553283214569092,0.05048300698399544,0.0912335142493248
702,296,741,0.9886736273765564,0.743867039680481,0.9225854277610779,0.34518545866012573,0.3354450464248657,0.3491782248020172,0.38686516880989075,0.9777876734733582,0.5912852883338928,0.8037325739860535,0.04802677407860756,0.04797324165701866,0.05757202208042145,0.09208288043737411,0.9784991145133972,0.6000239849090576,0.810995876789093,0.05227027088403702,0.04902530089020729,0.05816345661878586,0.09271539002656937,0.9750180840492249,0.5994592905044556,0.8036263585090637,0.08146651834249496,0.07320430874824524,0.0789370909333229,0.10659273713827133
703,960,56,0.9863981604576111,0.7061187624931335,0.9088903069496155,0.26099446415901184,0.2589327394962311,0.26822277903556824,0.29999223351478577,0.9750460386276245,0.5999237895011902,0.7944404482841492,0.04813807085156441,0.04795154556632042,0.06068328768014908,0.09441995620727539,0.9763407707214355,0.594295084476471,0.8007456064224243,0.052942752838134766,0.056556135416030884,0.06939183920621872,0.10093124955892563,0.981012761592865,0.6011611819267273,0.8095453977584839,0.05745190009474754,0.053273364901542664,0.05853572115302086,0.08766952902078629
704,12,481,0.9875015616416931,0.7353238463401794,0.9148079752922058,0.30362820625305176,0.31326109170913696,0.3402927815914154,0.3689330816268921,0.9771606922149658,0.6043083071708679,0.8024318218231201,0.07223588973283768,0.06741796433925629,0.07588961720466614,0.10498013347387314,0.9783245325088501,0.6105563640594482,0.8107579946517944,0.0855216383934021,0.07543931156396866,0.07730180770158768,0.10491690039634705,0.980261504650116,0.6110727787017822,0.7939359545707703,0.07053656876087189,0.0662425309419632,0.07292813807725906,0.10457698255777359
705,336,882,0.9948963522911072,0.7943960428237915,0.9566538333892822,0.41903209686279297,0.42903271317481995,0.4589749574661255,0.47994354367256165,0.9838476181030273,0.6094423532485962,0.8188031315803528,0.04224139079451561,0.044101353734731674,0.05637342110276222,0.09280192852020264,0.9838957190513611,0.6095148921012878,0.8174695372581482,0.045182108879089355,0.044455818831920624,0.05628609657287598,0.08974069356918335,0.9809668064117432,0.6083759665489197,0.8042395114898682,0.037957120686769485,0.03895535320043564,0.053238097578287125,0.08650245517492294
706,294,866,0.9912953972816467,0.7569794654846191,0.9341048002243042,0.2796500027179718,0.27194803953170776,0.28309935331344604,0.3250250518321991,0.9721034169197083,0.5964354276657104,0.788507878780365,0.056763745844364166,0.04828483238816261,0.059206023812294006,0.09047795087099075,0.9724321961402893,0.6041508913040161,0.7889542579650879,0.06449174135923386,0.05616876110434532,0.06551598757505417,0.09393037110567093,0.9786773920059204,0.6087201833724976,0.8173263669013977,0.049678537994623184,0.04918031021952629,0.060872260481119156,0.09164565056562424
707,860,602,0.986240804195404,0.7580888271331787,0.9302442669868469,0.3813125491142273,0.38978099822998047,0.4149050712585449,0.4549713730812073,0.9842580556869507,0.6005014777183533,0.8171814680099487,0.025210201740264893,0.02976713888347149,0.04797687381505966,0.08974097669124603,0.9821536540985107,0.5985591411590576,0.8102303147315979,0.02394094690680504,0.030288031324744225,0.04618449881672859,0.08723001927137375,0.9818597435951233,0.5921476483345032,0.7904087901115417,0.03142889216542244,0.043249499052762985,0.06125391647219658,0.09503412246704102
708,407,7,0.9872671961784363,0.6843575835227966,0.8993780612945557,0.1337701976299286,0.15935197472572327,0.20217739045619965,0.2557964622974396,0.9776387214660645,0.5714911818504333,0.783777117729187,0.018090179190039635,0.02568816766142845,0.045159291476011276,0.08716832101345062,0.9823179841041565,0.6014420390129089,0.8130167722702026,0.017465637996792793,0.028228944167494774,0.04882185533642769,0.08587367087602615,0.980320394039154,0.6005389094352722,0.811295211315155,0.022518811747431755,0.034880321472883224,0.0547562800347805,0.0919918492436409
709,976,434,0.9918127059936523,0.7402424812316895,0.9255462884902954,0.24292656779289246,0.244984969496727,0.26087015867233276,0.3017493486404419,0.9794601798057556,0.6135630011558533,0.8084567189216614,0.06409481167793274,0.06293094903230667,0.07913879305124283,0.10822291672229767,0.9818781614303589,0.6260238289833069,0.8280502557754517,0.08954907953739166,0.08188353478908539,0.08762230724096298,0.11630824953317642,0.9854742288589478,0.632588267326355,0.8399544358253479,0.04742012917995453,0.049365345388650894,0.061191100627183914,0.09626977890729904
710,971,831,0.9898191094398499,0.7570859789848328,0.9266091585159302,0.372816264629364,0.34625983238220215,0.35000374913215637,0.37526917457580566,0.9753604531288147,0.6064431071281433,0.7932820320129395,0.047332096844911575,0.048589374870061874,0.057341497391462326,0.09014642983675003,0.9776058197021484,0.6012736558914185,0.8005136847496033,0.05484726279973984,0.05708763375878334,0.06291788816452026,0.09575657546520233,0.9772415161132812,0.5966556668281555,0.7919654846191406,0.03661464899778366,0.04717187210917473,0.05794714763760567,0.08927316218614578
711,564,345,0.9865873456001282,0.7604097723960876,0.9176269769668579,0.40265724062919617,0.3759075403213501,0.3744361698627472,0.39451631903648376,0.9777355194091797,0.5954998731613159,0.7941933274269104,0.03625579550862312,0.04359833151102066,0.0571187399327755,0.09118722379207611,0.9804952144622803,0.603600263595581,0.8081826567649841,0.05145715922117233,0.05815301463007927,0.07120960205793381,0.09721732139587402,0.9787670373916626,0.6073191165924072,0.8090044260025024,0.061448611319065094,0.059178438037633896,0.0659671351313591,0.09731969982385635
712,927,828,0.9880961179733276,0.6961817741394043,0.89961177110672,0.2600434422492981,0.22579987347126007,0.23035693168640137,0.26421672105789185,0.9817175269126892,0.6101354360580444,0.8070175647735596,0.0471525713801384,0.0428704172372818,0.05439798906445503,0.08840199559926987,0.9836390614509583,0.6181646585464478,0.8165496587753296,0.044796865433454514,0.04520384222269058,0.059825628995895386,0.09456073492765427,0.9851254820823669,0.6058027744293213,0.8244253396987915,0.06099879741668701,0.05612796172499657,0.061221349984407425,0.08903771638870239
713,38,278,0.9892896413803101,0.698558509349823,0.9019719958305359,0.24970486760139465,0.23251864314079285,0.2276327759027481,0.2562095820903778,0.9812129735946655,0.6243942379951477,0.8054680228233337,0.05806654319167137,0.05602744221687317,0.06625895202159882,0.09819842129945755,0.9870620965957642,0.6313852667808533,0.8371115326881409,0.08912532031536102,0.07675076276063919,0.0826386883854866,0.10922903567552567,0.972976565361023,0.6182317137718201,0.7971782088279724,0.08090173453092575,0.07621023803949356,0.07620606571435928,0.10213889926671982
714,956,469,0.9927511811256409,0.7775788307189941,0.9442312717437744,0.38113802671432495,0.34969285130500793,0.35002973675727844,0.39579251408576965,0.9811959862709045,0.6175545454025269,0.817318320274353,0.06238795071840286,0.059142667800188065,0.06862465292215347,0.10368236899375916,0.98305743932724,0.6267416477203369,0.8281374573707581,0.07107864320278168,0.06324309855699539,0.07017186284065247,0.09866445511579514,0.9788735508918762,0.6140570640563965,0.8087735176086426,0.06136129051446915,0.05668860301375389,0.06384312361478806,0.09503915160894394
715,285,304,0.9885643720626831,0.7397136688232422,0.9140143990516663,0.4336210787296295,0.38764578104019165,0.3747781217098236,0.39361563324928284,0.9801285862922668,0.5974751710891724,0.8005157113075256,0.023976007476449013,0.033715326339006424,0.04726971313357353,0.08304115384817123,0.9794692993164062,0.611980140209198,0.808415949344635,0.024506069719791412,0.03179886192083359,0.051125407218933105,0.08963033556938171,0.9794795513153076,0.6190333962440491,0.8079941272735596,0.05014296993613243,0.05793109908699989,0.07226713001728058,0.1019875556230545
716,885,370,0.9927592277526855,0.7607027292251587,0.9441982507705688,0.2764088809490204,0.29071810841560364,0.29735779762268066,0.32960790395736694,0.9738011360168457,0.6082583665847778,0.7922813296318054,0.057829078286886215,0.05484398454427719,0.06125728785991669,0.09164142608642578,0.9753519892692566,0.5866832733154297,0.7952078580856323,0.05983458086848259,0.055788133293390274,0.06561670452356339,0.09439485520124435,0.9766759276390076,0.5776092410087585,0.7963630557060242,0.033962734043598175,0.03977099806070328,0.05414561554789543,0.0893535315990448
717,842,193,0.9942014813423157,0.7076391577720642,0.9295494556427002,0.22324945032596588,0.20166778564453125,0.21427859365940094,0.2574772536754608,0.9812869429588318,0.6293280124664307,0.8220385909080505,0.04320430010557175,0.05147898942232132,0.0654381513595581,0.09577628970146179,0.9822460412979126,0.6229119300842285,0.8255482912063599,0.054465048015117645,0.05367843061685562,0.06491013616323471,0.09414178133010864,0.9798253178596497,0.611693263053894,0.8147436380386353,0.028397150337696075,0.03350003436207771,0.05341564863920212,0.09128831326961517
718,799,222,0.9884456396102905,0.8214103579521179,0.9448754191398621,0.6231921911239624,0.5911071300506592,0.5509804487228394,0.5532392859458923,0.9711129069328308,0.5994415283203125,0.7746415138244629,0.07761789858341217,0.09125836193561554,0.08977819979190826,0.11341588199138641,0.9708973169326782,0.6039451360702515,0.7808965444564819,0.07396657764911652,0.08517768979072571,0.08677788078784943,0.11450771987438202,0.9792371988296509,0.6009915471076965,0.8021425604820251,0.051032498478889465,0.0509372316300869,0.062215160578489304,0.09807613492012024
719,366,23,0.9872579574584961,0.7662043571472168,0.9227509498596191,0.2986951768398285,0.2921867370605469,0.3137103319168091,0.3580656945705414,0.9818177223205566,0.6260844469070435,0.8291171193122864,0.06094077229499817,0.06090256944298744,0.06696169823408127,0.09708112478256226,0.9837443828582764,0.623150110244751,0.8356198668479919,0.06994909793138504,0.06367616355419159,0.0681743398308754,0.09702272713184357,0.9778368473052979,0.6246066689491272,0.8120352029800415,0.0643087849020958,0.06272292137145996,0.07382412999868393,0.1052277609705925
720,824,881,0.9924163818359375,0.7891135811805725,0.9558228254318237,0.42957350611686707,0.45540276169776917,0.4421127438545227,0.46754977107048035,0.9789506196975708,0.5942109823226929,0.8062813878059387,0.04325706139206886,0.049989502876996994,0.06303632259368896,0.09521297365427017,0.9788533449172974,0.5987858772277832,0.8040534853935242,0.0499957911670208,0.05240806192159653,0.0651504173874855,0.09660259634256363,0.9776024222373962,0.5937528014183044,0.8039295077323914,0.061977505683898926,0.06273077428340912,0.06371354311704636,0.09186825156211853
721,579,465,0.9889695048332214,0.7789095640182495,0.9398448467254639,0.3747159540653229,0.3781546652317047,0.4062000811100006,0.45870161056518555,0.9803348779678345,0.6102789044380188,0.813310980796814,0.025433072820305824,0.031058812513947487,0.04886410012841225,0.09037739783525467,0.9834171533584595,0.6134933233261108,0.8227542042732239,0.024489309638738632,0.03145338594913483,0.048745036125183105,0.089867003262043,0.979397714138031,0.5817693471908569,0.8139142990112305,0.028352348133921623,0.035411857068538666,0.05017003044486046,0.08467041701078415
722,887,22,0.9848819375038147,0.6956850290298462,0.8938753604888916,0.13159212470054626,0.14996731281280518,0.18325968086719513,0.24279628694057465,0.975231945514679,0.5884715914726257,0.7930956482887268,0.03649168089032173,0.04013662040233612,0.05285310745239258,0.08738493919372559,0.9772483706474304,0.599587082862854,0.8014195561408997,0.04355667531490326,0.043751198798418045,0.05318743735551834,0.08633016794919968,0.9827723503112793,0.621355414390564,0.8257083296775818,0.05616426467895508,0.0546589270234108,0.06224975734949112,0.09368674457073212
723,460,728,0.9894647002220154,0.7457834482192993,0.9287695288658142,0.31382304430007935,0.3124256730079651,0.3139756917953491,0.3467257022857666,0.9780714511871338,0.5954930186271667,0.7997910976409912,0.061469633132219315,0.053579218685626984,0.05753332003951073,0.08972292393445969,0.9792048931121826,0.6051735281944275,0.8066608309745789,0.05250391736626625,0.053429458290338516,0.06009810045361519,0.08948559314012527,0.9771295189857483,0.5903797149658203,0.8014304041862488,0.05725320428609848,0.056506212800741196,0.06430193036794662,0.09206508100032806
724,806,822,0.9960702061653137,0.7108368873596191,0.9376663565635681,0.3143928647041321,0.2648687958717346,0.24856384098529816,0.2680565416812897,0.987917423248291,0.6306597590446472,0.8460628390312195,0.07981298863887787,0.07143139094114304,0.07775963842868805,0.10515294224023819,0.9856665134429932,0.638163685798645,0.8387810587882996,0.0737457275390625,0.06856512278318405,0.07560201734304428,0.10412630438804626,0.9789025187492371,0.6173622608184814,0.8153765797615051,0.11282268911600113,0.09339548647403717,0.08284448087215424,0.10795705765485764
725,419,673,0.9930765628814697,0.8018687963485718,0.9568067789077759,0.5296312570571899,0.4899192750453949,0.4856188893318176,0.5038569569587708,0.9773072600364685,0.600210428237915,0.7886549234390259,0.046957194805145264,0.047269828617572784,0.05539959296584129,0.0871773362159729,0.9786867499351501,0.6055707931518555,0.8031033873558044,0.06404545158147812,0.0624813549220562,0.07037412375211716,0.0988122746348381,0.9833397269248962,0.6024133563041687,0.8174218535423279,0.0559459924697876,0.05463477596640587,0.06445564329624176,0.09565436094999313
726,499,961,0.9859291315078735,0.7274488806724548,0.9108744859695435,0.26254475116729736,0.25902748107910156,0.28043481707572937,0.32329511642456055,0.9851115942001343,0.6024438142776489,0.8320208191871643,0.04408431425690651,0.0467965342104435,0.05788043141365051,0.09513279795646667,0.9845012426376343,0.606334388256073,0.829104483127594,0.04701904207468033,0.051652438938617706,0.058655183762311935,0.08990482240915298,0.9773344397544861,0.6074498891830444,0.8121044039726257,0.02905757911503315,0.0356932170689106,0.05312354117631912,0.09279831498861313
727,222,358,0.9876974821090698,0.7319901585578918,0.9176930785179138,0.3550341725349426,0.32680028676986694,0.31592410802841187,0.3403840959072113,0.9777539372444153,0.6005098819732666,0.7992236018180847,0.04567894712090492,0.05467964708805084,0.07113111764192581,0.10835018754005432,0.9814589023590088,0.6181322932243347,0.819219172000885,0.051015034317970276,0.05679807811975479,0.0706058070063591,0.1069311872124672,0.9827017784118652,0.6130614876747131,0.8241323232650757,0.029057366773486137,0.04059731587767601,0.0597681850194931,0.09486164152622223
728,758,617,0.9888237118721008,0.7530233860015869,0.925129771232605,0.3274191915988922,0.3001926839351654,0.31386834383010864,0.35090371966362,0.9813298583030701,0.617072343826294,0.8178638219833374,0.05617814138531685,0.058692459017038345,0.06545206904411316,0.09543327242136002,0.9854971766471863,0.6294283270835876,0.8375303149223328,0.059215057641267776,0.054488230496644974,0.061915669590234756,0.09494003653526306,0.9805020689964294,0.6099801063537598,0.8086354732513428,0.0637180432677269,0.05933529511094093,0.06670450419187546,0.09483999013900757
729,914,365,0.9901017546653748,0.7700728178024292,0.9329986572265625,0.3793562352657318,0.3692282736301422,0.3663892447948456,0.40172988176345825,0.9812673330307007,0.6094644665718079,0.8209407329559326,0.08950912207365036,0.0685758888721466,0.06520898640155792,0.092342309653759,0.9808477759361267,0.6105270981788635,0.8225980997085571,0.08478391915559769,0.0626552402973175,0.06350528448820114,0.09388513118028641,0.9830741882324219,0.5937747359275818,0.8160581588745117,0.05540464073419571,0.056382451206445694,0.06308458000421524,0.08961346745491028
730,275,248,0.9926416873931885,0.7425765991210938,0.9337242245674133,0.2788930833339691,0.2847675085067749,0.2940283715724945,0.3278195858001709,0.9823444485664368,0.6288973689079285,0.8218480348587036,0.03355326130986214,0.03662094101309776,0.051652051508426666,0.08838771283626556,0.98341965675354,0.6297037601470947,0.824336588382721,0.0353027880191803,0.038490742444992065,0.0530494749546051,0.09168440848588943,0.9764204025268555,0.6240690350532532,0.8082776069641113,0.06793859601020813,0.06193152442574501,0.06896089017391205,0.09740413725376129
731,994,742,0.9875351190567017,0.7728316187858582,0.9349724054336548,0.5181453824043274,0.5019127130508423,0.49988627433776855,0.5196750164031982,0.9750255346298218,0.5840606093406677,0.7756617069244385,0.04943889379501343,0.05181850492954254,0.061778247356414795,0.09579431265592575,0.9715625643730164,0.5804908871650696,0.7633997201919556,0.041155632585287094,0.046792976558208466,0.0592101626098156,0.0917009636759758,0.979524552822113,0.6004123687744141,0.78926020860672,0.03986186534166336,0.04251586273312569,0.05121608451008797,0.08417953550815582
732,788,886,0.9889299869537354,0.750856339931488,0.9223350882530212,0.24486759305000305,0.2575453221797943,0.28804832696914673,0.3317902982234955,0.9787717461585999,0.6134111881256104,0.810061514377594,0.03278937563300133,0.036076728254556656,0.05170407518744469,0.08891846984624863,0.9827678203582764,0.624269425868988,0.8260294198989868,0.040314942598342896,0.04140143096446991,0.05543678626418114,0.08976594358682632,0.9814743995666504,0.6379381418228149,0.8363341093063354,0.061291906982660294,0.06205543503165245,0.08087537437677383,0.12230879068374634
733,544,121,0.9878008365631104,0.7540401220321655,0.9173697233200073,0.33101147413253784,0.35057374835014343,0.34895679354667664,0.3783414363861084,0.9780009984970093,0.6034752726554871,0.8006295561790466,0.0262928269803524,0.03558283671736717,0.053329285234212875,0.09246845543384552,0.9824728965759277,0.6259336471557617,0.824258029460907,0.032882966101169586,0.042384739965200424,0.05843561887741089,0.09620753675699234,0.9835535883903503,0.5874412059783936,0.8076210618019104,0.028374070301651955,0.034369729459285736,0.050155043601989746,0.09505416452884674
734,981,537,0.9907153844833374,0.6991938948631287,0.9216052293777466,0.29069751501083374,0.27161845564842224,0.26110076904296875,0.29743942618370056,0.9797233939170837,0.6073048710823059,0.8130184412002563,0.031793612986803055,0.036099500954151154,0.05355663597583771,0.09000349789857864,0.9817484617233276,0.6046273112297058,0.8199449777603149,0.03453264757990837,0.03829473257064819,0.051224835216999054,0.08452953398227692,0.9837971925735474,0.59572434425354,0.8276075720787048,0.04947558790445328,0.047198452055454254,0.057404421269893646,0.09218292683362961
735,349,587,0.9822762608528137,0.7442983388900757,0.9035158753395081,0.46707814931869507,0.4275882840156555,0.4200676679611206,0.43068572878837585,0.9751495122909546,0.597227931022644,0.7747050523757935,0.05506274104118347,0.05068167671561241,0.05845245346426964,0.09101178497076035,0.97783362865448,0.5933274626731873,0.7900385856628418,0.05779707059264183,0.0516979917883873,0.06185207515954971,0.0937844067811966,0.982217013835907,0.5934971570968628,0.8059898018836975,0.04663507267832756,0.055507875978946686,0.06563004851341248,0.09798581153154373
736,659,141,0.9878133535385132,0.7014933228492737,0.8992249369621277,0.3021097779273987,0.2761731445789337,0.26134008169174194,0.2819882035255432,0.9813708662986755,0.6136905550956726,0.8073932528495789,0.06371278315782547,0.056769344955682755,0.06089326739311218,0.08795064687728882,0.9833016991615295,0.6189236640930176,0.8172287940979004,0.07814118266105652,0.06378918886184692,0.06862062960863113,0.09775601327419281,0.9781073331832886,0.6020383834838867,0.7969513535499573,0.058957893401384354,0.05733858793973923,0.06697008013725281,0.08975577354431152
737,79,325,0.9891625046730042,0.7919484376907349,0.940649688243866,0.392884761095047,0.39511096477508545,0.42278891801834106,0.4599052667617798,0.9816111922264099,0.6086667776107788,0.8112398982048035,0.03461650758981705,0.038223423063755035,0.05164097249507904,0.0894496887922287,0.9817456603050232,0.608723521232605,0.8111073970794678,0.03391705080866814,0.03607369214296341,0.05022178590297699,0.08561036735773087,0.9806824922561646,0.6151100397109985,0.8144989013671875,0.0428127758204937,0.04122144356369972,0.05691077187657356,0.093728207051754
738,699,938,0.9853340983390808,0.7604357004165649,0.9222869873046875,0.3046557605266571,0.3252669870853424,0.326240599155426,0.3659016788005829,0.9745202660560608,0.5775831937789917,0.7876260280609131,0.0430573970079422,0.044611021876335144,0.06335762143135071,0.09550809860229492,0.9737767577171326,0.6125480532646179,0.7970695495605469,0.04891915246844292,0.05437261238694191,0.0666465237736702,0.1022394672036171,0.9778650999069214,0.5948747992515564,0.8033867478370667,0.030064426362514496,0.03775256872177124,0.047500696033239365,0.08398228883743286
739,374,838,0.9961841702461243,0.7848688364028931,0.9590824246406555,0.4502158463001251,0.43449050188064575,0.43013063073158264,0.47455424070358276,0.9848137497901917,0.6024259924888611,0.8153824210166931,0.04080573841929436,0.039096880704164505,0.04946630820631981,0.08821544796228409,0.98549485206604,0.6016403436660767,0.8196072578430176,0.04686914011836052,0.044118501245975494,0.05558544024825096,0.09043477475643158,0.9834157228469849,0.6030266880989075,0.8206332325935364,0.05881599336862564,0.06284487992525101,0.06918509304523468,0.09950706362724304
740,749,246,0.987041711807251,0.7672122120857239,0.9241796731948853,0.37111324071884155,0.35447990894317627,0.3742532432079315,0.41625890135765076,0.973811686038971,0.5965632796287537,0.7884032130241394,0.05423799529671669,0.050605177879333496,0.06258156895637512,0.09786352515220642,0.9775630831718445,0.6103237867355347,0.8003435730934143,0.05190616101026535,0.0520276315510273,0.06519569456577301,0.10070043802261353,0.9800422787666321,0.6267238259315491,0.8186432123184204,0.08994617313146591,0.07914052158594131,0.08637424558401108,0.1209813728928566
741,430,811,0.9902003407478333,0.8169817328453064,0.9522102475166321,0.47406455874443054,0.4523979425430298,0.4248608946800232,0.46144187450408936,0.9772680997848511,0.6248399019241333,0.8222525119781494,0.10095775127410889,0.09373952448368073,0.09116820991039276,0.11834675073623657,0.9761312007904053,0.6285684704780579,0.8214495182037354,0.09412212669849396,0.08758128434419632,0.08694557100534439,0.11467162519693375,0.9781664609909058,0.578344464302063,0.8066091537475586,0.051777370274066925,0.05389818921685219,0.0666821077466011,0.09904162585735321
742,127,40,0.9905498623847961,0.74086993932724,0.9248504638671875,0.21950702369213104,0.2156047374010086,0.2295255810022354,0.2729729115962982,0.9849103093147278,0.6085637211799622,0.8257924318313599,0.04530825838446617,0.054527074098587036,0.07202336937189102,0.10790546238422394,0.9854035973548889,0.615243136882782,0.8326629400253296,0.050761930644512177,0.058462999761104584,0.07671549916267395,0.11349523812532425,0.9807612895965576,0.5957008004188538,0.8299192786216736,0.07642423361539841,0.0647861436009407,0.06953013688325882,0.09847769141197205
743,206,464,0.9953269958496094,0.7524105906486511,0.9484808444976807,0.28968343138694763,0.28417614102363586,0.29146113991737366,0.3359690308570862,0.9793723821640015,0.6086896061897278,0.8106192350387573,0.036181360483169556,0.04056232050061226,0.05614418908953667,0.0919855460524559,0.9827602505683899,0.6149965524673462,0.8224426507949829,0.04100192338228226,0.04727436974644661,0.06021469831466675,0.09300807863473892,0.9818857908248901,0.6206341981887817,0.8228091597557068,0.06545113772153854,0.05648231506347656,0.06341517716646194,0.09522110968828201
744,798,753,0.9922664165496826,0.7504506707191467,0.930499792098999,0.26605719327926636,0.2523729205131531,0.2727331817150116,0.31755152344703674,0.9839534163475037,0.6198354363441467,0.8324634432792664,0.031850311905145645,0.040834784507751465,0.059563323855400085,0.09300626814365387,0.9835553765296936,0.620766818523407,0.8316759467124939,0.03670521825551987,0.041368499398231506,0.05822164565324783,0.09396645426750183,0.9886811375617981,0.6311854124069214,0.8525170683860779,0.03880397602915764,0.0452510267496109,0.06356751173734665,0.10117964446544647
745,76,781,0.9910966157913208,0.7407283186912537,0.9247201085090637,0.2941678762435913,0.27530452609062195,0.27820587158203125,0.3067881464958191,0.976911723613739,0.6255398988723755,0.8110197186470032,0.11557953804731369,0.09836138039827347,0.09811363369226456,0.12334512174129486,0.9787546992301941,0.6395906209945679,0.8246688842773438,0.1292552798986435,0.1081954762339592,0.1042262464761734,0.1266578882932663,0.9783334136009216,0.6084088683128357,0.8142611384391785,0.06550489366054535,0.059481848031282425,0.0642770305275917,0.09571310877799988
746,331,796,0.9936836361885071,0.8173303008079529,0.9603300094604492,0.5387474894523621,0.5323728322982788,0.5524698495864868,0.5642479062080383,0.9811097383499146,0.5728483200073242,0.8062803745269775,0.02926744520664215,0.032474759966135025,0.04552626982331276,0.08165760338306427,0.9854053258895874,0.5795873999595642,0.8266780972480774,0.034676842391490936,0.035774994641542435,0.04903865233063698,0.08519093692302704,0.9755969643592834,0.5610290169715881,0.7895267009735107,0.028927266597747803,0.03346671164035797,0.04829718917608261,0.08244435489177704
747,693,959,0.9879679679870605,0.7740356922149658,0.929811954498291,0.40798813104629517,0.376679390668869,0.3764343857765198,0.40085312724113464,0.9813096523284912,0.6184601783752441,0.8226041793823242,0.08666560053825378,0.07827406376600266,0.0813576877117157,0.11031536012887955,0.9827642440795898,0.5991838574409485,0.8279050588607788,0.07863516360521317,0.07136420160531998,0.07882820814847946,0.10637203603982925,0.9717754125595093,0.5800313353538513,0.7741127610206604,0.03152187541127205,0.036223284900188446,0.05320945382118225,0.08945073932409286
748,808,71,0.9976649880409241,0.920374870300293,0.9887749552726746,0.7323902249336243,0.7569270730018616,0.747604250907898,0.7651347517967224,0.9759413599967957,0.5495685338973999,0.793624222278595,0.0659450814127922,0.05580361932516098,0.06295835971832275,0.09234314411878586,0.9791517853736877,0.5674373507499695,0.8106191158294678,0.06847605109214783,0.060100339353084564,0.06714847683906555,0.09635527431964874,0.9905973672866821,0.6204303503036499,0.8488077521324158,0.04194099083542824,0.04482800513505936,0.056472573429346085,0.0938885509967804
749,554,188,0.9827812910079956,0.7441877126693726,0.8994787335395813,0.3973834812641144,0.3538453280925751,0.31802794337272644,0.34131866693496704,0.9773867726325989,0.6301328539848328,0.8113113641738892,0.07325221598148346,0.06900312006473541,0.0784144401550293,0.10904017090797424,0.9783247113227844,0.6217073798179626,0.8131994009017944,0.06814007461071014,0.0669623613357544,0.07291197031736374,0.10554151982069016,0.9728758335113525,0.6092466115951538,0.7875567078590393,0.06830939650535583,0.06548789143562317,0.07268061488866806,0.102508544921875
750,326,226,0.9919867515563965,0.7653221487998962,0.9364821314811707,0.2838658392429352,0.27848631143569946,0.3039856255054474,0.35283446311950684,0.980420708656311,0.6111472845077515,0.8098401427268982,0.034397147595882416,0.03749833256006241,0.056359514594078064,0.08908530324697495,0.980892539024353,0.6144350171089172,0.8133413195610046,0.03105899691581726,0.038432203233242035,0.0525309219956398,0.08794372528791428,0.9830381274223328,0.6051740646362305,0.8112773895263672,0.04263541102409363,0.04675943776965141,0.06084231659770012,0.096686951816082
751,205,63,0.9933953881263733,0.7272408604621887,0.9290738701820374,0.23937730491161346,0.23462559282779694,0.23296499252319336,0.27378198504447937,0.9790014028549194,0.616700291633606,0.8061012625694275,0.053972840309143066,0.052301015704870224,0.05867806077003479,0.09084638953208923,0.9786744117736816,0.6143427491188049,0.803847074508667,0.04830383509397507,0.048880934715270996,0.0553169921040535,0.0874374508857727,0.9766071438789368,0.6227913498878479,0.8132482171058655,0.04655412584543228,0.04986308515071869,0.06288434565067291,0.09485416114330292
752,991,183,0.9906787872314453,0.7387007474899292,0.9210081696510315,0.23736250400543213,0.2417265623807907,0.2561609148979187,0.29364117980003357,0.9790970683097839,0.6203802824020386,0.8132395148277283,0.06804437190294266,0.06069923937320709,0.06569370627403259,0.09535857290029526,0.9801974892616272,0.6145102977752686,0.8209036588668823,0.0685332864522934,0.06255334615707397,0.06594623625278473,0.09752149879932404,0.9829405546188354,0.6085456609725952,0.8247728943824768,0.05607922747731209,0.05520770326256752,0.06496354192495346,0.09310949593782425
753,530,663,0.9912323951721191,0.7489621639251709,0.9304952621459961,0.2319348007440567,0.25064849853515625,0.2828070819377899,0.32603469491004944,0.9796651601791382,0.6214389204978943,0.8040313720703125,0.03164451941847801,0.032345000654459,0.047829341143369675,0.08389521390199661,0.9811725616455078,0.6251919865608215,0.8108159303665161,0.04047152400016785,0.03835352882742882,0.04983512684702873,0.08414332568645477,0.9824953675270081,0.5861261487007141,0.8130797147750854,0.026972293853759766,0.032522790133953094,0.051335226744413376,0.09185967594385147
754,873,494,0.9863373041152954,0.6876251101493835,0.8895946741104126,0.2058468759059906,0.2066279798746109,0.21586838364601135,0.252777099609375,0.9725286960601807,0.5928260684013367,0.7914793491363525,0.05445729196071625,0.04747246578335762,0.053257979452610016,0.08551216870546341,0.9775980710983276,0.6211945414543152,0.8084801435470581,0.06808021664619446,0.05792292207479477,0.059940941631793976,0.08894147723913193,0.9820185899734497,0.6191793084144592,0.8213984370231628,0.06254063546657562,0.05942394211888313,0.06588736921548843,0.09178787469863892
755,441,747,0.9865814447402954,0.7730509042739868,0.9252656102180481,0.5219640135765076,0.48646029829978943,0.45579060912132263,0.46564745903015137,0.9798228740692139,0.5887458920478821,0.809196949005127,0.03600189462304115,0.04427116736769676,0.06028546020388603,0.09423977136611938,0.9804086089134216,0.6005147099494934,0.8156265020370483,0.04302113875746727,0.050459735095500946,0.06265930831432343,0.09536322206258774,0.9766955971717834,0.593731164932251,0.7918035984039307,0.043101392686367035,0.05262123793363571,0.06932062655687332,0.10182803124189377
756,210,78,0.9894405603408813,0.7641187906265259,0.930087149143219,0.3989796042442322,0.39006704092025757,0.39486467838287354,0.42945167422294617,0.9803332686424255,0.613603949546814,0.8069658875465393,0.07193073630332947,0.07474754750728607,0.08599231392145157,0.1181245967745781,0.9809442162513733,0.6191422343254089,0.8125675320625305,0.08101038634777069,0.08535494655370712,0.0947313904762268,0.12330808490514755,0.9739131927490234,0.5656484961509705,0.7757593393325806,0.05971463769674301,0.05271086469292641,0.05760384351015091,0.08776220679283142
757,377,25,0.9942147135734558,0.7683911919593811,0.9447899460792542,0.3046015202999115,0.3068033754825592,0.31403759121894836,0.3493272662162781,0.9771396517753601,0.615322470664978,0.8061074614524841,0.0403335802257061,0.04362603649497032,0.05709365755319595,0.09171715378761292,0.975872814655304,0.5920746326446533,0.8026599287986755,0.044929780066013336,0.046972718089818954,0.0605536624789238,0.09279436618089676,0.978240966796875,0.6120488047599792,0.809009850025177,0.048434700816869736,0.047903116792440414,0.05717220902442932,0.08719734102487564
758,526,33,0.9941063523292542,0.7825195789337158,0.9521737694740295,0.33424291014671326,0.34484538435935974,0.3664511740207672,0.41103869676589966,0.9843485951423645,0.5995896458625793,0.8124135732650757,0.009150756523013115,0.025678304955363274,0.04945603758096695,0.08772347867488861,0.9830302596092224,0.6081701517105103,0.8125013113021851,0.018012160435318947,0.029774781316518784,0.04876468703150749,0.08557196706533432,0.9812333583831787,0.6025627255439758,0.8249572515487671,0.04932436719536781,0.060764409601688385,0.06967712938785553,0.09822967648506165
759,713,212,0.9888834953308105,0.7040116786956787,0.903064489364624,0.23780901730060577,0.22349828481674194,0.2295738160610199,0.2626298666000366,0.9829005002975464,0.6223018765449524,0.8173442482948303,0.050255559384822845,0.05476323887705803,0.06498712301254272,0.09750562906265259,0.981159508228302,0.606861412525177,0.8163193464279175,0.04057485982775688,0.047552864998579025,0.06360775232315063,0.09586283564567566,0.9868778586387634,0.6397651433944702,0.8424420952796936,0.0631275326013565,0.07275862246751785,0.07518322765827179,0.09793524444103241
760,704,658,0.9863886833190918,0.705977201461792,0.9006778597831726,0.19681817293167114,0.18428754806518555,0.1881408393383026,0.23795264959335327,0.9739912152290344,0.5969485640525818,0.7944362163543701,0.04799533635377884,0.04413221776485443,0.05743163824081421,0.09514600038528442,0.9734093546867371,0.5776258707046509,0.7878887057304382,0.03030497208237648,0.0356549434363842,0.052619535475969315,0.09001167118549347,0.9714339971542358,0.5935550332069397,0.800119161605835,0.07082536071538925,0.061890531331300735,0.0706525593996048,0.10071852803230286
761,237,867,0.9885908961296082,0.7285305857658386,0.9097177982330322,0.24396924674510956,0.25777700543403625,0.2864046096801758,0.32186266779899597,0.9842920899391174,0.6181923151016235,0.8246974945068359,0.04177099093794823,0.047063447535037994,0.06141351908445358,0.09342377632856369,0.9848997592926025,0.613093912601471,0.8243401646614075,0.045812178403139114,0.04706566408276558,0.06151515990495682,0.09597115218639374,0.9831752181053162,0.6070048809051514,0.815414309501648,0.025421293452382088,0.03979780524969101,0.057561732828617096,0.09564942866563797
762,406,545,0.9907575845718384,0.7539750337600708,0.9313838481903076,0.21760648488998413,0.2313942015171051,0.2613656222820282,0.30701547861099243,0.9805758595466614,0.6064963936805725,0.8140711784362793,0.026262253522872925,0.032164979726076126,0.04631902277469635,0.08079617470502853,0.9793123602867126,0.6159431338310242,0.8179928064346313,0.026102567091584206,0.032558146864175797,0.04889632761478424,0.08724000304937363,0.9853581786155701,0.6329007148742676,0.8341553807258606,0.048054907470941544,0.04775370657444,0.057607609778642654,0.0896591991186142
763,723,738,0.9831324815750122,0.7448742985725403,0.9021732211112976,0.3710528314113617,0.35822048783302307,0.3688271641731262,0.39071106910705566,0.9725861549377441,0.6023948192596436,0.784356951713562,0.06663784384727478,0.05980859324336052,0.07102425396442413,0.09907558560371399,0.9741531610488892,0.5993897318840027,0.7905657887458801,0.07641243189573288,0.0693441703915596,0.07571094483137131,0.10161129385232925,0.9738234281539917,0.609221339225769,0.792792022228241,0.08415903151035309,0.07183288037776947,0.07161577045917511,0.09863751381635666
764,342,737,0.9924103021621704,0.8121116757392883,0.9511294960975647,0.528552770614624,0.48133984208106995,0.46991464495658875,0.48409736156463623,0.9784939885139465,0.6178570985794067,0.8066111207008362,0.043494001030921936,0.04579181596636772,0.06047842279076576,0.09419717639684677,0.97984778881073,0.6139883995056152,0.8108081817626953,0.061047084629535675,0.06197260692715645,0.06957249343395233,0.0991014763712883,0.9835523366928101,0.6090329885482788,0.8175715208053589,0.05864884704351425,0.06173093989491463,0.07124138623476028,0.10408186167478561
765,896,295,0.9858024716377258,0.7518534064292908,0.9249708652496338,0.4048492908477783,0.3969968855381012,0.3772716820240021,0.39925286173820496,0.9788187742233276,0.6088235974311829,0.812128484249115,0.050801053643226624,0.03726377338171005,0.046290475875139236,0.08031900227069855,0.980056881904602,0.604611337184906,0.8152665495872498,0.0457635223865509,0.03795156255364418,0.05042852461338043,0.08302155137062073,0.9838890433311462,0.6150573492050171,0.823775589466095,0.08134981989860535,0.0652596652507782,0.07353845983743668,0.10423622280359268
766,43,825,0.98972487449646,0.7575647830963135,0.9297640323638916,0.2800542712211609,0.2866753041744232,0.30812618136405945,0.3552820682525635,0.9739041328430176,0.5972687005996704,0.7972094416618347,0.066044881939888,0.06495451927185059,0.07299022376537323,0.10094200819730759,0.975668728351593,0.6078814268112183,0.8079302310943604,0.07338342070579529,0.07051645964384079,0.0753544270992279,0.10130731016397476,0.9848755598068237,0.6200472712516785,0.8393833041191101,0.04322647303342819,0.04540511593222618,0.05704852566123009,0.09224983304738998
767,218,651,0.9888415932655334,0.7548673748970032,0.9223336577415466,0.34996187686920166,0.33323612809181213,0.32867756485939026,0.35567718744277954,0.9818775057792664,0.5665331482887268,0.798961877822876,0.0465385727584362,0.0448417104780674,0.05680270865559578,0.09154998511075974,0.9836530089378357,0.5479859709739685,0.7967405915260315,0.04807610437273979,0.0431872196495533,0.0539570227265358,0.08749276399612427,0.9817702174186707,0.5923561453819275,0.812035858631134,0.05010562017560005,0.05205727368593216,0.06560180336236954,0.09843312948942184
768,404,626,0.995267391204834,0.7564413547515869,0.9529668092727661,0.3195192813873291,0.32754290103912354,0.34168604016304016,0.38025498390197754,0.9804901480674744,0.6301523447036743,0.8233248591423035,0.0656556636095047,0.07491590082645416,0.08273652195930481,0.11464599519968033,0.9796780943870544,0.6144877076148987,0.8223813772201538,0.07191633433103561,0.08137774467468262,0.08590415865182877,0.11650063842535019,0.9796621799468994,0.6074459552764893,0.8040974736213684,0.03614966571331024,0.041619718074798584,0.052994076162576675,0.09007510542869568
769,688,499,0.9822614192962646,0.7340988516807556,0.896306574344635,0.24586766958236694,0.23749354481697083,0.2483808547258377,0.2930615246295929,0.975416898727417,0.6194158792495728,0.8050277829170227,0.050438109785318375,0.04586252197623253,0.059246212244033813,0.09589681774377823,0.9759714603424072,0.6157224178314209,0.8080007433891296,0.05213627964258194,0.0500449500977993,0.059420887380838394,0.09413929283618927,0.9764359593391418,0.5995348691940308,0.8018601536750793,0.03523629903793335,0.04138155281543732,0.054838139563798904,0.09001844376325607
770,664,389,0.9921099543571472,0.7428172826766968,0.9391887187957764,0.34096619486808777,0.339959979057312,0.3455166518688202,0.3779700696468353,0.9799429178237915,0.6081293821334839,0.8176143169403076,0.052726175636053085,0.05961064621806145,0.06309498846530914,0.10003416985273361,0.9780087471008301,0.5974478125572205,0.8064484000205994,0.0379735492169857,0.04405386000871658,0.05816660076379776,0.09727463871240616,0.9827873110771179,0.6210136413574219,0.8250460028648376,0.05990753322839737,0.0597400888800621,0.06922353059053421,0.10117178410291672
771,814,426,0.9893660545349121,0.7494921088218689,0.9357268214225769,0.3594387471675873,0.35365059971809387,0.3558681309223175,0.3959638178348541,0.9787097573280334,0.6028437614440918,0.8062311410903931,0.0479082316160202,0.03849834203720093,0.048427216708660126,0.07911790162324905,0.9786450862884521,0.5990127921104431,0.8056071996688843,0.04460430145263672,0.03918623924255371,0.0462062805891037,0.07856006920337677,0.9833778142929077,0.616973876953125,0.8236412405967712,0.07147089391946793,0.060720570385456085,0.06294669210910797,0.09193006902933121
772,709,64,0.9903600811958313,0.7212998867034912,0.9254697561264038,0.35938847064971924,0.3064565360546112,0.28620392084121704,0.30611881613731384,0.9773651957511902,0.6107206344604492,0.8052833676338196,0.03795016556978226,0.045050784945487976,0.06207737326622009,0.09790805727243423,0.9779090881347656,0.6101453900337219,0.8062907457351685,0.04316091537475586,0.047737374901771545,0.06138550490140915,0.09281473606824875,0.9712998270988464,0.6153774261474609,0.7909253835678101,0.11222623288631439,0.09935551881790161,0.09371891617774963,0.11872096359729767
773,246,503,0.9926552176475525,0.7207613587379456,0.9271118640899658,0.34090468287467957,0.33740460872650146,0.34274423122406006,0.3667621612548828,0.9817520380020142,0.6043798923492432,0.8088078498840332,0.04724960774183273,0.048039451241493225,0.061722155660390854,0.09816715121269226,0.9825201630592346,0.6062389016151428,0.8107105493545532,0.04708336666226387,0.0481165386736393,0.06090617924928665,0.09830524027347565,0.9833202362060547,0.6119860410690308,0.8194814920425415,0.04780383035540581,0.04769957810640335,0.059004295617341995,0.0928957611322403
774,756,613,0.9909735321998596,0.7831083536148071,0.9511085748672485,0.4438228905200958,0.4447934627532959,0.440221905708313,0.467407763004303,0.9755116701126099,0.5812751054763794,0.7763098478317261,0.0397706963121891,0.041080065071582794,0.05826351419091225,0.09515105932950974,0.9727272391319275,0.5749431252479553,0.7677984237670898,0.03810195252299309,0.040626395493745804,0.05635328218340874,0.09594504535198212,0.9689380526542664,0.5665985345840454,0.765255331993103,0.03253760188817978,0.04100725054740906,0.05590524524450302,0.09195703268051147
775,870,957,0.983801543712616,0.7724108099937439,0.9096044301986694,0.4216475188732147,0.40984803438186646,0.38740238547325134,0.3922767639160156,0.9811370968818665,0.632800817489624,0.816580057144165,0.06923919916152954,0.059340182691812515,0.06118961051106453,0.08789272606372833,0.9831653237342834,0.6082558035850525,0.8290662169456482,0.07361332327127457,0.07135861366987228,0.07671020925045013,0.10287763178348541,0.9790561199188232,0.6308076977729797,0.8204087018966675,0.07155422866344452,0.07052353024482727,0.07358773797750473,0.0992412194609642
776,883,871,0.9914630651473999,0.7605889439582825,0.9367430210113525,0.36605164408683777,0.35169848799705505,0.34796908497810364,0.37964102625846863,0.9825894832611084,0.5805112719535828,0.7884652614593506,0.0427788570523262,0.04282228276133537,0.054446082562208176,0.08671045303344727,0.9813023805618286,0.5794129967689514,0.7987290620803833,0.04966558516025543,0.045881979167461395,0.05462232604622841,0.08805694431066513,0.9878013730049133,0.6163585782051086,0.8328797817230225,0.03407101333141327,0.04011232405900955,0.05322585627436638,0.08614787459373474
777,7,413,0.9895973801612854,0.7675001621246338,0.9482158422470093,0.47676074504852295,0.4625898003578186,0.4725583493709564,0.49895554780960083,0.9757416248321533,0.6034741997718811,0.7890682220458984,0.06933045387268066,0.056991420686244965,0.059875115752220154,0.08604247868061066,0.9780063033103943,0.6069849133491516,0.8013187050819397,0.0727485939860344,0.059200190007686615,0.05962735787034035,0.08825792372226715,0.9777585864067078,0.6088438630104065,0.8128853440284729,0.10923369973897934,0.08313846588134766,0.08447850495576859,0.11692236363887787
778,72,471,0.9948292970657349,0.7245025634765625,0.9342065453529358,0.20391908288002014,0.20575904846191406,0.2301279753446579,0.27109235525131226,0.9878734350204468,0.6179568767547607,0.8445702195167542,0.05226868763566017,0.05130467936396599,0.0585424043238163,0.09148196876049042,0.9856957793235779,0.6110363006591797,0.8376243710517883,0.04675912857055664,0.04914085566997528,0.0591534860432148,0.09361401200294495,0.9845404624938965,0.6361275315284729,0.8345276713371277,0.04874120652675629,0.05174639821052551,0.06189044564962387,0.09431957453489304
779,990,53,0.9896228909492493,0.738434910774231,0.9210619330406189,0.28947657346725464,0.2674986720085144,0.27933236956596375,0.3169880509376526,0.9795781373977661,0.6271024942398071,0.8152737617492676,0.04164684936404228,0.04802705720067024,0.06387253850698471,0.09998761117458344,0.9806141257286072,0.6236106753349304,0.8146270513534546,0.039678581058979034,0.04968899115920067,0.06331753730773926,0.0960048958659172,0.9853101372718811,0.6393533945083618,0.8390560150146484,0.08676517009735107,0.07247161865234375,0.07622049748897552,0.10544636845588684
780,183,792,0.9909042716026306,0.7330387234687805,0.9151286482810974,0.2897619605064392,0.27117300033569336,0.26636505126953125,0.30121591687202454,0.9867826700210571,0.6286978125572205,0.8432694673538208,0.09057725220918655,0.0802658349275589,0.08032946288585663,0.10868833214044571,0.98685622215271,0.6263411045074463,0.8407835364341736,0.09135399758815765,0.07683683931827545,0.07982037961483002,0.1086849719285965,0.9855579733848572,0.6341155767440796,0.8397582769393921,0.09979251772165298,0.08370566368103027,0.08212157338857651,0.10541464388370514
781,618,806,0.9867165684700012,0.7324819564819336,0.9113616943359375,0.2915123999118805,0.2690400183200836,0.2849041521549225,0.3155556917190552,0.9814828038215637,0.6186749935150146,0.8216655254364014,0.050790123641490936,0.04833221435546875,0.05738415569067001,0.09100451320409775,0.9813817143440247,0.6165938973426819,0.8169368505477905,0.0476648174226284,0.04421992227435112,0.053071729838848114,0.08881483227014542,0.9832541346549988,0.617247462272644,0.8182645440101624,0.05356241762638092,0.04977989196777344,0.0589330829679966,0.09180115163326263
782,568,903,0.992550253868103,0.7178968191146851,0.9301185607910156,0.21639177203178406,0.21230165660381317,0.23478566110134125,0.27947261929512024,0.9835739135742188,0.6212234497070312,0.8292259573936462,0.0497540608048439,0.0450039878487587,0.05527742579579353,0.08840717375278473,0.9853987097740173,0.6318916082382202,0.8373680710792542,0.04787074774503708,0.04445686191320419,0.05693383887410164,0.0887409895658493,0.9825947880744934,0.6212055087089539,0.827286422252655,0.059081386774778366,0.05449378490447998,0.061755694448947906,0.09250251203775406
783,615,912,0.9901668429374695,0.7254350185394287,0.9104070663452148,0.23459745943546295,0.22345711290836334,0.23426572978496552,0.268102765083313,0.9868388175964355,0.6252772212028503,0.836604118347168,0.055486395955085754,0.05356820672750473,0.06142940744757652,0.09069833904504776,0.9844661951065063,0.6146767139434814,0.8233891725540161,0.05367743968963623,0.05398811027407646,0.059378232806921005,0.08828897029161453,0.982275664806366,0.6079875826835632,0.8197323083877563,0.04265996813774109,0.04664123058319092,0.05950680747628212,0.09743586927652359
784,667,694,0.9933504462242126,0.7419325113296509,0.9365425705909729,0.2974223494529724,0.2891974449157715,0.28694960474967957,0.3186582624912262,0.9783949255943298,0.6205536723136902,0.8175095915794373,0.06797198206186295,0.06105376034975052,0.06443378329277039,0.09593242406845093,0.9810171127319336,0.6205071806907654,0.8273431062698364,0.07791917771100998,0.06554746627807617,0.07101665437221527,0.10100992023944855,0.9825009703636169,0.6264675259590149,0.8282721042633057,0.06962518393993378,0.0652492567896843,0.07089368253946304,0.10025567561388016
785,194,953,0.9940961599349976,0.7460047006607056,0.939730167388916,0.32505327463150024,0.3041667342185974,0.28933262825012207,0.31609225273132324,0.9836220145225525,0.6195152401924133,0.8277297616004944,0.046242743730545044,0.04932602867484093,0.05868299677968025,0.09365923702716827,0.9820537567138672,0.6183812618255615,0.82431560754776,0.04264816269278526,0.04703880846500397,0.061069075018167496,0.09492073953151703,0.9783011078834534,0.6170614361763,0.8144150376319885,0.05820189416408539,0.06295223534107208,0.06962192058563232,0.09721159934997559
786,986,371,0.9865173101425171,0.7005783319473267,0.9002787470817566,0.2234661728143692,0.21494890749454498,0.2334434688091278,0.26545703411102295,0.9824386835098267,0.6071857213973999,0.8164952993392944,0.0559624582529068,0.04880699887871742,0.05590924248099327,0.09308955073356628,0.9839678406715393,0.6289876699447632,0.8311055898666382,0.05330215021967888,0.05245683342218399,0.062427159398794174,0.0960473120212555,0.9845439791679382,0.6016655564308167,0.8253833651542664,0.05084867775440216,0.049988601356744766,0.056686077266931534,0.08937180787324905
787,550,320,0.9954386353492737,0.8035246729850769,0.9669213891029358,0.3553481101989746,0.36146730184555054,0.36657488346099854,0.40492135286331177,0.9735050201416016,0.5940232276916504,0.7942838072776794,0.052141398191452026,0.050776537507772446,0.0630234032869339,0.09881573170423508,0.9740298390388489,0.5821149945259094,0.7954379916191101,0.04560469463467598,0.04885176196694374,0.06155787408351898,0.09884880483150482,0.972114622592926,0.6159331798553467,0.8012199997901917,0.06570729613304138,0.06646717339754105,0.06978723406791687,0.09816612303256989
788,879,179,0.9795407652854919,0.6994684934616089,0.8800036907196045,0.23350375890731812,0.22041000425815582,0.23459582030773163,0.2732870578765869,0.9795233011245728,0.6088666319847107,0.82176673412323,0.06352991610765457,0.06243196129798889,0.07025569677352905,0.10260161012411118,0.9777100086212158,0.607408344745636,0.8091508150100708,0.06729883700609207,0.06370924413204193,0.07012366503477097,0.09707414358854294,0.9734053015708923,0.5931279063224792,0.7907091975212097,0.074651338160038,0.06942042708396912,0.0714430958032608,0.10020536929368973
789,978,514,0.9903804063796997,0.7225109934806824,0.917040228843689,0.1901654601097107,0.18983809649944305,0.2135327011346817,0.2646371126174927,0.9775993824005127,0.6029365658760071,0.8075513243675232,0.04807351157069206,0.045403774827718735,0.0576375350356102,0.09036010503768921,0.978468120098114,0.6067494750022888,0.814063549041748,0.05268416181206703,0.049735039472579956,0.058176398277282715,0.09197741001844406,0.9789372682571411,0.5969507694244385,0.8126927614212036,0.05839511379599571,0.05341026186943054,0.06057313084602356,0.09017843753099442
790,864,611,0.9929817318916321,0.7814204096794128,0.9461545348167419,0.33009910583496094,0.33173438906669617,0.3448002338409424,0.3983725607395172,0.9842726588249207,0.6194441318511963,0.8247750401496887,0.03395415097475052,0.032688628882169724,0.04663904383778572,0.08501826226711273,0.9827105402946472,0.619545042514801,0.822609007358551,0.03389458730816841,0.030683137476444244,0.0463382862508297,0.08366642892360687,0.9843089580535889,0.6265117526054382,0.8264161348342896,0.03573660925030708,0.03805355727672577,0.05506516247987747,0.09237290918827057
791,892,799,0.9882884621620178,0.7447554469108582,0.9128357172012329,0.3564392328262329,0.31821829080581665,0.31136465072631836,0.334101140499115,0.9861351847648621,0.6381910443305969,0.8450149297714233,0.13266247510910034,0.10981784015893936,0.09834544360637665,0.1175549328327179,0.9843130111694336,0.6279263496398926,0.8332777619361877,0.11925609409809113,0.09408795088529587,0.09092395752668381,0.11319660395383835,0.9750732779502869,0.6116515398025513,0.7963619232177734,0.0683518722653389,0.06365424394607544,0.07332877814769745,0.10535977780818939
792,645,342,0.9938660860061646,0.7639644145965576,0.9426817297935486,0.3777239918708801,0.3373880088329315,0.31936976313591003,0.3477499783039093,0.9822130799293518,0.6280528903007507,0.830439031124115,0.09499089419841766,0.08373413980007172,0.0835597962141037,0.10859489440917969,0.9859863519668579,0.6137030124664307,0.8420491218566895,0.11455094069242477,0.09546508640050888,0.09223625063896179,0.1145748496055603,0.9807181358337402,0.6274358034133911,0.8266971707344055,0.08976788073778152,0.0773753970861435,0.07967907190322876,0.10742976516485214
793,888,321,0.9945452809333801,0.7405675649642944,0.9378110766410828,0.2124509960412979,0.21435679495334625,0.2336646467447281,0.2809584438800812,0.9849267601966858,0.6118128895759583,0.8355631232261658,0.02987721934914589,0.035357069224119186,0.05103427544236183,0.08691129833459854,0.9854485392570496,0.6330477595329285,0.8411512970924377,0.031118474900722504,0.04198756441473961,0.0589415468275547,0.09114342927932739,0.9844304919242859,0.6247127652168274,0.8256809115409851,0.04167824238538742,0.04263961315155029,0.056705668568611145,0.09137782454490662
794,886,13,0.9841006398200989,0.7368960380554199,0.9001452326774597,0.35570159554481506,0.3490976393222809,0.3700163960456848,0.384524941444397,0.9779848456382751,0.5920460820198059,0.7966387271881104,0.03755614906549454,0.042049940675497055,0.05616946890950203,0.0900249183177948,0.9782207012176514,0.5986643433570862,0.7953459620475769,0.045381657779216766,0.044695522636175156,0.053827110677957535,0.08400525897741318,0.9842944741249084,0.6166074872016907,0.8198291659355164,0.06295324862003326,0.059085261076688766,0.06626758724451065,0.09984564781188965
795,148,164,0.9880660772323608,0.7442980408668518,0.916865348815918,0.2715666592121124,0.27113625407218933,0.28983446955680847,0.32681921124458313,0.9825381636619568,0.598479688167572,0.8215087652206421,0.03825993463397026,0.05122677981853485,0.06321623176336288,0.09199601411819458,0.98388671875,0.608421802520752,0.8259844779968262,0.04339168965816498,0.05354144424200058,0.06650566309690475,0.09422529488801956,0.9830058813095093,0.602019727230072,0.8089069128036499,0.018504679203033447,0.02359648048877716,0.04164811596274376,0.08084335923194885
796,396,530,0.9863409399986267,0.782234787940979,0.9345278739929199,0.3891430199146271,0.39536890387535095,0.4176858961582184,0.4576756954193115,0.9760159850120544,0.5988127589225769,0.7976850867271423,0.07181631773710251,0.06653434038162231,0.07075820863246918,0.09674829244613647,0.9760162234306335,0.6009016036987305,0.7961561679840088,0.06448578834533691,0.05983792245388031,0.06403252482414246,0.09357751905918121,0.97408527135849,0.6037707328796387,0.7858683466911316,0.06087207794189453,0.05851340666413307,0.06346791982650757,0.09194496273994446
797,565,808,0.9835337996482849,0.7335726618766785,0.9009232521057129,0.3028750717639923,0.28645479679107666,0.29573264718055725,0.32688039541244507,0.9802900552749634,0.6297652721405029,0.8220443725585938,0.05048108473420143,0.05058562755584717,0.06304382532835007,0.09594754874706268,0.9805161952972412,0.6294113397598267,0.8230534791946411,0.040658410638570786,0.04638459160923958,0.06191002577543259,0.09585174173116684,0.9678584933280945,0.6026222109794617,0.7725957036018372,0.041736382991075516,0.04786114767193794,0.056355006992816925,0.09161322563886642
798,85,615,0.9931772947311401,0.7885264158248901,0.9548556804656982,0.31742361187934875,0.34817835688591003,0.3814783990383148,0.4233011305332184,0.9718062281608582,0.5949787497520447,0.7706813216209412,0.036227304488420486,0.034842051565647125,0.04862455278635025,0.08700048178434372,0.971315324306488,0.5957131385803223,0.7729179263114929,0.04397624731063843,0.040146976709365845,0.04946044832468033,0.0837719663977623,0.9812275171279907,0.6085267663002014,0.8137341737747192,0.04125108942389488,0.04446860030293465,0.058158524334430695,0.09218112379312515
799,662,987,0.9948468804359436,0.7918569445610046,0.9592496156692505,0.4373624324798584,0.45194709300994873,0.44818612933158875,0.46287479996681213,0.9746485948562622,0.5827061533927917,0.775589108467102,0.0414595790207386,0.04730629175901413,0.0563504621386528,0.09117560088634491,0.9728715419769287,0.5830578804016113,0.7670855522155762,0.02556106448173523,0.041461873799562454,0.05615505948662758,0.09086889028549194,0.9798762202262878,0.6048189401626587,0.8073334693908691,0.04118391498923302,0.04847110062837601,0.059442188590765,0.09406730532646179
800,351,132,0.9866619110107422,0.6596105098724365,0.8745202422142029,0.10780078172683716,0.12153948098421097,0.1448049247264862,0.18862934410572052,0.9782163500785828,0.5955982208251953,0.8008197546005249,0.03191912919282913,0.04699772596359253,0.06205109506845474,0.09686291962862015,0.9830735325813293,0.5994454622268677,0.816744327545166,0.058025654405355453,0.06299925595521927,0.07156717032194138,0.10340322554111481,0.9860921502113342,0.6231302618980408,0.8369308710098267,0.05519428476691246,0.06100287288427353,0.06834529340267181,0.10268750041723251
801,359,947,0.9840595126152039,0.7347591519355774,0.9065749049186707,0.34936076402664185,0.34314820170402527,0.33747538924217224,0.3591831922531128,0.9775290489196777,0.5885269641876221,0.7892300486564636,0.015368741005659103,0.02635185979306698,0.048009149730205536,0.09174930304288864,0.9787460565567017,0.5940209627151489,0.7958507537841797,0.018062666058540344,0.029285576194524765,0.05000185966491699,0.09299836307764053,0.9777219891548157,0.605752170085907,0.8062108755111694,0.025494638830423355,0.033403243869543076,0.05115566402673721,0.08572021871805191
802,600,259,0.9932496547698975,0.7956638336181641,0.9489991664886475,0.38083553314208984,0.38040515780448914,0.39214736223220825,0.4422950744628906,0.9806040525436401,0.5992711782455444,0.8111845850944519,0.031819555908441544,0.04363801330327988,0.05748717114329338,0.08965390175580978,0.98094642162323,0.6071614027023315,0.8188989162445068,0.02385735884308815,0.03139246255159378,0.051662225276231766,0.08867744356393814,0.9857990145683289,0.6078171730041504,0.8279979228973389,0.022092413157224655,0.02978994883596897,0.04688433185219765,0.0822737067937851
803,220,618,0.991756796836853,0.7691908478736877,0.9418312907218933,0.40515875816345215,0.3751242458820343,0.37106555700302124,0.3986985981464386,0.9864321351051331,0.589209258556366,0.8366140723228455,0.06330599635839462,0.05108294636011124,0.058475784957408905,0.08814231306314468,0.9848196506500244,0.6083288788795471,0.8342462778091431,0.054427437484264374,0.05024272948503494,0.0624408982694149,0.09203770756721497,0.9819016456604004,0.6008881330490112,0.8172274231910706,0.06887828558683395,0.05573972687125206,0.05727466195821762,0.08683723956346512
804,928,493,0.9924978017807007,0.7301857471466064,0.930817723274231,0.28643184900283813,0.27103739976882935,0.2785009741783142,0.3135996460914612,0.9766355156898499,0.62794029712677,0.8099161386489868,0.07137122005224228,0.06660300493240356,0.07844078540802002,0.11482439190149307,0.9782001376152039,0.6314705014228821,0.8150261044502258,0.07239751517772675,0.0725686103105545,0.08327709883451462,0.11989467591047287,0.9857925772666931,0.6292658448219299,0.8386468291282654,0.09824753552675247,0.08607035130262375,0.07950907945632935,0.10661299526691437
805,280,339,0.9892798066139221,0.7331423163414001,0.927345871925354,0.31376391649246216,0.3135921359062195,0.32361161708831787,0.37205612659454346,0.9833828210830688,0.5895302891731262,0.7940285801887512,0.015610476024448872,0.028096145018935204,0.04955415055155754,0.08591583371162415,0.9855146408081055,0.6001827120780945,0.8108890652656555,0.019697951152920723,0.029840847477316856,0.05158909782767296,0.08899857848882675,0.9826258420944214,0.6126233339309692,0.8133384585380554,0.02542758919298649,0.03363215550780296,0.05172063782811165,0.09466814994812012
806,717,366,0.9917334318161011,0.7585727572441101,0.9343351721763611,0.36864230036735535,0.3484117090702057,0.35329848527908325,0.37923410534858704,0.9822965264320374,0.6060778498649597,0.8213958740234375,0.06121835857629776,0.0563918836414814,0.06661565601825714,0.09985005110502243,0.9822893738746643,0.6228703260421753,0.8232055902481079,0.07488620281219482,0.06725951284170151,0.07453712075948715,0.10327623039484024,0.9863343238830566,0.6283842921257019,0.8349618315696716,0.06438402086496353,0.057473182678222656,0.06497284770011902,0.09446416050195694
807,801,194,0.9946648478507996,0.7700956463813782,0.9496183395385742,0.4703305959701538,0.36604294180870056,0.3328526020050049,0.35893747210502625,0.9748910069465637,0.6056485772132874,0.7904207706451416,0.03593708574771881,0.044007252901792526,0.05732069909572601,0.09558895230293274,0.9781383275985718,0.5982589721679688,0.798285186290741,0.05281645804643631,0.05584489926695824,0.06606729328632355,0.09602763503789902,0.9812428951263428,0.6065840721130371,0.8142464756965637,0.03917745500802994,0.04526480659842491,0.0581170879304409,0.09129171818494797
808,319,216,0.9900747537612915,0.7713137269020081,0.9472308158874512,0.39744240045547485,0.3688555359840393,0.3588774502277374,0.39748814702033997,0.9726808071136475,0.5900377631187439,0.7747647166252136,0.05168338492512703,0.055055465549230576,0.06082714721560478,0.09026000648736954,0.9727941751480103,0.5421662330627441,0.7794281244277954,0.053128812462091446,0.05774416774511337,0.06161893904209137,0.0896858498454094,0.976722240447998,0.6144788861274719,0.8167039155960083,0.10071294754743576,0.09804881364107132,0.08124464750289917,0.10026278346776962
809,856,553,0.9934158325195312,0.7831534147262573,0.95328688621521,0.35572323203086853,0.3294030427932739,0.3350028991699219,0.378418505191803,0.9770693182945251,0.6274173855781555,0.8131906986236572,0.05346814543008804,0.053082454949617386,0.06473691761493683,0.09724672138690948,0.974598228931427,0.6241999268531799,0.8033506274223328,0.037526823580265045,0.0395469106733799,0.0582258366048336,0.09329167008399963,0.9808272123336792,0.6082473993301392,0.8195035457611084,0.06452281773090363,0.05777059122920036,0.0610007643699646,0.09177061915397644
810,591,274,0.9899883270263672,0.6906618475914001,0.9065302610397339,0.2532213032245636,0.2324637919664383,0.23786629736423492,0.2696223556995392,0.9849228262901306,0.5979290008544922,0.7992174625396729,0.07599131762981415,0.07305745780467987,0.07190892845392227,0.09930580109357834,0.9820179343223572,0.6020614504814148,0.7889654636383057,0.06430115550756454,0.06710714846849442,0.07160723954439163,0.09879996627569199,0.9844248294830322,0.6129542589187622,0.8181533813476562,0.05779607966542244,0.05383679270744324,0.06034931540489197,0.08941899985074997
811,94,652,0.9927740097045898,0.7678439021110535,0.9465105533599854,0.38341715931892395,0.39509499073028564,0.40473344922065735,0.43930378556251526,0.9822296500205994,0.5993587374687195,0.8136726021766663,0.04506317898631096,0.04734667018055916,0.06571236997842789,0.09860872477293015,0.9838341474533081,0.6040381789207458,0.8170707821846008,0.04690079018473625,0.048329975455999374,0.06401260942220688,0.09825305640697479,0.9834155440330505,0.5962885022163391,0.8183550834655762,0.04285796731710434,0.054392009973526,0.07320268452167511,0.10659797489643097
812,820,87,0.9908386468887329,0.7300080060958862,0.928476870059967,0.25563788414001465,0.25572240352630615,0.26158782839775085,0.3000951111316681,0.9766095280647278,0.6188028454780579,0.8084976673126221,0.05273444578051567,0.055852897465229034,0.06786146014928818,0.098595529794693,0.9773494005203247,0.6177456974983215,0.8103090524673462,0.06303934752941132,0.06503770500421524,0.07105748355388641,0.09894826263189316,0.9756749868392944,0.6173627972602844,0.8017715811729431,0.06319811940193176,0.053647059947252274,0.058540839701890945,0.09018492698669434
813,921,569,0.9873785972595215,0.753675103187561,0.9209689497947693,0.29053565859794617,0.3041893541812897,0.31291621923446655,0.347633421421051,0.9820958375930786,0.6185465455055237,0.8182414174079895,0.03525053709745407,0.04064116254448891,0.05390816554427147,0.08966048806905746,0.9834356307983398,0.6242306232452393,0.825374186038971,0.04433789476752281,0.046654291450977325,0.05943089351058006,0.09592830389738083,0.9846222400665283,0.6310882568359375,0.8303795456886292,0.04769347608089447,0.04734410345554352,0.05985843762755394,0.0977843627333641
814,447,843,0.9913129210472107,0.806167721748352,0.9512577056884766,0.46047264337539673,0.45660826563835144,0.44968482851982117,0.48183828592300415,0.9751796722412109,0.6010692715644836,0.7957115769386292,0.030995484441518784,0.040555763989686966,0.060071028769016266,0.0939808040857315,0.9757943749427795,0.601250171661377,0.7989339828491211,0.04180506616830826,0.048411738127470016,0.0652962476015091,0.09851348400115967,0.9797226190567017,0.6069138050079346,0.8044240474700928,0.09802812337875366,0.07029736787080765,0.0719330757856369,0.10120303183794022
815,630,403,0.9980255961418152,0.811620831489563,0.9724559783935547,0.38430356979370117,0.4023491144180298,0.4360691010951996,0.46487846970558167,0.9819883108139038,0.5972750186920166,0.8023919463157654,0.025580065324902534,0.034437693655490875,0.052086371928453445,0.08942052721977234,0.9821395874023438,0.5965100526809692,0.8079401254653931,0.028007175773382187,0.03463355079293251,0.054490819573402405,0.09273335337638855,0.9829941987991333,0.6178351044654846,0.8201088309288025,0.04700616002082825,0.05050376057624817,0.06297019124031067,0.0972290113568306
816,436,421,0.9885510802268982,0.7630140781402588,0.9261513352394104,0.2750100791454315,0.26637518405914307,0.28877338767051697,0.33154600858688354,0.9806707501411438,0.6175773739814758,0.8138086795806885,0.049611158668994904,0.043854694813489914,0.056580930948257446,0.09135732799768448,0.9832264184951782,0.6242971420288086,0.8224002718925476,0.04823143407702446,0.04443392530083656,0.05486534535884857,0.08671633899211884,0.9793434739112854,0.6082236766815186,0.8111593127250671,0.04436534643173218,0.04265310615301132,0.05416594445705414,0.08938195556402206
817,706,769,0.987989604473114,0.7465044856071472,0.9192825555801392,0.3558143377304077,0.3537050783634186,0.3728799521923065,0.41007816791534424,0.9813702702522278,0.6124702095985413,0.8142576813697815,0.051110126078128815,0.04486851766705513,0.05978865548968315,0.09466738253831863,0.9841489195823669,0.623147189617157,0.8254383206367493,0.039038196206092834,0.03828948363661766,0.0562736876308918,0.09526535868644714,0.9831441044807434,0.611947774887085,0.8206956386566162,0.046436112374067307,0.042748138308525085,0.05314689502120018,0.09041427820920944
818,665,235,0.9846042990684509,0.7445198893547058,0.9047969579696655,0.24774138629436493,0.25034457445144653,0.27113428711891174,0.31988289952278137,0.9806939363479614,0.6218659281730652,0.8219549655914307,0.03799792751669884,0.039610616862773895,0.05174969136714935,0.08211049437522888,0.9809598326683044,0.620623767375946,0.8218285441398621,0.03855525702238083,0.03994472697377205,0.05115239694714546,0.08280958235263824,0.9811425805091858,0.6258487105369568,0.8255305290222168,0.05496811121702194,0.05187038332223892,0.06171901896595955,0.09371230006217957
819,780,402,0.9877297282218933,0.7370041012763977,0.9276660084724426,0.29689937829971313,0.29680582880973816,0.30849704146385193,0.353702187538147,0.9771193265914917,0.6116398572921753,0.8057416081428528,0.049999356269836426,0.052485786378383636,0.06636085361242294,0.09782436490058899,0.9767181873321533,0.6093940734863281,0.7985053658485413,0.04141082614660263,0.044016651809215546,0.057236447930336,0.08926156163215637,0.972605288028717,0.5949124693870544,0.7755054235458374,0.04032855108380318,0.041160698980093,0.04918302595615387,0.08681168407201767
820,525,643,0.9960203766822815,0.7534651160240173,0.948762059211731,0.29692089557647705,0.2940204441547394,0.307335764169693,0.3413296937942505,0.9824807047843933,0.6096439361572266,0.820501983165741,0.03079347312450409,0.03548120707273483,0.049693334847688675,0.08628203719854355,0.9805059432983398,0.6067677736282349,0.8131371736526489,0.04291311651468277,0.04268524423241615,0.05264849588274956,0.08654940873384476,0.9757671356201172,0.6082242131233215,0.8008240461349487,0.04690391942858696,0.04446994885802269,0.05458183214068413,0.08987722545862198
821,977,898,0.9824466705322266,0.7108041048049927,0.8924596309661865,0.28357329964637756,0.2739706039428711,0.2884995937347412,0.3215939700603485,0.9783281683921814,0.6037180423736572,0.7983219027519226,0.046674396842718124,0.043277595192193985,0.056439854204654694,0.09005124121904373,0.9781848788261414,0.600445032119751,0.7990241646766663,0.052796848118305206,0.04914408177137375,0.061200909316539764,0.09194228053092957,0.9751303195953369,0.5951635837554932,0.7833308577537537,0.058379560708999634,0.05710752680897713,0.06408122181892395,0.09647525101900101
822,266,750,0.9947217106819153,0.7292043566703796,0.9333085417747498,0.2763468325138092,0.2577897310256958,0.25467509031295776,0.2846512794494629,0.9752838611602783,0.6146433353424072,0.802100658416748,0.09596145153045654,0.07605472952127457,0.07208483666181564,0.0956241637468338,0.9746890664100647,0.5909442901611328,0.7996717691421509,0.11351094394922256,0.08530814200639725,0.07571286708116531,0.09852255135774612,0.9836335778236389,0.6243512630462646,0.8282122015953064,0.04999058321118355,0.05079162120819092,0.06379447132349014,0.09573161602020264
823,140,355,0.9913730025291443,0.6968719363212585,0.9137217998504639,0.31753695011138916,0.30250343680381775,0.29745611548423767,0.3251104950904846,0.9845243096351624,0.6021837592124939,0.8085846900939941,0.053670428693294525,0.055137064307928085,0.058572836220264435,0.0873788595199585,0.9830620884895325,0.5881761908531189,0.8029691576957703,0.057055920362472534,0.05815641209483147,0.05888647958636284,0.08690021932125092,0.9816176295280457,0.6102867126464844,0.8053531646728516,0.05473631992936134,0.05753616243600845,0.06552190333604813,0.09932702034711838
824,493,49,0.9916183352470398,0.7632726430892944,0.9377413392066956,0.3077576160430908,0.31909242272377014,0.33527201414108276,0.37679749727249146,0.9820391535758972,0.6261059045791626,0.8211981058120728,0.06203891709446907,0.06506558507680893,0.07364170998334885,0.10594918578863144,0.9838165044784546,0.6191257238388062,0.8267325162887573,0.061189811676740646,0.058319348841905594,0.06818799674510956,0.10058732330799103,0.9847102165222168,0.6088553071022034,0.8315514922142029,0.03095702826976776,0.03703559935092926,0.051361482590436935,0.08695080876350403
825,724,644,0.9926499724388123,0.824566125869751,0.9586378335952759,0.44102174043655396,0.4492396116256714,0.4597233235836029,0.49626603722572327,0.9865631461143494,0.6302438974380493,0.8419105410575867,0.0473734587430954,0.047308675944805145,0.05805925652384758,0.09228947758674622,0.9850043058395386,0.6201657652854919,0.8361613750457764,0.04650021344423294,0.04923674091696739,0.06055881455540657,0.0955132469534874,0.9787009954452515,0.6082339286804199,0.8029236793518066,0.05916999280452728,0.05691714212298393,0.06297272443771362,0.09603580087423325
826,49,387,0.988232433795929,0.7453834414482117,0.9238816499710083,0.3315505087375641,0.31360483169555664,0.32961273193359375,0.3732627332210541,0.9859947562217712,0.6269540190696716,0.8320897817611694,0.03071642853319645,0.042885180562734604,0.060792338103055954,0.09163124859333038,0.9864517450332642,0.6226944923400879,0.8358507752418518,0.03679785504937172,0.04483182355761528,0.06135794147849083,0.09213762730360031,0.9769009947776794,0.609815776348114,0.8028641939163208,0.051032572984695435,0.049806978553533554,0.05806313455104828,0.09099910408258438
827,129,405,0.9882981181144714,0.7206422090530396,0.9171077609062195,0.27246612310409546,0.25762009620666504,0.2517184317111969,0.2859465181827545,0.9760463833808899,0.5793476104736328,0.8108724355697632,0.05230856314301491,0.059439852833747864,0.07037454843521118,0.10430818796157837,0.9757245182991028,0.5628892779350281,0.8109949827194214,0.08369412273168564,0.07662435621023178,0.07901757210493088,0.11026831716299057,0.9742811322212219,0.5739786624908447,0.7989302277565002,0.07181352376937866,0.060317263007164,0.06569627672433853,0.09861459583044052
828,337,743,0.9944361448287964,0.7476077079772949,0.9354929327964783,0.2515624165534973,0.25966545939445496,0.2682558000087738,0.30894985795021057,0.9841731786727905,0.6109588146209717,0.8113247156143188,0.047773826867341995,0.04697692394256592,0.05655743181705475,0.08963427692651749,0.982349157333374,0.6113746166229248,0.8117915987968445,0.05518406629562378,0.054095759987831116,0.06248294562101364,0.09529002755880356,0.9853675961494446,0.6284790635108948,0.8376117944717407,0.047894757241010666,0.051723282784223557,0.06408118456602097,0.09967595338821411
829,641,937,0.9934408664703369,0.7391092777252197,0.9333214163780212,0.19460022449493408,0.20053718984127045,0.2196272909641266,0.2675192654132843,0.9687581658363342,0.5803852081298828,0.7727682590484619,0.03517560660839081,0.04141966253519058,0.052954819053411484,0.08734694868326187,0.9703560471534729,0.5904214978218079,0.7836045026779175,0.03760410100221634,0.04412314295768738,0.05548969283699989,0.08902257680892944,0.9839338064193726,0.6469030976295471,0.8482984900474548,0.05523895099759102,0.06134249269962311,0.07560998201370239,0.11200860142707825
830,364,966,0.9881958961486816,0.7676775455474854,0.9263944625854492,0.2844131886959076,0.2866220474243164,0.3124001622200012,0.36233457922935486,0.9811602234840393,0.6293975710868835,0.8201223611831665,0.061361558735370636,0.06282603740692139,0.07059790194034576,0.10183878242969513,0.9805338978767395,0.627688467502594,0.8199602961540222,0.061333928257226944,0.06121763214468956,0.07309927046298981,0.10245320945978165,0.9816778898239136,0.6231181621551514,0.8219630718231201,0.06795437633991241,0.06714800745248795,0.06876247376203537,0.09992466866970062
831,702,468,0.9920066595077515,0.7576152086257935,0.9422973990440369,0.4117750823497772,0.4085859954357147,0.3784951865673065,0.39400535821914673,0.9764243960380554,0.6041362285614014,0.7997570037841797,0.04108147695660591,0.05652564764022827,0.06917775422334671,0.10012316703796387,0.9759693145751953,0.5849071741104126,0.8000483512878418,0.0513514019548893,0.06074012815952301,0.07354485243558884,0.10348398983478546,0.9798147678375244,0.6234591007232666,0.8196831345558167,0.0329308807849884,0.04133167117834091,0.053405117243528366,0.0917019322514534
832,762,378,0.9965900778770447,0.7843727469444275,0.9627392888069153,0.34608373045921326,0.3522653579711914,0.36205607652664185,0.41484808921813965,0.979806661605835,0.6252909898757935,0.817470133304596,0.05986126884818077,0.05908656492829323,0.0661194771528244,0.09859035909175873,0.9750020503997803,0.6197481751441956,0.7967853546142578,0.04413755610585213,0.04751071706414223,0.058592863380908966,0.09023761749267578,0.9758140444755554,0.5904037952423096,0.7760089635848999,0.036654338240623474,0.039894506335258484,0.05351164937019348,0.08592977374792099
833,673,869,0.9930960536003113,0.7526955008506775,0.9443292021751404,0.40911155939102173,0.3671577572822571,0.34717386960983276,0.36449116468429565,0.9781848788261414,0.6192507743835449,0.8098955750465393,0.07876484841108322,0.07033462822437286,0.07376807928085327,0.09883594512939453,0.9800439476966858,0.6057640910148621,0.8155271410942078,0.09125690162181854,0.07812283933162689,0.0782071128487587,0.10519307851791382,0.9861969351768494,0.6252958178520203,0.8419299125671387,0.11020056158304214,0.08748992532491684,0.07889962196350098,0.10139986872673035
834,603,31,0.9924970865249634,0.7444789409637451,0.9355570673942566,0.2695823907852173,0.25027191638946533,0.25442636013031006,0.296705037355423,0.9795835614204407,0.6083787083625793,0.8273545503616333,0.09087039530277252,0.07752494513988495,0.07696429640054703,0.10836382955312729,0.9795545935630798,0.6010569334030151,0.825273871421814,0.1183692142367363,0.09204091876745224,0.08543158322572708,0.10890378803014755,0.97857666015625,0.6161521673202515,0.8195971846580505,0.0896131694316864,0.06856946647167206,0.07550503313541412,0.10406138002872467
835,14,621,0.9916746020317078,0.7034205198287964,0.9270646572113037,0.30036070942878723,0.2727299928665161,0.267490416765213,0.2921537160873413,0.9695552587509155,0.6099380254745483,0.7781708240509033,0.07383710145950317,0.07130273431539536,0.07094547897577286,0.10000333935022354,0.9684954285621643,0.6075592041015625,0.7743148803710938,0.07723800092935562,0.07204223424196243,0.07187973707914352,0.09936653822660446,0.974409282207489,0.6050065755844116,0.7910606265068054,0.08282340317964554,0.0729735717177391,0.07092786580324173,0.09819760173559189
836,417,997,0.9887098670005798,0.7715714573860168,0.9307534694671631,0.3817474842071533,0.37558841705322266,0.3875541687011719,0.42030856013298035,0.981008768081665,0.6095375418663025,0.8100244998931885,0.04716106131672859,0.051940176635980606,0.06179548054933548,0.09581711888313293,0.982071578502655,0.6197906732559204,0.8195028305053711,0.047666046768426895,0.051297761499881744,0.06442283093929291,0.09651403874158859,0.9812342524528503,0.6244743466377258,0.811789333820343,0.047115523368120193,0.0471363365650177,0.05879952013492584,0.09806990623474121
837,70,5,0.9859738945960999,0.7280482053756714,0.9049230813980103,0.2262851893901825,0.2330245077610016,0.24022063612937927,0.28421324491500854,0.9778714179992676,0.6164737939834595,0.8111987709999084,0.049035679548978806,0.051969293504953384,0.06418176740407944,0.09858430922031403,0.979864776134491,0.6293546557426453,0.825240433216095,0.06667184829711914,0.06205270439386368,0.07036025077104568,0.09934137016534805,0.9797430038452148,0.6077337861061096,0.8017682433128357,0.021736495196819305,0.03705168142914772,0.05627662315964699,0.09146829694509506
838,590,80,0.9865524768829346,0.7371140122413635,0.9133519530296326,0.2724970579147339,0.2774564325809479,0.29613420367240906,0.33300164341926575,0.9830012321472168,0.6123988628387451,0.8289874196052551,0.04926389455795288,0.05299607664346695,0.06394106149673462,0.09938450157642365,0.9830704927444458,0.6189514398574829,0.8284863829612732,0.05073083937168121,0.053915929049253464,0.06529384851455688,0.09914764016866684,0.9834834337234497,0.6221103072166443,0.829256534576416,0.03711739182472229,0.039289653301239014,0.05684449523687363,0.08936373889446259
839,795,559,0.9921133518218994,0.8123147487640381,0.9614325165748596,0.44605889916419983,0.46934249997138977,0.4831995964050293,0.530070960521698,0.9759086966514587,0.5926880836486816,0.7893930673599243,0.018569469451904297,0.027143001556396484,0.046211473643779755,0.08426689356565475,0.9769026637077332,0.5971692800521851,0.7977879643440247,0.015118028037250042,0.02218707650899887,0.04087032377719879,0.07844776660203934,0.9764399528503418,0.5963135957717896,0.8016574382781982,0.0244279932230711,0.03538286313414574,0.055092703551054,0.0977991372346878
840,200,456,0.9935165643692017,0.7712234258651733,0.9473623037338257,0.4160114824771881,0.39034995436668396,0.396171897649765,0.42689570784568787,0.9814194440841675,0.6206424236297607,0.8166781663894653,0.049523282796144485,0.048301905393600464,0.059864576905965805,0.09498412907123566,0.9834745526313782,0.6205129027366638,0.8248697519302368,0.05565447732806206,0.05425101891160011,0.06246370077133179,0.09515874832868576,0.9790041446685791,0.6050761938095093,0.8096705675125122,0.08213822543621063,0.07161986827850342,0.07533859461545944,0.10343438386917114
841,214,956,0.989037811756134,0.777209997177124,0.938606858253479,0.38135597109794617,0.37821364402770996,0.3782990872859955,0.4161646366119385,0.9730510711669922,0.5980575084686279,0.7993369698524475,0.06409799307584763,0.06392059475183487,0.07239574939012527,0.1022966131567955,0.9777081608772278,0.5773788690567017,0.8162730932235718,0.08054076135158539,0.08049079030752182,0.07767941057682037,0.10529247671365738,0.9709908366203308,0.5964794158935547,0.7923648357391357,0.08017507940530777,0.08204682171344757,0.08380258083343506,0.11298615485429764
842,305,758,0.9913849234580994,0.7820197939872742,0.9422004818916321,0.3811410963535309,0.3750598132610321,0.37127241492271423,0.40203577280044556,0.9809406399726868,0.6282423138618469,0.819570779800415,0.055612269788980484,0.05258725583553314,0.06547778844833374,0.09835896641016006,0.9785976409912109,0.6226059794425964,0.8116214871406555,0.04858857020735741,0.0472562313079834,0.06056870147585869,0.09833534061908722,0.9828588366508484,0.6201887726783752,0.8245843052864075,0.022838329896330833,0.03211323171854019,0.05126047506928444,0.08748821169137955
843,680,791,0.9919841289520264,0.7658157348632812,0.9447413086891174,0.5167245268821716,0.49535101652145386,0.47316044569015503,0.4647267758846283,0.9809146523475647,0.5942683219909668,0.8033137321472168,0.059711113572120667,0.056618236005306244,0.0659390389919281,0.09785475581884384,0.9852664470672607,0.6025003790855408,0.8149910569190979,0.05454856529831886,0.05063151195645332,0.06177007406949997,0.0965571254491806,0.9812088012695312,0.6040645241737366,0.8044846057891846,0.08276061713695526,0.07059469074010849,0.07803090661764145,0.10163933038711548
844,3,201,0.9848589301109314,0.730419397354126,0.9054837822914124,0.2695658206939697,0.26191359758377075,0.27195101976394653,0.30769744515419006,0.9762164354324341,0.6173833608627319,0.8044920563697815,0.040850404649972916,0.039209429174661636,0.04991919547319412,0.08521269261837006,0.978010356426239,0.6193278431892395,0.8090203404426575,0.04947557672858238,0.04272078722715378,0.049524251371622086,0.08414920419454575,0.9831620454788208,0.6132683753967285,0.8198207020759583,0.05600278079509735,0.0543646402657032,0.061040934175252914,0.0907367542386055
845,637,84,0.9915457367897034,0.8050711154937744,0.9604693651199341,0.40305498242378235,0.40604329109191895,0.4121263027191162,0.4512816369533539,0.9732929468154907,0.5743726491928101,0.779803991317749,0.055618587881326675,0.05818179249763489,0.06175391003489494,0.09344377368688583,0.9757587313652039,0.5927427411079407,0.8023296594619751,0.08335611969232559,0.07141462713479996,0.07300270348787308,0.09804186224937439,0.9811453819274902,0.6280419230461121,0.8320097327232361,0.09952109307050705,0.08436683565378189,0.08460809290409088,0.11180628091096878
846,293,619,0.9932587146759033,0.6981509327888489,0.9366814494132996,0.3326128423213959,0.3042879104614258,0.28253310918807983,0.3104605972766876,0.9759806394577026,0.5983055233955383,0.7955719232559204,0.048728883266448975,0.05391639471054077,0.06505509465932846,0.10071732848882675,0.9771616458892822,0.6015838980674744,0.8017261624336243,0.050929661840200424,0.05359543487429619,0.0647810772061348,0.1013527661561966,0.9780707359313965,0.6014608144760132,0.8082466721534729,0.0777977928519249,0.07343485951423645,0.07777184993028641,0.10395654290914536
847,737,207,0.9829288125038147,0.7201436758041382,0.9110734462738037,0.3019474148750305,0.31179970502853394,0.31644847989082336,0.35926055908203125,0.9686791300773621,0.55860435962677,0.7554763555526733,0.02622733823955059,0.03143024444580078,0.04678478464484215,0.08236437290906906,0.9685280919075012,0.5613347887992859,0.7549114227294922,0.02543037198483944,0.03335307165980339,0.04793091490864754,0.08664877712726593,0.9711487293243408,0.5655735731124878,0.7705422043800354,0.03446175530552864,0.040341995656490326,0.05440070107579231,0.08695072680711746
848,292,169,0.9912804365158081,0.7185550332069397,0.919124186038971,0.15427589416503906,0.18043780326843262,0.20292463898658752,0.25112688541412354,0.982067346572876,0.6278457641601562,0.8253373503684998,0.03661403805017471,0.03833341225981712,0.05260128900408745,0.09168531000614166,0.9803690910339355,0.6229132413864136,0.8166787624359131,0.03414897620677948,0.0370270311832428,0.05458647757768631,0.09246339648962021,0.981375515460968,0.6049104332923889,0.8219619989395142,0.026923619210720062,0.03593799099326134,0.05095231533050537,0.08754035085439682
849,965,852,0.9873203635215759,0.726901113986969,0.9116719961166382,0.24826742708683014,0.2569136321544647,0.2667233645915985,0.301443874835968,0.9772613644599915,0.595055341720581,0.8039993643760681,0.02293524146080017,0.031085047870874405,0.04645055532455444,0.0826491042971611,0.9777255058288574,0.5723327994346619,0.8069911599159241,0.02887829951941967,0.0339040532708168,0.047265712171792984,0.0832354873418808,0.9832110404968262,0.6058980226516724,0.8252439498901367,0.03092677891254425,0.03490972891449928,0.04485933110117912,0.08031772822141647
850,712,331,0.9953737854957581,0.7217231392860413,0.9335450530052185,0.21347752213478088,0.2194088250398636,0.22676639258861542,0.2702046036720276,0.9794662594795227,0.6061621308326721,0.8042253851890564,0.05788830295205116,0.050916749984025955,0.05926084518432617,0.08957218378782272,0.9797993898391724,0.6131660342216492,0.8152753710746765,0.06694231182336807,0.06492500752210617,0.07043095678091049,0.09992671012878418,0.9768176078796387,0.5946862101554871,0.8011114597320557,0.04045819863677025,0.037642702460289,0.05210142582654953,0.09037099033594131
851,340,683,0.9937914609909058,0.7598210573196411,0.9390566349029541,0.3364831805229187,0.32161426544189453,0.32157641649246216,0.35097137093544006,0.9820168614387512,0.6121211647987366,0.8311333060264587,0.05769132822751999,0.054611776024103165,0.06236084923148155,0.09776856750249863,0.9866405725479126,0.6295471787452698,0.8442316651344299,0.0635426938533783,0.06018420681357384,0.06891371309757233,0.1019897609949112,0.9845283627510071,0.636033833026886,0.8345739245414734,0.042910292744636536,0.04497172310948372,0.05767153576016426,0.08818808943033218
852,64,66,0.9947820901870728,0.8505496978759766,0.9699299931526184,0.601743221282959,0.5739672780036926,0.5473630428314209,0.5610721111297607,0.9752840995788574,0.6039577126502991,0.7884420156478882,0.04605822637677193,0.053526148200035095,0.06696146726608276,0.10189887881278992,0.9762436151504517,0.6146214008331299,0.8006819486618042,0.044868599623441696,0.049593355506658554,0.06572885066270828,0.10078895837068558,0.9840927124023438,0.625065803527832,0.8227013945579529,0.030155424028635025,0.04000607877969742,0.0587347038090229,0.09384080767631531
853,571,406,0.9931771159172058,0.7519388794898987,0.941827118396759,0.3365366756916046,0.31037887930870056,0.31121164560317993,0.3553033769130707,0.9792906641960144,0.6196570992469788,0.8112455010414124,0.05754372850060463,0.060162752866744995,0.07011055946350098,0.1019621267914772,0.9797216653823853,0.6147366762161255,0.8133587837219238,0.05205830559134483,0.05745598301291466,0.06882935017347336,0.10077086091041565,0.9741840362548828,0.6045200824737549,0.7921463251113892,0.040031928569078445,0.04836281016469002,0.06366943567991257,0.09754426777362823
854,937,857,0.986336350440979,0.713973343372345,0.8981699347496033,0.1795879304409027,0.19011034071445465,0.21467819809913635,0.26043739914894104,0.9861814379692078,0.6275351643562317,0.8431117534637451,0.050195883959531784,0.04607478901743889,0.05678047239780426,0.09115538001060486,0.9856829643249512,0.6123529672622681,0.8413515686988831,0.055814098566770554,0.052049629390239716,0.06009580194950104,0.09210685640573502,0.9844305515289307,0.6006148457527161,0.828493058681488,0.04722439870238304,0.0485052652657032,0.05886886268854141,0.09414428472518921
855,348,400,0.9872227907180786,0.7833348512649536,0.9326722621917725,0.4661441743373871,0.5024843811988831,0.529956579208374,0.5390977263450623,0.9807556867599487,0.582869827747345,0.7897522449493408,0.033854369074106216,0.04675303027033806,0.06434297561645508,0.09477370977401733,0.980273425579071,0.5853524208068848,0.7950707077980042,0.03713522478938103,0.04774637520313263,0.06473354995250702,0.09987351298332214,0.9819167852401733,0.5670244693756104,0.7990455627441406,0.045117154717445374,0.04642673209309578,0.062132272869348526,0.09746897965669632
856,229,931,0.9864599704742432,0.7080050110816956,0.8960141539573669,0.20777951180934906,0.18943427503108978,0.1953764706850052,0.2321147471666336,0.9822970032691956,0.6306644678115845,0.8277880549430847,0.061017755419015884,0.05526845157146454,0.06044408306479454,0.09076587110757828,0.9809102416038513,0.6273788213729858,0.8226486444473267,0.05971021577715874,0.0554959811270237,0.0629369467496872,0.09126907587051392,0.9777679443359375,0.6305656433105469,0.8116451501846313,0.052943579852581024,0.05032748356461525,0.057547617703676224,0.0909591019153595
857,970,439,0.9897786974906921,0.7509046196937561,0.928888738155365,0.31792187690734863,0.3349264860153198,0.3499772846698761,0.38328641653060913,0.9829476475715637,0.6179685592651367,0.8181328177452087,0.04770520702004433,0.05203361436724663,0.06526687741279602,0.1016542837023735,0.9839577078819275,0.6232023239135742,0.8232167959213257,0.04312172532081604,0.04973122105002403,0.06521403789520264,0.10111477971076965,0.9817655682563782,0.5909778475761414,0.8042837381362915,0.03662465512752533,0.04629066586494446,0.05833280831575394,0.09206236153841019
858,837,629,0.9900349974632263,0.7590004801750183,0.9262105226516724,0.35033026337623596,0.314484179019928,0.3078157901763916,0.33556658029556274,0.9835956692695618,0.629983127117157,0.8366872072219849,0.08614050596952438,0.0757356658577919,0.07750897109508514,0.10087256133556366,0.9814538359642029,0.6299084424972534,0.8230606317520142,0.09719903767108917,0.0756475105881691,0.07132471352815628,0.09740506112575531,0.9827375411987305,0.6117368936538696,0.8362941145896912,0.13098187744617462,0.10374738276004791,0.09355591237545013,0.11975423246622086
859,767,2,0.9918022155761719,0.7192487716674805,0.9185476303100586,0.21025188267230988,0.22177302837371826,0.23844099044799805,0.27797794342041016,0.9820950627326965,0.6135450005531311,0.8150603175163269,0.04388895630836487,0.05012311786413193,0.05755729600787163,0.09145480394363403,0.9810395240783691,0.6161633729934692,0.809661328792572,0.04348587244749069,0.046623196452856064,0.0568363331258297,0.09014225006103516,0.9768372774124146,0.5904470682144165,0.7840127348899841,0.03474504128098488,0.047613851726055145,0.0635221004486084,0.0947074219584465
860,400,442,0.9900057911872864,0.6919134259223938,0.897548258304596,0.1867012083530426,0.16732336580753326,0.1738688051700592,0.2127324789762497,0.9880499839782715,0.6235429048538208,0.8332827687263489,0.05795489251613617,0.050183750689029694,0.06409970670938492,0.09704947471618652,0.9857616424560547,0.6041740775108337,0.8316173553466797,0.0891658216714859,0.07318583130836487,0.07477133721113205,0.10279388725757599,0.9868002533912659,0.6287737488746643,0.836108922958374,0.049557335674762726,0.05187879130244255,0.06531219184398651,0.09801947325468063
861,946,55,0.9889204502105713,0.7610403895378113,0.921235978603363,0.29047855734825134,0.2926796078681946,0.32394394278526306,0.36426395177841187,0.9783493280410767,0.6139013767242432,0.8034036159515381,0.041742704808712006,0.046617161482572556,0.06145172193646431,0.09705039113759995,0.9801193475723267,0.6216989755630493,0.8080388307571411,0.05183969438076019,0.05486775189638138,0.06997309625148773,0.10270827263593674,0.9853383302688599,0.6227574944496155,0.8356755971908569,0.045580171048641205,0.04691450670361519,0.06319351494312286,0.09519123286008835
862,889,699,0.9931696653366089,0.7583348751068115,0.9427857995033264,0.3272553086280823,0.31839537620544434,0.3248138725757599,0.3645419478416443,0.9849618077278137,0.6079882383346558,0.8289079070091248,0.042047470808029175,0.04303257167339325,0.05805743485689163,0.09336767345666885,0.9865049719810486,0.6209902763366699,0.832996666431427,0.04449676349759102,0.041908930987119675,0.05701667442917824,0.09384320676326752,0.978181779384613,0.6194214224815369,0.8156341314315796,0.04808776080608368,0.04808878153562546,0.0551697239279747,0.08842527121305466
863,386,776,0.9874173998832703,0.724568784236908,0.915300726890564,0.25716376304626465,0.24769151210784912,0.2648739218711853,0.31279850006103516,0.9818395376205444,0.6240442991256714,0.8241718411445618,0.06328195333480835,0.05692668631672859,0.06417850404977798,0.09320119023323059,0.9831746816635132,0.6144624948501587,0.8258883953094482,0.06257544457912445,0.054163046181201935,0.061687029898166656,0.09186650812625885,0.9841472506523132,0.6155108213424683,0.8241249918937683,0.0569976307451725,0.05512109771370888,0.06290388107299805,0.09776759147644043
864,306,314,0.9912920594215393,0.7558497786521912,0.9343706965446472,0.3581733703613281,0.32328367233276367,0.31445300579071045,0.3369385004043579,0.9829795956611633,0.6261069178581238,0.8203669190406799,0.027415547519922256,0.03919012472033501,0.059346072375774384,0.09282758086919785,0.9818612337112427,0.6275689005851746,0.8165827989578247,0.026975363492965698,0.03504951298236847,0.05566606670618057,0.09152955561876297,0.9785582423210144,0.5928404331207275,0.7913981080055237,0.047537557780742645,0.04510856419801712,0.059833768755197525,0.0907590389251709
865,606,592,0.9840812683105469,0.6801228523254395,0.8776103854179382,0.11463615298271179,0.12662793695926666,0.14932939410209656,0.19409754872322083,0.9792699813842773,0.6048341989517212,0.8093149662017822,0.021366413682699203,0.030570657923817635,0.050566352903842926,0.08838208019733429,0.9815425276756287,0.61408931016922,0.8194035887718201,0.025820989161729813,0.032937198877334595,0.05191035196185112,0.08764418959617615,0.9831719398498535,0.6017937660217285,0.8139941096305847,0.024725977331399918,0.0364997461438179,0.05676571652293205,0.09297710657119751
866,121,412,0.9898141026496887,0.7473699450492859,0.9297760128974915,0.3170444369316101,0.2998248338699341,0.3048524856567383,0.33662280440330505,0.9847849607467651,0.605575442314148,0.8213872909545898,0.03918047621846199,0.0443602092564106,0.05698714032769203,0.09744293987751007,0.98678058385849,0.6029473543167114,0.8266943693161011,0.03660968318581581,0.0436832569539547,0.05675094947218895,0.09544061869382858,0.9850214719772339,0.6147421598434448,0.8270848989486694,0.030472656711935997,0.038658514618873596,0.054950859397649765,0.0868108794093132
867,325,998,0.9914731383323669,0.8410219550132751,0.9598288536071777,0.5097091197967529,0.4848577380180359,0.5072689056396484,0.5535923838615417,0.9791499376296997,0.6114261150360107,0.8135201334953308,0.04040149599313736,0.048971205949783325,0.06554415822029114,0.10143054276704788,0.9794871807098389,0.6217972636222839,0.8156890869140625,0.03765181452035904,0.040144044905900955,0.05643096938729286,0.09397733956575394,0.9841151237487793,0.6117839217185974,0.8169990181922913,0.021223513409495354,0.027418306097388268,0.041234340518713,0.0779382735490799
868,871,231,0.9812481999397278,0.7078981995582581,0.8856889009475708,0.26868298649787903,0.26569584012031555,0.27130916714668274,0.3017192780971527,0.9809834957122803,0.600932776927948,0.8179936408996582,0.021052652969956398,0.03293861076235771,0.055627014487981796,0.09570594877004623,0.9815853238105774,0.6047304272651672,0.8166362047195435,0.019070103764533997,0.03151099756360054,0.05211428180336952,0.09411237388849258,0.9756692051887512,0.5672548413276672,0.7965426445007324,0.035876717418432236,0.04786325991153717,0.0657603070139885,0.09812954068183899
869,6,907,0.9879392981529236,0.7492032647132874,0.9171947240829468,0.29510995745658875,0.2869141101837158,0.3004968464374542,0.3376297652721405,0.9690830111503601,0.6075782775878906,0.780488908290863,0.059013042598962784,0.058984238654375076,0.0610857792198658,0.09516331553459167,0.9679321646690369,0.5978621244430542,0.7715732455253601,0.048378266394138336,0.05281589925289154,0.05844680964946747,0.09205302596092224,0.9754639863967896,0.6149956583976746,0.805054783821106,0.07258711755275726,0.06646794825792313,0.06893133372068405,0.09725584089756012
870,115,110,0.9896065592765808,0.6907655000686646,0.9150350093841553,0.21128903329372406,0.20392456650733948,0.22251272201538086,0.2778889238834381,0.9805938601493835,0.5951058268547058,0.8094956874847412,0.029020702466368675,0.027982087805867195,0.04020803049206734,0.07937869429588318,0.9829331636428833,0.6020376086235046,0.817247748374939,0.035084981471300125,0.031351882964372635,0.043955858796834946,0.0801708996295929,0.9829339385032654,0.6237228512763977,0.8251462578773499,0.07640697062015533,0.0661456361413002,0.07111074030399323,0.10023794323205948
871,819,267,0.9894779324531555,0.7500526309013367,0.9248043298721313,0.2680509388446808,0.2638826072216034,0.2807507812976837,0.32952287793159485,0.9750409722328186,0.5971758365631104,0.7954184412956238,0.020028412342071533,0.029525863006711006,0.048527706414461136,0.08757547289133072,0.9768891930580139,0.6111852526664734,0.8103963136672974,0.02564125508069992,0.03389051556587219,0.05328613147139549,0.09208720922470093,0.9810574650764465,0.6139593720436096,0.8251515626907349,0.024935709312558174,0.032619908452034,0.052564483135938644,0.0885181799530983
872,178,136,0.9889248013496399,0.7265148162841797,0.914570689201355,0.2644840180873871,0.26910197734832764,0.27225741744041443,0.29496508836746216,0.9824777245521545,0.633587658405304,0.8256094455718994,0.05505145341157913,0.051518313586711884,0.0659082680940628,0.09697797149419785,0.9876084327697754,0.642998218536377,0.8480626344680786,0.070810966193676,0.06006452813744545,0.06275191158056259,0.09367530792951584,0.9892433285713196,0.6379576325416565,0.8602821230888367,0.09399129450321198,0.07422415912151337,0.07435854524374008,0.10315943509340286
873,778,685,0.9771993160247803,0.7054222226142883,0.8887073397636414,0.264764666557312,0.26241034269332886,0.28174421191215515,0.3158186376094818,0.9728384017944336,0.5984317064285278,0.7947161793708801,0.03225609287619591,0.03903383016586304,0.05195565149188042,0.08705993741750717,0.9731289148330688,0.5882540345191956,0.7864239811897278,0.03463171422481537,0.037441764026880264,0.046648986637592316,0.07815288752317429,0.9667048454284668,0.5759824514389038,0.7744927406311035,0.049088772386312485,0.050947368144989014,0.06280536204576492,0.09625081717967987
874,164,423,0.9873501062393188,0.76785808801651,0.9258008599281311,0.46691402792930603,0.42126622796058655,0.3974500596523285,0.39690905809402466,0.9776792526245117,0.6100758910179138,0.7964865565299988,0.05312573164701462,0.055471692234277725,0.06319186836481094,0.09757520258426666,0.979330837726593,0.6102414131164551,0.8001461029052734,0.055008769035339355,0.051961567252874374,0.06045839563012123,0.09603921324014664,0.9755356311798096,0.5986788272857666,0.7895106673240662,0.04821746051311493,0.048447102308273315,0.06337842345237732,0.09930206835269928
875,880,870,0.9856176376342773,0.7462881803512573,0.9142415523529053,0.2508492171764374,0.2569659352302551,0.2813684344291687,0.33279457688331604,0.9803699851036072,0.6111614108085632,0.8140736818313599,0.02688991278409958,0.03622332960367203,0.052028391510248184,0.08858643472194672,0.9843323826789856,0.6328120231628418,0.836847722530365,0.030448531731963158,0.04026658460497856,0.05846985802054405,0.09832849353551865,0.9788680076599121,0.5969241857528687,0.8127084970474243,0.035260703414678574,0.04575815051794052,0.06242773309350014,0.09203720092773438
876,318,972,0.988343358039856,0.7427316904067993,0.9162557125091553,0.36552688479423523,0.3293527662754059,0.3352225422859192,0.37456023693084717,0.9813375473022461,0.6102758646011353,0.8056198358535767,0.052654750645160675,0.05557212978601456,0.062422119081020355,0.09721041470766068,0.9832549095153809,0.6093328595161438,0.8119218349456787,0.05740886181592941,0.05540087819099426,0.06317979097366333,0.09376291930675507,0.983252763748169,0.604843258857727,0.81728595495224,0.03585301712155342,0.03846661373972893,0.05704103037714958,0.095013327896595
877,314,407,0.9876805543899536,0.7430387139320374,0.9246695041656494,0.36838671565055847,0.3569878339767456,0.35637184977531433,0.38811352849006653,0.9804061651229858,0.6033087372779846,0.8066206574440002,0.0939701572060585,0.07942595332860947,0.08297742158174515,0.10781487077474594,0.9807655215263367,0.6030657291412354,0.8069484233856201,0.08835673332214355,0.07254592329263687,0.07805580645799637,0.10674956440925598,0.9837639927864075,0.6098859906196594,0.8150594234466553,0.03583022952079773,0.04251585528254509,0.05938855931162834,0.0931897833943367
878,123,48,0.9943137168884277,0.7812880277633667,0.9465101361274719,0.3357337713241577,0.36948782205581665,0.39542508125305176,0.4421193599700928,0.9853604435920715,0.6296559572219849,0.8288030624389648,0.02639174461364746,0.03392582759261131,0.046176470816135406,0.08333651721477509,0.9890974164009094,0.6360169649124146,0.8443944454193115,0.03508272022008896,0.04420554265379906,0.058621760457754135,0.09574785083532333,0.9832975268363953,0.5997156500816345,0.8073598146438599,0.02312869392335415,0.031175313517451286,0.045243795961141586,0.07719545066356659
879,235,10,0.9856769442558289,0.6877596974372864,0.8813825249671936,0.14063036441802979,0.1507350206375122,0.1682482659816742,0.2044072449207306,0.9795753955841064,0.6263630986213684,0.8237845301628113,0.056797511875629425,0.05684118717908859,0.06769966334104538,0.10140214115381241,0.9823642373085022,0.6345181465148926,0.8359058499336243,0.06512317806482315,0.06213023513555527,0.07240235805511475,0.10438545793294907,0.9818785190582275,0.624488353729248,0.8216580748558044,0.05893843248486519,0.05655357614159584,0.06668597459793091,0.09975020587444305
880,684,159,0.9904809594154358,0.7394406199455261,0.9264135360717773,0.19012276828289032,0.2065855711698532,0.24092447757720947,0.2987493872642517,0.9837074279785156,0.5931795835494995,0.8229391574859619,0.019696811214089394,0.03576401248574257,0.05480879172682762,0.08926095813512802,0.9836887717247009,0.6085080504417419,0.8242989182472229,0.021349497139453888,0.0346594862639904,0.051233962178230286,0.08496726304292679,0.9732534885406494,0.5946202278137207,0.784730851650238,0.027203839272260666,0.032953500747680664,0.04823578521609306,0.0901055634021759
881,193,761,0.990003764629364,0.7578549981117249,0.9402347803115845,0.3285450041294098,0.34811151027679443,0.34501779079437256,0.38035130500793457,0.9715462923049927,0.5986995697021484,0.784938395023346,0.033190060406923294,0.03744129091501236,0.054024260491132736,0.08729763329029083,0.974665105342865,0.5993218421936035,0.7973687052726746,0.04751577973365784,0.04356316104531288,0.056843195110559464,0.08732336014509201,0.9768941402435303,0.6219831705093384,0.8119041323661804,0.052743833512067795,0.06102505326271057,0.07725413143634796,0.10618670284748077
882,189,303,0.9927358627319336,0.7436460852622986,0.929588794708252,0.21494625508785248,0.22504624724388123,0.2419952005147934,0.29366448521614075,0.9813563823699951,0.6047564148902893,0.8128398060798645,0.03196019306778908,0.031346891075372696,0.04718700796365738,0.08272639662027359,0.9807921051979065,0.6130563020706177,0.8135114312171936,0.029776902869343758,0.034270357340574265,0.04726731777191162,0.08277387171983719,0.9787412285804749,0.62028968334198,0.8101654052734375,0.0471472442150116,0.045083969831466675,0.05438268184661865,0.08866603672504425
883,204,786,0.9849780201911926,0.7561442852020264,0.9133666753768921,0.42750439047813416,0.44228604435920715,0.46179160475730896,0.4844347834587097,0.986883819103241,0.5938302278518677,0.8244493007659912,0.09617668390274048,0.07739792764186859,0.07965949922800064,0.1099557876586914,0.9818940162658691,0.6015447378158569,0.8030995726585388,0.08387932926416397,0.06530854851007462,0.06744854897260666,0.10097752511501312,0.9818700551986694,0.5900204181671143,0.80631422996521,0.07375030964612961,0.06360040605068207,0.07459548115730286,0.10963738709688187
884,776,441,0.9940658807754517,0.7777875065803528,0.9447563290596008,0.298933207988739,0.30400118231773376,0.31234338879585266,0.3570379912853241,0.9842283725738525,0.6320253014564514,0.8287131190299988,0.0389343723654747,0.04596835747361183,0.06169379502534866,0.09827166795730591,0.9833980798721313,0.6308024525642395,0.8246071338653564,0.03883569687604904,0.045736223459243774,0.06127326563000679,0.09549584239721298,0.9760897159576416,0.6257703900337219,0.8095928430557251,0.03493872284889221,0.03849417343735695,0.05323304980993271,0.0921744704246521
885,142,795,0.9898878931999207,0.7257200479507446,0.916266918182373,0.3021756410598755,0.282145619392395,0.272176593542099,0.2986583113670349,0.9797195792198181,0.6172097325325012,0.8139353394508362,0.07205729186534882,0.06422773003578186,0.07313484698534012,0.10257136821746826,0.9816603064537048,0.6361182928085327,0.8307086229324341,0.08252538740634918,0.06999728828668594,0.07766349613666534,0.10929818451404572,0.9817469120025635,0.6266516447067261,0.8233966827392578,0.02966359071433544,0.03389805182814598,0.04959955811500549,0.08478454500436783
886,968,672,0.9966492652893066,0.8050276041030884,0.967025876045227,0.31774044036865234,0.3382773697376251,0.35713040828704834,0.4076659083366394,0.9795584082603455,0.6224449276924133,0.8231708407402039,0.04217098653316498,0.04819857329130173,0.06635739654302597,0.10102643817663193,0.9792038798332214,0.6255515813827515,0.8227628469467163,0.042702969163656235,0.05275343731045723,0.06845524907112122,0.10239630192518234,0.980751633644104,0.6278956532478333,0.8257151246070862,0.037065282464027405,0.041897423565387726,0.05966406688094139,0.09568402916193008
887,462,759,0.9928492903709412,0.8445696234703064,0.9693915247917175,0.4833214581012726,0.5192148685455322,0.5481446385383606,0.5824686288833618,0.9742317795753479,0.585497260093689,0.7808118462562561,0.06798534095287323,0.06515984237194061,0.0761404037475586,0.10379979759454727,0.9762930870056152,0.6029407978057861,0.8029232025146484,0.06766804307699203,0.06551821529865265,0.07303626090288162,0.10556952655315399,0.9739654660224915,0.6026083827018738,0.7893494367599487,0.0335211306810379,0.043293654918670654,0.05855463817715645,0.09485684335231781
888,75,134,0.9898734092712402,0.6486771702766418,0.8867867588996887,0.0935552716255188,0.10393522679805756,0.12405751645565033,0.16485050320625305,0.982434868812561,0.6123655438423157,0.8251340985298157,0.04263950139284134,0.04562181606888771,0.060581039637327194,0.09613826125860214,0.9828762412071228,0.6117319464683533,0.8282067179679871,0.04090384021401405,0.04480622708797455,0.06225879117846489,0.09680728614330292,0.9816578030586243,0.5890241861343384,0.8218051195144653,0.04540234059095383,0.045937467366456985,0.05776815861463547,0.08972515910863876
889,757,946,0.994063675403595,0.7752111554145813,0.952972948551178,0.45166993141174316,0.4024539291858673,0.3857615888118744,0.4296908676624298,0.9780431985855103,0.6146499514579773,0.8053149580955505,0.03887267783284187,0.04257291555404663,0.05742427334189415,0.09351705014705658,0.9760494232177734,0.6102591156959534,0.7950890064239502,0.03444633260369301,0.04100848734378815,0.05784014239907265,0.09274200350046158,0.983674168586731,0.6185371279716492,0.8204147219657898,0.06002727150917053,0.059594251215457916,0.07185231149196625,0.10896137356758118
890,608,115,0.9915260076522827,0.7880659699440002,0.9442058205604553,0.39728012681007385,0.3702481687068939,0.38284340500831604,0.43645599484443665,0.9800461530685425,0.6167112588882446,0.8177239298820496,0.04740976542234421,0.04797752574086189,0.05912671610713005,0.09387251734733582,0.9821031093597412,0.6280239224433899,0.8255993127822876,0.0488126166164875,0.05375053361058235,0.06700202822685242,0.09873022139072418,0.9839217066764832,0.6150673627853394,0.8146834969520569,0.037324208766222,0.03726367652416229,0.04807525500655174,0.08534647524356842
891,468,984,0.9839637875556946,0.7614337801933289,0.9210038185119629,0.40569448471069336,0.3971084952354431,0.43510162830352783,0.4808984696865082,0.9793152809143066,0.6001940369606018,0.8017716407775879,0.020555073395371437,0.029449351131916046,0.04866757616400719,0.09068072587251663,0.9800390601158142,0.6041824221611023,0.8062012791633606,0.02349928393959999,0.028677821159362793,0.04761308804154396,0.08926204591989517,0.9800875782966614,0.5749940276145935,0.7793363332748413,0.02954527549445629,0.03896169364452362,0.05513156205415726,0.08826638013124466
892,225,952,0.9901801943778992,0.7161062359809875,0.9111936688423157,0.28971830010414124,0.24696919322013855,0.23725174367427826,0.26376330852508545,0.9823832511901855,0.6178632974624634,0.8256850838661194,0.06531639397144318,0.06119000166654587,0.06483768671751022,0.09430395811796188,0.9839449524879456,0.6243916749954224,0.8354116678237915,0.06320034712553024,0.060135144740343094,0.06878407299518585,0.09663673490285873,0.9828881025314331,0.6295548677444458,0.831030547618866,0.07459326833486557,0.06848760694265366,0.07315479218959808,0.0990913063287735
893,477,86,0.9913211464881897,0.7708568572998047,0.9396553635597229,0.33130747079849243,0.3437656760215759,0.36748427152633667,0.40991660952568054,0.9720073342323303,0.5577266216278076,0.7661619782447815,0.04032961651682854,0.04852795973420143,0.061745535582304,0.0906946212053299,0.973135769367218,0.5707532167434692,0.775244951248169,0.042610108852386475,0.047354064881801605,0.05959324911236763,0.09102128446102142,0.9737856984138489,0.6041291356086731,0.790607213973999,0.056315477937459946,0.05587722733616829,0.06304000318050385,0.09428572654724121
894,265,266,0.9873051047325134,0.7555633783340454,0.9156166911125183,0.37274590134620667,0.32917138934135437,0.30910059809684753,0.3386361300945282,0.979780912399292,0.6212204098701477,0.8141211271286011,0.055124569684267044,0.06260783225297928,0.06789547204971313,0.10063604265451431,0.9757518172264099,0.59346604347229,0.8024300932884216,0.05150268226861954,0.05791335925459862,0.06649906933307648,0.099594347178936,0.9749939441680908,0.5816258788108826,0.7948471903800964,0.07043871283531189,0.06600060313940048,0.07256137579679489,0.10195364058017731
895,607,332,0.9936533570289612,0.7519046068191528,0.9408043622970581,0.282776415348053,0.29827606678009033,0.3348417282104492,0.377630352973938,0.9764557480812073,0.6050519943237305,0.8012621402740479,0.02380692958831787,0.03517564758658409,0.05423369258642197,0.09277820587158203,0.9750602841377258,0.604449987411499,0.7954391837120056,0.029026804491877556,0.04009324312210083,0.05630374327301979,0.0927065834403038,0.9862096309661865,0.6115933656692505,0.8388218879699707,0.04501223936676979,0.0461592972278595,0.06039205193519592,0.09786905348300934
896,828,697,0.9900917410850525,0.751223623752594,0.9347829222679138,0.2822199761867523,0.27243873476982117,0.27718585729599,0.31602510809898376,0.9823679327964783,0.6215792298316956,0.8319705128669739,0.05544503778219223,0.053659550845623016,0.06337738037109375,0.09969384968280792,0.9826867580413818,0.6225858926773071,0.8328254818916321,0.07555561512708664,0.07112795859575272,0.07411393523216248,0.10033062100410461,0.979498565196991,0.615321695804596,0.8123278617858887,0.08470358699560165,0.0672285333275795,0.06587821245193481,0.09575892239809036
897,303,291,0.9838088750839233,0.6857861876487732,0.8779178261756897,0.24809356033802032,0.2239736169576645,0.21298304200172424,0.24325573444366455,0.9772463440895081,0.6034724116325378,0.7939072251319885,0.06501227617263794,0.06029766425490379,0.06490379571914673,0.09524281322956085,0.9782257080078125,0.6033973693847656,0.8006022572517395,0.07423081248998642,0.06958698481321335,0.06885772943496704,0.0987333133816719,0.98295658826828,0.5862844586372375,0.8028454780578613,0.055636610835790634,0.058211542665958405,0.06601624190807343,0.0995044857263565
898,725,986,0.9900866746902466,0.7391444444656372,0.927425742149353,0.36886468529701233,0.3276172876358032,0.32060515880584717,0.3483463227748871,0.9783527255058289,0.5945160984992981,0.7868426442146301,0.059305258095264435,0.05179867520928383,0.06297333538532257,0.09416010975837708,0.9775200486183167,0.5937968492507935,0.7814680933952332,0.06106332689523697,0.052636075764894485,0.06301859021186829,0.09198539704084396,0.9823840260505676,0.6079319715499878,0.8101252317428589,0.05422666668891907,0.04941225051879883,0.05821032449603081,0.08975507318973541
899,829,422,0.9960429668426514,0.7404735088348389,0.9460958242416382,0.3216155469417572,0.2893957197666168,0.27838999032974243,0.31582018733024597,0.9878583550453186,0.6407813429832458,0.8556424975395203,0.06813879311084747,0.06598643958568573,0.07004214823246002,0.09899187833070755,0.9859123229980469,0.6245378851890564,0.8468405604362488,0.06317867338657379,0.06046663969755173,0.06289427727460861,0.09553690999746323,0.9751948118209839,0.6097126603126526,0.8080986738204956,0.08572185784578323,0.08520776033401489,0.08969472348690033,0.115511953830719
900,78,720,0.9927374124526978,0.7288758754730225,0.9368690848350525,0.305966317653656,0.26895615458488464,0.2757091224193573,0.3212413191795349,0.9719762206077576,0.5586092472076416,0.7748153805732727,0.0665779635310173,0.06022333353757858,0.06504115462303162,0.10021090507507324,0.9755016565322876,0.5736076235771179,0.7975761294364929,0.06849191337823868,0.06137436628341675,0.0632457584142685,0.10051863640546799,0.9798304438591003,0.6071879863739014,0.8151392936706543,0.0627598837018013,0.06267283111810684,0.07383723556995392,0.10240379720926285
901,738,75,0.9837562441825867,0.7589036226272583,0.9168583154678345,0.32510805130004883,0.3330538868904114,0.3455447554588318,0.3857797384262085,0.9732486605644226,0.6048768162727356,0.7923861145973206,0.04503898695111275,0.04813765361905098,0.0583372637629509,0.09509707242250443,0.9691570401191711,0.6053333878517151,0.7812665104866028,0.050352707505226135,0.048930324614048004,0.05770806595683098,0.09097659587860107,0.9772733449935913,0.6231358647346497,0.8152667880058289,0.049371518194675446,0.053412728011608124,0.06545931100845337,0.09923403710126877
902,907,43,0.9954795837402344,0.7736923694610596,0.96151202917099,0.39600154757499695,0.3994317948818207,0.39912328124046326,0.42873334884643555,0.9663102626800537,0.5952920317649841,0.7748810648918152,0.06890234351158142,0.06609822064638138,0.07183337211608887,0.10365436971187592,0.9701928496360779,0.6064478158950806,0.7847265601158142,0.06506461650133133,0.06153352931141853,0.06782010197639465,0.10129706561565399,0.9707303047180176,0.6160329580307007,0.7944645881652832,0.08590883016586304,0.08350986242294312,0.08333437889814377,0.11307267844676971
903,398,631,0.9861528873443604,0.7305591702461243,0.9050648808479309,0.31860554218292236,0.26465365290641785,0.25764015316963196,0.28995874524116516,0.9780146479606628,0.6124339699745178,0.8060092329978943,0.08764699846506119,0.0698813647031784,0.07226435840129852,0.10230278223752975,0.9816262125968933,0.6168562173843384,0.820537805557251,0.09254710376262665,0.07681789994239807,0.07521051168441772,0.10390232503414154,0.9802563786506653,0.5999900698661804,0.8178586363792419,0.05906577408313751,0.053965937346220016,0.06083649396896362,0.09087368100881577
904,177,35,0.9882239103317261,0.7207881212234497,0.9175880551338196,0.20599450170993805,0.2209874391555786,0.22424094378948212,0.26943308115005493,0.9724531769752502,0.6045017242431641,0.7938322424888611,0.06692900508642197,0.0767153948545456,0.07723725587129593,0.10444844514131546,0.973065197467804,0.6125838756561279,0.7967339158058167,0.07167127728462219,0.07110606878995895,0.07564534991979599,0.1035330593585968,0.9779943227767944,0.5567482113838196,0.8202758431434631,0.07494860142469406,0.07132502645254135,0.07205375283956528,0.10100534558296204
905,785,990,0.9901586771011353,0.7496312260627747,0.9275286197662354,0.23780816793441772,0.2657757103443146,0.2939622700214386,0.33646073937416077,0.9804632067680359,0.6127578020095825,0.8174455165863037,0.039434678852558136,0.03914448618888855,0.05555228516459465,0.09080150723457336,0.9830904603004456,0.6233881711959839,0.8228499293327332,0.044640861451625824,0.045503996312618256,0.05634789913892746,0.09077385067939758,0.9788823127746582,0.6161136031150818,0.8094676733016968,0.033532507717609406,0.04050813242793083,0.05952087417244911,0.0973174050450325
906,414,707,0.9883034229278564,0.7940880656242371,0.943033754825592,0.3828960359096527,0.39734941720962524,0.4244873523712158,0.4680337607860565,0.983052134513855,0.6111660003662109,0.8243502974510193,0.020562049001455307,0.03201746568083763,0.05415467545390129,0.09527308493852615,0.9826726913452148,0.6185646653175354,0.8222030401229858,0.023338615894317627,0.03355493023991585,0.05414711683988571,0.09582941979169846,0.9814133644104004,0.5836876034736633,0.7981064319610596,0.013343924656510353,0.020581267774105072,0.037242136895656586,0.07183243334293365
907,763,34,0.9887285828590393,0.7332357168197632,0.9222493171691895,0.32188212871551514,0.3126632571220398,0.2869715988636017,0.3077508211135864,0.9696162939071655,0.5975533723831177,0.7814810276031494,0.08121132850646973,0.07082497328519821,0.07239257544279099,0.10056277364492416,0.9716688990592957,0.5922104716300964,0.7854775786399841,0.08703072369098663,0.07688278704881668,0.07613980770111084,0.10189060121774673,0.9741992950439453,0.5858075618743896,0.8051331043243408,0.09147479385137558,0.07834974676370621,0.07546809315681458,0.10144111514091492
908,480,122,0.9854993224143982,0.7610085606575012,0.9231956601142883,0.3119569420814514,0.2996121048927307,0.31552964448928833,0.3672495484352112,0.9762291312217712,0.622469961643219,0.8149929046630859,0.0718173012137413,0.0636335015296936,0.068755142390728,0.09930229187011719,0.9750722646713257,0.5737701058387756,0.8057330250740051,0.05811648443341255,0.05437546595931053,0.062076833099126816,0.09559241682291031,0.9747947454452515,0.605434238910675,0.7868683338165283,0.04743509367108345,0.04732930660247803,0.0573858916759491,0.08837220817804337
909,444,416,0.9886341094970703,0.8357295393943787,0.9459262490272522,0.5109214782714844,0.5267918705940247,0.5245075821876526,0.5639246106147766,0.9691758155822754,0.6048727035522461,0.7762770056724548,0.07396497577428818,0.06368372589349747,0.06499987840652466,0.09325393289327621,0.9708895087242126,0.603725790977478,0.7813963294029236,0.06828517466783524,0.06107111647725105,0.06489940732717514,0.09348466247320175,0.9809783697128296,0.6173698306083679,0.8137661218643188,0.031496770679950714,0.03957807272672653,0.05814008042216301,0.09647135436534882
910,884,951,0.9946820735931396,0.753333568572998,0.94643235206604,0.31745097041130066,0.3033609390258789,0.30225029587745667,0.3500578701496124,0.9790689945220947,0.6255818009376526,0.8149651288986206,0.040904588997364044,0.03947126865386963,0.05406047776341438,0.08879604190587997,0.9800230860710144,0.6250749826431274,0.8133436441421509,0.028054634109139442,0.03779912739992142,0.05287328362464905,0.0882391408085823,0.9837542176246643,0.6178808808326721,0.8250425457954407,0.05563484877347946,0.05093080550432205,0.056974925100803375,0.0901452824473381
911,947,554,0.9906721711158752,0.7218018174171448,0.9293254017829895,0.2945483922958374,0.29465252161026,0.2966656982898712,0.3306461274623871,0.9779009819030762,0.5931364893913269,0.8061737418174744,0.04943026229739189,0.05151386186480522,0.059457145631313324,0.09384110569953918,0.9805101752281189,0.5976653695106506,0.8135730624198914,0.041385699063539505,0.046533651649951935,0.05819929763674736,0.0936693623661995,0.9787657260894775,0.610436737537384,0.8061771392822266,0.049483951181173325,0.05051562190055847,0.06275971233844757,0.10016261041164398
912,575,279,0.991583526134491,0.7842299342155457,0.9533381462097168,0.40904057025909424,0.39552491903305054,0.41085168719291687,0.4414812922477722,0.9766045212745667,0.5904703736305237,0.7843805551528931,0.04510670155286789,0.043444614857435226,0.060777489095926285,0.09770769625902176,0.982801616191864,0.6198827624320984,0.8218439817428589,0.05227764695882797,0.05215853080153465,0.06560223549604416,0.10236559808254242,0.9797455668449402,0.6141663193702698,0.8189371824264526,0.06498753279447556,0.06865396350622177,0.0805097445845604,0.11081144213676453
913,605,641,0.9929637908935547,0.734844446182251,0.9283439517021179,0.2584868371486664,0.2405870407819748,0.2558121085166931,0.289054811000824,0.9805349111557007,0.6181392669677734,0.8132692575454712,0.05992458015680313,0.054815880954265594,0.057057492434978485,0.08798470348119736,0.9811906218528748,0.6198225617408752,0.8183251023292542,0.05383608490228653,0.051947690546512604,0.05937637388706207,0.09141793102025986,0.9710942506790161,0.5883492827415466,0.7807164788246155,0.051202647387981415,0.04732634127140045,0.05504278093576431,0.08620855212211609
914,622,89,0.9903522729873657,0.7831836342811584,0.935733437538147,0.39044222235679626,0.3655315935611725,0.3605958819389343,0.39486125111579895,0.9796103239059448,0.627844512462616,0.8213401436805725,0.07898691296577454,0.06928002089262009,0.07128262519836426,0.1015995517373085,0.9795567989349365,0.6333925724029541,0.8182864785194397,0.10090091824531555,0.0805358737707138,0.07554585486650467,0.10105724632740021,0.9812006950378418,0.6386339068412781,0.8267504572868347,0.09256602078676224,0.07370853424072266,0.07617294043302536,0.10599665343761444
915,427,283,0.9974076747894287,0.8030543923377991,0.9669629335403442,0.39959919452667236,0.4375951290130615,0.4529009461402893,0.46802055835723877,0.9789794683456421,0.6122208833694458,0.7930220365524292,0.03663910925388336,0.05206706374883652,0.06785552948713303,0.09524428844451904,0.9801336526870728,0.620316207408905,0.8029953241348267,0.03578241914510727,0.048220403492450714,0.06156317889690399,0.09239155054092407,0.9864907264709473,0.6296094655990601,0.8387215733528137,0.06761547178030014,0.07244294136762619,0.07920295000076294,0.1101803258061409
916,442,449,0.9892743825912476,0.7379106879234314,0.9108223915100098,0.3431573510169983,0.2901977300643921,0.2678568363189697,0.29606127738952637,0.9831169247627258,0.6346975564956665,0.8258888125419617,0.051445357501506805,0.047083836048841476,0.06089555844664574,0.10151613503694534,0.9831624627113342,0.625618577003479,0.822625458240509,0.05156540125608444,0.050050802528858185,0.06009740009903908,0.0972013846039772,0.9817065000534058,0.6422591805458069,0.8285033106803894,0.058676134794950485,0.05457315966486931,0.06099136918783188,0.08947322517633438
917,996,263,0.9887396693229675,0.790309488773346,0.9425482749938965,0.4684215486049652,0.45502540469169617,0.43546217679977417,0.45895910263061523,0.9740703105926514,0.6008602976799011,0.7964455485343933,0.05524510517716408,0.05608197674155235,0.06767789274454117,0.10490825772285461,0.9752280116081238,0.5988445281982422,0.7942166328430176,0.04963742196559906,0.05211253836750984,0.06519606709480286,0.10004043579101562,0.9741424322128296,0.5653010606765747,0.7761723399162292,0.04314308986067772,0.049995437264442444,0.06279271841049194,0.09658864140510559
918,538,142,0.9823135733604431,0.7071223258972168,0.8873466849327087,0.14261110126972198,0.17142657935619354,0.20755159854888916,0.25656598806381226,0.9768896102905273,0.6041314601898193,0.7947770357131958,0.02367737703025341,0.026009738445281982,0.042455632239580154,0.081580251455307,0.9771644473075867,0.5944371223449707,0.7904965281486511,0.028068745508790016,0.03213658928871155,0.044506508857011795,0.08053082972764969,0.9803124666213989,0.6229066252708435,0.8220757246017456,0.0485246516764164,0.047457966953516006,0.057498231530189514,0.09323208779096603
919,451,396,0.9927384257316589,0.7527257800102234,0.9366689324378967,0.2811078429222107,0.2759213149547577,0.28008466958999634,0.32111623883247375,0.9853435754776001,0.6261754631996155,0.8372098207473755,0.051160190254449844,0.05672648549079895,0.06250298768281937,0.09450872242450714,0.9851507544517517,0.6154706478118896,0.8376836776733398,0.08214934170246124,0.07085675746202469,0.07162760198116302,0.09629608690738678,0.9837926626205444,0.6212213635444641,0.8347975611686707,0.07128109782934189,0.06162644177675247,0.06988130509853363,0.1015995442867279
920,774,872,0.9928418397903442,0.8119568824768066,0.9581782817840576,0.4743305742740631,0.47928982973098755,0.4683321714401245,0.4931236505508423,0.9740687012672424,0.5725746154785156,0.7762527465820312,0.038682278245687485,0.0435330905020237,0.05708691477775574,0.09397363662719727,0.9755677580833435,0.5754183530807495,0.7877647280693054,0.03581368178129196,0.04144275188446045,0.053865235298871994,0.09250861406326294,0.9839234948158264,0.6126079559326172,0.8291306495666504,0.09927128255367279,0.08743090182542801,0.08493544906377792,0.10957124084234238
921,731,357,0.9972513914108276,0.7874505519866943,0.9614511132240295,0.3914375901222229,0.3971380293369293,0.4122755825519562,0.4581703543663025,0.9766124486923218,0.5864229798316956,0.7699324488639832,0.03951729089021683,0.047638170421123505,0.0624101385474205,0.09456790238618851,0.9817202091217041,0.5968217849731445,0.7891134023666382,0.04086834937334061,0.04605858400464058,0.06190013885498047,0.09740986675024033,0.9802817106246948,0.6062568426132202,0.8014371991157532,0.024899359792470932,0.031639959663152695,0.04828180372714996,0.08762989938259125
922,473,299,0.9916757941246033,0.7035917043685913,0.9244781732559204,0.2019597589969635,0.2113870531320572,0.22657771408557892,0.2715076208114624,0.9752390384674072,0.6101142764091492,0.7970640063285828,0.05352206155657768,0.05205471068620682,0.06151561811566353,0.09520392119884491,0.9744540452957153,0.6100430488586426,0.7958463430404663,0.05997025966644287,0.05655236169695854,0.06389255076646805,0.09541814029216766,0.9777565598487854,0.6112936735153198,0.8082619905471802,0.05055873095989227,0.06052110344171524,0.07125768065452576,0.10654006153345108
923,963,968,0.9913555383682251,0.741640031337738,0.9296281337738037,0.27711600065231323,0.2699926793575287,0.2883095145225525,0.3219047486782074,0.9861814379692078,0.6238834857940674,0.8369792699813843,0.05546945333480835,0.051411617547273636,0.05922599136829376,0.09431164711713791,0.9835373163223267,0.6064048409461975,0.827707052230835,0.051198456436395645,0.05036748945713043,0.06555391848087311,0.0964367687702179,0.9831326603889465,0.6286196112632751,0.8316928744316101,0.03951631858944893,0.043974801898002625,0.059739742428064346,0.09383752942085266
924,56,119,0.984286367893219,0.7491694688796997,0.905291736125946,0.3520047664642334,0.32617589831352234,0.3325121998786926,0.3623925447463989,0.98319411277771,0.6165391206741333,0.8246831893920898,0.061863936483860016,0.062831811606884,0.07310803979635239,0.10521604120731354,0.9821163415908813,0.6200231909751892,0.8196942806243896,0.06128992140293121,0.06556540727615356,0.075130395591259,0.10552024841308594,0.9821909666061401,0.6256182193756104,0.8267420530319214,0.05506649240851402,0.05580928176641464,0.0710969790816307,0.10164770483970642
925,250,148,0.9913762807846069,0.769805908203125,0.9462531805038452,0.4106385409832001,0.37794867157936096,0.36602818965911865,0.4013858735561371,0.9841709136962891,0.6200316548347473,0.8341408371925354,0.05322853475809097,0.056263551115989685,0.06775286793708801,0.0983179435133934,0.9843422174453735,0.6245408058166504,0.8386780023574829,0.08635302633047104,0.07538741827011108,0.07748023420572281,0.10193904489278793,0.9797593355178833,0.5849737524986267,0.8253509998321533,0.09068058431148529,0.08042316138744354,0.08245974779129028,0.10797300189733505
926,384,765,0.9870946407318115,0.6954483985900879,0.9017419219017029,0.24662083387374878,0.22238941490650177,0.22404101490974426,0.26089438796043396,0.9830804467201233,0.6174266338348389,0.8297191858291626,0.08909756690263748,0.07530207186937332,0.07727278023958206,0.10780534893274307,0.9827408194541931,0.6242852210998535,0.8277624249458313,0.08850883692502975,0.07383707910776138,0.0781685933470726,0.10856906324625015,0.9791616201400757,0.5934065580368042,0.812383770942688,0.06273409724235535,0.060531556606292725,0.0680193081498146,0.09747681766748428
927,604,16,0.9917727708816528,0.7615956664085388,0.9383715987205505,0.3761913776397705,0.357989639043808,0.3446284532546997,0.3699188828468323,0.9818426966667175,0.5917806625366211,0.8018297553062439,0.039945103228092194,0.04362107068300247,0.05506262555718422,0.09319639950990677,0.9807963371276855,0.588555634021759,0.7999578714370728,0.043089672923088074,0.04475837200880051,0.05743031948804855,0.09210006147623062,0.983538806438446,0.609102725982666,0.8202822804450989,0.04639803618192673,0.04310401901602745,0.05164118483662605,0.08552918583154678
928,353,376,0.9929355978965759,0.7614614963531494,0.9381040930747986,0.36814653873443604,0.32490605115890503,0.3211306035518646,0.35094988346099854,0.9807737469673157,0.6212731599807739,0.814222514629364,0.053639937192201614,0.05558394268155098,0.0615667887032032,0.09461620450019836,0.9822350740432739,0.6178850531578064,0.8222384452819824,0.06235282123088837,0.06292552500963211,0.0698416531085968,0.09812438488006592,0.9774866700172424,0.6278823614120483,0.8124465942382812,0.05256836488842964,0.050226230174303055,0.059236422181129456,0.0915234386920929
929,5,572,0.9905527830123901,0.8085550665855408,0.9437618255615234,0.49628230929374695,0.49730822443962097,0.50312739610672,0.5280922055244446,0.9833431243896484,0.6152576208114624,0.8045027256011963,0.025837186723947525,0.03357693552970886,0.05590946599841118,0.09165787696838379,0.9824476838111877,0.6110832095146179,0.7978485822677612,0.03104887343943119,0.03956437483429909,0.057773370295763016,0.09219285845756531,0.978958249092102,0.6130131483078003,0.7973573207855225,0.05003857985138893,0.04716716334223747,0.054802924394607544,0.09113241732120514
930,352,137,0.9935371279716492,0.7550898790359497,0.9444528222084045,0.2880001962184906,0.2898053228855133,0.3050489127635956,0.34666863083839417,0.9735457301139832,0.6198073029518127,0.7915640473365784,0.031951822340488434,0.03453078120946884,0.050354089587926865,0.08595070987939835,0.9738253951072693,0.623432993888855,0.7980295419692993,0.032951001077890396,0.03975673019886017,0.05467262491583824,0.09281355142593384,0.9798452854156494,0.6205645203590393,0.8074239492416382,0.036381207406520844,0.04306619241833687,0.053682055324316025,0.08557924628257751
931,587,433,0.9898264408111572,0.7233437895774841,0.923292338848114,0.2951408922672272,0.2806782126426697,0.28769463300704956,0.3295057713985443,0.9818820357322693,0.619204580783844,0.819369375705719,0.04333363473415375,0.04668198525905609,0.061134666204452515,0.09491374343633652,0.9841002225875854,0.6246318817138672,0.8298083543777466,0.04595855623483658,0.04744143411517143,0.06016157940030098,0.09578295797109604,0.9825053215026855,0.6085422039031982,0.8204185962677002,0.07620736211538315,0.0633668601512909,0.067789725959301,0.09865450859069824
932,195,722,0.9905670881271362,0.7766635417938232,0.9369657635688782,0.299197793006897,0.30441275238990784,0.33697715401649475,0.395350843667984,0.9746960997581482,0.5980140566825867,0.7841774821281433,0.036226850003004074,0.042238857597112656,0.05509127303957939,0.08699237555265427,0.9778499603271484,0.6002786755561829,0.7953132390975952,0.041136905550956726,0.046321168541908264,0.05809016153216362,0.08731318265199661,0.9796807169914246,0.62374347448349,0.8179525136947632,0.03395983204245567,0.0400516539812088,0.05532606318593025,0.09305814653635025
933,624,454,0.9869197607040405,0.7534229159355164,0.9204598069190979,0.41884246468544006,0.39331716299057007,0.3922257721424103,0.41902682185173035,0.9808744788169861,0.5884824395179749,0.7910577058792114,0.046627577394247055,0.05056878551840782,0.06166214123368263,0.09555625915527344,0.981573760509491,0.599205493927002,0.7967938780784607,0.05640469491481781,0.05120823159813881,0.06242460012435913,0.09569182246923447,0.9698957204818726,0.5868750214576721,0.7657473683357239,0.05358606204390526,0.05337558686733246,0.06273780763149261,0.09503024816513062
934,528,660,0.9930168986320496,0.7492272853851318,0.9446836113929749,0.38087198138237,0.3476114869117737,0.3275461792945862,0.36141178011894226,0.9802623987197876,0.6124361753463745,0.8206901550292969,0.08969244360923767,0.07607809454202652,0.07623869180679321,0.10448385775089264,0.9820296168327332,0.6159144639968872,0.8260144591331482,0.0987740010023117,0.0814853385090828,0.07959043979644775,0.10372601449489594,0.9806574583053589,0.6192205548286438,0.819463312625885,0.06538413465023041,0.05604870244860649,0.06243652105331421,0.09671100229024887
935,119,667,0.991626501083374,0.7311961650848389,0.9206568598747253,0.2528156638145447,0.2453402280807495,0.24354524910449982,0.2765464782714844,0.9826709032058716,0.6311356425285339,0.828278124332428,0.04569162428379059,0.04777390509843826,0.058914586901664734,0.09117324650287628,0.9836837649345398,0.6317925453186035,0.8350186347961426,0.05864015594124794,0.054403916001319885,0.0655517727136612,0.09424066543579102,0.9865148067474365,0.6313393115997314,0.8449462652206421,0.07813547551631927,0.07336787134408951,0.07891910523176193,0.1096419095993042
936,434,848,0.9897146224975586,0.7747008204460144,0.9381659030914307,0.43470361828804016,0.4259117841720581,0.42272263765335083,0.4480845630168915,0.9848467707633972,0.614031970500946,0.8244898319244385,0.03861887380480766,0.04010704159736633,0.05275949090719223,0.08592253923416138,0.9841741323471069,0.6139043569564819,0.8260259628295898,0.052319709211587906,0.04780665040016174,0.059077486395835876,0.09003109484910965,0.9828816652297974,0.6110863089561462,0.8225510120391846,0.04196038469672203,0.040124740451574326,0.054427433758974075,0.08787914365530014
937,743,954,0.9896447062492371,0.7550651431083679,0.9291209578514099,0.24920494854450226,0.24847160279750824,0.2739851474761963,0.32436835765838623,0.9806138277053833,0.6205291152000427,0.8185923099517822,0.04526108503341675,0.04454993084073067,0.054355867207050323,0.08802148699760437,0.9834272265434265,0.6277223825454712,0.8304784893989563,0.05087590590119362,0.04733946919441223,0.05919114872813225,0.09324856102466583,0.9829483032226562,0.6181840300559998,0.8191398978233337,0.04725143685936928,0.043972209095954895,0.05345439910888672,0.08836059272289276
938,329,779,0.9919081330299377,0.8017014265060425,0.9490511417388916,0.368805855512619,0.3857310712337494,0.4019129276275635,0.44090035557746887,0.9798996448516846,0.6166506409645081,0.8200511932373047,0.025887202471494675,0.03355894982814789,0.0495121031999588,0.08790400624275208,0.9821062684059143,0.6289805173873901,0.8294991254806519,0.03944467008113861,0.04407355189323425,0.05630899965763092,0.09409758448600769,0.9810835123062134,0.6206788420677185,0.8186631202697754,0.0523470938205719,0.05120592936873436,0.06036412715911865,0.0933007225394249
939,957,563,0.9907993674278259,0.7378636598587036,0.9318341612815857,0.3530391752719879,0.31661340594291687,0.3009517788887024,0.3271510899066925,0.9737152457237244,0.6082931160926819,0.8047679662704468,0.08862203359603882,0.06892472505569458,0.07143200933933258,0.10049235075712204,0.9756108522415161,0.6009474396705627,0.812984824180603,0.09571577608585358,0.07541494816541672,0.07541832327842712,0.10181520134210587,0.9793821573257446,0.5955737233161926,0.8117261528968811,0.1051906943321228,0.07835954427719116,0.0704004168510437,0.09508904069662094
940,376,727,0.9941229820251465,0.8335376381874084,0.970535397529602,0.5695626735687256,0.5736778974533081,0.5511237978935242,0.5634523630142212,0.9788768887519836,0.6125590801239014,0.8072017431259155,0.05601692944765091,0.0548575259745121,0.06844999641180038,0.09934747219085693,0.9759896397590637,0.611244261264801,0.7985571622848511,0.05361029505729675,0.056400153785943985,0.0677981972694397,0.10028192400932312,0.9801006317138672,0.6038620471954346,0.7985385060310364,0.03178245201706886,0.043986741453409195,0.062060121446847916,0.0963582992553711
941,752,72,0.9912094473838806,0.7963311076164246,0.9646543860435486,0.37322476506233215,0.4027973711490631,0.43893641233444214,0.487702876329422,0.9769805669784546,0.5818213224411011,0.8125235438346863,0.046615228056907654,0.053118862211704254,0.06278946250677109,0.09859250485897064,0.9771922826766968,0.5825117230415344,0.8129814863204956,0.045965179800987244,0.05173866078257561,0.06148448586463928,0.09628766775131226,0.9729795455932617,0.5705548524856567,0.7882828712463379,0.029001975432038307,0.0360344797372818,0.05126588046550751,0.08714213222265244
942,987,646,0.9897477626800537,0.7300489544868469,0.9169830083847046,0.320516973733902,0.29366374015808105,0.2797807455062866,0.30700963735580444,0.9801523685455322,0.6129180788993835,0.8153753876686096,0.03942238911986351,0.038666244596242905,0.05495322868227959,0.08892160654067993,0.9825331568717957,0.6141284108161926,0.8247747421264648,0.05244506895542145,0.05345810577273369,0.06449344754219055,0.0960354432463646,0.9745767116546631,0.6082466840744019,0.8017085790634155,0.10174503922462463,0.0821872353553772,0.07766486704349518,0.10205396264791489
943,277,91,0.9925203919410706,0.7682602405548096,0.94469153881073,0.29316720366477966,0.28979796171188354,0.3100256621837616,0.35488665103912354,0.9831634759902954,0.6149356365203857,0.81621915102005,0.038859158754348755,0.038535092025995255,0.04916105046868324,0.0820055603981018,0.9831615686416626,0.615932285785675,0.8175106048583984,0.03925120085477829,0.038604289293289185,0.04903239384293556,0.08176921308040619,0.9833765625953674,0.5973367094993591,0.8114089965820312,0.03438955172896385,0.04039415344595909,0.05415228754281998,0.08937623351812363
944,111,745,0.9911500215530396,0.8110052943229675,0.9561589956283569,0.4987296164035797,0.5157268047332764,0.501423716545105,0.5197601914405823,0.975274920463562,0.5875534415245056,0.7805078029632568,0.02418338693678379,0.02787860482931137,0.04208196699619293,0.07318618148565292,0.9738559722900391,0.591810941696167,0.7798111438751221,0.028352702036499977,0.032149918377399445,0.04659333452582359,0.07943526655435562,0.9840498566627502,0.6179625988006592,0.8271018862724304,0.043426092714071274,0.04568614810705185,0.059963151812553406,0.09560474753379822
945,640,249,0.9925296902656555,0.7550527453422546,0.9325116872787476,0.32271909713745117,0.2865269184112549,0.2827187776565552,0.32590845227241516,0.9794256687164307,0.6042231917381287,0.8086261749267578,0.03749379888176918,0.046204645186662674,0.059960637241601944,0.09520676732063293,0.9827698469161987,0.6065347790718079,0.8229365348815918,0.038109660148620605,0.04821152985095978,0.062428250908851624,0.09451758116483688,0.9837286472320557,0.6274256110191345,0.8284592628479004,0.047800809144973755,0.053471311926841736,0.06465931981801987,0.09598701447248459
946,252,835,0.9854314923286438,0.76353919506073,0.9100550413131714,0.442749947309494,0.39342302083969116,0.3700951337814331,0.3929399251937866,0.9798233509063721,0.6207502484321594,0.8163389563560486,0.07437828183174133,0.06737317889928818,0.07498756051063538,0.10272975265979767,0.9788466095924377,0.5884398221969604,0.8141238689422607,0.07853063195943832,0.07380327582359314,0.07652836292982101,0.1022230014204979,0.9703847169876099,0.60244220495224,0.7849457263946533,0.07941096276044846,0.07201231271028519,0.07880332320928574,0.10880772024393082
947,202,625,0.993120551109314,0.7632153630256653,0.9434036016464233,0.22634904086589813,0.23748482763767242,0.27085644006729126,0.3318047821521759,0.9756767153739929,0.6153429746627808,0.8101460933685303,0.043068017810583115,0.047052860260009766,0.057405248284339905,0.09149252623319626,0.9758865833282471,0.6157476902008057,0.8079003095626831,0.03691760078072548,0.04069434851408005,0.05496679246425629,0.09020234644412994,0.9833191633224487,0.616672933101654,0.8304429054260254,0.06582758575677872,0.055779360234737396,0.06242059916257858,0.0906737744808197
948,248,174,0.9949686527252197,0.7272497415542603,0.9415166974067688,0.2701170742511749,0.27612748742103577,0.27989959716796875,0.3144047260284424,0.9771869778633118,0.6233881711959839,0.809158444404602,0.035778068006038666,0.04315504804253578,0.060497161000967026,0.09423916786909103,0.9764330983161926,0.6179801821708679,0.8083623647689819,0.06071268022060394,0.06212429329752922,0.0696362853050232,0.09848246723413467,0.9797996878623962,0.5964106321334839,0.807135283946991,0.040189046412706375,0.04150473326444626,0.05666279047727585,0.09303812682628632
949,676,818,0.9910765290260315,0.8071150183677673,0.9499078392982483,0.36062467098236084,0.3468206226825714,0.35875484347343445,0.4154825210571289,0.9803590178489685,0.6226422786712646,0.8151761889457703,0.05562228336930275,0.05188916623592377,0.05962570384144783,0.09324897080659866,0.9782353639602661,0.622670590877533,0.8114200830459595,0.054695580154657364,0.04973926395177841,0.05900879576802254,0.09471216797828674,0.982223629951477,0.6199488043785095,0.8318426012992859,0.0704258531332016,0.06204603984951973,0.06489779055118561,0.09098975360393524
950,231,127,0.9942070841789246,0.8109256029129028,0.9617801904678345,0.44406330585479736,0.450715571641922,0.4491070508956909,0.4936794340610504,0.9663381576538086,0.5483906865119934,0.7532104849815369,0.03811246529221535,0.04425603523850441,0.060093216598033905,0.09387489408254623,0.9667103886604309,0.5485862493515015,0.7569888234138489,0.03217630088329315,0.0427621528506279,0.060526277869939804,0.09535066038370132,0.9735100865364075,0.5628484487533569,0.7722678780555725,0.046506863087415695,0.04486536979675293,0.06020568311214447,0.0977136418223381
951,452,609,0.991847813129425,0.7305832505226135,0.924148678779602,0.3559950292110443,0.3065289855003357,0.2872620224952698,0.3165837824344635,0.9834423065185547,0.6026938557624817,0.8222821950912476,0.06829147785902023,0.0637180283665657,0.0688927099108696,0.10057981312274933,0.9811667203903198,0.6075923442840576,0.8116858005523682,0.0663163885474205,0.05966724082827568,0.06610676646232605,0.10213974118232727,0.9849376678466797,0.6206942796707153,0.8290397524833679,0.042658619582653046,0.044945940375328064,0.056936170905828476,0.09060551971197128
952,45,926,0.987238883972168,0.7443153858184814,0.913544774055481,0.2246781885623932,0.24325688183307648,0.26483985781669617,0.3056638240814209,0.9760836362838745,0.623359739780426,0.8073736429214478,0.04971148818731308,0.053793780505657196,0.06678695976734161,0.10081355273723602,0.9738808274269104,0.6170121431350708,0.799861490726471,0.050193898379802704,0.05620681494474411,0.06879215687513351,0.09868136793375015,0.9782376885414124,0.5985899567604065,0.8174362182617188,0.049867548048496246,0.05385491997003555,0.06523069739341736,0.10003284364938736
953,241,113,0.9909144639968872,0.7628175020217896,0.9360458850860596,0.3163209557533264,0.3010765016078949,0.3084205985069275,0.34188586473464966,0.9765291810035706,0.6087163686752319,0.8044528365135193,0.04112415015697479,0.04410889744758606,0.05317110940814018,0.09092003852128983,0.9726710319519043,0.6064183712005615,0.7862884998321533,0.04081994667649269,0.046649474650621414,0.05794775113463402,0.09031373262405396,0.9797397255897522,0.6003272533416748,0.8169550895690918,0.03250063955783844,0.03930290788412094,0.05331108346581459,0.0866575688123703
954,612,762,0.991159200668335,0.7689736485481262,0.9364460110664368,0.40005365014076233,0.3837457001209259,0.37911364436149597,0.4076541066169739,0.9754985570907593,0.6067691445350647,0.7851314544677734,0.03362806886434555,0.03354519605636597,0.05309337005019188,0.09461599588394165,0.9758644700050354,0.6001816391944885,0.7863203883171082,0.03188898786902428,0.032404910773038864,0.051661890000104904,0.09412644803524017,0.9834509491920471,0.6283091902732849,0.8260398507118225,0.05472234636545181,0.0486876554787159,0.059918079525232315,0.08890825510025024
955,243,510,0.9894176721572876,0.7440359592437744,0.9222313761711121,0.24851062893867493,0.24270455539226532,0.2665947377681732,0.3097769320011139,0.9796442985534668,0.607594907283783,0.8153151273727417,0.06404783576726913,0.054779499769210815,0.06425898522138596,0.09717506170272827,0.9809845685958862,0.6156483888626099,0.8198286890983582,0.07163920998573303,0.05944586545228958,0.06779462844133377,0.09868708997964859,0.9842575788497925,0.6358817219734192,0.8315041065216064,0.06960725784301758,0.06498301774263382,0.0695909783244133,0.10251949727535248
956,653,310,0.9869077205657959,0.7205660939216614,0.9084115028381348,0.27717164158821106,0.2885967195034027,0.3011641502380371,0.3301013112068176,0.981387197971344,0.6005479097366333,0.8141670823097229,0.045326802879571915,0.0492548830807209,0.06137850135564804,0.09440706670284271,0.9813688397407532,0.6133110523223877,0.8162259459495544,0.07073072344064713,0.06513383239507675,0.06875724345445633,0.10010847449302673,0.9786266088485718,0.5948485732078552,0.7997204661369324,0.048234593123197556,0.04787912964820862,0.0585467666387558,0.08958592265844345
957,361,936,0.9864652752876282,0.7347131967544556,0.9125750660896301,0.2748887240886688,0.25836655497550964,0.263462632894516,0.3010212481021881,0.9703664779663086,0.60945063829422,0.7981114387512207,0.10268495976924896,0.08868793398141861,0.08633802831172943,0.10894946753978729,0.9708699584007263,0.61045902967453,0.7961736917495728,0.10175187140703201,0.09004316478967667,0.08378685265779495,0.10719003528356552,0.9786434173583984,0.6117345690727234,0.81093829870224,0.05708671361207962,0.0530385859310627,0.06262028217315674,0.09772571176290512
958,92,203,0.9876511693000793,0.7444310188293457,0.9207897186279297,0.26631930470466614,0.29594606161117554,0.3200836479663849,0.37361884117126465,0.984699547290802,0.6065992712974548,0.8257892727851868,0.0347854346036911,0.03999197483062744,0.05458102747797966,0.08994989842176437,0.9844790697097778,0.6075793504714966,0.8236649036407471,0.040285609662532806,0.048051346093416214,0.05968424677848816,0.09414434432983398,0.9822893738746643,0.6032648086547852,0.8091210722923279,0.030615732073783875,0.03994413837790489,0.05582207441329956,0.0905294269323349
959,663,960,0.9941832423210144,0.7595873475074768,0.9552974700927734,0.4512938857078552,0.4673197567462921,0.45238518714904785,0.4803197383880615,0.9740822911262512,0.5797827243804932,0.7676464915275574,0.04211137071251869,0.05106724426150322,0.057377517223358154,0.08945725858211517,0.9740158915519714,0.5836149454116821,0.771346390247345,0.038771022111177444,0.047775767743587494,0.05845717713236809,0.09272139519453049,0.9754273891448975,0.5979984998703003,0.7946181893348694,0.056442007422447205,0.05772267282009125,0.06780331581830978,0.09636995196342468
960,36,944,0.9928607940673828,0.7960458993911743,0.9523897767066956,0.3408578336238861,0.35461845993995667,0.37627920508384705,0.4229172170162201,0.9750984907150269,0.6192063689231873,0.7986422777175903,0.042684730142354965,0.046333152800798416,0.05661935731768608,0.0893380269408226,0.9782474637031555,0.6255083084106445,0.8069378137588501,0.05193686857819557,0.049434494227170944,0.05925063416361809,0.08987488597631454,0.9808551073074341,0.6173161864280701,0.8167943358421326,0.031145095825195312,0.03764861822128296,0.056189797818660736,0.09886924177408218
961,610,213,0.9787341952323914,0.6599912047386169,0.8465715646743774,0.08257138729095459,0.08878768235445023,0.10754881799221039,0.1442021131515503,0.9771484136581421,0.6175892353057861,0.8138231635093689,0.030338242650032043,0.03473913297057152,0.049767035990953445,0.0921420156955719,0.9791257977485657,0.6171788573265076,0.8230143785476685,0.03858860582113266,0.04370896518230438,0.057298023253679276,0.09571139514446259,0.9807080626487732,0.6223490238189697,0.8187476992607117,0.06565874069929123,0.06202061101794243,0.07188664376735687,0.10325361788272858
962,264,294,0.9882470369338989,0.6949167847633362,0.9044265747070312,0.16577567160129547,0.17927099764347076,0.2157273292541504,0.2628425061702728,0.9762588739395142,0.6018099784851074,0.7986537218093872,0.049212746322155,0.053071293979883194,0.06440050899982452,0.09522321075201035,0.9761407375335693,0.6069427728652954,0.8034403920173645,0.04821910709142685,0.053868409246206284,0.06480395048856735,0.09782199561595917,0.9757583737373352,0.5826033353805542,0.78854900598526,0.044908054172992706,0.0441867858171463,0.05537344887852669,0.08562232553958893
963,317,500,0.9891505837440491,0.7167579531669617,0.9157674312591553,0.33945682644844055,0.2986266016960144,0.2905169427394867,0.32031312584877014,0.9802812933921814,0.6089016795158386,0.8045777082443237,0.08686655014753342,0.07016349583864212,0.06812062114477158,0.09474468231201172,0.9819962382316589,0.6112332940101624,0.8127237558364868,0.0790809690952301,0.06465756893157959,0.0648043304681778,0.09349451214075089,0.9710020422935486,0.5609860420227051,0.7712439298629761,0.0786462277173996,0.07185851782560349,0.08069504052400589,0.10893755406141281
964,809,541,0.9890671968460083,0.757294237613678,0.9268996119499207,0.34159067273139954,0.345593124628067,0.3656122088432312,0.39713534712791443,0.9779834151268005,0.608479380607605,0.8116765022277832,0.04554414004087448,0.05100148916244507,0.06538570672273636,0.10076649487018585,0.9809051752090454,0.6031615734100342,0.8155545592308044,0.04485081508755684,0.0470205694437027,0.062411025166511536,0.09684646129608154,0.9845487475395203,0.6076464056968689,0.8295354843139648,0.03384716063737869,0.04141233488917351,0.05768933519721031,0.09554927051067352
965,779,577,0.988642156124115,0.7234395742416382,0.9239699244499207,0.2542542815208435,0.26574936509132385,0.2885931730270386,0.33245420455932617,0.9803493022918701,0.616524338722229,0.819817841053009,0.0870041623711586,0.07239751517772675,0.07560468465089798,0.0988607108592987,0.9815438389778137,0.6084340214729309,0.8199821710586548,0.09346496313810349,0.07345625013113022,0.0760711133480072,0.09788935631513596,0.9796285629272461,0.5884164571762085,0.7980222105979919,0.03169897198677063,0.03720510005950928,0.047624099999666214,0.08176904916763306
966,548,785,0.9875994324684143,0.7429677248001099,0.9174867272377014,0.36931636929512024,0.35678544640541077,0.3356623649597168,0.36438778042793274,0.9820573329925537,0.6114330291748047,0.8150894641876221,0.058635126799345016,0.06092381477355957,0.0716468021273613,0.09938114136457443,0.9827883839607239,0.5882153511047363,0.8219316005706787,0.06630872935056686,0.07188056409358978,0.07945165038108826,0.10825308412313461,0.9821979403495789,0.6151785850524902,0.8159793019294739,0.10272029042243958,0.08262009173631668,0.07542966306209564,0.10128916054964066
967,582,971,0.9893590807914734,0.727607011795044,0.921903133392334,0.27359721064567566,0.28532853722572327,0.3008996546268463,0.3258492648601532,0.9764676690101624,0.5631887316703796,0.7832454442977905,0.024459395557641983,0.03571966290473938,0.04961470887064934,0.08380944281816483,0.9817197918891907,0.5718201994895935,0.8035070300102234,0.01930217258632183,0.027680862694978714,0.043830178678035736,0.07979292422533035,0.9750769138336182,0.6063891053199768,0.7981204390525818,0.039454687386751175,0.05041062459349632,0.06709591299295425,0.10130909085273743
968,847,234,0.9925364255905151,0.7629944086074829,0.9382794499397278,0.23677343130111694,0.25042861700057983,0.27209383249282837,0.326990008354187,0.9700590968132019,0.5697425603866577,0.7712697982788086,0.03448735922574997,0.041312966495752335,0.055044494569301605,0.08679679036140442,0.9729695320129395,0.5944252014160156,0.7871244549751282,0.04728648439049721,0.04995650425553322,0.062057383358478546,0.09595517814159393,0.9873364567756653,0.6256281137466431,0.8410071134567261,0.03964809328317642,0.04565694183111191,0.06112658232450485,0.09708698093891144
969,308,375,0.9827792048454285,0.7243602275848389,0.9005262851715088,0.20337197184562683,0.22174330055713654,0.24062271416187286,0.2837018370628357,0.9776138663291931,0.6092356443405151,0.8135048747062683,0.05000290647149086,0.04715185984969139,0.056024521589279175,0.08908029645681381,0.9775811433792114,0.6120933294296265,0.8167440891265869,0.05708298459649086,0.054689884185791016,0.060770753771066666,0.09195645153522491,0.9797402024269104,0.6041502356529236,0.8110170960426331,0.051764920353889465,0.05113072320818901,0.059330329298973083,0.09104160219430923
970,176,507,0.9936831593513489,0.7815935611724854,0.9470981359481812,0.3913916349411011,0.3732519745826721,0.36346957087516785,0.3900090456008911,0.9811713099479675,0.6233025789260864,0.8163440823554993,0.05636925622820854,0.05309902876615524,0.06027882173657417,0.09444354474544525,0.9823262691497803,0.624439537525177,0.821273148059845,0.06739810854196548,0.05870924890041351,0.06636671721935272,0.09639864414930344,0.983547568321228,0.5662092566490173,0.8129532337188721,0.08076805621385574,0.07565715909004211,0.07418151944875717,0.1023823469877243
971,395,963,0.9900044798851013,0.7386096119880676,0.9285653233528137,0.3425900936126709,0.29368355870246887,0.2818692922592163,0.3188621401786804,0.9716997742652893,0.6169912219047546,0.7814651131629944,0.034004662185907364,0.04529215395450592,0.06348736584186554,0.09867634624242783,0.970400869846344,0.6142775416374207,0.7809374332427979,0.05341541767120361,0.052897773683071136,0.06248946487903595,0.09809869527816772,0.9741660952568054,0.6080288887023926,0.8003332614898682,0.09731665998697281,0.08232514560222626,0.07618049532175064,0.09882892668247223
972,184,435,0.9912797212600708,0.8094843626022339,0.9478781223297119,0.3955930173397064,0.41004595160484314,0.42574530839920044,0.4618118405342102,0.9813280701637268,0.6121875643730164,0.823265552520752,0.041670963168144226,0.04445003718137741,0.057043854147195816,0.0930444747209549,0.9820097088813782,0.6233747601509094,0.8223127126693726,0.03974457085132599,0.04076001048088074,0.056392326951026917,0.09114093333482742,0.981164276599884,0.6179772615432739,0.815411388874054,0.048620834946632385,0.04859563708305359,0.060443416237831116,0.09325842559337616
973,655,219,0.9937952756881714,0.7352959513664246,0.9352216124534607,0.23338362574577332,0.23395125567913055,0.25485724210739136,0.30008912086486816,0.9845830202102661,0.609927237033844,0.8312872052192688,0.0659286230802536,0.06278600543737411,0.06811321526765823,0.09715329110622406,0.9869210124015808,0.6162731051445007,0.8395930528640747,0.07639478892087936,0.06768378615379333,0.07163462042808533,0.10093609243631363,0.9841465353965759,0.6146337985992432,0.8313485383987427,0.06724859774112701,0.06642074137926102,0.07046370208263397,0.10137452930212021
974,297,642,0.9927603006362915,0.7078050971031189,0.9312086701393127,0.32586267590522766,0.2859615385532379,0.2550170421600342,0.28255030512809753,0.9825485944747925,0.596302330493927,0.8193510174751282,0.09661771357059479,0.08693361282348633,0.07368385791778564,0.09816120564937592,0.9834964275360107,0.6080804467201233,0.830245852470398,0.11082586646080017,0.09197433292865753,0.0778932049870491,0.10070011019706726,0.9754396080970764,0.6116296052932739,0.8010386228561401,0.06693525612354279,0.06102601811289787,0.06688150763511658,0.09830955415964127
975,754,863,0.9918701648712158,0.6928150057792664,0.9158089756965637,0.23327909409999847,0.2284843623638153,0.22706814110279083,0.2637089192867279,0.9805338382720947,0.6303914189338684,0.821175217628479,0.05482707545161247,0.057104162871837616,0.06758109480142593,0.10007890313863754,0.9816655516624451,0.6234093904495239,0.8277055025100708,0.07897008210420609,0.07342752814292908,0.08174203336238861,0.11219260096549988,0.9838517308235168,0.618075430393219,0.8298739790916443,0.05367663502693176,0.050544630736112595,0.05847888067364693,0.09083658456802368
976,109,268,0.9875292181968689,0.6752132177352905,0.8920482397079468,0.20182745158672333,0.2161242812871933,0.22784137725830078,0.25895121693611145,0.9826419949531555,0.6081390976905823,0.8160569071769714,0.03246091306209564,0.036006830632686615,0.04900495335459709,0.08648151159286499,0.9824453592300415,0.5947064757347107,0.8151705861091614,0.02804330550134182,0.034571558237075806,0.051273636519908905,0.09119782596826553,0.978812038898468,0.6084031462669373,0.8056284189224243,0.050380151718854904,0.054816681891679764,0.06110892817378044,0.09338917583227158
977,61,392,0.9927037954330444,0.7395475506782532,0.9283201098442078,0.2714909613132477,0.27643877267837524,0.2834377884864807,0.3170607089996338,0.9799856543540955,0.5953192114830017,0.7860761880874634,0.031521037220954895,0.032175373286008835,0.04709504172205925,0.08036617934703827,0.9784712195396423,0.6016858220100403,0.7888368964195251,0.0319339781999588,0.03491773456335068,0.050212785601615906,0.08051013946533203,0.9822900295257568,0.6238990426063538,0.8271175622940063,0.07452522218227386,0.06120532378554344,0.06782644987106323,0.09702377766370773
978,536,81,0.9903655052185059,0.7972953915596008,0.9512670040130615,0.3863881826400757,0.3913806080818176,0.42079776525497437,0.45980414748191833,0.973969578742981,0.5969135165214539,0.784723162651062,0.06333532929420471,0.054989706724882126,0.05902058258652687,0.09104572981595993,0.9753965139389038,0.5924931168556213,0.7934609055519104,0.06631624698638916,0.05968178063631058,0.06873155385255814,0.09602344036102295,0.9807137250900269,0.6044936776161194,0.8125457763671875,0.04629677161574364,0.04669082164764404,0.05978121608495712,0.09305086731910706
979,133,610,0.991258978843689,0.7231605648994446,0.9137670397758484,0.20735487341880798,0.22198805212974548,0.24499982595443726,0.2827434837818146,0.9887410998344421,0.6297702789306641,0.8520166873931885,0.05501348152756691,0.06328021734952927,0.07190047949552536,0.10258489847183228,0.9836128354072571,0.6190314292907715,0.8282109498977661,0.05913001671433449,0.061114903539419174,0.07128601521253586,0.10001875460147858,0.9814413785934448,0.6025682687759399,0.8198018074035645,0.04812958836555481,0.049273520708084106,0.056810371577739716,0.08680203557014465
980,83,639,0.9905780553817749,0.7504549622535706,0.9280345439910889,0.2952408492565155,0.3007114827632904,0.30122193694114685,0.33056920766830444,0.98227858543396,0.6174802780151367,0.8275466561317444,0.03626730293035507,0.04085838422179222,0.05734430253505707,0.09120955318212509,0.9847044348716736,0.6324480175971985,0.8374678492546082,0.03548566624522209,0.0419996976852417,0.05682556331157684,0.09281465411186218,0.9876643419265747,0.6404550075531006,0.8557558655738831,0.07805086672306061,0.06549756973981857,0.07437095791101456,0.10469193756580353
981,26,197,0.993188202381134,0.7581824064254761,0.9422459602355957,0.2925278842449188,0.28734052181243896,0.29674845933914185,0.3400931656360626,0.9785349369049072,0.5615779757499695,0.7743881344795227,0.02222638949751854,0.02504737488925457,0.04401763528585434,0.07995546609163284,0.9805277585983276,0.5760700106620789,0.7916013598442078,0.03388461843132973,0.03752169758081436,0.05161064490675926,0.0870712399482727,0.9756470322608948,0.5982896089553833,0.7892217636108398,0.04523760452866554,0.04547221586108208,0.06017639487981796,0.09614013135433197
982,199,992,0.9823201894760132,0.7297089695930481,0.9010651111602783,0.3130892813205719,0.32942354679107666,0.3273443877696991,0.36644673347473145,0.9789472818374634,0.6064614653587341,0.8030267953872681,0.04356325790286064,0.047450192272663116,0.06135430186986923,0.09501630067825317,0.9793075323104858,0.6080718040466309,0.8022865653038025,0.05032717436552048,0.05041035637259483,0.062245748937129974,0.0948266014456749,0.976980984210968,0.5947245359420776,0.7936980128288269,0.07229163497686386,0.05783054605126381,0.05720378831028938,0.08282210677862167
983,872,38,0.9912174344062805,0.757301390171051,0.9333937168121338,0.33245596289634705,0.29527077078819275,0.28638502955436707,0.3267335891723633,0.9837402105331421,0.6113895177841187,0.8290150761604309,0.05588718131184578,0.052396178245544434,0.0604916475713253,0.09087884426116943,0.9862038493156433,0.6087743639945984,0.8356181383132935,0.0597899965941906,0.05598756670951843,0.06215541064739227,0.09142705053091049,0.9832927584648132,0.5927193760871887,0.8237429261207581,0.04584142938256264,0.04678904265165329,0.05967046692967415,0.09629327058792114
984,771,542,0.9928053617477417,0.8471393585205078,0.9611936211585999,0.570094108581543,0.6041219830513,0.6208754777908325,0.6318926811218262,0.9819396734237671,0.6015490293502808,0.8098205327987671,0.04001682996749878,0.04640519618988037,0.06802205741405487,0.10113020986318588,0.9780986309051514,0.589979887008667,0.801141083240509,0.04355648159980774,0.04986802861094475,0.06836169213056564,0.10507091134786606,0.9833676815032959,0.6017835736274719,0.8165403008460999,0.05028696730732918,0.057397205382585526,0.0711200013756752,0.1040385290980339
985,895,1,0.9896352291107178,0.7052595615386963,0.915718674659729,0.24944016337394714,0.25160035490989685,0.2556867003440857,0.2878572344779968,0.9784843921661377,0.5905746817588806,0.7983270883560181,0.04021266847848892,0.04067904129624367,0.053857795894145966,0.08797678351402283,0.9811335206031799,0.5947457551956177,0.8131510615348816,0.049679938703775406,0.04809163510799408,0.06056862324476242,0.0897870808839798,0.9766449928283691,0.5337088108062744,0.8042141199111938,0.04970141872763634,0.05194995179772377,0.0627545490860939,0.0966249331831932
986,834,850,0.9851778745651245,0.6761083602905273,0.8773781061172485,0.17810912430286407,0.18437699973583221,0.20163500308990479,0.23498639464378357,0.9809703230857849,0.6127079725265503,0.8192248344421387,0.05444292351603508,0.05146519094705582,0.06061278283596039,0.09753835201263428,0.9812899231910706,0.6156048774719238,0.8199118375778198,0.05674612149596214,0.05371793359518051,0.066311776638031,0.10349980741739273,0.9825475215911865,0.6043689250946045,0.81902015209198,0.05475626140832901,0.053066886961460114,0.06176871433854103,0.0947686955332756
987,900,691,0.9912420511245728,0.7079475522041321,0.9093819856643677,0.1031377837061882,0.11805211007595062,0.14610426127910614,0.20023271441459656,0.9819725155830383,0.6270427703857422,0.8278630971908569,0.0430150032043457,0.04547715187072754,0.05600878968834877,0.09096827358007431,0.9838550090789795,0.6159126162528992,0.8308574557304382,0.05193380266427994,0.04951699823141098,0.06002979353070259,0.09480015188455582,0.9865705370903015,0.6405149102210999,0.8481155633926392,0.04273737967014313,0.04588592052459717,0.05972253903746605,0.09545602649450302
988,602,798,0.9913920164108276,0.7582061886787415,0.9350682497024536,0.3667961359024048,0.32841530442237854,0.3214109241962433,0.3531526029109955,0.984934389591217,0.5896021127700806,0.813447892665863,0.05091264843940735,0.053876642137765884,0.06103816255927086,0.09209700673818588,0.9851608276367188,0.5870290994644165,0.8120973110198975,0.060530856251716614,0.05844362452626228,0.0668790191411972,0.09416518360376358,0.9773156642913818,0.604772686958313,0.8032252192497253,0.03756491839885712,0.04405951872467995,0.05975637957453728,0.09264270216226578
989,69,517,0.9833129644393921,0.7283974885940552,0.8915036916732788,0.2676874101161957,0.26279643177986145,0.2685418725013733,0.31097719073295593,0.984167754650116,0.6167383790016174,0.8230617046356201,0.04236716404557228,0.03733496367931366,0.04967760294675827,0.08609776198863983,0.983435869216919,0.626248300075531,0.8235710263252258,0.03565537929534912,0.035205017775297165,0.0521223284304142,0.08734957128763199,0.9834743738174438,0.638020932674408,0.8312180042266846,0.05701608583331108,0.057882022112607956,0.0671447142958641,0.1004728376865387
990,18,270,0.9943868517875671,0.7951423525810242,0.9579091668128967,0.4246896803379059,0.40950247645378113,0.3919592797756195,0.4108576476573944,0.9750431180000305,0.6107785105705261,0.7970513701438904,0.03846551477909088,0.05412038043141365,0.0673484206199646,0.10438545793294907,0.9784875512123108,0.5985952615737915,0.8147680759429932,0.04783023148775101,0.05678468570113182,0.0676862969994545,0.1022031232714653,0.982293426990509,0.6231184005737305,0.82217937707901,0.06652634590864182,0.07551658153533936,0.07416711747646332,0.10106345266103745
991,599,296,0.9882166385650635,0.7637702822685242,0.9270288944244385,0.3691815733909607,0.3382588028907776,0.34249347448349,0.3826119601726532,0.9813494682312012,0.6158238053321838,0.8199081420898438,0.07618553936481476,0.06821700185537338,0.07252034544944763,0.10074162483215332,0.9821010828018188,0.6163207292556763,0.8181208372116089,0.07251053303480148,0.06403841078281403,0.06577812135219574,0.09906709939241409,0.9791538119316101,0.6263538002967834,0.8232191205024719,0.07783408463001251,0.06491926312446594,0.06670428812503815,0.0992211401462555
992,516,361,0.9870035648345947,0.7817347049713135,0.934372067451477,0.39866554737091064,0.395112007856369,0.4140772521495819,0.45369261503219604,0.978426992893219,0.5973235964775085,0.7998196482658386,0.0638999417424202,0.05868395045399666,0.06842736899852753,0.10053806751966476,0.9778971672058105,0.6136860847473145,0.8082804679870605,0.07885562628507614,0.06846348196268082,0.07330356538295746,0.10408146679401398,0.9657430648803711,0.570321261882782,0.7736389636993408,0.08643025904893875,0.08043188601732254,0.07679560780525208,0.10501310229301453
993,173,768,0.9866882562637329,0.7511506080627441,0.9334534406661987,0.40281248092651367,0.38555604219436646,0.3698478937149048,0.3913763463497162,0.9776822924613953,0.602335512638092,0.7966949939727783,0.07840121537446976,0.07179702073335648,0.07094858586788177,0.10394032299518585,0.9766921997070312,0.6034107208251953,0.7952907085418701,0.080189548432827,0.07527009397745132,0.07616399228572845,0.1027885153889656,0.9768305420875549,0.5859384536743164,0.7944138050079346,0.0460566021502018,0.048496074974536896,0.056947946548461914,0.09197933971881866
994,125,166,0.9909560084342957,0.7023376822471619,0.9220277070999146,0.29184651374816895,0.27782315015792847,0.2681601047515869,0.29742419719696045,0.9768842458724976,0.6192697882652283,0.8143482208251953,0.08390138298273087,0.07340745627880096,0.0799093171954155,0.11138872802257538,0.9813118577003479,0.6237838864326477,0.8285237550735474,0.09917736053466797,0.08661306649446487,0.07957542687654495,0.1085444837808609,0.9758464097976685,0.605816125869751,0.8038389682769775,0.06462332606315613,0.05666510760784149,0.06245031952857971,0.09356099367141724
995,844,257,0.9944605231285095,0.6958258152008057,0.9395796060562134,0.28837695717811584,0.28526291251182556,0.292411208152771,0.32546666264533997,0.9783373475074768,0.6073722839355469,0.8025009036064148,0.04185120761394501,0.04092216491699219,0.050261568278074265,0.08174864947795868,0.9764140844345093,0.6091986298561096,0.795076310634613,0.04697565361857414,0.04252760484814644,0.05024474859237671,0.08368293195962906,0.9786208868026733,0.6010531783103943,0.8002302050590515,0.05848192423582077,0.05631376802921295,0.06294215470552444,0.09402983635663986
996,580,251,0.9883696436882019,0.7673686742782593,0.9346489906311035,0.3297620415687561,0.31925168633461,0.3404967188835144,0.3816262483596802,0.9794200658798218,0.6134785413742065,0.815790593624115,0.041191138327121735,0.04315834864974022,0.059060852974653244,0.09323594719171524,0.9791969656944275,0.6154108643531799,0.8168500065803528,0.04446626082062721,0.044248439371585846,0.05747642368078232,0.09187649190425873,0.9813410639762878,0.6223186254501343,0.826175332069397,0.06477401405572891,0.05842798575758934,0.06820038706064224,0.10180438309907913
997,620,450,0.9904668927192688,0.7425446510314941,0.9177518486976624,0.2797360122203827,0.2537590563297272,0.2520265579223633,0.2962188720703125,0.9849516749382019,0.61949622631073,0.8141452670097351,0.049197711050510406,0.04735088720917702,0.055002566426992416,0.08848312497138977,0.98586505651474,0.6249414682388306,0.8235739469528198,0.05819353088736534,0.051776330918073654,0.05507323518395424,0.0864081010222435,0.9880607724189758,0.6276799440383911,0.8340283632278442,0.045364513993263245,0.041123904287815094,0.04736902192234993,0.08303143084049225
998,437,677,0.992098867893219,0.7760867476463318,0.9427992105484009,0.4124499559402466,0.3957628309726715,0.41253313422203064,0.4402987062931061,0.9805032014846802,0.6169416904449463,0.8124260902404785,0.045020706951618195,0.051557306200265884,0.060625750571489334,0.09305493533611298,0.9809622764587402,0.6187312602996826,0.8169605135917664,0.04981914162635803,0.054024551063776016,0.0678183063864708,0.10084031522274017,0.9822090268135071,0.5935075879096985,0.8154521584510803,0.03401666134595871,0.0361170656979084,0.04938891530036926,0.08797203749418259
999,420,890,0.9941269755363464,0.7574560046195984,0.9473272562026978,0.400341272354126,0.4005277454853058,0.41795453429222107,0.43681731820106506,0.9786304235458374,0.6140231490135193,0.8032218813896179,0.06749631464481354,0.061442188918590546,0.0677448958158493,0.10340173542499542,0.9791178107261658,0.6079599261283875,0.8042003512382507,0.06868991255760193,0.06355257332324982,0.07106254249811172,0.10584733635187149,0.9783368706703186,0.6097730994224548,0.7985110878944397,0.07100027054548264,0.06474300473928452,0.07685689628124237,0.10640934109687805
